draw,date,numbers
1,2008-11-10,15 17 22 23 25 33
2,2008-11-13,19 23 24 29 44 45
3,2008-11-17,3 4 7 26 38 45
4,2008-11-20,26 27 31 37 40 44
5,2008-11-24,12 16 17 21 23 35
6,2008-11-27,4 17 32 33 38 42
7,2008-12-01,12 18 21 28 42 45
8,2008-12-04,4 8 23 24 26 30
9,2008-12-08,19 20 22 26 34 39
10,2008-12-11,22 27 28 29 31 33
11,2008-12-15,3 28 30 34 37 43
12,2008-12-18,10 17 19 36 37 40
13,2008-12-22,9 15 27 32 33 45
14,2008-12-25,7 8 15 21 23 39
15,2008-12-29,7 17 20 23 36 40
16,2009-01-01,21 28 33 36 43 44
17,2009-01-11,7 11 31 33 34 43
18,2009-01-15,3 10 11 16 17 24
19,2009-01-18,5 14 17 26 27 45
20,2009-01-22,29 31 35 41 42 45
21,2009-01-25,9 14 16 17 24 32
22,2009-01-29,8 11 13 16 19 39
23,2009-02-01,16 23 26 30 35 45
24,2009-02-05,8 11 14 16 17 42
25,2009-02-08,1 13 25 35 44 45
26,2009-02-12,4 11 23 24 30 44
27,2009-02-15,3 6 19 30 38 44
28,2009-02-19,10 11 13 32 40 44
29,2009-02-22,8 9 13 14 25 37
30,2009-02-26,13 15 16 26 39 41
31,2009-03-01,5 13 16 22 30 38
32,2009-03-05,9 10 11 13 18 36
33,2009-03-08,22 25 31 32 35 45
34,2009-03-12,1 4 7 12 28 32
35,2009-03-15,5 8 12 20 24 29
36,2009-03-19,11 13 16 21 26 27
37,2009-03-22,11 24 36 37 40 44
38,2009-03-26,2 4 32 42 44 45
39,2009-03-29,17 18 31 38 42 44
40,2009-04-02,10 13 21 24 26 35
41,2009-04-05,7 13 15 29 32 43
42,2009-04-09,6 9 10 16 20 34
43,2009-04-12,10 19 22 30 42 43
44,2009-04-16,16 25 27 33 35 36
45,2009-04-19,1 4 5 9 15 36
46,2009-04-23,5 14 19 37 38 41
47,2009-04-26,1 12 24 25 39 40
48,2009-04-30,8 9 27 34 36 37
49,2009-05-03,1 8 21 22 34 45
50,2009-05-07,8 11 12 22 37 44
51,2009-05-10,29 30 33 36 38 40
52,2009-05-14,1 5 17 22 32 37
53,2009-05-17,5 20 21 22 30 39
54,2009-05-21,5 9 14 15 21 25
55,2009-05-24,5 15 28 34 36 43
56,2009-05-28,4 7 8 22 27 31
57,2009-05-31,1 4 19 21 34 45
58,2009-06-03,2 15 30 31 35 41
59,2009-06-06,15 19 23 24 27 43
60,2009-06-10,1 11 13 24 36 40
61,2009-06-13,6 19 26 28 31 34
62,2009-06-17,4 10 17 37 39 41
63,2009-06-20,1 10 11 14 38 41
64,2009-06-24,4 18 26 27 28 31
65,2009-06-27,3 11 15 16 18 38
66,2009-07-01,14 21 28 29 32 36
67,2009-07-04,15 17 21 24 28 29
68,2009-07-08,14 20 22 24 27 35
69,2009-07-11,4 21 26 29 31 44
70,2009-07-15,3 4 6 13 37 44
71,2009-07-18,6 11 14 30 36 37
72,2009-07-22,18 21 23 29 40 43
73,2009-07-25,8 11 16 32 34 40
74,2009-07-29,6 14 19 22 25 38
75,2009-08-01,3 11 31 32 36 42
76,2009-08-05,8 10 17 23 25 45
77,2009-08-08,14 15 19 24 38 42
78,2009-08-12,10 15 19 20 26 39
79,2009-08-15,5 9 16 18 26 36
80,2009-08-19,2 11 12 25 36 39
81,2009-08-22,1 11 16 36 40 45
82,2009-08-26,18 19 21 29 32 35
83,2009-08-29,10 17 24 32 39 40
84,2009-09-02,6 18 21 25 26 45
85,2009-09-05,3 17 28 33 36 43
86,2009-09-09,2 11 18 20 26 35
87,2009-09-12,3 10 25 35 40 45
88,2009-09-16,14 18 20 25 31 34
89,2009-09-19,10 12 14 23 38 44
90,2009-09-23,3 23 28 32 39 43
91,2009-09-26,2 12 13 18 21 45
92,2009-09-30,6 8 14 29 37 39
93,2009-10-03,3 11 18 30 32 38
94,2009-10-07,10 21 30 33 39 44
95,2009-10-10,1 5 12 31 34 44
96,2009-10-14,5 9 31 33 36 43
97,2009-10-17,2 6 18 24 28 37
98,2009-10-21,8 9 10 15 19 26
99,2009-10-24,1 27 29 35 38 40
100,2009-10-28,10 17 25 34 41 42
101,2009-10-31,3 6 15 19 34 43
102,2009-11-04,10 24 26 33 39 45
103,2009-11-07,1 14 24 36 37 40
104,2009-11-11,16 21 24 29 34 43
105,2009-11-14,15 20 23 28 36 41
106,2009-11-18,3 6 14 18 25 36
107,2009-11-21,6 10 20 23 30 31
108,2009-11-25,2 3 4 20 26 34
109,2009-11-28,3 6 8 25 34 43
110,2009-12-02,2 3 7 11 16 31
111,2009-12-05,1 5 14 15 34 39
112,2009-12-09,4 19 27 34 39 45
113,2009-12-12,4 16 18 22 28 32
114,2009-12-16,10 17 25 35 37 45
115,2009-12-19,4 13 14 20 23 42
116,2009-12-23,21 28 32 34 41 43
117,2009-12-26,1 5 13 21 22 35
118,2009-12-30,12 16 22 26 36 45
119,2010-01-09,5 10 11 12 24 27
120,2010-01-13,5 13 14 17 32 33
121,2010-01-16,1 3 4 20 36 39
122,2010-01-20,1 11 23 26 30 45
123,2010-01-23,2 11 12 19 26 30
124,2010-01-27,1 10 16 19 20 29
125,2010-01-30,8 11 17 21 39 41
126,2010-02-03,13 26 35 37 43 45
127,2010-02-06,5 6 9 12 14 38
128,2010-02-10,3 9 10 17 25 37
129,2010-02-13,9 14 19 34 35 37
130,2010-02-17,3 18 27 28 31 43
131,2010-02-20,2 11 17 28 33 43
132,2010-02-24,8 18 19 24 39 42
133,2010-02-27,3 25 27 39 41 43
134,2010-03-03,3 9 26 27 31 43
135,2010-03-06,1 9 17 20 21 31
136,2010-03-10,1 8 9 11 25 29
137,2010-03-13,4 5 14 18 26 33
138,2010-03-17,4 18 30 32 38 40
139,2010-03-20,2 7 26 28 32 38
140,2010-03-24,1 7 8 12 27 28
141,2010-03-27,20 23 33 37 40 45
142,2010-03-31,5 15 16 34 40 42
143,2010-04-03,2 7 21 26 35 37
144,2010-04-07,3 7 11 18 25 44
145,2010-04-10,9 18 19 27 29 45
146,2010-04-14,3 7 12 27 43 45
147,2010-04-17,3 5 13 15 19 44
148,2010-04-21,4 6 11 17 23 37
149,2010-04-24,3 8 10 34 43 45
150,2010-04-28,4 12 29 38 39 44
151,2010-05-01,9 11 14 16 30 34
152,2010-05-05,19 21 28 35 41 44
153,2010-05-08,4 6 23 25 39 45
154,2010-05-12,7 10 15 17 20 21
155,2010-05-15,8 10 14 23 33 44
156,2010-05-19,7 9 11 12 22 28
157,2010-05-22,15 16 18 19 30 37
158,2010-05-26,23 24 31 32 34 42
159,2010-05-29,15 23 24 27 29 40
160,2010-06-02,3 6 13 26 30 32
161,2010-06-05,2 15 16 35 39 45
162,2010-06-09,9 10 11 16 18 42
163,2010-06-12,23 26 27 32 35 40
164,2010-06-16,2 25 26 30 34 41
165,2010-06-19,1 10 12 30 31 32
166,2010-06-23,10 11 16 22 36 38
167,2010-06-26,1 21 24 26 32 45
168,2010-06-30,3 4 5 11 23 24
169,2010-07-03,6 15 18 33 39 45
170,2010-07-07,3 23 25 26 29 33
171,2010-07-10,17 18 21 25 35 41
172,2010-07-14,2 4 10 20 27 41
173,2010-07-17,6 9 11 14 29 39
174,2010-07-21,7 11 15 20 30 34
175,2010-07-24,1 3 4 11 12 37
176,2010-07-28,5 15 18 26 39 41
177,2010-07-31,4 10 25 32 38 41
178,2010-08-04,14 18 20 25 34 37
179,2010-08-07,23 29 33 37 41 43
180,2010-08-11,3 6 9 22 32 43
181,2010-08-14,10 14 16 18 35 42
182,2010-08-18,2 3 8 20 27 37
183,2010-08-21,7 19 20 24 26 38
184,2010-08-25,2 6 9 29 32 40
185,2010-08-28,1 5 12 14 22 36
186,2010-09-01,7 29 32 33 36 39
187,2010-09-04,3 16 23 26 30 36
188,2010-09-08,3 5 7 13 28 45
189,2010-09-11,5 12 13 17 27 29
190,2010-09-15,3 12 16 23 33 34
191,2010-09-18,3 10 11 22 27 45
192,2010-09-22,16 17 24 25 38 44
193,2010-09-25,6 8 12 18 19 27
194,2010-09-29,3 9 18 25 27 44
195,2010-10-02,2 8 18 27 31 41
196,2010-10-06,2 3 9 21 24 33
197,2010-10-09,10 15 19 24 43 44
198,2010-10-13,15 18 19 21 29 33
199,2010-10-16,1 17 19 23 27 35
200,2010-10-20,15 22 25 33 40 43
201,2010-10-23,1 7 10 15 16 22
202,2010-10-27,10 13 25 29 40 44
203,2010-10-30,5 22 23 38 41 45
204,2010-11-03,21 25 29 33 40 42
205,2010-11-06,7 12 28 32 36 38
206,2010-11-10,1 4 17 31 32 42
207,2010-11-13,17 21 34 36 44 45
208,2010-11-17,21 23 24 39 42 45
209,2010-11-20,6 8 22 23 32 40
210,2010-11-24,3 9 11 14 18 44
211,2010-11-27,20 24 25 27 28 30
212,2010-12-01,1 7 16 20 26 41
213,2010-12-04,3 17 24 25 31 35
214,2010-12-08,9 13 22 31 32 40
215,2010-12-11,1 7 21 22 32 34
216,2010-12-15,4 10 15 16 28 40
217,2010-12-18,13 16 25 28 33 38
218,2010-12-22,10 13 26 32 33 37
219,2010-12-25,20 24 36 38 40 42
220,2010-12-29,6 9 16 17 29 40
221,2011-01-12,5 8 11 18 24 28
222,2011-01-15,10 12 22 26 27 29
223,2011-01-19,11 13 16 28 35 42
224,2011-01-22,10 25 31 34 41 44
225,2011-01-26,3 18 21 28 33 34
226,2011-01-29,10 20 26 28 31 39
227,2011-02-02,18 19 24 26 37 41
228,2011-02-05,7 16 18 28 33 38
229,2011-02-09,1 6 18 27 38 45
230,2011-02-12,9 19 25 33 34 44
231,2011-02-16,12 13 16 19 34 35
232,2011-02-19,1 34 37 40 41 45
233,2011-02-23,4 6 18 22 26 37
234,2011-02-26,26 33 36 38 39 41
235,2011-03-02,9 10 12 14 18 44
236,2011-03-05,8 11 19 20 27 36
237,2011-03-08,6 25 31 35 42 43
238,2011-03-10,11 17 21 22 23 24
239,2011-03-12,8 10 26 34 35 38
240,2011-03-15,4 15 20 29 32 33
241,2011-03-17,12 15 22 25 27 34
242,2011-03-19,7 31 33 35 39 43
243,2011-03-22,3 6 15 19 26 44
244,2011-03-24,1 4 15 31 40 44
245,2011-03-26,3 7 9 12 27 43
246,2011-03-29,6 7 11 15 24 27
247,2011-03-31,3 18 29 35 42 44
248,2011-04-02,10 11 19 20 27 40
249,2011-04-05,6 12 29 32 41 42
250,2011-04-07,4 7 11 29 39 42
251,2011-04-09,2 8 13 19 27 29
252,2011-04-12,2 17 20 21 25 45
253,2011-04-12,3 4 7 18 32 33
254,2011-04-14,14 23 26 27 35 40
255,2011-04-16,11 12 15 18 30 31
256,2011-04-19,1 6 11 13 20 29
257,2011-04-21,5 24 27 28 37 42
258,2011-04-23,4 5 6 8 10 23
259,2011-04-26,11 24 25 29 38 42
260,2011-04-28,3 5 9 10 11 17
261,2011-04-30,8 23 26 39 42 43
262,2011-05-03,3 7 11 24 36 43
263,2011-05-05,7 10 25 28 32 33
264,2011-05-07,2 9 17 19 23 45
265,2011-05-10,9 19 28 35 38 44
266,2011-05-12,4 15 22 39 44 45
267,2011-05-14,15 16 21 31 33 39
268,2011-05-17,1 3 17 21 43 45
269,2011-05-19,4 12 13 14 15 45
270,2011-05-21,12 15 19 28 42 44
271,2011-05-24,5 15 26 27 30 40
272,2011-05-26,6 8 16 25 31 34
273,2011-05-28,7 18 22 33 36 41
274,2011-05-31,11 21 35 37 39 45
275,2011-06-02,6 18 28 36 42 45
276,2011-06-04,8 13 22 32 33 41
277,2011-06-07,15 19 32 38 41 43
278,2011-06-09,10 15 16 25 28 33
279,2011-06-11,1 6 11 25 40 42
280,2011-06-14,2 4 11 14 18 34
281,2011-06-16,5 24 27 31 34 45
282,2011-06-18,6 17 18 28 34 45
283,2011-06-21,4 15 17 20 38 39
284,2011-06-23,1 7 17 26 38 41
285,2011-06-25,11 16 25 32 33 45
286,2011-06-28,16 18 19 25 33 38
287,2011-06-30,11 16 18 28 38 39
288,2011-07-02,5 6 7 21 26 29
289,2011-07-05,17 23 40 43 44 45
290,2011-07-07,15 17 25 27 40 41
291,2011-07-09,2 25 29 36 39 43
292,2011-07-12,3 16 20 29 32 43
293,2011-07-14,13 26 28 32 38 41
294,2011-07-16,10 15 25 32 36 40
295,2011-07-19,25 30 32 34 35 40
296,2011-07-21,3 9 36 41 42 45
297,2011-07-23,9 10 20 28 32 44
298,2011-07-26,17 20 26 37 39 44
299,2011-07-28,10 29 31 34 39 40
300,2011-07-30,8 15 16 31 38 45
301,2011-08-02,4 10 14 25 26 33
302,2011-08-04,4 10 11 26 29 45
303,2011-08-06,21 31 32 33 37 41
304,2011-08-09,7 24 25 28 33 34
305,2011-08-11,7 16 20 24 33 44
306,2011-08-13,7 8 23 29 43 44
307,2011-08-16,10 16 18 19 21 44
308,2011-08-18,10 21 25 27 40 45
309,2011-08-20,3 9 17 20 26 36
310,2011-08-23,8 15 16 33 42 45
311,2011-08-25,4 13 15 22 26 33
312,2011-08-27,17 23 35 38 39 44
313,2011-08-30,6 17 22 27 36 39
314,2011-09-01,17 23 26 32 39 45
315,2011-09-03,16 25 29 30 34 37
316,2011-09-06,5 10 11 16 20 40
317,2011-09-08,9 12 13 16 21 37
318,2011-09-10,14 15 18 30 37 45
319,2011-09-13,2 8 11 17 26 31
320,2011-09-15,4 17 19 22 24 39
321,2011-09-17,1 6 13 21 23 40
322,2011-09-20,4 6 9 23 35 38
323,2011-09-22,4 15 19 21 23 36
324,2011-09-24,4 9 22 23 43 45
325,2011-09-27,31 34 35 40 41 45
326,2011-09-29,6 15 16 21 22 33
327,2011-10-01,9 16 28 32 39 43
328,2011-10-04,17 18 29 30 42 43
329,2011-10-06,3 15 21 25 39 41
330,2011-10-08,7 17 33 37 40 41
331,2011-10-11,3 6 13 22 35 37
332,2011-10-13,9 12 18 36 40 45
333,2011-10-15,3 6 9 12 23 28
334,2011-10-18,1 7 10 26 27 38
335,2011-10-20,1 9 30 34 41 42
336,2011-10-22,4 9 19 26 27 36
337,2011-10-25,3 23 35 36 38 41
338,2011-10-27,10 11 26 35 38 42
339,2011-10-29,5 8 22 33 34 44
340,2011-11-01,11 21 34 36 40 44
341,2011-11-03,5 14 15 32 39 42
342,2011-11-05,15 17 20 24 38 45
343,2011-11-08,14 23 29 34 35 36
344,2011-11-10,1 5 11 18 24 33
345,2011-11-12,4 8 19 24 34 37
346,2011-11-15,4 10 11 27 35 37
347,2011-11-17,5 7 28 35 36 41
348,2011-11-19,4 14 20 33 39 41
349,2011-11-22,1 2 12 20 27 30
350,2011-11-24,3 8 13 21 36 39
351,2011-11-26,3 11 19 37 39 45
352,2011-11-29,1 4 9 17 33 45
353,2011-12-01,3 13 14 26 27 37
354,2011-12-03,4 7 11 39 40 45
355,2011-12-06,5 8 19 23 35 42
356,2011-12-08,12 23 32 34 37 42
357,2011-12-10,2 23 29 33 40 45
358,2011-12-13,2 4 10 11 20 45
359,2011-12-15,3 4 8 28 30 41
360,2011-12-17,1 7 8 32 38 40
361,2011-12-20,3 5 14 29 36 44
362,2011-12-22,1 18 19 34 41 42
363,2011-12-24,5 15 16 20 26 39
364,2011-12-27,1 25 28 36 38 40
365,2011-12-29,4 6 18 28 41 43
366,2011-12-31,2 5 29 30 39 45
367,2012-01-05,15 17 24 28 29 36
368,2012-01-07,10 12 13 29 31 43
369,2012-01-10,10 11 18 32 35 42
370,2012-01-12,4 18 23 25 28 43
371,2012-01-14,11 17 37 38 40 42
372,2012-01-17,15 18 20 27 29 31
373,2012-01-19,1 23 34 35 41 44
374,2012-01-21,18 21 37 38 41 42
375,2012-01-24,6 18 19 32 36 43
376,2012-01-26,3 7 9 33 37 40
377,2012-01-28,7 16 27 32 38 42
378,2012-01-31,10 29 30 31 35 39
379,2012-02-02,4 8 21 23 29 45
380,2012-02-04,8 9 16 24 27 43
381,2012-02-07,4 8 9 15 17 37
382,2012-02-09,8 13 14 22 30 32
383,2012-02-11,2 14 20 24 25 44
384,2012-02-14,1 15 17 18 26 36
385,2012-02-16,7 8 26 30 37 44
386,2012-02-18,12 17 19 35 39 44
387,2012-02-21,1 14 24 26 35 41
388,2012-02-23,18 23 31 33 34 42
389,2012-02-25,14 15 26 38 40 43
390,2012-02-28,7 18 21 22 26 33
391,2012-03-01,2 4 19 30 33 35
392,2012-03-03,27 28 29 30 33 43
393,2012-03-06,8 11 12 20 28 35
394,2012-03-08,4 17 18 28 30 39
395,2012-03-10,6 12 16 29 30 37
396,2012-03-13,4 7 9 10 13 41
397,2012-03-15,6 7 19 25 28 33
398,2012-03-17,2 7 14 28 33 34
399,2012-03-20,3 8 12 30 34 39
400,2012-03-22,26 28 31 32 42 43
401,2012-03-24,2 3 8 34 38 44
402,2012-03-27,4 7 16 18 25 38
403,2012-03-29,2 19 20 23 29 30
404,2012-03-31,12 13 19 34 39 40
405,2012-04-03,5 16 24 25 26 40
406,2012-04-05,22 26 28 31 32 39
407,2012-04-07,13 17 24 30 32 34
408,2012-04-10,17 19 22 29 31 34
409,2012-04-12,5 7 10 17 19 45
410,2012-04-14,1 4 10 14 32 40
411,2012-04-17,5 7 9 13 18 42
412,2012-04-19,3 10 20 23 32 40
413,2012-04-21,7 16 17 30 33 43
414,2012-04-24,5 9 14 23 27 45
415,2012-04-26,1 14 21 27 40 41
416,2012-04-28,2 12 39 41 43 45
417,2012-05-01,11 19 28 30 31 43
418,2012-05-03,4 14 16 38 39 44
419,2012-05-05,16 19 21 29 38 40
420,2012-05-08,3 7 11 12 27 31
421,2012-05-10,2 8 9 23 31 36
422,2012-05-12,1 5 17 20 32 38
423,2012-05-15,17 23 24 28 36 39
424,2012-05-17,1 14 17 28 32 35
425,2012-05-19,10 14 22 32 37 45
426,2012-05-22,3 5 15 26 36 37
427,2012-05-24,7 10 20 27 32 40
428,2012-05-26,16 22 24 31 38 43
429,2012-05-29,4 6 22 36 38 40
430,2012-05-31,5 6 14 33 34 43
431,2012-06-02,7 9 17 36 39 45
432,2012-06-05,5 10 12 14 19 20
433,2012-06-07,11 12 27 30 35 37
434,2012-06-09,1 7 12 18 20 35
435,2012-06-12,4 13 22 26 35 37
436,2012-06-14,2 4 6 17 29 40
437,2012-06-16,3 7 10 18 22 44
438,2012-06-19,2 3 13 20 22 31
439,2012-06-21,9 20 24 28 36 41
440,2012-06-23,1 16 20 27 29 34
441,2012-06-26,10 11 17 21 24 39
442,2012-06-28,4 13 30 34 39 44
443,2012-06-30,11 14 16 29 33 43
444,2012-07-03,1 2 11 17 20 26
445,2012-07-05,4 10 15 20 25 43
446,2012-07-07,16 25 26 29 37 38
447,2012-07-10,6 22 23 35 37 38
448,2012-07-12,16 22 27 28 30 40
449,2012-07-14,1 3 7 32 34 45
450,2012-07-17,10 29 33 34 43 44
451,2012-07-19,5 16 27 36 40 45
452,2012-07-21,10 22 23 37 39 45
453,2012-07-24,4 21 25 38 40 42
454,2012-07-26,5 19 21 22 25 38
455,2012-07-28,1 10 11 12 38 41
456,2012-07-31,1 6 9 10 19 22
457,2012-08-02,4 7 21 29 30 38
458,2012-08-04,3 25 30 31 40 41
459,2012-08-07,13 15 20 29 30 44
460,2012-08-09,11 12 15 22 27 44
461,2012-08-11,6 8 16 17 26 34
462,2012-08-14,2 3 6 10 21 32
463,2012-08-16,6 12 14 16 35 44
464,2012-08-18,10 21 28 30 34 45
465,2012-08-21,2 3 6 17 31 39
466,2012-08-23,1 4 17 32 44 45
467,2012-08-25,14 17 18 25 36 39
468,2012-08-28,10 15 17 21 23 29
469,2012-08-30,19 20 22 35 38 39
470,2012-09-01,13 16 22 25 29 33
471,2012-09-04,1 3 18 36 40 41
472,2012-09-06,5 21 25 30 42 45
473,2012-09-08,6 9 20 22 35 45
474,2012-09-11,6 12 18 26 37 41
475,2012-09-13,8 12 13 18 25 43
476,2012-09-15,1 9 17 30 38 42
477,2012-09-18,3 5 15 18 22 43
478,2012-09-20,4 6 18 23 32 37
479,2012-09-22,9 17 18 25 28 37
480,2012-09-25,3 15 29 32 41 42
481,2012-09-27,3 7 18 31 34 45
482,2012-09-29,4 5 7 8 23 24
483,2012-10-02,3 7 29 36 37 43
484,2012-10-04,12 14 20 29 34 43
485,2012-10-06,10 12 19 33 36 37
486,2012-10-09,8 13 21 28 29 35
487,2012-10-11,2 16 19 30 32 35
488,2012-10-13,2 6 8 22 23 24
489,2012-10-16,8 23 29 30 38 40
490,2012-10-18,1 21 23 28 34 42
491,2012-10-20,4 5 21 25 32 33
492,2012-10-23,2 6 12 16 39 43
493,2012-10-25,3 8 9 23 39 44
494,2012-10-27,1 8 13 26 29 41
495,2012-10-30,3 14 38 41 43 45
496,2012-11-01,3 7 12 15 17 45
497,2012-11-03,6 11 12 19 42 43
498,2012-11-06,19 23 26 28 40 42
499,2012-11-08,8 10 12 19 21 24
500,2012-11-10,2 12 16 24 33 36
501,2012-11-13,2 14 18 32 33 36
502,2012-11-15,16 18 21 25 36 37
503,2012-11-17,8 9 14 25 31 37
504,2012-11-20,10 18 25 26 27 36
505,2012-11-22,7 9 12 25 39 42
506,2012-11-24,8 11 20 25 37 38
507,2012-11-27,9 14 17 19 38 45
508,2012-11-29,8 12 13 28 36 44
509,2012-12-01,2 13 15 19 23 41
510,2012-12-04,9 10 18 22 27 42
511,2012-12-06,4 13 19 24 26 41
512,2012-12-08,5 13 15 17 22 27
513,2012-12-11,4 16 23 25 32 37
514,2012-12-13,4 14 18 24 25 44
515,2012-12-15,1 14 16 19 23 43
516,2012-12-18,4 5 6 19 31 43
517,2012-12-20,4 16 27 29 35 38
518,2012-12-22,11 21 30 32 42 43
519,2012-12-25,18 27 29 31 35 40
520,2012-12-27,3 28 34 37 40 44
521,2012-12-29,18 19 22 23 38 43
522,2013-01-05,11 18 27 32 39 40
523,2013-01-08,14 26 32 39 40 42
524,2013-01-10,4 7 10 18 31 43
525,2013-01-12,1 13 14 22 35 44
526,2013-01-15,3 5 11 19 36 43
527,2013-01-17,5 12 13 23 27 33
528,2013-01-19,5 13 19 20 28 43
529,2013-01-22,1 3 34 35 39 45
530,2013-01-24,3 22 27 28 37 45
531,2013-01-26,2 3 5 20 24 30
532,2013-01-29,13 23 26 34 41 44
533,2013-01-31,2 8 10 13 17 25
534,2013-02-02,9 16 21 22 32 41
535,2013-02-05,8 11 12 26 27 29
536,2013-02-07,5 9 29 31 34 36
537,2013-02-09,7 16 21 22 27 45
538,2013-02-12,3 10 23 31 40 44
539,2013-02-14,18 24 27 30 36 40
540,2013-02-16,4 20 21 32 35 43
541,2013-02-19,13 14 23 32 35 38
542,2013-02-21,8 19 24 28 36 40
543,2013-02-23,4 20 28 29 38 42
544,2013-02-26,7 10 16 18 21 40
545,2013-02-28,1 7 29 31 40 41
546,2013-03-02,2 5 7 12 29 32
547,2013-03-05,3 9 14 24 25 35
548,2013-03-07,5 16 19 27 31 45
549,2013-03-09,8 10 23 30 34 43
550,2013-03-12,19 20 22 33 38 43
551,2013-03-14,1 11 13 16 26 30
552,2013-03-16,18 22 33 41 42 44
553,2013-03-19,1 7 14 16 21 34
554,2013-03-21,3 8 10 12 13 18
555,2013-03-23,4 5 9 15 25 42
556,2013-03-26,6 9 15 18 20 21
557,2013-03-28,3 6 7 21 38 44
558,2013-03-30,6 13 17 29 32 39
559,2013-04-02,3 6 13 25 30 41
560,2013-04-04,1 6 7 15 16 21
561,2013-04-06,3 8 9 31 34 38
562,2013-04-09,9 10 15 21 36 38
563,2013-04-11,13 15 20 23 31 33
564,2013-04-13,8 24 29 31 34 40
565,2013-04-16,9 14 17 21 22 33
566,2013-04-18,4 7 8 15 23 33
567,2013-04-20,5 8 26 34 35 36
568,2013-04-23,1 7 15 21 41 45
569,2013-04-25,3 10 16 21 25 40
570,2013-04-27,10 11 24 36 37 45
571,2013-04-30,12 15 34 35 41 44
572,2013-05-02,3 8 17 22 36 44
573,2013-05-04,4 27 28 30 35 44
574,2013-05-07,18 26 28 38 39 44
575,2013-05-09,5 8 23 29 42 45
576,2013-05-11,1 2 5 24 38 40
577,2013-05-14,10 13 18 19 24 34
578,2013-05-16,16 25 29 37 38 44
579,2013-05-18,12 16 32 33 38 41
580,2013-05-21,2 3 6 9 29 40
581,2013-05-23,4 14 32 34 38 45
582,2013-05-25,1 12 30 32 33 35
583,2013-05-28,1 12 32 35 37 45
584,2013-05-30,4 19 22 27 28 42
585,2013-06-01,4 20 23 32 37 43
586,2013-06-04,9 11 23 25 33 34
587,2013-06-06,5 8 18 24 33 43
588,2013-06-08,2 17 23 29 31 42
589,2013-06-11,1 5 10 14 30 42
590,2013-06-13,4 9 10 28 40 43
591,2013-06-15,3 12 15 21 36 43
592,2013-06-18,4 12 13 31 36 37
593,2013-06-20,8 18 21 27 35 39
594,2013-06-22,3 7 19 28 35 38
595,2013-06-25,9 10 21 22 26 40
596,2013-06-27,5 12 14 15 22 44
597,2013-06-29,18 21 22 33 42 44
598,2013-07-02,2 5 19 32 33 44
599,2013-07-04,1 12 14 19 38 45
600,2013-07-06,1 9 23 32 36 41
601,2013-07-09,6 14 20 26 28 43
602,2013-07-11,10 12 16 24 30 38
603,2013-07-13,3 7 8 9 17 19
604,2013-07-16,5 15 16 17 19 40
605,2013-07-18,7 10 11 29 35 42
606,2013-07-20,8 16 19 22 40 43
607,2013-07-23,8 14 23 33 34 36
608,2013-07-25,6 7 12 15 20 41
609,2013-07-27,8 11 14 17 19 44
610,2013-07-30,4 5 19 23 27 37
611,2013-08-01,4 6 10 20 33 44
612,2013-08-03,4 8 10 24 33 42
613,2013-08-06,2 3 11 18 32 34
614,2013-08-08,22 26 28 31 38 41
615,2013-08-10,1 15 18 25 30 40
616,2013-08-13,17 18 21 29 33 39
617,2013-08-15,6 11 16 23 30 43
618,2013-08-17,8 14 16 29 31 35
619,2013-08-20,7 8 21 23 24 31
620,2013-08-22,12 14 24 28 39 44
621,2013-08-24,3 9 29 40 41 44
622,2013-08-27,7 23 27 29 34 35
623,2013-08-29,14 23 25 30 35 36
624,2013-08-31,22 26 33 35 39 43
625,2013-09-03,1 2 3 10 12 27
626,2013-09-05,12 13 20 34 35 41
627,2013-09-07,7 18 21 33 34 37
628,2013-09-10,9 13 18 25 30 39
629,2013-09-12,3 9 20 29 37 43
630,2013-09-14,3 12 15 31 34 45
631,2013-09-17,3 22 25 27 33 37
632,2013-09-19,1 4 20 26 38 43
633,2013-09-21,4 21 27 31 42 44
634,2013-09-24,1 6 7 10 21 28
635,2013-09-26,1 7 17 36 37 43
636,2013-09-28,3 4 7 30 39 45
637,2013-10-01,7 10 14 28 40 41
638,2013-10-03,10 16 25 26 29 36
639,2013-10-05,13 16 17 30 38 40
640,2013-10-08,11 14 22 32 33 40
641,2013-10-10,3 6 12 34 42 45
642,2013-10-12,3 6 13 25 39 43
643,2013-10-15,4 34 41 42 44 45
644,2013-10-17,5 9 24 28 29 37
645,2013-10-19,8 12 17 28 31 38
646,2013-10-22,8 19 23 34 38 45
647,2013-10-24,2 13 25 27 38 45
648,2013-10-26,4 11 15 20 27 28
649,2013-10-29,3 7 19 37 39 43
650,2013-10-31,17 22 27 29 41 42
651,2013-11-02,3 12 16 28 35 36
652,2013-11-05,7 8 12 15 28 41
653,2013-11-07,2 14 17 23 25 40
654,2013-11-09,5 21 26 27 40 44
655,2013-11-12,7 11 18 33 42 45
656,2013-11-14,14 18 28 37 40 45
657,2013-11-16,2 6 10 14 39 40
658,2013-11-19,3 12 14 16 29 39
659,2013-11-21,4 27 28 29 35 45
660,2013-11-23,3 7 10 27 29 37
661,2013-11-26,4 17 26 38 40 44
662,2013-11-28,4 9 17 32 39 41
663,2013-11-30,8 9 13 16 44 45
664,2013-12-01,9 10 18 23 24 28
665,2013-12-02,15 16 18 21 25 32
666,2013-12-03,7 17 29 31 38 41
667,2013-12-04,8 13 15 27 29 41
668,2013-12-05,3 21 27 35 36 41
669,2013-12-06,3 9 11 19 20 32
670,2013-12-07,5 25 36 37 38 39
671,2013-12-08,10 14 22 30 36 38
672,2013-12-09,19 29 30 37 39 43
673,2013-12-10,17 24 33 38 39 41
674,2013-12-11,2 4 7 18 31 44
675,2013-12-12,16 18 19 26 35 44
676,2013-12-13,11 13 21 24 40 42
677,2013-12-14,5 8 18 27 30 41
678,2013-12-15,4 8 11 13 32 43
679,2013-12-16,10 14 16 26 39 41
680,2013-12-17,11 23 33 34 35 45
681,2013-12-18,1 4 6 16 23 42
682,2013-12-19,16 17 21 22 38 45
683,2013-12-20,9 11 13 22 26 38
684,2013-12-21,9 12 25 32 37 42
685,2013-12-22,2 4 9 32 33 41
686,2013-12-23,12 29 33 34 35 39
687,2013-12-24,7 15 16 20 30 33
688,2013-12-25,7 15 26 36 42 44
689,2013-12-26,6 9 11 19 24 38
690,2013-12-27,2 5 14 15 33 35
691,2013-12-28,2 10 18 28 36 43
692,2013-12-29,7 14 15 32 36 44
693,2013-12-30,5 9 12 20 30 45
694,2013-12-31,2 5 9 14 26 27
695,2014-01-01,2 21 22 24 29 39
696,2014-01-02,6 14 16 24 30 38
697,2014-01-03,14 16 19 21 39 41
698,2014-01-04,8 10 11 13 31 42
699,2014-01-05,1 4 12 13 19 23
700,2014-01-06,3 6 19 22 41 44
701,2014-01-07,4 10 23 25 26 45
702,2014-01-08,7 23 24 33 41 43
703,2014-01-09,3 13 18 20 24 40
704,2014-01-10,9 19 24 40 44 45
705,2014-01-11,6 7 9 16 17 31
706,2014-01-12,6 8 25 35 36 37
707,2014-01-13,1 22 31 33 39 45
708,2014-01-14,6 8 21 24 25 35
709,2014-01-15,12 17 20 26 36 40
710,2014-01-16,7 15 16 33 39 44
711,2014-01-17,4 8 18 35 42 45
712,2014-01-18,2 6 25 28 39 41
713,2014-01-19,11 18 25 30 35 41
714,2014-01-20,1 18 26 32 39 45
715,2014-01-21,1 9 10 26 29 38
716,2014-01-22,1 10 21 28 29 30
717,2014-01-23,7 15 21 27 38 42
718,2014-01-24,2 14 25 32 37 45
719,2014-01-25,3 7 22 36 38 40
720,2014-01-26,16 20 21 23 24 43
721,2014-01-27,1 8 10 15 27 33
722,2014-01-28,8 15 19 26 36 37
723,2014-01-29,9 26 27 28 33 41
724,2014-01-30,8 12 17 20 34 41
725,2014-01-31,9 15 25 31 34 42
726,2014-02-01,16 24 30 33 40 41
727,2014-02-02,11 19 27 30 39 41
728,2014-02-03,11 12 38 40 43 45
729,2014-02-04,6 24 25 30 41 43
730,2014-02-05,15 20 24 37 41 45
731,2014-02-06,2 12 16 17 22 33
732,2014-02-07,4 10 18 22 23 32
733,2014-02-08,2 13 31 36 37 45
734,2014-02-09,5 12 24 31 38 39
735,2014-02-10,6 8 18 22 35 41
736,2014-02-11,6 7 11 13 26 37
737,2014-02-12,9 28 33 35 36 39
738,2014-02-13,3 32 33 34 36 45
739,2014-02-14,2 13 16 27 38 42
740,2014-02-15,13 19 23 26 28 29
741,2014-02-16,2 3 14 21 28 35
742,2014-02-17,10 12 17 28 39 40
743,2014-02-18,25 29 35 39 41 44
744,2014-02-19,11 12 13 18 20 31
745,2014-02-20,6 15 20 23 28 29
746,2014-02-21,12 17 24 31 36 38
747,2014-02-22,3 5 12 13 23 26
748,2014-02-23,1 20 21 28 39 42
749,2014-02-24,8 10 15 17 35 44
750,2014-02-25,3 13 24 27 34 37
751,2014-02-26,5 23 31 34 37 43
752,2014-02-27,4 6 13 19 42 43
753,2014-02-28,9 11 19 24 28 34
754,2014-03-01,3 11 28 35 36 44
755,2014-03-02,2 13 17 21 29 35
756,2014-03-03,11 18 28 33 34 37
757,2014-03-04,8 12 28 29 38 43
758,2014-03-05,3 13 31 32 39 43
759,2014-03-06,4 5 15 19 21 41
760,2014-03-07,1 5 9 23 38 40
761,2014-03-08,6 14 15 26 36 43
762,2014-03-09,9 14 21 24 27 44
763,2014-03-10,3 7 15 19 29 37
764,2014-03-11,2 6 7 12 22 43
765,2014-03-12,4 7 8 25 29 39
766,2014-03-13,12 21 25 28 33 38
767,2014-03-14,15 22 25 28 35 38
768,2014-03-15,4 13 28 34 36 44
769,2014-03-16,1 6 14 30 39 42
770,2014-03-17,1 2 24 33 40 45
771,2014-03-18,3 6 11 31 33 44
772,2014-03-19,10 17 24 28 36 37
773,2014-03-20,18 29 35 36 37 44
774,2014-03-21,16 18 19 29 37 39
775,2014-03-22,16 18 23 34 36 39
776,2014-03-23,6 15 16 29 37 40
777,2014-03-24,4 5 6 12 13 41
778,2014-03-25,7 13 19 27 36 45
779,2014-03-26,8 10 13 20 33 39
780,2014-03-27,1 2 7 9 31 43
781,2014-03-28,2 7 16 19 23 42
782,2014-03-29,6 12 28 29 31 42
783,2014-03-30,6 7 9 19 40 44
784,2014-03-31,3 19 25 26 39 41
785,2014-04-01,9 11 14 38 40 43
786,2014-04-02,8 18 26 31 33 40
787,2014-04-03,10 18 21 22 29 36
788,2014-04-04,9 16 17 18 27 28
789,2014-04-05,5 12 13 22 35 42
790,2014-04-06,4 5 20 24 34 45
791,2014-04-07,5 14 22 26 31 41
792,2014-04-08,6 13 19 25 41 42
793,2014-04-09,10 15 16 17 36 45
794,2014-04-10,11 15 23 34 36 37
795,2014-04-11,13 20 28 29 30 32
796,2014-04-12,1 5 17 25 26 43
797,2014-04-13,1 11 20 21 32 40
798,2014-04-14,6 14 15 22 31 38
799,2014-04-15,3 4 7 13 26 44
800,2014-04-16,12 14 35 38 42 45
801,2014-04-17,7 13 15 18 24 34
802,2014-04-18,5 10 14 15 37 45
803,2014-04-19,11 14 20 21 35 38
804,2014-04-20,16 21 29 31 38 45
805,2014-04-21,2 12 21 25 29 40
806,2014-04-22,3 6 22 27 30 39
807,2014-04-23,2 12 30 33 38 43
808,2014-04-24,3 16 26 33 37 43
809,2014-04-25,3 5 21 23 36 44
810,2014-04-26,1 14 27 28 32 35
811,2014-04-27,6 15 24 26 27 36
812,2014-04-28,8 11 14 16 21 43
813,2014-04-29,3 14 15 17 28 41
814,2014-04-30,12 19 27 28 29 34
815,2014-05-01,9 15 24 27 32 33
816,2014-05-02,2 10 13 16 18 43
817,2014-05-03,8 12 17 25 32 42
818,2014-05-04,2 3 13 16 33 44
819,2014-05-05,1 8 11 12 13 24
820,2014-05-06,3 8 12 16 35 38
821,2014-05-07,5 11 24 26 30 45
822,2014-05-08,7 9 15 25 37 39
823,2014-05-09,7 28 32 40 41 44
824,2014-05-10,2 21 23 27 28 41
825,2014-05-11,7 16 23 26 39 41
826,2014-05-12,7 13 19 21 29 37
827,2014-05-13,7 11 22 30 38 40
828,2014-05-14,6 10 18 23 38 43
829,2014-05-15,15 20 22 29 30 42
830,2014-05-16,14 16 23 28 30 42
831,2014-05-17,1 4 7 12 21 34
832,2014-05-18,4 5 6 12 23 34
833,2014-05-19,16 20 23 29 34 43
834,2014-05-20,3 5 30 36 37 44
835,2014-05-21,6 9 17 20 26 28
836,2014-05-22,5 9 14 26 36 45
837,2014-05-23,7 9 11 30 41 44
838,2014-05-24,5 6 15 39 41 44
839,2014-05-25,2 5 14 20 30 44
840,2014-05-26,5 28 31 37 41 45
841,2014-05-27,24 28 31 34 41 43
842,2014-05-28,5 7 26 27 32 34
843,2014-05-29,3 6 12 16 44 45
844,2014-05-30,2 4 20 22 23 33
845,2014-05-31,4 26 29 37 38 45
846,2014-06-01,7 13 24 25 32 36
847,2014-06-02,6 13 18 29 34 38
848,2014-06-03,7 11 12 19 22 37
849,2014-06-04,7 11 32 35 36 37
850,2014-06-05,7 10 11 15 32 43
851,2014-06-06,6 9 13 15 16 37
852,2014-06-07,8 11 12 30 43 44
853,2014-06-08,4 28 31 37 40 42
854,2014-06-09,6 10 18 22 36 41
855,2014-06-10,2 4 24 28 38 43
856,2014-06-11,4 6 24 28 34 43
857,2014-06-12,7 9 19 21 24 36
858,2014-06-13,3 8 14 35 42 43
859,2014-06-14,4 15 20 33 37 40
860,2014-06-15,4 12 22 26 36 37
861,2014-06-16,1 3 6 23 29 32
862,2014-06-17,1 9 19 27 30 41
863,2014-06-18,2 9 13 16 20 24
864,2014-06-19,10 18 21 34 40 45
865,2014-06-20,2 27 28 29 37 43
866,2014-06-21,7 18 29 31 36 40
867,2014-06-22,13 16 17 18 27 30
868,2014-06-23,11 14 15 29 40 45
869,2014-06-24,5 7 20 31 36 44
870,2014-06-25,13 14 17 36 40 42
871,2014-06-26,8 9 14 19 23 45
872,2014-06-27,2 6 8 9 32 42
873,2014-06-28,12 13 21 23 29 31
874,2014-06-29,1 8 12 16 22 43
875,2014-06-30,3 4 9 13 19 41
876,2014-07-01,3 15 20 21 37 43
877,2014-07-02,1 7 10 15 28 39
878,2014-07-03,1 13 14 15 19 22
879,2014-07-04,3 15 19 23 29 42
880,2014-07-05,2 14 15 16 18 21
881,2014-07-06,4 5 19 25 34 36
882,2014-07-07,1 2 10 18 19 45
883,2014-07-08,13 21 27 34 35 41
884,2014-07-09,4 6 22 29 36 38
885,2014-07-10,5 14 15 16 29 37
886,2014-07-11,4 18 23 25 33 44
887,2014-07-12,10 12 15 17 19 45
888,2014-07-13,2 10 18 19 42 43
889,2014-07-14,4 13 17 35 38 41
890,2014-07-15,8 15 21 22 25 33
891,2014-07-16,5 8 12 24 36 37
892,2014-07-17,8 17 23 26 31 42
893,2014-07-18,8 11 12 24 36 44
894,2014-07-19,9 17 26 27 41 43
895,2014-07-20,1 24 29 30 39 40
896,2014-07-21,9 14 18 19 20 24
897,2014-07-22,19 24 26 35 37 43
898,2014-07-23,12 28 32 36 42 43
899,2014-07-24,6 27 29 30 37 43
900,2014-07-25,12 19 27 36 44 45
901,2014-07-26,2 9 14 26 27 39
902,2014-07-27,1 12 14 19 33 37
903,2014-07-28,3 6 20 27 29 45
904,2014-07-29,12 14 18 19 21 40
905,2014-07-30,7 10 15 21 24 30
906,2014-07-31,5 22 23 25 33 44
907,2014-08-01,1 11 13 20 36 38
908,2014-08-02,3 8 14 17 23 38
909,2014-08-03,4 11 21 22 27 34
910,2014-08-04,11 22 23 24 32 33
911,2014-08-05,9 11 23 24 33 38
912,2014-08-06,11 13 14 17 18 41
913,2014-08-07,8 10 27 28 33 41
914,2014-08-08,9 18 20 24 25 42
915,2014-08-09,1 9 26 29 39 40
916,2014-08-10,5 7 15 30 34 45
917,2014-08-11,8 19 34 38 43 45
918,2014-08-12,1 8 18 30 42 43
919,2014-08-13,2 20 23 24 25 41
920,2014-08-14,24 25 31 34 36 40
921,2014-08-15,4 6 18 25 26 38
922,2014-08-16,17 31 40 42 43 44
923,2014-08-17,5 10 14 22 32 40
924,2014-08-18,6 10 30 34 36 41
925,2014-08-19,5 6 31 34 35 41
926,2014-08-20,4 14 17 33 37 40
927,2014-08-21,9 14 15 24 35 37
928,2014-08-22,5 29 35 39 43 45
929,2014-08-23,7 24 25 27 28 29
930,2014-08-24,8 10 18 31 32 36
931,2014-08-25,9 11 17 26 28 38
932,2014-08-26,3 16 22 37 41 45
933,2014-08-27,2 15 19 22 38 43
934,2014-08-28,4 8 13 14 15 19
935,2014-08-29,8 12 18 28 32 39
936,2014-08-30,11 12 27 38 43 44
937,2014-08-31,8 11 19 20 26 34
938,2014-09-01,2 4 22 30 40 44
939,2014-09-02,2 6 20 26 29 44
940,2014-09-03,3 11 14 19 27 42
941,2014-09-04,16 20 29 34 36 43
942,2014-09-05,18 21 23 29 37 42
943,2014-09-06,6 10 20 22 28 43
944,2014-09-07,18 22 25 29 43 45
945,2014-09-08,5 14 28 32 33 44
946,2014-09-09,5 21 29 30 40 44
947,2014-09-10,9 16 30 39 40 44
948,2014-09-11,13 22 24 31 44 45
949,2014-09-12,18 25 28 29 36 43
950,2014-09-13,6 7 9 14 18 28
951,2014-09-14,15 18 19 22 34 35
952,2014-09-15,3 6 11 12 28 37
953,2014-09-16,4 7 15 27 32 33
954,2014-09-17,9 12 13 14 30 36
955,2014-09-18,7 10 11 21 32 45
956,2014-09-19,4 9 11 26 43 44
957,2014-09-20,16 23 26 28 44 45
958,2014-09-21,11 23 28 34 36 42
959,2014-09-22,9 13 16 18 38 41
960,2014-09-23,10 14 17 21 24 41
961,2014-09-24,7 10 22 25 38 42
962,2014-09-25,13 16 22 38 42 44
963,2014-09-26,3 7 22 31 33 39
964,2014-09-27,2 6 11 16 23 25
965,2014-09-28,1 15 32 33 41 44
966,2014-09-29,8 11 18 21 28 44
967,2014-09-30,2 12 16 18 25 29
968,2014-10-01,15 35 41 42 43 44
969,2014-10-02,3 17 22 35 36 40
970,2014-10-03,2 7 14 17 34 42
971,2014-10-04,12 13 18 21 38 39
972,2014-10-05,4 16 25 26 27 38
973,2014-10-06,14 20 21 24 36 40
974,2014-10-07,2 9 10 11 16 43
975,2014-10-08,1 3 15 16 18 25
976,2014-10-09,4 9 13 15 24 25
977,2014-10-10,9 10 12 16 25 26
978,2014-10-11,4 10 18 22 30 32
979,2014-10-12,5 17 18 25 26 37
980,2014-10-13,3 14 30 41 43 44
981,2014-10-14,13 19 26 30 38 45
982,2014-10-15,2 7 8 23 38 43
983,2014-10-16,9 16 26 38 40 44
984,2014-10-17,2 3 7 10 20 45
985,2014-10-18,5 9 15 21 29 33
986,2014-10-19,6 13 16 20 27 37
987,2014-10-20,4 12 14 16 27 28
988,2014-10-21,8 14 15 16 31 44
989,2014-10-22,3 9 28 30 32 39
990,2014-10-23,13 16 26 36 42 43
991,2014-10-24,6 7 10 26 31 40
992,2014-10-25,8 20 34 38 42 45
993,2014-10-26,1 18 20 22 24 29
994,2014-10-27,7 9 12 19 38 45
995,2014-10-28,6 17 18 26 28 34
996,2014-10-29,17 26 29 30 33 43
997,2014-10-30,5 9 14 15 27 39
998,2014-10-31,1 2 8 13 16 32
999,2014-11-01,5 23 26 36 41 44
1000,2014-11-02,4 7 19 20 24 43
1001,2014-11-03,6 11 27 32 33 44
1002,2014-11-04,2 17 31 35 36 41
1003,2014-11-05,12 27 36 38 42 43
1004,2014-11-06,19 23 27 31 38 39
1005,2014-11-07,7 36 39 42 44 45
1006,2014-11-08,9 10 13 16 19 30
1007,2014-11-09,12 19 22 34 35 37
1008,2014-11-10,8 18 27 32 35 37
1009,2014-11-11,3 15 17 32 33 37
1010,2014-11-12,2 5 9 27 30 42
1011,2014-11-13,1 5 9 30 38 39
1012,2014-11-14,6 7 8 18 30 36
1013,2014-11-15,1 3 25 26 39 45
1014,2014-11-16,4 12 16 23 32 45
1015,2014-11-17,15 23 35 40 44 45
1016,2014-11-18,11 12 15 22 23 41
1017,2014-11-19,12 17 19 24 27 36
1018,2014-11-20,9 20 27 37 40 45
1019,2014-11-21,4 19 23 29 30 35
1020,2014-11-22,1 9 14 16 29 45
1021,2014-11-23,11 19 30 31 35 42
1022,2014-11-24,4 17 29 31 34 44
1023,2014-11-25,1 12 30 38 39 43
1024,2014-11-25,14 18 27 33 37 43
1025,2014-11-26,1 11 13 21 35 37
1026,2014-11-26,4 13 15 29 33 34
1027,2014-11-27,16 19 25 29 37 39
1028,2014-11-27,5 16 18 25 31 39
1029,2014-11-28,6 17 22 24 38 42
1030,2014-11-28,22 25 27 32 36 39
1031,2014-11-29,11 13 23 25 34 44
1032,2014-11-29,1 8 29 30 37 39
1033,2014-11-30,2 4 26 30 32 44
1034,2014-11-30,5 8 23 25 26 28
1035,2014-12-01,3 23 26 27 28 39
1036,2014-12-01,2 4 12 21 24 42
1037,2014-12-02,11 19 30 33 35 39
1038,2014-12-02,3 5 9 16 17 25
1039,2014-12-03,14 29 34 35 36 42
1040,2014-12-03,9 10 12 30 34 44
1041,2014-12-04,11 14 16 17 18 39
1042,2014-12-04,9 11 29 31 34 37
1043,2014-12-05,5 8 9 23 38 39
1044,2014-12-05,7 12 14 35 36 45
1045,2014-12-06,9 13 15 29 43 44
1046,2014-12-06,2 7 21 22 42 44
1047,2014-12-07,2 16 20 24 28 43
1048,2014-12-07,12 24 25 28 42 44
1049,2014-12-08,7 26 31 32 33 35
1050,2014-12-08,3 6 11 15 24 41
1051,2014-12-09,6 13 24 31 37 39
1052,2014-12-09,2 7 12 31 38 44
1053,2014-12-10,10 21 24 33 42 45
1054,2014-12-10,3 14 19 20 37 38
1055,2014-12-11,1 11 15 16 20 24
1056,2014-12-11,7 25 26 34 37 41
1057,2014-12-12,2 4 7 16 19 30
1058,2014-12-12,2 3 4 5 10 25
1059,2014-12-13,9 13 16 21 23 36
1060,2014-12-13,1 17 23 25 27 45
1061,2014-12-14,2 12 15 21 24 39
1062,2014-12-14,1 5 7 11 16 31
1063,2014-12-15,1 3 9 23 25 33
1064,2014-12-15,7 16 26 27 32 38
1065,2014-12-16,3 13 20 36 39 42
1066,2014-12-16,12 27 29 35 36 37
1067,2014-12-17,17 20 27 29 34 44
1068,2014-12-17,11 27 33 37 43 44
1069,2014-12-18,2 13 16 25 38 44
1070,2014-12-18,5 10 11 13 20 36
1071,2014-12-19,9 14 22 26 30 44
1072,2014-12-19,1 3 9 16 21 45
1073,2014-12-20,3 6 11 16 41 44
1074,2014-12-20,2 11 15 25 32 34
1075,2014-12-21,2 16 25 35 38 40
1076,2014-12-21,26 29 32 36 44 45
1077,2014-12-22,18 22 23 28 30 39
1078,2014-12-22,3 5 9 20 33 41
1079,2014-12-23,3 5 10 19 25 45
1080,2014-12-23,19 30 32 33 39 41
1081,2014-12-24,3 8 25 29 37 38
1082,2014-12-24,4 11 14 31 33 44
1083,2014-12-25,1 14 22 37 41 43
1084,2014-12-25,15 25 26 28 37 44
1085,2014-12-26,10 12 18 19 24 27
1086,2014-12-26,9 16 24 28 39 45
1087,2014-12-27,13 20 30 32 43 45
1088,2014-12-27,5 20 27 38 42 43
1089,2014-12-28,20 25 28 33 36 45
1090,2014-12-28,2 5 15 34 39 42
1091,2014-12-29,1 4 14 18 33 45
1092,2014-12-29,1 6 15 20 22 26
1093,2014-12-30,12 15 17 31 38 42
1094,2014-12-30,9 21 33 35 37 41
1095,2014-12-31,2 6 18 20 35 39
1096,2014-12-31,2 7 19 27 38 45
1097,2015-01-01,9 13 17 21 25 32
1098,2015-01-01,11 26 34 40 42 44
1099,2015-01-02,1 15 30 36 43 44
1100,2015-01-02,12 15 22 30 37 40
1101,2015-01-03,1 12 18 30 39 45
1102,2015-01-03,3 19 22 29 33 44
1103,2015-01-04,1 6 14 21 34 37
1104,2015-01-04,5 15 16 28 34 43
1105,2015-01-05,5 9 30 41 42 44
1106,2015-01-05,2 4 17 20 33 36
1107,2015-01-06,2 17 21 23 38 45
1108,2015-01-06,2 13 15 22 23 40
1109,2015-01-07,9 10 11 13 38 40
1110,2015-01-07,10 24 33 38 40 45
1111,2015-01-08,2 15 19 21 35 43
1112,2015-01-08,16 25 29 39 43 44
1113,2015-01-09,3 4 9 15 21 38
1114,2015-01-09,2 12 13 36 40 41
1115,2015-01-10,3 4 9 27 36 37
1116,2015-01-10,9 13 27 29 33 43
1117,2015-01-11,11 16 17 23 30 33
1118,2015-01-11,7 10 13 20 32 33
1119,2015-01-12,5 10 29 37 41 43
1120,2015-01-12,23 32 34 37 38 41
1121,2015-01-13,5 6 10 17 20 33
1122,2015-01-14,25 26 32 41 42 44
1123,2015-01-15,8 20 21 33 35 37
1124,2015-01-16,6 11 14 26 30 36
1125,2015-01-17,8 19 24 27 28 41
1126,2015-01-18,7 9 13 20 33 40
1127,2015-01-19,16 18 22 30 33 37
1128,2015-01-20,8 10 12 16 24 33
1129,2015-01-21,7 18 21 23 34 36
1130,2015-01-22,6 12 18 21 32 39
1131,2015-01-23,7 11 16 17 22 45
1132,2015-01-24,26 27 33 34 37 39
1133,2015-01-25,13 31 32 34 39 41
1134,2015-01-26,7 30 32 37 43 44
1135,2015-01-27,1 7 22 37 41 42
1136,2015-01-28,2 21 28 29 33 35
1137,2015-01-29,3 4 14 25 30 45
1138,2015-01-30,10 15 25 32 34 39
1139,2015-01-31,3 5 30 34 35 44
1140,2015-02-01,7 8 9 38 39 44
1141,2015-02-02,1 2 10 20 24 28
1142,2015-02-03,2 6 15 20 34 35
1143,2015-02-04,10 16 22 26 27 41
1144,2015-02-05,8 15 16 21 41 45
1145,2015-02-06,3 5 23 29 40 44
1146,2015-02-07,2 10 20 22 31 43
1147,2015-02-08,4 7 12 22 23 44
1148,2015-02-09,2 5 9 13 16 21
1149,2015-02-10,7 11 21 24 28 34
1150,2015-02-11,20 21 32 33 37 44
1151,2015-02-12,13 15 21 25 36 43
1152,2015-02-13,3 5 23 25 39 40
1153,2015-02-14,4 7 27 36 40 44
1154,2015-02-15,10 15 16 23 44 45
1155,2015-02-16,2 21 22 23 35 38
1156,2015-02-17,7 21 33 36 41 43
1157,2015-02-18,2 11 25 26 33 35
1158,2015-02-19,6 19 23 26 27 33
1159,2015-02-20,1 5 9 31 43 44
1160,2015-02-21,8 20 22 38 40 43
1161,2015-02-22,2 15 16 33 39 41
1162,2015-02-23,8 9 18 25 29 43
1163,2015-02-24,13 16 19 27 28 43
1164,2015-02-25,3 8 11 18 31 43
1165,2015-02-26,1 5 8 12 18 21
1166,2015-02-27,1 3 7 22 30 40
1167,2015-02-28,8 30 34 38 40 45
1168,2015-03-01,1 7 17 28 35 37
1169,2015-03-02,22 27 31 37 39 45
1170,2015-03-03,4 13 18 24 43 44
1171,2015-03-04,8 11 12 21 24 33
1172,2015-03-05,12 19 20 23 32 41
1173,2015-03-06,2 8 15 27 28 39
1174,2015-03-07,10 13 16 29 41 45
1175,2015-03-08,11 12 17 26 31 45
1176,2015-03-09,16 17 21 23 38 40
1177,2015-03-10,11 18 25 27 36 43
1178,2015-03-11,20 25 33 35 37 39
1179,2015-03-11,9 16 22 23 29 34
1180,2015-03-12,9 13 16 26 32 33
1181,2015-03-12,3 6 7 9 16 31
1182,2015-03-13,2 6 18 21 34 45
1183,2015-03-13,4 5 13 18 34 38
1184,2015-03-14,1 8 13 15 40 42
1185,2015-03-14,2 21 23 26 29 40
1186,2015-03-15,2 5 22 25 28 42
1187,2015-03-15,5 10 15 26 31 43
1188,2015-03-16,10 12 13 15 17 19
1189,2015-03-16,11 20 32 33 36 45
1190,2015-03-17,2 11 14 28 29 37
1191,2015-03-17,3 9 10 18 30 38
1192,2015-03-18,5 12 15 22 35 41
1193,2015-03-18,11 17 20 28 33 45
1194,2015-03-19,6 9 18 19 20 36
1195,2015-03-19,3 4 7 25 41 42
1196,2015-03-20,4 5 28 29 32 42
1197,2015-03-20,3 13 14 39 42 44
1198,2015-03-21,4 6 8 19 24 29
1199,2015-03-21,12 24 26 35 38 44
1200,2015-03-22,2 15 18 33 39 44
1201,2015-03-22,15 16 24 37 39 44
1202,2015-03-23,1 4 5 13 26 40
1203,2015-03-23,5 13 19 31 33 40
1204,2015-03-24,3 13 22 30 35 43
1205,2015-03-24,9 13 17 34 35 40
1206,2015-03-25,12 18 19 36 37 43
1207,2015-03-25,14 21 23 32 34 44
1208,2015-03-26,6 16 27 32 35 40
1209,2015-03-26,12 14 16 17 23 36
1210,2015-03-27,14 19 22 33 39 40
1211,2015-03-27,16 26 29 31 37 39
1212,2015-03-28,2 3 17 19 24 43
1213,2015-03-28,3 26 29 38 41 45
1214,2015-03-29,13 14 20 22 31 41
1215,2015-03-29,4 15 24 29 36 41
1216,2015-03-30,11 14 17 20 21 23
1217,2015-03-30,1 5 6 11 27 42
1218,2015-03-31,2 8 16 32 39 42
1219,2015-03-31,4 9 14 16 33 38
1220,2015-04-01,9 15 24 33 37 39
1221,2015-04-01,5 8 12 14 27 36
1222,2015-04-02,3 4 6 13 34 40
1223,2015-04-02,7 14 32 36 37 41
1224,2015-04-03,2 27 32 36 43 44
1225,2015-04-03,2 4 21 25 34 38
1226,2015-04-04,17 22 26 32 34 43
1227,2015-04-04,7 9 21 29 37 45
1228,2015-04-05,5 8 31 34 38 39
1229,2015-04-05,4 12 13 16 25 26
1230,2015-04-06,5 18 22 34 38 44
1231,2015-04-06,1 5 6 8 25 26
1232,2015-04-07,5 14 18 19 28 43
1233,2015-04-07,1 4 6 16 20 43
1234,2015-04-08,3 10 17 20 28 31
1235,2015-04-08,1 4 6 28 32 43
1236,2015-04-09,18 22 24 28 36 41
1237,2015-04-09,15 18 22 25 27 43
1238,2015-04-10,5 8 22 33 38 40
1239,2015-04-10,16 21 22 32 35 39
1240,2015-04-11,1 6 11 20 24 35
1241,2015-04-11,3 5 7 12 26 43
1242,2015-04-12,14 17 20 26 28 34
1243,2015-04-12,4 26 30 31 39 44
1244,2015-04-13,11 12 22 23 27 30
1245,2015-04-13,10 18 36 39 41 45
1246,2015-04-14,5 8 16 17 18 39
1247,2015-04-14,10 26 27 30 33 37
1248,2015-04-15,1 23 28 37 41 44
1249,2015-04-15,6 24 25 36 44 45
1250,2015-04-16,10 20 26 30 33 43
1251,2015-04-16,1 3 13 14 20 38
1252,2015-04-17,3 22 24 31 33 45
1253,2015-04-17,13 19 20 29 33 34
1254,2015-04-18,13 17 23 24 29 32
1255,2015-04-18,6 25 30 33 39 40
1256,2015-04-19,4 9 12 17 40 42
1257,2015-04-19,9 10 11 30 37 42
1258,2015-04-20,3 4 15 35 37 44
1259,2015-04-20,6 10 26 32 35 38
1260,2015-04-21,6 15 29 34 36 37
1261,2015-04-21,5 6 8 15 22 44
1262,2015-04-22,6 28 29 30 32 43
1263,2015-04-22,3 26 36 37 42 45
1264,2015-04-23,3 24 27 28 37 40
1265,2015-04-23,19 20 25 34 36 42
1266,2015-04-24,6 9 24 32 34 35
1267,2015-04-24,3 5 9 11 12 39
1268,2015-04-25,3 4 8 24 26 32
1269,2015-04-25,8 15 23 26 30 44
1270,2015-04-26,15 19 36 40 43 44
1271,2015-04-26,12 15 20 21 27 45
1272,2015-04-27,1 8 24 25 32 38
1273,2015-04-27,21 23 27 31 38 44
1274,2015-04-28,3 13 19 34 37 38
1275,2015-04-28,6 13 22 23 30 35
1276,2015-04-29,2 11 15 21 32 38
1277,2015-04-29,2 18 19 24 28 37
1278,2015-04-30,16 19 23 38 42 45
1279,2015-04-30,9 10 23 26 29 44
1280,2015-05-01,4 6 8 12 24 38
1281,2015-05-01,5 14 17 20 22 42
1282,2015-05-02,4 8 14 16 20 35
1283,2015-05-02,13 33 35 38 41 45
1284,2015-05-03,4 9 19 20 31 36
1285,2015-05-03,11 27 31 35 40 42
1286,2015-05-04,8 23 25 28 39 42
1287,2015-05-04,6 8 13 14 40 44
1288,2015-05-05,9 19 22 29 31 39
1289,2015-05-05,1 13 21 25 26 39
1290,2015-05-06,14 17 24 34 39 44
1291,2015-05-06,7 16 17 31 36 37
1292,2015-05-07,5 6 23 30 32 34
1293,2015-05-07,16 17 19 28 31 41
1294,2015-05-08,2 7 11 18 32 42
1295,2015-05-08,7 14 18 26 32 41
1296,2015-05-09,18 24 28 31 38 40
1297,2015-05-09,2 9 22 24 26 30
1298,2015-05-10,2 12 14 19 38 42
1299,2015-05-10,1 16 26 29 34 45
1300,2015-05-11,1 9 11 15 21 22
1301,2015-05-11,9 14 24 25 32 33
1302,2015-05-12,5 8 24 27 41 44
1303,2015-05-12,12 23 24 27 30 35
1304,2015-05-13,14 24 29 32 39 43
1305,2015-05-13,9 18 19 24 35 41
1306,2015-05-14,8 18 24 27 39 45
1307,2015-05-14,10 11 15 23 28 32
1308,2015-05-15,6 14 34 37 38 45
1309,2015-05-15,5 9 18 20 24 33
1310,2015-05-16,10 25 30 36 37 42
1311,2015-05-16,8 11 23 33 38 41
1312,2015-05-17,1 11 18 21 23 31
1313,2015-05-17,8 12 25 33 37 43
1314,2015-05-18,15 16 29 33 36 39
1315,2015-05-18,5 12 18 22 36 37
1316,2015-05-19,7 15 20 21 32 35
1317,2015-05-19,8 12 14 16 23 40
1318,2015-05-20,2 7 8 10 19 32
1319,2015-05-20,2 11 15 32 42 44
1320,2015-05-21,1 15 19 20 37 45
1321,2015-05-21,17 25 35 38 39 43
1322,2015-05-22,2 4 7 20 35 36
1323,2015-05-22,6 7 11 21 33 44
1324,2015-05-23,1 8 22 25 35 38
1325,2015-05-23,4 5 7 19 36 39
1326,2015-05-24,4 8 9 25 26 34
1327,2015-05-24,20 24 25 29 36 37
1328,2015-05-25,2 18 33 34 36 39
1329,2015-05-25,1 2 10 30 32 39
1330,2015-05-26,4 6 14 19 20 22
1331,2015-05-26,15 23 25 29 32 38
1332,2015-05-27,25 30 35 39 41 42
1333,2015-05-27,3 18 19 31 36 41
1334,2015-05-28,2 5 15 27 28 38
1335,2015-05-28,9 12 16 19 21 42
1336,2015-05-29,1 5 7 14 23 26
1337,2015-05-29,10 19 20 27 32 43
1338,2015-05-30,5 19 21 27 43 44
1339,2015-05-30,5 6 10 26 30 32
1340,2015-05-31,6 12 17 22 35 44
1341,2015-05-31,12 21 22 25 28 44
1342,2015-06-01,1 12 18 37 38 44
1343,2015-06-01,9 20 26 28 32 33
1344,2015-06-02,10 14 20 22 32 43
1345,2015-06-02,1 7 25 34 40 45
1346,2015-06-03,12 14 15 18 33 38
1347,2015-06-03,2 15 17 22 41 43
1348,2015-06-04,4 8 13 20 33 42
1349,2015-06-04,8 10 11 23 28 39
1350,2015-06-05,9 17 24 29 43 45
1351,2015-06-05,1 6 15 22 35 40
1352,2015-06-06,10 11 21 31 39 41
1353,2015-06-06,5 6 16 20 26 39
1354,2015-06-07,4 18 23 34 37 45
1355,2015-06-07,4 7 15 25 26 30
1356,2015-06-08,1 4 9 10 31 36
1357,2015-06-08,12 15 19 20 28 32
1358,2015-06-09,4 6 8 30 33 44
1359,2015-06-09,19 27 31 37 38 43
1360,2015-06-10,6 8 10 12 29 33
1361,2015-06-10,7 14 29 33 42 43
1362,2015-06-11,10 11 16 27 28 36
1363,2015-06-11,6 23 24 33 39 43
1364,2015-06-12,3 5 15 22 35 38
1365,2015-06-12,2 4 5 9 23 34
1366,2015-06-13,6 18 20 25 29 35
1367,2015-06-13,7 15 19 24 29 42
1368,2015-06-14,1 3 10 12 23 27
1369,2015-06-14,4 12 29 36 39 40
1370,2015-06-15,9 10 25 27 36 37
1371,2015-06-15,5 15 27 29 33 34
1372,2015-06-16,4 28 33 39 43 44
1373,2015-06-16,2 7 23 27 37 41
1374,2015-06-17,2 9 22 32 38 41
1375,2015-06-17,2 5 25 29 35 45
1376,2015-06-18,3 6 8 25 34 41
1377,2015-06-18,2 4 7 10 25 41
1378,2015-06-19,8 11 13 17 34 42
1379,2015-06-19,23 24 26 28 43 45
1380,2015-06-20,11 14 17 23 35 43
1381,2015-06-20,3 5 6 7 32 41
1382,2015-06-21,2 8 12 36 40 44
1383,2015-06-21,4 5 17 19 28 33
1384,2015-06-22,4 9 13 27 30 39
1385,2015-06-22,10 11 17 23 30 32
1386,2015-06-23,14 15 23 25 28 42
1387,2015-06-23,4 7 9 10 16 28
1388,2015-06-24,7 11 12 13 37 45
1389,2015-06-24,15 20 22 23 33 34
1390,2015-06-25,4 14 25 37 38 44
1391,2015-06-25,6 14 17 26 27 32
1392,2015-06-26,11 16 19 23 24 42
1393,2015-06-26,8 12 16 25 35 43
1394,2015-06-27,7 14 19 20 31 34
1395,2015-06-27,1 19 29 35 36 42
1396,2015-06-28,4 19 23 24 26 30
1397,2015-06-28,4 5 20 21 23 25
1398,2015-06-29,1 14 21 24 33 45
1399,2015-06-29,2 12 14 29 41 44
1400,2015-06-30,5 12 16 26 42 44
1401,2015-06-30,2 8 21 27 28 41
1402,2015-07-01,12 14 30 39 43 44
1403,2015-07-01,15 20 31 32 34 45
1404,2015-07-02,4 13 14 18 25 38
1405,2015-07-02,14 17 25 27 29 41
1406,2015-07-03,4 7 17 20 30 38
1407,2015-07-03,9 16 17 19 22 28
1408,2015-07-04,2 8 12 17 39 42
1409,2015-07-04,1 3 11 24 35 37
1410,2015-07-05,15 25 27 34 36 44
1411,2015-07-05,3 18 19 30 42 45
1412,2015-07-06,12 20 39 41 42 43
1413,2015-07-06,2 16 26 29 36 41
1414,2015-07-07,4 12 17 23 26 28
1415,2015-07-07,10 12 16 24 27 39
1416,2015-07-08,3 5 21 26 40 43
1417,2015-07-08,7 12 19 21 37 42
1418,2015-07-09,17 18 21 27 29 41
1419,2015-07-09,9 11 18 26 29 39
1420,2015-07-10,13 14 21 32 39 45
1421,2015-07-10,5 8 24 28 32 39
1422,2015-07-11,3 4 13 21 42 44
1423,2015-07-11,5 7 9 31 32 38
1424,2015-07-12,5 11 21 22 23 34
1425,2015-07-12,5 7 10 13 18 37
1426,2015-07-13,5 11 12 15 20 27
1427,2015-07-13,2 6 7 13 24 44
1428,2015-07-14,2 10 11 13 20 21
1429,2015-07-14,3 4 9 11 13 24
1430,2015-07-15,17 19 22 24 33 38
1431,2015-07-15,1 5 10 18 22 35
1432,2015-07-16,4 20 22 27 28 43
1433,2015-07-16,3 15 22 30 32 37
1434,2015-07-17,8 21 26 31 34 39
1435,2015-07-17,2 20 28 36 37 42
1436,2015-07-18,4 7 9 13 22 30
1437,2015-07-18,5 13 25 30 36 39
1438,2015-07-19,3 8 17 18 20 42
1439,2015-07-19,2 5 15 21 23 27
1440,2015-07-20,6 20 24 39 40 42
1441,2015-07-20,1 19 26 27 30 31
1442,2015-07-21,17 20 22 24 39 40
1443,2015-07-21,5 12 20 28 37 40
1444,2015-07-22,3 4 19 22 24 25
1445,2015-07-22,10 11 21 27 36 38
1446,2015-07-23,8 10 29 32 37 38
1447,2015-07-23,3 15 16 23 32 36
1448,2015-07-24,1 6 11 15 16 31
1449,2015-07-24,7 11 13 25 36 37
1450,2015-07-25,1 14 16 31 36 37
1451,2015-07-25,8 9 10 22 38 42
1452,2015-07-26,2 8 9 17 31 34
1453,2015-07-26,4 10 17 20 28 33
1454,2015-07-27,8 15 31 35 39 44
1455,2015-07-27,5 17 18 27 28 33
1456,2015-07-28,2 5 16 24 38 42
1457,2015-07-28,8 22 25 28 30 34
1458,2015-07-29,16 21 22 24 26 34
1459,2015-07-29,3 6 7 10 11 43
1460,2015-07-30,2 7 20 25 26 33
1461,2015-07-30,12 16 22 25 30 44
1462,2015-07-31,3 11 16 27 30 40
1463,2015-07-31,3 11 20 22 23 30
1464,2015-08-01,12 15 22 28 33 44
1465,2015-08-01,1 28 32 34 37 42
1466,2015-08-02,6 8 11 39 42 44
1467,2015-08-02,16 19 25 32 35 40
1468,2015-08-03,3 13 14 33 43 45
1469,2015-08-03,13 15 20 23 32 39
1470,2015-08-04,25 28 32 33 39 45
1471,2015-08-04,3 9 14 20 25 34
1472,2015-08-05,23 26 29 33 43 44
1473,2015-08-05,14 17 23 26 40 43
1474,2015-08-06,3 9 14 15 25 31
1475,2015-08-06,3 11 16 18 21 42
1476,2015-08-07,7 10 22 24 41 43
1477,2015-08-07,5 11 14 22 25 36
1478,2015-08-08,9 10 35 36 37 43
1479,2015-08-08,6 7 9 35 37 41
1480,2015-08-09,4 17 18 23 33 38
1481,2015-08-09,2 17 25 30 31 32
1482,2015-08-10,12 17 25 37 40 42
1483,2015-08-10,3 17 23 36 38 39
1484,2015-08-11,2 3 5 19 31 45
1485,2015-08-11,13 18 20 22 30 42
1486,2015-08-12,5 7 19 22 23 45
1487,2015-08-12,2 11 23 26 44 45
1488,2015-08-13,8 10 14 15 17 22
1489,2015-08-13,5 11 15 16 17 29
1490,2015-08-14,6 13 20 31 35 38
1491,2015-08-14,5 8 10 30 34 36
1492,2015-08-15,6 15 17 35 36 38
1493,2015-08-15,5 6 29 30 40 42
1494,2015-08-16,3 14 15 29 30 40
1495,2015-08-16,2 10 12 29 33 34
1496,2015-08-17,12 18 30 31 36 45
1497,2015-08-17,14 17 27 28 29 38
1498,2015-08-18,14 22 23 24 38 39
1499,2015-08-18,4 16 17 29 34 41
1500,2015-08-19,10 11 24 30 39 42
1501,2015-08-19,5 10 11 12 24 33
1502,2015-08-20,1 8 9 27 31 43
1503,2015-08-20,4 8 25 26 29 32
1504,2015-08-21,4 5 9 27 30 31
1505,2015-08-21,7 10 11 27 35 44
1506,2015-08-22,1 7 20 22 25 42
1507,2015-08-22,10 11 12 18 31 35
1508,2015-08-23,5 7 16 23 42 43
1509,2015-08-23,2 8 13 20 27 30
1510,2015-08-24,9 14 17 19 29 33
1511,2015-08-24,2 12 27 33 43 44
1512,2015-08-25,13 30 33 34 35 41
1513,2015-08-25,2 4 8 13 26 33
1514,2015-08-26,5 14 21 25 29 37
1515,2015-08-26,12 13 14 32 35 40
1516,2015-08-27,15 20 37 41 44 45
1517,2015-08-27,8 16 35 42 43 45
1518,2015-08-28,4 6 24 29 35 42
1519,2015-08-28,2 4 12 13 29 32
1520,2015-08-29,2 10 13 25 31 41
1521,2015-08-29,3 7 25 26 36 44
1522,2015-08-30,4 9 22 39 44 45
1523,2015-08-30,2 9 20 21 23 28
1524,2015-08-31,5 15 18 22 37 45
1525,2015-08-31,9 30 31 37 42 44
1526,2015-09-01,13 35 37 40 42 45
1527,2015-09-01,9 11 13 14 22 28
1528,2015-09-02,1 7 21 25 28 33
1529,2015-09-02,1 4 23 28 35 43
1530,2015-09-03,4 12 14 27 39 44
1531,2015-09-03,5 6 21 30 42 45
1532,2015-09-04,9 15 20 23 38 40
1533,2015-09-04,2 17 19 27 32 45
1534,2015-09-05,10 11 14 29 40 41
1535,2015-09-05,8 12 15 17 30 42
1536,2015-09-06,3 7 9 25 29 35
1537,2015-09-06,6 9 14 25 26 34
1538,2015-09-07,2 3 6 7 24 44
1539,2015-09-07,5 12 13 26 34 43
1540,2015-09-08,1 4 12 21 34 38
1541,2015-09-08,3 15 18 27 39 45
1542,2015-09-09,4 8 10 17 24 28
1543,2015-09-09,5 6 34 37 39 40
1544,2015-09-10,1 20 21 30 38 44
1545,2015-09-10,2 5 17 23 35 37
1546,2015-09-11,8 9 22 24 27 29
1547,2015-09-11,1 9 15 22 36 37
1548,2015-09-12,1 8 16 20 30 37
1549,2015-09-12,5 18 20 22 27 38
1550,2015-09-13,1 10 12 16 19 20
1551,2015-09-13,5 10 14 27 37 38
1552,2015-09-14,7 12 15 23 39 44
1553,2015-09-14,10 11 15 30 33 40
1554,2015-09-15,2 27 31 32 40 44
1555,2015-09-15,13 14 17 26 28 39
1556,2015-09-16,2 9 10 11 36 38
1557,2015-09-16,14 26 27 33 36 45
1558,2015-09-17,2 8 10 18 42 44
1559,2015-09-17,6 10 19 39 40 45
1560,2015-09-18,3 9 19 28 34 44
1561,2015-09-18,5 6 21 24 28 38
1562,2015-09-19,2 5 30 31 38 41
1563,2015-09-19,8 9 15 23 33 44
1564,2015-09-20,2 3 7 21 35 44
1565,2015-09-20,2 13 18 24 37 38
1566,2015-09-21,10 18 19 20 23 39
1567,2015-09-21,14 15 29 38 42 45
1568,2015-09-22,7 9 11 15 25 41
1569,2015-09-22,7 10 21 31 41 44
1570,2015-09-23,2 17 36 40 44 45
1571,2015-09-23,19 25 26 27 29 43
1572,2015-09-24,2 19 25 31 34 35
1573,2015-09-24,5 9 12 19 23 35
1574,2015-09-25,1 4 6 32 34 41
1575,2015-09-25,9 12 23 38 41 42
1576,2015-09-26,6 8 15 28 29 43
1577,2015-09-26,6 9 21 24 31 34
1578,2015-09-27,3 18 22 26 29 35
1579,2015-09-27,6 14 24 26 34 35
1580,2015-09-28,4 8 9 16 27 42
1581,2015-09-28,6 14 18 28 31 40
1582,2015-09-29,27 32 33 36 37 42
1583,2015-09-29,4 14 27 32 36 41
1584,2015-09-30,2 6 11 36 39 42
1585,2015-09-30,1 2 4 19 24 31
1586,2015-10-01,5 9 11 16 20 40
1587,2015-10-01,7 14 16 25 29 44
1588,2015-10-02,3 18 29 33 36 42
1589,2015-10-02,16 28 35 39 41 43
1590,2015-10-03,15 23 31 35 38 42
1591,2015-10-03,9 11 17 19 23 40
1592,2015-10-04,4 7 9 29 30 33
1593,2015-10-04,1 11 21 29 33 36
1594,2015-10-05,2 5 8 17 20 29
1595,2015-10-05,9 13 17 20 21 25
1596,2015-10-06,3 21 22 32 38 43
1597,2015-10-06,1 12 25 27 37 43
1598,2015-10-07,1 5 18 20 43 44
1599,2015-10-07,7 9 18 22 27 40
1600,2015-10-08,1 7 8 10 31 32
1601,2015-10-08,6 11 18 21 30 41
1602,2015-10-09,15 20 22 24 32 44
1603,2015-10-09,10 11 21 22 32 37
1604,2015-10-10,3 15 19 21 23 38
1605,2015-10-10,7 8 13 18 20 23
1606,2015-10-11,1 4 20 32 40 43
1607,2015-10-11,4 6 13 16 19 30
1608,2015-10-12,6 18 25 26 27 28
1609,2015-10-12,9 21 24 29 32 37
1610,2015-10-13,24 31 34 40 41 43
1611,2015-10-13,2 8 15 19 24 35
1612,2015-10-14,3 8 9 18 34 45
1613,2015-10-14,4 5 15 18 31 39
1614,2015-10-15,2 7 8 20 21 22
1615,2015-10-15,2 10 28 31 36 41
1616,2015-10-16,5 6 14 26 33 36
1617,2015-10-16,1 7 17 22 25 31
1618,2015-10-17,5 13 21 26 37 38
1619,2015-10-17,6 18 35 38 41 43
1620,2015-10-18,6 15 24 30 35 44
1621,2015-10-18,1 2 9 11 13 30
1622,2015-10-19,4 7 16 25 34 38
1623,2015-10-19,9 12 26 34 41 43
1624,2015-10-20,3 10 14 21 23 30
1625,2015-10-20,7 15 18 22 32 39
1626,2015-10-21,5 13 14 16 18 39
1627,2015-10-21,2 11 13 17 18 21
1628,2015-10-22,8 13 26 29 34 37
1629,2015-10-22,1 3 4 5 10 14
1630,2015-10-23,9 17 24 30 36 44
1631,2015-10-23,5 20 22 24 25 45
1632,2015-10-24,8 16 21 27 32 37
1633,2015-10-24,11 23 24 28 31 36
1634,2015-10-25,9 25 26 27 33 44
1635,2015-10-25,1 7 13 20 30 31
1636,2015-10-26,17 26 32 36 40 44
1637,2015-10-26,11 14 27 30 34 44
1638,2015-10-27,1 5 20 26 40 44
1639,2015-10-27,8 15 23 31 38 43
1640,2015-10-28,4 6 18 19 20 25
1641,2015-10-28,3 4 5 14 28 40
1642,2015-10-29,15 23 27 38 41 43
1643,2015-10-29,3 8 12 14 24 45
1644,2015-10-30,11 22 26 33 40 41
1645,2015-10-30,2 17 21 22 25 41
1646,2015-10-31,5 19 21 39 41 45
1647,2015-10-31,1 5 10 20 25 37
1648,2015-11-01,14 16 17 21 30 35
1649,2015-11-01,7 8 9 11 15 32
1650,2015-11-02,3 16 20 29 36 43
1651,2015-11-02,15 20 31 38 39 45
1652,2015-11-03,6 20 31 34 36 44
1653,2015-11-03,4 6 21 23 32 36
1654,2015-11-04,10 23 29 33 38 43
1655,2015-11-04,7 34 35 41 42 45
1656,2015-11-05,8 22 24 27 32 45
1657,2015-11-05,5 10 13 21 27 29
1658,2015-11-06,2 18 19 22 25 29
1659,2015-11-06,1 34 36 42 43 45
1660,2015-11-07,2 7 17 34 40 41
1661,2015-11-07,9 12 13 23 32 43
1662,2015-11-08,3 14 18 19 21 25
1663,2015-11-08,4 12 21 27 32 39
1664,2015-11-09,12 16 17 30 34 42
1665,2015-11-09,7 8 27 29 34 42
1666,2015-11-10,10 14 30 39 40 44
1667,2015-11-10,12 26 28 33 39 44
1668,2015-11-11,10 22 24 32 35 38
1669,2015-11-11,9 10 15 21 32 35
1670,2015-11-12,4 8 20 30 33 34
1671,2015-11-12,11 16 21 22 28 42
1672,2015-11-13,1 2 5 8 27 40
1673,2015-11-13,9 13 25 36 38 44
1674,2015-11-14,3 5 15 32 35 42
1675,2015-11-14,9 18 31 37 40 41
1676,2015-11-15,3 9 15 25 36 42
1677,2015-11-15,4 7 14 27 36 41
1678,2015-11-16,2 4 10 15 17 19
1679,2015-11-16,8 14 27 31 44 45
1680,2015-11-17,22 28 29 32 42 44
1681,2015-11-17,4 5 9 31 34 40
1682,2015-11-18,13 14 15 18 31 43
1683,2015-11-18,2 20 23 34 41 43
1684,2015-11-19,4 14 21 24 25 38
1685,2015-11-19,1 19 32 34 37 41
1686,2015-11-20,4 12 13 19 30 37
1687,2015-11-20,3 4 30 33 37 38
1688,2015-11-21,6 9 16 22 34 38
1689,2015-11-21,7 9 15 24 26 38
1690,2015-11-22,6 10 16 30 33 40
1691,2015-11-22,12 15 19 26 27 44
1692,2015-11-23,1 3 6 27 36 41
1693,2015-11-23,5 7 17 20 39 42
1694,2015-11-24,1 5 11 13 35 36
1695,2015-11-24,2 11 25 27 37 38
1696,2015-11-25,1 17 23 27 36 37
1697,2015-11-25,4 5 9 17 35 45
1698,2015-11-26,5 9 14 15 33 40
1699,2015-11-26,4 10 23 26 29 33
1700,2015-11-27,14 16 35 38 39 41
1701,2015-11-27,1 2 4 8 16 34
1702,2015-11-28,6 8 28 37 38 41
1703,2015-11-28,5 10 11 27 33 39
1704,2015-11-29,7 18 21 23 28 37
1705,2015-11-29,17 18 19 25 26 45
1706,2015-11-30,19 24 29 39 40 45
1707,2015-11-30,3 7 11 23 39 45
1708,2015-12-01,3 4 8 33 36 45
1709,2015-12-01,18 19 24 29 34 43
1710,2015-12-02,5 27 36 38 41 44
1711,2015-12-02,12 23 24 34 35 44
1712,2015-12-03,17 21 26 31 38 42
1713,2015-12-03,3 5 6 13 18 29
1714,2015-12-04,5 7 20 33 34 35
1715,2015-12-04,1 5 17 34 36 45
1716,2015-12-05,14 16 22 26 31 35
1717,2015-12-05,1 3 4 9 19 34
1718,2015-12-06,8 18 19 28 37 39
1719,2015-12-06,1 8 21 32 35 38
1720,2015-12-07,2 5 14 35 36 45
1721,2015-12-07,1 6 7 15 30 33
1722,2015-12-08,8 13 32 34 41 45
1723,2015-12-08,2 25 26 34 36 39
1724,2015-12-09,16 22 29 34 38 40
1725,2015-12-09,19 25 27 32 38 39
1726,2015-12-10,9 25 32 39 40 41
1727,2015-12-10,3 12 21 26 30 32
1728,2015-12-11,4 9 18 29 37 41
1729,2015-12-11,1 7 19 24 41 42
1730,2015-12-12,2 6 17 23 29 32
1731,2015-12-12,9 18 30 33 40 45
1732,2015-12-13,1 10 11 16 23 33
1733,2015-12-13,5 8 10 31 34 45
1734,2015-12-14,6 10 20 38 44 45
1735,2015-12-14,2 5 11 18 27 41
1736,2015-12-15,4 21 22 25 36 37
1737,2015-12-15,8 11 14 27 28 33
1738,2015-12-16,13 16 18 29 38 44
1739,2015-12-16,11 25 31 34 37 41
1740,2015-12-17,10 21 23 32 39 42
1741,2015-12-17,4 7 12 23 39 40
1742,2015-12-18,5 7 10 20 34 43
1743,2015-12-18,4 18 22 24 28 29
1744,2015-12-19,8 11 25 31 32 44
1745,2015-12-19,4 5 14 22 27 44
1746,2015-12-20,4 6 9 12 15 16
1747,2015-12-20,5 16 19 23 29 45
1748,2015-12-21,6 33 39 41 42 44
1749,2015-12-21,3 9 10 12 16 40
1750,2015-12-22,5 7 16 23 36 44
1751,2015-12-22,7 16 23 25 38 44
1752,2015-12-23,1 15 26 37 40 41
1753,2015-12-23,8 11 16 25 36 42
1754,2015-12-24,4 8 12 16 21 33
1755,2015-12-24,6 17 27 28 31 35
1756,2015-12-25,3 4 16 25 29 38
1757,2015-12-25,13 14 15 17 31 37
1758,2015-12-26,1 2 6 27 29 42
1759,2015-12-26,4 10 15 23 28 44
1760,2015-12-27,18 20 22 26 27 37
1761,2015-12-27,1 2 6 28 38 41
1762,2015-12-28,10 16 28 33 34 37
1763,2015-12-28,2 8 23 31 35 41
1764,2015-12-29,1 14 21 39 41 44
1765,2015-12-29,9 22 31 39 40 45
1766,2015-12-30,10 11 25 30 35 38
1767,2015-12-30,8 10 13 15 29 33
1768,2015-12-31,1 6 9 16 23 31
1769,2015-12-31,9 11 30 32 34 40
1770,2016-01-01,1 7 19 36 38 41
1771,2016-01-01,11 14 19 32 34 43
1772,2016-01-02,8 15 19 36 40 41
1773,2016-01-02,9 15 18 25 27 31
1774,2016-01-03,2 4 8 21 35 39
1775,2016-01-03,1 17 24 25 31 35
1776,2016-01-04,7 10 21 32 37 44
1777,2016-01-04,5 15 19 25 28 44
1778,2016-01-05,11 16 18 19 22 39
1779,2016-01-05,16 18 34 36 37 40
1780,2016-01-06,1 6 7 14 15 34
1781,2016-01-06,7 15 17 21 29 31
1782,2016-01-07,5 31 33 37 40 43
1783,2016-01-07,5 15 17 22 43 45
1784,2016-01-08,9 13 19 20 32 45
1785,2016-01-08,12 17 31 36 39 43
1786,2016-01-09,18 21 22 29 30 37
1787,2016-01-09,2 4 10 12 29 30
1788,2016-01-10,5 26 31 35 37 39
1789,2016-01-10,2 3 4 9 29 36
1790,2016-01-11,2 8 13 14 24 42
1791,2016-01-11,13 16 17 26 27 39
1792,2016-01-12,4 12 18 31 37 40
1793,2016-01-12,4 10 14 15 33 37
1794,2016-01-13,6 8 27 31 33 41
1795,2016-01-13,16 18 25 31 36 42
1796,2016-01-14,8 25 26 27 28 39
1797,2016-01-14,4 6 16 35 37 44
1798,2016-01-15,1 4 13 15 25 34
1799,2016-01-15,19 24 25 30 33 42
1800,2016-01-16,3 20 27 33 35 42
1801,2016-01-16,2 17 26 28 34 37
1802,2016-01-17,6 17 30 32 36 37
1803,2016-01-17,4 10 28 38 40 43
1804,2016-01-18,13 19 25 29 38 43
1805,2016-01-18,4 11 26 29 37 42
1806,2016-01-19,2 3 19 27 32 44
1807,2016-01-19,3 9 25 30 33 45
1808,2016-01-20,1 3 8 28 36 38
1809,2016-01-20,1 3 28 35 38 45
1810,2016-01-21,2 10 13 20 25 27
1811,2016-01-21,3 6 14 21 24 28
1812,2016-01-22,9 16 20 32 34 43
1813,2016-01-22,4 13 16 24 35 39
1814,2016-01-23,14 24 25 33 36 40
1815,2016-01-23,20 22 24 31 33 44
1816,2016-01-24,5 7 8 24 26 39
1817,2016-01-24,2 3 19 24 37 39
1818,2016-01-25,2 10 12 28 42 44
1819,2016-01-25,1 5 10 23 26 35
1820,2016-01-26,2 19 29 33 34 45
1821,2016-01-26,20 25 27 31 41 43
1822,2016-01-27,20 22 29 32 35 40
1823,2016-01-27,1 11 17 24 35 38
1824,2016-01-28,1 6 9 10 33 44
1825,2016-01-28,7 11 35 38 41 44
1826,2016-01-29,6 7 12 13 27 42
1827,2016-01-29,4 5 18 23 28 34
1828,2016-01-30,1 9 12 14 24 40
1829,2016-01-30,3 5 23 24 26 44
1830,2016-01-31,5 11 29 30 34 44
1831,2016-01-31,6 15 17 27 28 42
1832,2016-02-01,10 27 31 33 36 45
1833,2016-02-01,10 12 28 32 38 40
1834,2016-02-02,5 7 18 21 24 41
1835,2016-02-02,12 14 20 26 33 40
1836,2016-02-03,9 10 13 25 32 45
1837,2016-02-03,5 7 22 38 39 44
1838,2016-02-04,19 24 25 28 34 35
1839,2016-02-04,6 19 29 32 33 38
1840,2016-02-05,3 17 19 38 39 43
1841,2016-02-05,5 13 15 24 25 30
1842,2016-02-06,1 10 13 22 27 37
1843,2016-02-06,5 17 20 21 28 33
1844,2016-02-07,3 8 11 32 43 45
1845,2016-02-07,2 8 10 12 31 36
1846,2016-02-08,7 9 23 28 34 42
1847,2016-02-08,13 20 22 26 37 40
1848,2016-02-09,5 10 11 16 36 43
1849,2016-02-09,4 6 21 24 42 43
1850,2016-02-10,5 7 9 10 31 42
1851,2016-02-10,5 8 17 21 22 26
1852,2016-02-11,15 23 31 37 43 44
1853,2016-02-11,2 4 25 26 36 41
1854,2016-02-12,7 21 24 26 32 38
1855,2016-02-12,7 11 13 20 32 41
1856,2016-02-13,8 18 21 31 33 41
1857,2016-02-13,8 19 24 32 38 44
1858,2016-02-14,2 12 14 33 36 44
1859,2016-02-14,2 5 6 7 25 28
1860,2016-02-15,3 12 13 27 34 40
1861,2016-02-15,5 13 19 23 25 38
1862,2016-02-16,16 22 24 34 36 37
1863,2016-02-16,2 4 15 19 28 44
1864,2016-02-17,6 8 14 26 32 35
1865,2016-02-17,5 7 13 21 29 32
1866,2016-02-18,10 12 29 30 33 42
1867,2016-02-18,9 17 37 38 40 45
1868,2016-02-19,1 13 16 18 27 28
1869,2016-02-19,2 9 12 19 21 33
1870,2016-02-20,12 22 29 37 40 44
1871,2016-02-20,1 11 32 34 40 43
1872,2016-02-21,2 4 10 24 28 37
1873,2016-02-21,2 3 15 27 39 42
1874,2016-02-22,26 27 29 30 38 39
1875,2016-02-22,9 18 24 26 28 39
1876,2016-02-23,4 11 13 19 38 39
1877,2016-02-23,19 28 31 34 38 44
1878,2016-02-24,2 5 23 28 29 39
1879,2016-02-24,2 4 8 11 36 38
1880,2016-02-25,2 20 21 25 30 39
1881,2016-02-25,2 11 15 26 27 43
1882,2016-02-26,1 5 18 30 36 42
1883,2016-02-26,5 9 12 15 21 23
1884,2016-02-27,3 7 11 28 34 44
1885,2016-02-27,1 7 11 13 42 45
1886,2016-02-28,16 21 26 27 28 37
1887,2016-02-28,11 12 16 22 32 33
1888,2016-02-29,14 17 19 22 27 30
1889,2016-02-29,3 5 12 25 38 39
1890,2016-03-01,7 9 13 27 40 43
1891,2016-03-01,2 16 18 19 25 27
1892,2016-03-02,4 12 18 24 28 32
1893,2016-03-02,1 5 10 12 14 42
1894,2016-03-03,12 13 15 22 23 37
1895,2016-03-03,8 9 15 18 38 42
1896,2016-03-04,4 21 25 27 28 42
1897,2016-03-04,7 10 14 24 27 42
1898,2016-03-05,1 5 22 30 37 44
1899,2016-03-05,2 6 28 41 42 44
1900,2016-03-06,2 6 15 16 39 41
1901,2016-03-06,1 2 4 12 21 42
1902,2016-03-07,16 18 20 21 28 42
1903,2016-03-07,3 4 17 36 37 44
1904,2016-03-08,4 7 9 19 27 33
1905,2016-03-08,2 15 16 23 30 32
1906,2016-03-09,8 10 26 30 31 37
1907,2016-03-09,3 6 18 22 23 34
1908,2016-03-10,11 13 14 20 33 39
1909,2016-03-10,3 16 18 22 34 38
1910,2016-03-11,11 13 14 15 30 44
1911,2016-03-11,19 23 31 35 36 38
1912,2016-03-12,8 16 28 34 36 37
1913,2016-03-12,3 8 9 28 31 32
1914,2016-03-13,3 13 16 35 42 44
1915,2016-03-13,3 4 16 25 27 39
1916,2016-03-14,15 26 27 30 40 45
1917,2016-03-14,4 5 8 10 29 35
1918,2016-03-15,4 7 15 20 24 30
1919,2016-03-15,1 6 11 25 29 42
1920,2016-03-16,3 6 17 25 28 32
1921,2016-03-16,4 8 12 37 39 44
1922,2016-03-17,7 20 25 26 37 41
1923,2016-03-17,1 14 18 24 27 32
1924,2016-03-18,8 10 17 21 30 42
1925,2016-03-18,8 17 24 32 34 37
1926,2016-03-19,8 9 13 20 39 40
1927,2016-03-19,1 11 21 24 26 27
1928,2016-03-20,3 21 26 27 29 38
1929,2016-03-20,5 9 13 20 26 41
1930,2016-03-21,7 8 11 18 28 40
1931,2016-03-21,15 19 23 26 34 35
1932,2016-03-22,17 23 24 27 32 33
1933,2016-03-22,13 14 32 33 38 43
1934,2016-03-23,14 19 33 36 42 44
1935,2016-03-23,1 5 12 18 40 41
1936,2016-03-24,2 5 19 21 30 42
1937,2016-03-24,11 14 18 21 37 41
1938,2016-03-25,13 26 37 39 42 44
1939,2016-03-25,4 6 8 16 39 42
1940,2016-03-26,3 7 25 36 40 44
1941,2016-03-26,1 10 14 24 30 31
1942,2016-03-27,1 5 13 24 26 45
1943,2016-03-27,4 10 24 37 39 42
1944,2016-03-28,8 14 22 26 32 45
1945,2016-03-28,8 19 25 31 40 41
1946,2016-03-29,1 17 23 24 42 43
1947,2016-03-29,8 22 26 27 35 41
1948,2016-03-30,10 12 20 26 28 38
1949,2016-03-30,4 10 11 27 31 44
1950,2016-03-31,9 12 27 28 33 34
1951,2016-03-31,1 2 35 36 40 42
1952,2016-04-01,4 10 14 17 43 44
1953,2016-04-01,4 5 12 17 29 31
1954,2016-04-02,16 23 35 39 40 44
1955,2016-04-02,6 9 20 28 31 43
1956,2016-04-03,7 19 26 36 37 40
1957,2016-04-03,2 12 13 34 42 44
1958,2016-04-04,3 6 10 13 25 28
1959,2016-04-04,1 13 19 28 32 39
1960,2016-04-05,8 12 14 33 43 45
1961,2016-04-05,12 35 40 41 43 44
1962,2016-04-06,13 14 23 36 38 45
1963,2016-04-06,5 11 14 21 26 42
1964,2016-04-07,14 16 30 34 36 43
1965,2016-04-07,10 11 20 33 35 37
1966,2016-04-08,2 8 15 16 20 31
1967,2016-04-08,9 25 26 27 33 40
1968,2016-04-09,3 4 9 11 31 35
1969,2016-04-09,8 13 15 16 17 42
1970,2016-04-10,6 9 24 29 30 41
1971,2016-04-10,1 13 25 35 42 45
1972,2016-04-11,10 24 26 31 40 43
1973,2016-04-11,5 7 8 12 16 18
1974,2016-04-12,17 21 26 30 33 36
1975,2016-04-12,19 22 23 25 26 29
1976,2016-04-13,11 24 25 30 40 45
1977,2016-04-13,3 12 17 21 28 43
1978,2016-04-14,8 17 31 34 42 45
1979,2016-04-14,6 7 11 12 13 31
1980,2016-04-15,8 13 22 26 39 40
1981,2016-04-15,1 2 3 13 40 41
1982,2016-04-16,6 23 24 34 41 45
1983,2016-04-16,3 4 16 17 37 41
1984,2016-04-17,8 23 25 33 40 44
1985,2016-04-17,7 12 26 35 42 43
1986,2016-04-18,6 11 17 19 41 42
1987,2016-04-18,13 31 32 34 37 42
1988,2016-04-19,3 25 28 32 34 40
1989,2016-04-19,3 13 22 29 37 38
1990,2016-04-20,2 8 9 15 30 45
1991,2016-04-20,3 5 19 27 28 44
1992,2016-04-21,15 25 28 41 43 44
1993,2016-04-21,2 22 27 33 35 42
1994,2016-04-22,10 11 23 27 29 37
1995,2016-04-22,12 13 25 28 32 43
1996,2016-04-23,4 10 16 20 30 39
1997,2016-04-23,2 9 10 14 24 43
1998,2016-04-24,11 20 25 34 38 45
1999,2016-04-24,2 6 30 32 34 44
2000,2016-04-25,7 9 12 22 38 45
2001,2016-04-25,5 18 27 29 36 45
2002,2016-04-26,7 17 24 31 34 44
2003,2016-04-26,6 8 15 16 21 32
2004,2016-04-27,3 6 18 34 35 39
2005,2016-04-27,4 24 31 34 39 43
2006,2016-04-28,7 10 19 32 39 42
2007,2016-04-28,12 17 22 29 30 43
2008,2016-04-29,2 7 16 18 39 45
2009,2016-04-29,6 7 21 38 39 45
2010,2016-04-30,7 10 26 29 37 43
2011,2016-04-30,4 17 24 27 30 31
2012,2016-05-01,2 7 11 19 32 39
2013,2016-05-01,10 18 21 25 32 34
2014,2016-05-02,8 15 20 23 34 36
2015,2016-05-02,2 15 16 19 27 37
2016,2016-05-03,7 10 19 22 27 44
2017,2016-05-03,7 10 23 26 36 45
2018,2016-05-04,4 10 16 19 25 27
2019,2016-05-04,2 8 12 17 22 33
2020,2016-05-05,2 7 13 18 27 41
2021,2016-05-05,7 9 22 33 34 39
2022,2016-05-06,1 3 6 31 32 40
2023,2016-05-06,19 21 27 40 44 45
2024,2016-05-07,2 28 29 37 40 45
2025,2016-05-07,1 2 23 26 32 44
2026,2016-05-08,18 19 32 39 43 45
2027,2016-05-08,2 28 29 33 44 45
2028,2016-05-09,1 5 14 21 28 30
2029,2016-05-09,3 4 12 25 32 35
2030,2016-05-10,2 9 16 28 34 38
2031,2016-05-10,1 33 34 37 39 44
2032,2016-05-11,16 21 28 34 36 39
2033,2016-05-11,18 20 23 26 29 38
2034,2016-05-12,15 20 26 38 40 44
2035,2016-05-12,1 6 7 21 22 31
2036,2016-05-13,4 7 11 29 33 35
2037,2016-05-13,8 9 19 26 31 45
2038,2016-05-14,1 17 20 39 41 42
2039,2016-05-14,5 12 17 20 24 43
2040,2016-05-15,4 5 14 16 26 28
2041,2016-05-15,2 6 21 22 30 38
2042,2016-05-16,4 8 13 20 21 42
2043,2016-05-16,4 5 17 21 25 30
2044,2016-05-17,2 5 12 21 30 38
2045,2016-05-17,3 8 28 30 38 44
2046,2016-05-18,1 2 11 13 39 42
2047,2016-05-18,2 10 16 19 33 43
2048,2016-05-19,6 8 10 28 29 41
2049,2016-05-19,1 3 14 21 38 39
2050,2016-05-20,8 16 22 23 34 43
2051,2016-05-20,4 6 9 10 11 45
2052,2016-05-21,7 21 31 33 38 40
2053,2016-05-21,2 20 23 27 29 30
2054,2016-05-22,7 10 15 30 35 39
2055,2016-05-22,20 23 24 25 37 43
2056,2016-05-23,7 9 26 28 31 37
2057,2016-05-23,15 19 21 30 38 42
2058,2016-05-24,8 11 16 20 39 45
2059,2016-05-24,1 5 7 8 20 25
2060,2016-05-25,6 14 20 23 26 43
2061,2016-05-25,3 7 15 32 37 40
2062,2016-05-26,3 13 14 16 35 38
2063,2016-05-26,4 9 12 20 29 45
2064,2016-05-27,7 13 16 18 27 40
2065,2016-05-27,14 18 23 28 40 42
2066,2016-05-28,3 4 13 28 32 43
2067,2016-05-28,12 17 21 22 24 34
2068,2016-05-29,6 8 10 20 24 33
2069,2016-05-29,11 24 30 31 32 35
2070,2016-05-30,13 14 25 30 33 43
2071,2016-05-30,4 15 17 30 38 45
2072,2016-05-31,6 7 8 9 18 33
2073,2016-05-31,6 26 32 39 40 44
2074,2016-06-01,1 5 8 12 14 18
2075,2016-06-01,2 10 14 23 39 45
2076,2016-06-02,24 28 34 37 40 44
2077,2016-06-02,2 5 17 27 29 38
2078,2016-06-03,1 21 26 28 37 42
2079,2016-06-03,3 5 11 21 32 42
2080,2016-06-04,4 5 6 13 35 38
2081,2016-06-04,1 4 15 18 19 44
2082,2016-06-05,2 10 35 38 39 44
2083,2016-06-05,1 3 7 8 12 41
2084,2016-06-06,3 7 16 30 40 45
2085,2016-06-06,2 3 4 23 30 44
2086,2016-06-07,3 5 6 7 26 27
2087,2016-06-07,6 19 20 27 28 35
2088,2016-06-08,1 17 18 22 31 37
2089,2016-06-08,9 12 14 20 41 43
2090,2016-06-09,7 13 22 27 40 45
2091,2016-06-09,11 25 34 36 39 43
2092,2016-06-10,18 21 29 35 36 44
2093,2016-06-10,13 15 16 27 31 41
2094,2016-06-11,7 18 29 36 40 44
2095,2016-06-11,1 5 13 17 22 30
2096,2016-06-12,4 10 13 16 22 23
2097,2016-06-12,10 11 16 23 30 41
2098,2016-06-13,15 16 23 25 30 36
2099,2016-06-13,8 9 18 21 31 33
2100,2016-06-14,1 5 16 31 43 45
2101,2016-06-14,5 11 15 16 30 33
2102,2016-06-15,7 8 11 12 19 28
2103,2016-06-15,4 8 28 40 43 45
2104,2016-06-16,9 13 18 21 26 43
2105,2016-06-16,4 18 19 24 34 40
2106,2016-06-17,2 13 14 15 21 45
2107,2016-06-17,5 13 15 18 29 35
2108,2016-06-17,6 25 30 31 39 42
2109,2016-06-18,8 12 24 26 42 43
2110,2016-06-18,3 7 10 32 36 39
2111,2016-06-18,20 21 26 30 31 32
2112,2016-06-19,12 19 22 29 44 45
2113,2016-06-19,5 10 15 19 30 44
2114,2016-06-19,13 15 29 32 35 42
2115,2016-06-20,9 18 37 38 41 42
2116,2016-06-20,5 7 10 25 34 42
2117,2016-06-20,1 19 21 23 42 43
2118,2016-06-21,7 10 37 39 41 42
2119,2016-06-21,3 5 18 25 28 30
2120,2016-06-21,12 22 30 36 39 45
2121,2016-06-22,1 5 25 29 41 43
2122,2016-06-22,21 22 27 29 41 44
2123,2016-06-22,13 15 17 27 36 41
2124,2016-06-23,1 5 16 29 30 37
2125,2016-06-23,1 2 11 13 16 24
2126,2016-06-23,3 8 10 23 28 29
2127,2016-06-24,4 11 31 36 39 41
2128,2016-06-24,1 5 12 13 21 41
2129,2016-06-24,4 17 27 30 43 44
2130,2016-06-25,6 7 22 41 42 43
2131,2016-06-25,2 4 19 23 25 32
2132,2016-06-25,2 12 16 28 41 45
2133,2016-06-26,3 12 14 26 33 40
2134,2016-06-26,11 13 30 37 43 44
2135,2016-06-26,6 15 20 24 41 42
2136,2016-06-27,4 8 12 30 36 40
2137,2016-06-27,9 15 19 28 29 31
2138,2016-06-27,15 16 26 27 41 44
2139,2016-06-28,15 19 27 28 33 34
2140,2016-06-28,12 22 34 36 42 43
2141,2016-06-28,16 17 22 32 37 42
2142,2016-06-29,9 20 27 31 34 43
2143,2016-06-29,8 9 11 24 25 26
2144,2016-06-29,3 9 10 11 26 44
2145,2016-06-30,3 13 24 30 32 35
2146,2016-06-30,24 32 33 35 39 42
2147,2016-06-30,3 10 15 27 31 44
2148,2016-07-01,6 25 30 32 33 36
2149,2016-07-01,16 17 21 28 34 38
2150,2016-07-01,9 11 20 21 24 38
2151,2016-07-02,6 10 16 21 24 25
2152,2016-07-02,2 6 9 16 35 37
2153,2016-07-02,3 7 19 26 31 39
2154,2016-07-03,1 13 21 31 32 39
2155,2016-07-03,7 15 19 22 32 34
2156,2016-07-03,3 4 23 30 32 41
2157,2016-07-04,17 29 33 39 41 42
2158,2016-07-04,6 9 14 26 27 31
2159,2016-07-04,6 11 12 31 36 40
2160,2016-07-05,16 18 20 28 30 41
2161,2016-07-05,9 20 26 38 40 43
2162,2016-07-05,2 28 32 34 35 37
2163,2016-07-06,2 4 17 33 35 45
2164,2016-07-06,8 13 15 30 42 45
2165,2016-07-06,7 11 15 38 42 45
2166,2016-07-07,4 11 34 40 44 45
2167,2016-07-07,3 21 26 33 39 42
2168,2016-07-07,4 7 9 10 16 20
2169,2016-07-08,1 5 14 25 30 32
2170,2016-07-08,11 14 17 18 21 23
2171,2016-07-08,5 11 24 34 43 44
2172,2016-07-09,1 3 8 24 30 40
2173,2016-07-09,1 3 11 24 40 45
2174,2016-07-09,4 22 30 37 42 44
2175,2016-07-10,1 9 19 28 30 37
2176,2016-07-10,18 23 26 32 36 37
2177,2016-07-10,3 15 26 29 36 42
2178,2016-07-11,9 14 37 41 44 45
2179,2016-07-11,10 15 18 20 36 45
2180,2016-07-11,4 12 17 19 25 43
2181,2016-07-12,12 13 21 32 35 36
2182,2016-07-12,7 10 14 20 42 43
2183,2016-07-12,1 3 5 14 20 36
2184,2016-07-13,14 16 19 20 26 32
2185,2016-07-13,3 17 27 36 43 44
2186,2016-07-13,6 9 13 14 19 31
2187,2016-07-14,8 10 24 29 31 44
2188,2016-07-14,5 13 24 38 41 44
2189,2016-07-14,3 12 33 39 42 44
2190,2016-07-15,2 22 28 29 34 43
2191,2016-07-15,7 8 17 29 41 43
2192,2016-07-15,5 7 10 24 25 40
2193,2016-07-16,8 15 16 27 32 36
2194,2016-07-16,13 32 38 39 42 44
2195,2016-07-16,9 19 30 32 38 40
2196,2016-07-17,11 13 20 24 44 45
2197,2016-07-17,3 11 13 18 39 40
2198,2016-07-17,2 8 31 32 33 43
2199,2016-07-18,10 19 24 35 44 45
2200,2016-07-18,1 4 15 21 38 45
2201,2016-07-19,1 9 18 26 29 38
2202,2016-07-19,9 20 23 26 27 31
2203,2016-07-20,4 25 26 27 28 35
2204,2016-07-20,4 15 26 29 35 36
2205,2016-07-21,6 10 16 19 42 44
2206,2016-07-21,8 12 23 27 44 45
2207,2016-07-22,5 27 33 42 43 44
2208,2016-07-22,2 18 20 22 35 39
2209,2016-07-23,4 10 11 13 15 34
2210,2016-07-23,18 22 29 31 37 44
2211,2016-07-24,2 13 15 19 36 38
2212,2016-07-24,5 6 19 35 38 40
2213,2016-07-25,7 13 19 28 33 37
2214,2016-07-25,16 19 24 26 29 33
2215,2016-07-26,8 13 23 37 40 41
2216,2016-07-26,26 27 28 31 33 43
2217,2016-07-27,14 16 35 36 40 45
2218,2016-07-27,11 34 35 41 42 43
2219,2016-07-28,1 2 4 13 19 20
2220,2016-07-28,10 21 24 34 35 42
2221,2016-07-29,13 14 15 24 29 37
2222,2016-07-29,4 16 20 31 38 42
2223,2016-07-30,2 4 23 25 40 42
2224,2016-07-30,1 17 35 41 42 45
2225,2016-07-31,8 13 14 18 35 36
2226,2016-07-31,10 15 23 32 35 45
2227,2016-08-01,1 13 14 24 31 41
2228,2016-08-01,1 11 13 17 19 45
2229,2016-08-02,1 2 21 33 40 41
2230,2016-08-02,2 13 22 24 25 39
2231,2016-08-03,6 12 13 29 40 42
2232,2016-08-03,3 4 13 19 23 44
2233,2016-08-04,4 14 17 22 37 39
2234,2016-08-04,11 15 26 38 41 43
2235,2016-08-05,9 17 19 21 26 28
2236,2016-08-05,3 6 12 17 29 38
2237,2016-08-06,1 6 21 24 26 43
2238,2016-08-06,11 24 32 35 39 43
2239,2016-08-07,1 4 20 34 38 43
2240,2016-08-07,2 13 15 21 28 30
2241,2016-08-08,7 9 13 22 23 26
2242,2016-08-08,7 16 25 30 31 35
2243,2016-08-09,6 21 24 27 28 32
2244,2016-08-09,3 9 32 34 43 44
2245,2016-08-10,6 7 18 22 30 40
2246,2016-08-10,5 12 23 27 34 42
2247,2016-08-11,4 8 10 11 17 44
2248,2016-08-11,2 7 17 31 33 35
2249,2016-08-12,4 19 20 36 37 43
2250,2016-08-12,4 9 17 19 37 43
2251,2016-08-13,1 9 19 22 28 41
2252,2016-08-13,11 23 26 38 42 44
2253,2016-08-14,9 10 15 17 21 33
2254,2016-08-14,8 9 18 34 40 44
2255,2016-08-15,4 8 17 26 31 41
2256,2016-08-15,6 7 9 12 20 41
2257,2016-08-16,1 6 17 26 40 44
2258,2016-08-16,10 17 22 36 37 40
2259,2016-08-17,4 6 13 14 39 43
2260,2016-08-17,10 15 18 30 37 44
2261,2016-08-18,11 20 32 35 36 42
2262,2016-08-18,1 19 31 35 37 43
2263,2016-08-19,10 11 23 27 37 39
2264,2016-08-19,25 26 30 32 44 45
2265,2016-08-20,7 19 23 28 31 34
2266,2016-08-20,3 10 21 27 29 45
2267,2016-08-21,5 17 31 38 44 45
2268,2016-08-21,5 18 31 35 42 44
2269,2016-08-22,4 8 13 21 27 32
2270,2016-08-22,3 7 8 16 33 44
2271,2016-08-23,2 21 34 39 41 43
2272,2016-08-23,3 5 13 17 28 34
2273,2016-08-24,3 17 19 24 29 38
2274,2016-08-24,5 10 12 17 32 44
2275,2016-08-25,5 17 20 27 29 35
2276,2016-08-25,12 13 14 22 27 45
2277,2016-08-26,9 16 20 22 38 44
2278,2016-08-26,6 7 13 17 23 27
2279,2016-08-27,12 21 30 36 38 41
2280,2016-08-27,4 5 15 18 20 25
2281,2016-08-28,14 17 19 35 39 43
2282,2016-08-28,2 5 6 8 9 25
2283,2016-08-29,17 27 30 37 44 45
2284,2016-08-29,3 6 12 21 24 33
2285,2016-08-30,4 10 23 24 32 41
2286,2016-08-30,3 14 19 29 36 40
2287,2016-08-31,7 23 25 27 36 38
2288,2016-08-31,5 6 19 26 34 41
2289,2016-09-01,2 5 17 23 24 35
2290,2016-09-01,7 9 27 28 35 39
2291,2016-09-02,2 4 5 14 28 29
2292,2016-09-02,15 19 21 29 39 41
2293,2016-09-03,11 22 25 28 31 41
2294,2016-09-03,5 6 16 18 29 44
2295,2016-09-04,8 23 25 35 36 44
2296,2016-09-04,4 11 12 21 30 45
2297,2016-09-05,8 14 19 24 27 45
2298,2016-09-05,3 11 12 19 29 31
2299,2016-09-06,4 7 10 22 32 43
2300,2016-09-06,7 18 19 20 33 45
2301,2016-09-07,5 14 15 30 37 40
2302,2016-09-07,2 12 15 17 18 33
2303,2016-09-08,6 11 16 19 22 32
2304,2016-09-08,3 10 21 25 29 32
2305,2016-09-09,9 15 23 25 35 37
2306,2016-09-09,8 13 15 24 34 35
2307,2016-09-10,9 19 20 24 31 39
2308,2016-09-10,5 11 26 27 34 41
2309,2016-09-11,5 15 26 28 37 43
2310,2016-09-11,3 16 26 28 43 44
2311,2016-09-12,8 24 25 28 38 41
2312,2016-09-12,9 31 34 36 44 45
2313,2016-09-13,5 7 16 18 37 42
2314,2016-09-13,15 19 28 37 40 41
2315,2016-09-14,2 8 13 20 33 37
2316,2016-09-14,18 19 26 28 32 40
2317,2016-09-15,1 2 16 25 26 38
2318,2016-09-15,4 13 25 26 34 42
2319,2016-09-16,15 26 29 33 38 41
2320,2016-09-16,2 23 35 37 41 43
2321,2016-09-17,2 8 25 31 37 40
2322,2016-09-17,3 14 15 22 23 32
2323,2016-09-18,5 8 10 13 41 43
2324,2016-09-18,1 8 20 41 42 45
2325,2016-09-19,1 3 7 17 21 27
2326,2016-09-19,4 10 19 23 24 28
2327,2016-09-20,4 18 22 27 34 38
2328,2016-09-20,20 27 29 35 41 43
2329,2016-09-21,4 7 15 27 35 41
2330,2016-09-21,5 8 28 33 37 44
2331,2016-09-22,5 6 7 28 43 44
2332,2016-09-22,6 22 23 30 31 32
2333,2016-09-23,3 7 9 20 29 40
2334,2016-09-23,15 17 30 36 41 45
2335,2016-09-24,6 7 10 37 39 42
2336,2016-09-24,4 8 25 26 33 40
2337,2016-09-25,6 20 21 28 36 45
2338,2016-09-25,5 12 17 35 37 42
2339,2016-09-26,6 21 27 28 30 40
2340,2016-09-26,3 18 19 22 27 36
2341,2016-09-27,9 17 18 29 32 34
2342,2016-09-27,11 14 15 17 26 27
2343,2016-09-28,6 7 15 16 24 39
2344,2016-09-28,3 13 18 24 25 30
2345,2016-09-29,3 10 11 17 31 37
2346,2016-09-29,6 8 19 23 30 34
2347,2016-09-30,8 12 17 22 28 29
2348,2016-09-30,7 12 22 25 39 41
2349,2016-10-01,14 16 20 25 35 36
2350,2016-10-01,3 6 8 10 13 23
2351,2016-10-02,2 17 25 29 33 36
2352,2016-10-02,7 14 22 23 35 43
2353,2016-10-03,5 20 29 35 36 40
2354,2016-10-03,4 6 19 22 30 37
2355,2016-10-04,2 3 12 24 27 28
2356,2016-10-04,2 14 28 29 32 39
2357,2016-10-05,8 21 35 37 41 45
2358,2016-10-05,3 18 32 33 40 41
2359,2016-10-06,4 9 31 32 35 44
2360,2016-10-06,6 9 10 12 24 41
2361,2016-10-07,14 16 17 26 29 36
2362,2016-10-07,4 5 15 18 34 45
2363,2016-10-08,3 15 31 34 35 38
2364,2016-10-08,1 14 20 25 35 38
2365,2016-10-09,1 11 14 20 41 43
2366,2016-10-09,16 17 31 38 39 44
2367,2016-10-10,2 10 15 26 36 43
2368,2016-10-10,3 14 21 23 30 45
2369,2016-10-11,1 5 10 26 34 44
2370,2016-10-11,10 20 21 22 28 33
2371,2016-10-12,6 7 14 23 29 30
2372,2016-10-12,8 21 23 35 37 38
2373,2016-10-13,6 12 25 33 39 45
2374,2016-10-13,5 13 33 36 38 43
2375,2016-10-14,3 5 10 30 39 43
2376,2016-10-14,6 21 27 33 37 41
2377,2016-10-15,3 5 6 7 24 30
2378,2016-10-15,5 25 28 35 37 41
2379,2016-10-16,16 18 31 32 37 42
2380,2016-10-16,12 13 25 28 31 42
2381,2016-10-17,2 3 7 11 30 43
2382,2016-10-17,3 6 28 30 34 41
2383,2016-10-18,10 11 16 28 29 31
2384,2016-10-18,6 7 10 11 36 39
2385,2016-10-19,2 10 14 18 28 36
2386,2016-10-19,3 24 31 32 34 45
2387,2016-10-20,9 14 27 28 37 38
2388,2016-10-20,1 6 18 19 22 30
2389,2016-10-21,15 18 27 31 35 43
2390,2016-10-21,10 13 17 38 41 42
2391,2016-10-22,14 16 20 27 28 40
2392,2016-10-22,3 16 20 35 39 42
2393,2016-10-23,2 7 24 42 43 45
2394,2016-10-23,1 2 10 31 39 40
2395,2016-10-24,14 24 25 26 28 39
2396,2016-10-24,13 16 17 20 24 28
2397,2016-10-25,3 5 10 11 35 44
2398,2016-10-25,1 7 19 32 40 43
2399,2016-10-26,4 26 31 39 44 45
2400,2016-10-26,7 29 32 36 40 45
2401,2016-10-27,4 14 17 31 34 35
2402,2016-10-27,12 15 17 27 38 45
2403,2016-10-28,1 7 18 20 28 30
2404,2016-10-28,2 3 16 29 35 38
2405,2016-10-29,4 6 15 32 35 40
2406,2016-10-29,2 6 19 24 35 38
2407,2016-10-30,1 2 8 10 41 42
2408,2016-10-30,5 7 12 30 33 42
2409,2016-10-31,15 18 22 26 27 30
2410,2016-10-31,12 16 20 28 36 42
2411,2016-11-01,10 15 21 28 30 37
2412,2016-11-01,14 18 22 34 35 38
2413,2016-11-02,3 6 8 17 33 38
2414,2016-11-02,5 10 20 21 42 45
2415,2016-11-03,7 13 14 15 20 45
2416,2016-11-03,15 19 22 33 37 40
2417,2016-11-04,12 13 18 29 31 44
2418,2016-11-04,2 10 15 22 27 39
2419,2016-11-05,5 7 17 20 29 35
2420,2016-11-05,3 5 11 26 36 42
2421,2016-11-06,1 2 11 16 30 35
2422,2016-11-06,10 11 23 25 27 30
2423,2016-11-07,5 11 17 22 24 33
2424,2016-11-07,2 5 6 11 19 25
2425,2016-11-08,6 11 17 24 33 36
2426,2016-11-08,12 25 27 28 31 44
2427,2016-11-09,1 13 16 26 29 33
2428,2016-11-09,2 17 19 23 35 42
2429,2016-11-10,4 6 10 11 26 32
2430,2016-11-10,1 2 14 26 37 41
2431,2016-11-11,5 29 31 35 41 42
2432,2016-11-11,6 12 15 20 32 33
2433,2016-11-12,1 14 24 26 28 32
2434,2016-11-12,2 17 27 30 36 38
2435,2016-11-13,3 5 7 15 18 23
2436,2016-11-13,3 10 12 28 32 33
2437,2016-11-14,1 6 7 16 24 36
2438,2016-11-14,1 15 23 25 34 44
2439,2016-11-15,10 12 17 31 40 43
2440,2016-11-15,8 21 30 36 38 43
2441,2016-11-16,30 31 33 42 43 45
2442,2016-11-16,8 12 20 30 34 35
2443,2016-11-17,2 16 20 23 29 31
2444,2016-11-17,1 16 20 31 32 43
2445,2016-11-18,7 26 34 37 38 42
2446,2016-11-18,1 11 13 15 16 33
2447,2016-11-19,2 5 10 13 27 30
2448,2016-11-19,5 13 19 20 24 29
2449,2016-11-20,13 14 17 21 25 32
2450,2016-11-20,9 10 18 26 34 36
2451,2016-11-21,6 11 29 30 41 42
2452,2016-11-21,28 37 38 39 42 45
2453,2016-11-22,17 19 20 26 28 31
2454,2016-11-22,10 17 28 32 37 44
2455,2016-11-23,4 5 11 38 39 45
2456,2016-11-23,21 25 31 32 40 45
2457,2016-11-24,5 18 21 24 26 41
2458,2016-11-24,14 32 35 36 41 45
2459,2016-11-25,6 19 20 22 37 43
2460,2016-11-25,3 11 17 27 31 41
2461,2016-11-26,8 15 18 27 36 43
2462,2016-11-26,3 4 13 21 35 38
2463,2016-11-27,4 20 27 34 35 36
2464,2016-11-27,7 12 15 16 18 20
2465,2016-11-28,10 23 24 30 35 38
2466,2016-11-28,7 20 22 27 28 29
2467,2016-11-29,22 26 31 37 42 45
2468,2016-11-29,1 8 17 31 32 45
2469,2016-11-29,6 11 23 28 30 44
2470,2016-11-29,4 12 14 19 33 45
2471,2016-11-29,8 24 33 37 40 41
2472,2016-11-30,2 18 21 25 31 37
2473,2016-11-30,2 21 25 30 40 43
2474,2016-11-30,11 17 20 21 22 24
2475,2016-11-30,6 21 25 29 41 42
2476,2016-11-30,6 9 17 18 26 29
2477,2016-12-01,16 24 26 30 43 44
2478,2016-12-01,13 17 21 28 34 43
2479,2016-12-01,10 14 24 28 33 40
2480,2016-12-01,6 10 27 29 43 44
2481,2016-12-01,3 15 22 34 36 38
2482,2016-12-02,1 30 31 32 35 43
2483,2016-12-02,7 8 12 24 32 43
2484,2016-12-02,7 9 15 19 25 43
2485,2016-12-02,3 10 22 26 37 42
2486,2016-12-02,1 12 14 24 32 37
2487,2016-12-03,3 5 12 30 33 34
2488,2016-12-03,6 18 20 31 43 44
2489,2016-12-03,1 5 15 23 29 41
2490,2016-12-03,5 8 14 15 27 44
2491,2016-12-03,4 7 32 36 37 45
2492,2016-12-04,17 19 31 32 36 42
2493,2016-12-04,3 14 20 22 23 38
2494,2016-12-04,4 20 23 24 29 33
2495,2016-12-04,5 10 14 20 23 45
2496,2016-12-04,3 4 12 19 28 42
2497,2016-12-05,1 10 17 20 27 35
2498,2016-12-05,8 20 22 33 37 38
2499,2016-12-05,3 4 28 30 31 35
2500,2016-12-05,3 18 32 35 40 43
2501,2016-12-05,12 21 23 30 33 38
2502,2016-12-06,2 16 17 19 21 45
2503,2016-12-06,3 18 20 21 38 39
2504,2016-12-06,5 12 19 22 24 34
2505,2016-12-06,19 20 34 35 40 41
2506,2016-12-06,5 9 13 20 36 40
2507,2016-12-07,10 13 20 34 38 43
2508,2016-12-07,3 4 5 14 30 36
2509,2016-12-07,3 17 22 25 26 31
2510,2016-12-07,6 31 35 39 40 42
2511,2016-12-07,17 19 27 30 33 40
2512,2016-12-08,14 18 26 29 34 36
2513,2016-12-08,4 7 12 21 30 37
2514,2016-12-08,8 15 19 22 30 31
2515,2016-12-08,8 13 19 33 42 43
2516,2016-12-08,3 4 11 18 25 43
2517,2016-12-09,1 20 29 39 40 45
2518,2016-12-09,18 20 25 26 29 42
2519,2016-12-09,3 5 6 17 32 36
2520,2016-12-09,15 18 21 27 32 39
2521,2016-12-09,4 14 17 23 24 27
2522,2016-12-10,8 12 17 19 22 38
2523,2016-12-10,6 12 14 21 28 34
2524,2016-12-10,16 19 23 35 36 39
2525,2016-12-10,23 26 32 35 41 44
2526,2016-12-10,6 7 14 18 21 43
2527,2016-12-11,3 8 11 29 38 42
2528,2016-12-11,2 13 14 21 24 41
2529,2016-12-11,1 2 6 15 20 22
2530,2016-12-11,5 28 37 38 43 45
2531,2016-12-11,11 29 31 33 34 41
2532,2016-12-12,6 21 30 31 32 34
2533,2016-12-12,1 7 12 15 17 35
2534,2016-12-12,2 10 12 22 26 29
2535,2016-12-12,14 16 31 38 41 43
2536,2016-12-12,2 10 24 32 36 41
2537,2016-12-13,16 33 39 41 43 44
2538,2016-12-13,2 18 20 32 36 44
2539,2016-12-13,11 16 19 26 29 37
2540,2016-12-13,3 18 25 39 42 45
2541,2016-12-13,3 17 19 29 40 45
2542,2016-12-14,3 14 32 37 38 39
2543,2016-12-14,1 17 19 22 23 42
2544,2016-12-14,9 12 21 25 27 40
2545,2016-12-14,4 5 19 30 35 37
2546,2016-12-14,8 13 15 17 43 44
2547,2016-12-15,14 16 21 25 26 27
2548,2016-12-15,1 11 18 24 32 41
2549,2016-12-15,3 4 13 14 39 43
2550,2016-12-15,1 18 25 27 35 41
2551,2016-12-15,3 9 19 31 42 45
2552,2016-12-16,1 17 31 36 38 42
2553,2016-12-16,10 19 24 28 41 45
2554,2016-12-16,1 16 18 30 43 45
2555,2016-12-16,3 7 9 11 25 34
2556,2016-12-16,2 20 30 33 34 36
2557,2016-12-17,3 11 17 19 22 27
2558,2016-12-17,2 11 12 26 28 32
2559,2016-12-17,2 5 12 37 38 45
2560,2016-12-17,1 4 13 21 30 33
2561,2016-12-17,1 11 23 29 39 44
2562,2016-12-18,17 18 20 28 30 32
2563,2016-12-18,10 14 18 21 28 38
2564,2016-12-18,5 10 11 29 34 37
2565,2016-12-18,1 11 15 20 31 38
2566,2016-12-18,4 13 24 36 38 44
2567,2016-12-19,13 16 27 33 40 41
2568,2016-12-19,16 20 24 35 38 42
2569,2016-12-19,5 8 15 16 22 42
2570,2016-12-19,18 20 27 28 36 40
2571,2016-12-20,1 20 30 35 42 45
2572,2016-12-20,13 21 25 28 38 44
2573,2016-12-20,4 7 21 32 35 44
2574,2016-12-20,3 10 25 26 33 39
2575,2016-12-20,1 10 12 26 28 35
2576,2016-12-21,2 5 6 15 18 28
2577,2016-12-21,14 28 31 35 38 40
2578,2016-12-21,20 22 23 24 40 43
2579,2016-12-21,6 9 14 32 40 41
2580,2016-12-21,5 9 25 28 30 42
2581,2016-12-22,17 18 19 22 31 35
2582,2016-12-22,4 6 8 15 26 28
2583,2016-12-22,11 20 21 23 27 38
2584,2016-12-22,6 14 17 21 27 34
2585,2016-12-22,6 11 12 38 39 42
2586,2016-12-23,17 20 22 29 41 43
2587,2016-12-23,1 6 17 23 34 35
2588,2016-12-23,2 3 5 8 13 32
2589,2016-12-23,12 14 16 26 27 30
2590,2016-12-23,18 19 20 24 36 37
2591,2016-12-24,21 25 33 35 39 43
2592,2016-12-24,10 19 34 39 42 45
2593,2016-12-24,8 22 29 32 39 41
2594,2016-12-24,6 16 22 25 26 40
2595,2016-12-24,18 28 34 35 39 40
2596,2016-12-25,7 9 34 35 40 43
2597,2016-12-25,6 7 25 36 38 42
2598,2016-12-25,12 14 16 25 27 36
2599,2016-12-25,18 27 36 37 40 44
2600,2016-12-25,8 9 32 34 38 41
2601,2016-12-26,6 18 27 37 38 44
2602,2016-12-26,1 12 26 28 30 40
2603,2016-12-26,1 11 21 31 35 39
2604,2016-12-26,3 7 14 17 18 19
2605,2016-12-26,5 13 24 26 29 31
2606,2016-12-27,12 18 23 32 37 40
2607,2016-12-27,4 10 19 20 21 35
2608,2016-12-27,7 12 15 16 23 25
2609,2016-12-27,14 24 27 33 38 41
2610,2016-12-27,10 16 28 30 36 38
2611,2016-12-28,1 9 15 32 34 40
2612,2016-12-28,4 10 19 26 32 39
2613,2016-12-28,7 30 32 39 42 45
2614,2016-12-28,15 18 23 38 39 41
2615,2016-12-28,1 10 28 29 42 43
2616,2016-12-29,12 20 22 32 36 39
2617,2016-12-29,12 20 24 31 34 45
2618,2016-12-29,14 16 19 23 25 45
2619,2016-12-29,2 5 8 10 31 42
2620,2016-12-29,17 20 21 27 29 34
2621,2016-12-30,2 11 23 30 42 44
2622,2016-12-30,5 14 32 35 36 40
2623,2016-12-30,6 13 16 26 36 43
2624,2016-12-30,3 15 19 31 35 42
2625,2016-12-30,8 18 19 26 31 39
2626,2016-12-31,1 12 15 28 42 45
2627,2016-12-31,2 5 11 17 36 42
2628,2016-12-31,4 22 25 38 41 43
2629,2016-12-31,5 6 18 24 25 32
2630,2016-12-31,1 21 23 35 38 39
2631,2017-01-01,8 14 27 28 31 32
2632,2017-01-01,2 8 16 18 22 39
2633,2017-01-01,1 7 36 40 43 45
2634,2017-01-01,3 13 14 19 24 30
2635,2017-01-01,2 9 10 18 23 34
2636,2017-01-02,3 14 15 24 31 36
2637,2017-01-02,8 16 32 34 37 45
2638,2017-01-02,6 18 22 28 36 41
2639,2017-01-02,13 26 28 29 30 34
2640,2017-01-02,14 27 33 37 41 44
2641,2017-01-03,1 4 13 25 37 42
2642,2017-01-03,1 11 21 34 35 40
2643,2017-01-03,5 14 23 25 29 30
2644,2017-01-03,18 19 29 34 35 37
2645,2017-01-03,6 22 26 27 29 33
2646,2017-01-04,9 10 16 25 27 38
2647,2017-01-04,14 16 17 20 34 42
2648,2017-01-04,3 14 16 35 42 44
2649,2017-01-04,17 21 31 33 34 39
2650,2017-01-04,2 6 7 33 34 36
2651,2017-01-05,5 9 15 17 26 28
2652,2017-01-05,15 22 24 39 43 44
2653,2017-01-05,23 28 29 31 34 40
2654,2017-01-05,15 19 22 32 41 43
2655,2017-01-05,13 14 20 24 33 40
2656,2017-01-06,5 7 18 26 41 44
2657,2017-01-06,3 5 18 21 23 44
2658,2017-01-06,5 7 28 41 42 43
2659,2017-01-06,16 33 35 37 40 45
2660,2017-01-06,1 3 6 12 18 34
2661,2017-01-07,4 5 13 23 34 43
2662,2017-01-07,14 19 20 38 42 43
2663,2017-01-07,4 5 15 29 40 42
2664,2017-01-07,12 26 34 40 43 44
2665,2017-01-07,19 21 22 24 26 33
2666,2017-01-08,1 4 17 22 30 31
2667,2017-01-08,7 8 13 18 32 36
2668,2017-01-08,14 15 20 30 32 33
2669,2017-01-08,7 29 30 36 37 43
2670,2017-01-08,5 11 21 25 40 41
2671,2017-01-09,1 11 18 25 36 43
2672,2017-01-09,22 23 27 35 36 41
2673,2017-01-09,1 6 14 15 21 23
2674,2017-01-09,1 3 7 14 25 32
2675,2017-01-09,3 15 18 31 32 40
2676,2017-01-10,1 3 28 40 41 43
2677,2017-01-10,3 6 22 26 33 45
2678,2017-01-10,5 9 15 18 28 45
2679,2017-01-10,1 3 9 23 27 45
2680,2017-01-10,6 16 32 36 37 43
2681,2017-01-11,9 10 22 32 35 37
2682,2017-01-11,2 27 31 37 39 44
2683,2017-01-11,1 2 4 19 30 42
2684,2017-01-11,5 9 26 29 30 41
2685,2017-01-11,18 23 25 28 29 42
2686,2017-01-12,2 6 11 13 16 39
2687,2017-01-12,8 9 19 23 35 41
2688,2017-01-13,11 16 17 18 25 40
2689,2017-01-13,7 10 25 29 39 43
2690,2017-01-14,1 12 23 29 36 38
2691,2017-01-14,5 6 8 10 40 41
2692,2017-01-15,3 6 16 23 30 33
2693,2017-01-15,2 9 11 17 25 38
2694,2017-01-16,7 16 18 24 31 38
2695,2017-01-16,11 13 19 29 33 43
2696,2017-01-17,9 10 12 32 35 42
2697,2017-01-17,2 8 11 18 28 39
2698,2017-01-18,1 8 18 37 38 44
2699,2017-01-18,1 6 15 27 36 37
2700,2017-01-19,13 22 27 28 31 33
2701,2017-01-19,8 13 17 32 34 45
2702,2017-01-20,3 14 15 17 25 27
2703,2017-01-20,6 9 10 11 29 42
2704,2017-01-21,9 16 17 21 27 30
2705,2017-01-21,6 18 21 31 33 42
2706,2017-01-22,2 14 20 25 30 37
2707,2017-01-22,1 17 18 34 42 44
2708,2017-01-23,7 10 23 24 34 39
2709,2017-01-23,3 8 17 36 37 38
2710,2017-01-24,2 5 9 14 21 28
2711,2017-01-24,2 22 24 29 35 43
2712,2017-01-25,8 14 16 17 28 29
2713,2017-01-25,5 15 31 33 34 37
2714,2017-01-26,9 11 24 28 35 40
2715,2017-01-26,9 11 15 23 37 38
2716,2017-01-27,9 20 23 39 42 45
2717,2017-01-27,7 9 13 25 33 34
2718,2017-01-28,4 18 19 32 37 40
2719,2017-01-28,4 6 13 18 21 45
2720,2017-01-29,1 9 15 29 30 35
2721,2017-01-29,1 3 11 23 37 40
2722,2017-01-30,3 4 5 6 8 28
2723,2017-01-30,19 27 30 32 34 42
2724,2017-01-31,10 15 17 27 33 35
2725,2017-01-31,12 14 27 35 36 41
2726,2017-02-01,2 11 13 21 31 45
2727,2017-02-01,1 2 19 23 37 41
2728,2017-02-02,4 22 32 36 40 45
2729,2017-02-02,2 3 18 20 25 38
2730,2017-02-03,4 10 14 16 22 41
2731,2017-02-03,1 14 30 31 38 45
2732,2017-02-04,12 14 25 26 29 30
2733,2017-02-04,3 5 12 16 36 38
2734,2017-02-05,8 17 20 28 34 36
2735,2017-02-05,2 7 24 25 31 41
2736,2017-02-06,10 12 14 26 27 43
2737,2017-02-06,1 7 25 32 33 34
2738,2017-02-07,6 10 21 24 41 44
2739,2017-02-07,14 21 22 30 42 43
2740,2017-02-08,3 10 13 17 18 23
2741,2017-02-08,18 19 21 27 28 39
2742,2017-02-09,22 25 27 29 31 34
2743,2017-02-09,2 8 23 33 37 43
2744,2017-02-10,5 10 20 33 42 45
2745,2017-02-10,7 13 23 32 37 42
2746,2017-02-11,1 3 10 16 37 40
2747,2017-02-11,3 10 11 14 30 38
2748,2017-02-12,3 23 27 32 34 42
2749,2017-02-12,10 27 29 34 36 39
2750,2017-02-13,5 8 31 34 39 45
2751,2017-02-13,13 19 21 23 27 39
2752,2017-02-14,15 21 27 31 33 36
2753,2017-02-14,2 12 13 23 24 44
2754,2017-02-15,13 20 21 25 41 42
2755,2017-02-15,4 6 9 20 39 45
2756,2017-02-16,11 14 15 19 24 27
2757,2017-02-16,1 13 19 34 39 41
2758,2017-02-17,3 14 18 20 25 37
2759,2017-02-17,5 23 26 42 43 44
2760,2017-02-18,8 23 25 35 36 43
2761,2017-02-18,5 10 11 15 35 42
2762,2017-02-19,12 13 26 35 41 42
2763,2017-02-19,1 2 23 24 37 43
2764,2017-02-20,3 22 24 28 33 41
2765,2017-02-20,9 14 20 26 33 44
2766,2017-02-21,14 20 29 36 37 44
2767,2017-02-21,4 5 25 37 40 45
2768,2017-02-22,12 17 18 32 40 43
2769,2017-02-22,8 19 21 29 35 42
2770,2017-02-23,3 17 18 21 37 43
2771,2017-02-23,1 9 17 24 25 32
2772,2017-02-24,8 11 29 31 33 39
2773,2017-02-24,4 7 11 16 40 42
2774,2017-02-25,2 4 15 17 22 30
2775,2017-02-25,11 13 23 32 36 44
2776,2017-02-26,1 8 9 10 18 43
2777,2017-02-26,15 21 37 38 41 44
2778,2017-02-27,5 6 10 19 24 27
2779,2017-02-27,1 4 21 22 27 38
2780,2017-02-28,8 18 20 28 29 37
2781,2017-02-28,8 9 15 19 25 38
2782,2017-03-01,4 9 11 20 26 34
2783,2017-03-01,12 15 17 19 37 41
2784,2017-03-02,4 30 31 33 39 42
2785,2017-03-03,1 21 29 33 38 42
2786,2017-03-03,3 15 20 23 25 43
2787,2017-03-04,13 14 17 28 32 36
2788,2017-03-04,19 23 30 34 41 45
2789,2017-03-05,15 20 27 29 34 37
2790,2017-03-05,6 20 24 40 42 45
2791,2017-03-06,1 2 5 14 16 39
2792,2017-03-06,5 7 11 25 28 41
2793,2017-03-07,13 14 23 26 30 33
2794,2017-03-07,3 9 11 15 35 39
2795,2017-03-08,3 5 7 27 30 31
2796,2017-03-08,22 24 33 36 41 43
2797,2017-03-09,12 15 25 32 36 43
2798,2017-03-09,6 9 12 20 35 36
2799,2017-03-10,7 15 20 26 34 36
2800,2017-03-10,5 13 17 18 24 29
2801,2017-03-11,14 18 21 24 28 43
2802,2017-03-11,9 18 19 39 40 43
2803,2017-03-12,1 8 18 20 37 40
2804,2017-03-12,16 18 27 37 40 41
2805,2017-03-13,23 24 33 36 39 40
2806,2017-03-13,2 27 29 30 32 33
2807,2017-03-14,7 18 34 35 37 45
2808,2017-03-14,5 8 18 32 37 40
2809,2017-03-15,2 22 25 29 33 39
2810,2017-03-15,5 25 30 33 42 45
2811,2017-03-16,11 14 20 30 34 44
2812,2017-03-16,6 8 33 40 41 44
2813,2017-03-17,2 15 16 28 30 38
2814,2017-03-17,6 14 16 22 24 45
2815,2017-03-18,3 12 13 17 37 40
2816,2017-03-18,3 23 31 38 44 45
2817,2017-03-19,7 20 21 29 32 45
2818,2017-03-19,2 13 28 34 35 41
2819,2017-03-20,12 17 20 29 37 41
2820,2017-03-20,1 10 11 28 30 35
2821,2017-03-21,19 24 27 33 41 43
2822,2017-03-21,9 11 12 29 30 33
2823,2017-03-22,6 7 15 33 39 40
2824,2017-03-22,10 31 32 33 38 41
2825,2017-03-23,3 26 30 32 34 39
2826,2017-03-23,13 15 17 18 40 42
2827,2017-03-24,3 11 15 16 34 35
2828,2017-03-24,3 4 25 34 35 43
2829,2017-03-25,2 11 15 16 22 24
2830,2017-03-25,4 9 16 22 38 44
2831,2017-03-26,6 10 14 16 24 42
2832,2017-03-26,7 11 22 23 36 44
2833,2017-03-27,3 12 21 25 28 33
2834,2017-03-27,12 15 28 29 35 43
2835,2017-03-28,8 22 26 41 43 44
2836,2017-03-28,2 11 16 25 36 41
2837,2017-03-29,3 17 18 38 43 44
2838,2017-03-29,16 20 26 28 43 44
2839,2017-03-30,3 8 13 20 28 43
2840,2017-03-30,10 15 22 25 32 38
2841,2017-03-31,11 16 17 18 26 36
2842,2017-03-31,8 15 32 40 41 44
2843,2017-04-01,21 22 28 31 38 40
2844,2017-04-01,10 25 28 32 36 43
2845,2017-04-02,2 13 30 32 40 42
2846,2017-04-02,31 33 39 40 42 43
2847,2017-04-03,16 19 20 23 32 45
2848,2017-04-03,3 13 27 30 34 38
2849,2017-04-04,2 3 32 34 36 41
2850,2017-04-04,2 3 15 17 35 41
2851,2017-04-05,3 7 19 23 26 34
2852,2017-04-05,14 23 34 36 42 43
2853,2017-04-06,11 16 20 22 23 29
2854,2017-04-06,9 31 32 35 37 43
2855,2017-04-07,1 7 16 30 32 33
2856,2017-04-07,6 8 9 14 17 18
2857,2017-04-08,3 4 7 9 12 18
2858,2017-04-08,5 24 27 28 29 32
2859,2017-04-09,2 5 27 28 31 36
2860,2017-04-09,5 15 16 33 37 41
2861,2017-04-10,2 14 18 27 37 44
2862,2017-04-10,1 8 15 18 43 45
2863,2017-04-11,13 17 31 32 33 37
2864,2017-04-11,3 11 22 27 40 41
2865,2017-04-12,1 7 20 31 34 35
2866,2017-04-12,1 6 8 18 35 39
2867,2017-04-13,7 14 17 29 33 45
2868,2017-04-13,5 9 18 19 20 22
2869,2017-04-14,8 10 16 23 24 40
2870,2017-04-14,1 6 9 29 30 36
2871,2017-04-15,5 14 24 29 33 44
2872,2017-04-15,3 7 11 25 40 41
2873,2017-04-16,4 5 12 26 35 41
2874,2017-04-16,13 26 30 35 38 44
2875,2017-04-17,1 6 14 17 28 33
2876,2017-04-17,1 5 12 15 38 41
2877,2017-04-18,7 18 19 27 29 39
2878,2017-04-18,14 18 22 25 35 44
2879,2017-04-19,13 17 22 27 30 39
2880,2017-04-19,12 20 25 38 41 44
2881,2017-04-20,2 10 17 25 39 41
2882,2017-04-20,11 12 13 29 31 41
2883,2017-04-21,1 12 18 26 30 41
2884,2017-04-21,8 14 26 31 40 45
2885,2017-04-22,1 5 7 17 23 39
2886,2017-04-22,7 9 11 20 26 30
2887,2017-04-23,5 8 25 43 44 45
2888,2017-04-23,8 10 12 25 32 37
2889,2017-04-24,2 5 16 21 22 24
2890,2017-04-24,6 10 13 22 39 43
2891,2017-04-25,5 13 17 38 39 42
2892,2017-04-25,13 16 21 22 24 26
2893,2017-04-26,3 13 15 25 33 34
2894,2017-04-26,3 17 18 31 37 45
2895,2017-04-27,14 17 18 27 35 36
2896,2017-04-27,13 26 31 40 43 45
2897,2017-04-28,4 5 20 25 31 36
2898,2017-04-28,12 14 19 30 37 39
2899,2017-04-29,19 20 21 26 28 32
2900,2017-04-29,1 3 9 14 29 33
2901,2017-04-30,7 25 28 34 35 36
2902,2017-04-30,16 18 24 30 38 44
2903,2017-05-01,6 8 12 13 39 41
2904,2017-05-01,9 24 29 31 41 43
2905,2017-05-02,5 21 26 28 42 45
2906,2017-05-02,4 6 8 19 24 30
2907,2017-05-03,1 8 15 19 22 40
2908,2017-05-03,18 22 29 34 36 40
2909,2017-05-04,7 14 24 25 29 42
2910,2017-05-04,1 17 31 34 35 42
2911,2017-05-05,8 11 17 23 35 42
2912,2017-05-05,1 21 33 35 42 43
2913,2017-05-06,5 22 27 29 35 45
2914,2017-05-06,2 3 15 17 19 44
2915,2017-05-07,23 24 27 35 43 45
2916,2017-05-07,2 8 13 32 34 45
2917,2017-05-08,11 18 30 34 35 40
2918,2017-05-08,2 16 34 36 37 42
2919,2017-05-09,7 8 22 25 37 44
2920,2017-05-09,11 13 29 32 44 45
2921,2017-05-10,2 25 27 28 32 38
2922,2017-05-10,4 15 18 22 28 32
2923,2017-05-11,6 30 35 36 37 42
2924,2017-05-11,3 9 13 28 36 45
2925,2017-05-12,1 6 20 25 37 39
2926,2017-05-12,10 14 22 28 41 44
2927,2017-05-13,7 8 19 25 26 34
2928,2017-05-13,3 6 9 17 21 39
2929,2017-05-14,7 9 17 19 31 44
2930,2017-05-14,4 13 15 22 36 40
2931,2017-05-15,7 11 30 34 40 45
2932,2017-05-15,2 7 8 13 36 41
2933,2017-05-16,2 21 26 28 31 42
2934,2017-05-16,7 9 20 39 43 44
2935,2017-05-17,9 10 18 21 42 45
2936,2017-05-17,19 26 40 41 44 45
2937,2017-05-18,6 11 21 30 35 38
2938,2017-05-18,4 23 29 32 36 39
2939,2017-05-19,1 13 27 30 37 40
2940,2017-05-19,9 17 19 26 32 41
2941,2017-05-20,19 22 23 29 36 44
2942,2017-05-20,3 12 21 24 28 37
2943,2017-05-21,3 11 22 26 34 44
2944,2017-05-21,2 16 17 21 36 39
2945,2017-05-22,16 18 23 24 41 45
2946,2017-05-22,5 14 15 19 24 32
2947,2017-05-23,4 16 17 29 38 40
2948,2017-05-23,1 5 17 23 29 45
2949,2017-05-24,6 25 28 34 39 45
2950,2017-05-24,3 21 25 33 42 45
2951,2017-05-25,6 11 12 14 25 43
2952,2017-05-25,18 22 26 31 37 38
2953,2017-05-26,3 10 26 31 36 37
2954,2017-05-26,9 25 32 37 41 44
2955,2017-05-27,7 9 12 25 42 45
2956,2017-05-27,10 16 18 27 31 37
2957,2017-05-28,3 4 16 31 36 38
2958,2017-05-28,10 16 17 24 28 35
2959,2017-05-29,17 20 27 33 34 37
2960,2017-05-29,1 20 24 28 40 44
2961,2017-05-30,6 8 29 33 35 36
2962,2017-05-30,8 9 25 32 40 41
2963,2017-05-31,17 18 19 20 39 44
2964,2017-05-31,3 6 12 15 16 45
2965,2017-06-01,4 9 18 22 31 44
2966,2017-06-01,1 16 29 37 42 45
2967,2017-06-02,5 13 17 20 27 30
2968,2017-06-02,4 35 36 38 40 44
2969,2017-06-03,1 14 18 23 26 35
2970,2017-06-03,8 11 21 35 38 42
2971,2017-06-04,19 20 30 31 38 43
2972,2017-06-04,7 14 18 22 40 42
2973,2017-06-05,2 12 15 26 44 45
2974,2017-06-05,4 7 13 20 27 38
2975,2017-06-06,4 7 10 17 33 41
2976,2017-06-06,11 16 20 21 29 45
2977,2017-06-07,4 9 21 25 40 42
2978,2017-06-07,3 8 15 17 31 36
2979,2017-06-08,15 22 23 27 32 44
2980,2017-06-08,1 2 11 24 30 45
2981,2017-06-09,1 3 21 24 33 45
2982,2017-06-09,2 5 6 13 24 44
2983,2017-06-10,6 12 18 23 38 44
2984,2017-06-10,7 11 17 23 25 31
2985,2017-06-11,1 13 24 27 39 41
2986,2017-06-11,1 4 13 30 39 43
2987,2017-06-12,2 3 20 21 28 33
2988,2017-06-12,6 21 26 39 42 44
2989,2017-06-13,4 27 30 31 40 41
2990,2017-06-13,18 19 25 27 29 30
2991,2017-06-14,9 18 29 35 36 43
2992,2017-06-14,17 24 25 36 39 43
2993,2017-06-15,14 15 21 27 37 39
2994,2017-06-15,1 6 16 18 35 43
2995,2017-06-16,3 7 17 22 35 38
2996,2017-06-16,7 12 16 17 38 44
2997,2017-06-17,1 2 6 18 19 35
2998,2017-06-17,1 8 15 21 35 41
2999,2017-06-18,4 6 9 10 34 43
3000,2017-06-18,3 6 9 14 23 26
3001,2017-06-19,1 3 4 25 36 37
3002,2017-06-19,3 4 10 25 29 31
3003,2017-06-20,10 14 32 36 38 43
3004,2017-06-20,11 21 24 31 38 44
3005,2017-06-21,3 4 6 18 34 41
3006,2017-06-21,2 14 31 32 33 45
3007,2017-06-22,17 20 22 32 41 43
3008,2017-06-22,4 8 21 22 32 33
3009,2017-06-23,6 16 17 20 33 40
3010,2017-06-23,7 11 22 28 29 30
3011,2017-06-24,3 5 7 10 27 30
3012,2017-06-24,1 2 12 14 29 44
3013,2017-06-25,3 10 12 21 37 43
3014,2017-06-25,1 6 15 17 26 36
3015,2017-06-26,3 10 15 17 27 42
3016,2017-06-26,1 27 29 30 39 43
3017,2017-06-27,12 18 21 26 38 42
3018,2017-06-27,3 25 33 37 41 45
3019,2017-06-28,1 7 16 22 38 43
3020,2017-06-28,3 12 14 25 30 43
3021,2017-06-29,8 17 19 30 32 38
3022,2017-06-29,12 14 18 28 36 44
3023,2017-06-30,5 12 23 28 37 40
3024,2017-06-30,5 15 19 26 39 44
3025,2017-07-01,6 15 17 23 35 45
3026,2017-07-01,1 11 14 27 40 45
3027,2017-07-02,6 16 19 32 33 44
3028,2017-07-02,2 10 16 28 35 43
3029,2017-07-03,13 19 21 28 31 32
3030,2017-07-03,1 3 8 11 43 45
3031,2017-07-04,11 16 20 22 32 33
3032,2017-07-04,11 15 22 30 33 41
3033,2017-07-05,10 13 29 32 34 35
3034,2017-07-05,3 6 12 17 34 37
3035,2017-07-06,2 21 22 24 30 39
3036,2017-07-06,2 4 28 33 35 38
3037,2017-07-07,1 6 8 13 31 34
3038,2017-07-07,1 11 12 13 26 36
3039,2017-07-08,9 14 17 25 28 33
3040,2017-07-08,8 13 23 33 40 41
3041,2017-07-09,4 7 11 16 19 20
3042,2017-07-09,1 4 11 20 28 40
3043,2017-07-10,6 11 26 29 41 42
3044,2017-07-10,7 9 31 34 38 39
3045,2017-07-11,7 17 19 30 33 36
3046,2017-07-11,4 9 10 18 25 32
3047,2017-07-12,23 34 36 37 39 45
3048,2017-07-12,2 14 25 38 40 42
3049,2017-07-13,32 33 37 38 42 44
3050,2017-07-13,4 17 29 31 34 44
3051,2017-07-14,1 6 14 17 33 44
3052,2017-07-14,3 10 26 34 42 43
3053,2017-07-15,9 26 28 29 39 45
3054,2017-07-15,1 2 22 28 30 32
3055,2017-07-16,3 8 12 24 37 43
3056,2017-07-16,15 28 30 34 42 44
3057,2017-07-17,1 4 5 29 41 43
3058,2017-07-17,3 10 13 36 37 38
3059,2017-07-18,4 11 15 32 34 43
3060,2017-07-18,19 22 23 28 35 40
3061,2017-07-19,12 26 32 39 43 45
3062,2017-07-19,2 16 21 23 33 45
3063,2017-07-20,1 4 14 23 29 43
3064,2017-07-20,11 15 24 39 42 44
3065,2017-07-21,2 3 5 14 15 25
3066,2017-07-21,3 12 17 26 34 43
3067,2017-07-22,3 6 13 18 25 43
3068,2017-07-22,10 15 16 22 24 35
3069,2017-07-23,10 19 27 38 41 42
3070,2017-07-23,5 11 18 28 30 35
3071,2017-07-24,7 9 23 27 39 45
3072,2017-07-24,4 9 26 28 30 40
3073,2017-07-25,2 5 8 15 30 36
3074,2017-07-25,4 7 11 27 37 43
3075,2017-07-26,6 17 27 30 41 42
3076,2017-07-26,15 21 28 35 43 44
3077,2017-07-27,7 9 18 31 39 44
3078,2017-07-27,3 7 9 18 24 26
3079,2017-07-28,3 5 10 26 28 44
3080,2017-07-28,9 10 13 24 31 32
3081,2017-07-29,9 31 35 41 42 43
3082,2017-07-29,2 14 28 30 39 44
3083,2017-07-30,2 5 17 23 30 38
3084,2017-07-30,14 19 23 26 34 38
3085,2017-07-31,4 13 15 21 37 38
3086,2017-07-31,3 10 11 19 27 30
3087,2017-08-01,5 17 28 29 31 41
3088,2017-08-01,2 29 32 39 41 45
3089,2017-08-02,5 6 8 18 36 37
3090,2017-08-02,7 8 18 26 34 39
3091,2017-08-03,7 24 27 33 40 43
3092,2017-08-03,18 29 38 42 43 45
3093,2017-08-04,5 10 11 15 35 38
3094,2017-08-04,1 6 13 21 33 42
3095,2017-08-05,8 14 19 24 33 41
3096,2017-08-05,8 11 15 30 32 41
3097,2017-08-06,5 23 30 31 42 44
3098,2017-08-06,3 4 7 32 39 44
3099,2017-08-07,3 25 29 30 32 35
3100,2017-08-07,9 10 18 22 31 44
3101,2017-08-08,1 11 18 19 30 40
3102,2017-08-08,1 4 11 25 30 31
3103,2017-08-09,5 17 26 29 39 41
3104,2017-08-09,2 10 21 23 29 33
3105,2017-08-10,16 19 22 34 35 45
3106,2017-08-10,6 7 8 25 27 41
3107,2017-08-11,14 15 17 20 28 30
3108,2017-08-11,17 19 21 23 36 39
3109,2017-08-12,1 3 9 16 39 43
3110,2017-08-12,1 4 24 32 37 38
3111,2017-08-13,1 4 14 18 29 44
3112,2017-08-13,3 12 18 28 33 43
3113,2017-08-14,8 12 21 23 35 44
3114,2017-08-14,11 15 32 37 42 43
3115,2017-08-15,9 18 23 42 44 45
3116,2017-08-15,2 11 22 24 29 38
3117,2017-08-16,6 15 19 39 40 42
3118,2017-08-16,5 13 20 37 38 42
3119,2017-08-17,3 6 13 19 24 33
3120,2017-08-17,2 5 11 26 34 45
3121,2017-08-18,2 4 12 13 30 39
3122,2017-08-18,6 9 13 28 40 45
3123,2017-08-19,8 13 19 21 22 32
3124,2017-08-19,5 7 22 23 26 33
3125,2017-08-20,3 14 21 22 24 40
3126,2017-08-20,1 8 25 26 31 36
3127,2017-08-21,6 10 11 23 39 43
3128,2017-08-21,5 19 30 35 40 45
3129,2017-08-22,11 14 20 30 34 44
3130,2017-08-22,6 19 28 33 35 40
3131,2017-08-23,10 20 30 31 33 42
3132,2017-08-23,13 17 19 24 39 41
3133,2017-08-24,1 2 5 6 27 43
3134,2017-08-24,5 6 15 33 34 41
3135,2017-08-25,6 9 17 19 20 38
3136,2017-08-25,2 3 17 24 31 45
3137,2017-08-26,1 5 9 23 33 35
3138,2017-08-26,6 8 16 28 30 45
3139,2017-08-27,1 3 6 28 39 42
3140,2017-08-27,7 10 17 22 23 39
3141,2017-08-28,22 29 30 41 44 45
3142,2017-08-28,1 5 19 21 25 30
3143,2017-08-29,4 15 27 38 44 45
3144,2017-08-29,3 6 11 21 23 37
3145,2017-08-30,7 11 17 18 21 28
3146,2017-08-30,4 5 16 23 33 43
3147,2017-08-31,14 16 20 31 32 45
3148,2017-08-31,13 14 24 26 28 38
3149,2017-09-01,8 10 13 30 31 35
3150,2017-09-01,4 6 7 12 22 37
3151,2017-09-02,2 15 17 25 26 27
3152,2017-09-02,7 10 13 24 27 44
3153,2017-09-03,8 12 23 27 35 44
3154,2017-09-03,6 12 28 36 39 40
3155,2017-09-04,1 14 17 18 35 36
3156,2017-09-04,2 21 22 26 29 45
3157,2017-09-05,7 8 9 13 17 18
3158,2017-09-05,19 22 25 28 31 41
3159,2017-09-06,1 26 29 32 40 42
3160,2017-09-06,4 5 24 28 29 33
3161,2017-09-07,4 8 11 19 24 28
3162,2017-09-07,7 20 21 22 25 30
3163,2017-09-08,15 17 18 24 32 40
3164,2017-09-08,6 7 10 22 36 44
3165,2017-09-09,9 14 25 28 34 38
3166,2017-09-09,5 6 7 14 33 37
3167,2017-09-10,2 21 22 31 37 45
3168,2017-09-10,9 18 32 35 37 39
3169,2017-09-11,4 10 11 18 38 42
3170,2017-09-11,3 8 33 36 43 45
3171,2017-09-12,10 11 20 39 42 43
3172,2017-09-12,11 14 16 21 29 45
3173,2017-09-13,5 20 21 25 35 36
3174,2017-09-13,6 12 24 38 40 45
3175,2017-09-14,3 12 17 25 27 28
3176,2017-09-14,13 16 20 25 32 35
3177,2017-09-15,1 4 17 27 37 40
3178,2017-09-15,1 5 22 26 31 40
3179,2017-09-16,2 5 12 20 21 43
3180,2017-09-16,10 13 27 29 38 39
3181,2017-09-17,2 11 22 24 28 40
3182,2017-09-17,5 7 22 27 32 45
3183,2017-09-18,19 21 27 39 43 44
3184,2017-09-18,10 14 21 22 28 36
3185,2017-09-19,5 9 20 23 30 43
3186,2017-09-19,2 4 11 15 25 35
3187,2017-09-20,16 22 23 24 28 33
3188,2017-09-20,5 11 23 31 38 41
3189,2017-09-21,4 11 16 30 40 43
3190,2017-09-21,10 19 38 40 41 42
3191,2017-09-22,2 8 14 31 44 45
3192,2017-09-22,1 8 9 15 27 34
3193,2017-09-23,8 14 17 19 23 39
3194,2017-09-23,1 34 35 37 38 41
3195,2017-09-24,3 10 12 33 35 36
3196,2017-09-24,18 22 23 33 42 45
3197,2017-09-25,1 11 19 26 38 45
3198,2017-09-25,10 18 19 23 24 41
3199,2017-09-26,9 14 20 28 43 44
3200,2017-09-26,14 21 22 28 32 38
3201,2017-09-27,9 17 25 29 38 44
3202,2017-09-27,4 9 15 22 31 32
3203,2017-09-28,5 12 27 31 36 43
3204,2017-09-28,14 18 19 31 34 36
3205,2017-09-29,14 17 20 28 42 43
3206,2017-09-29,3 4 7 10 32 39
3207,2017-09-30,10 18 26 28 36 41
3208,2017-09-30,29 30 32 34 36 40
3209,2017-10-01,4 5 25 36 37 44
3210,2017-10-01,1 10 15 22 32 40
3211,2017-10-02,3 4 5 18 34 39
3212,2017-10-02,10 12 16 20 30 44
3213,2017-10-03,6 9 10 16 22 45
3214,2017-10-03,3 18 27 31 36 38
3215,2017-10-04,3 10 23 26 28 33
3216,2017-10-04,11 17 18 38 44 45
3217,2017-10-05,9 13 15 37 43 45
3218,2017-10-05,3 14 18 31 37 45
3219,2017-10-06,10 31 35 39 43 44
3220,2017-10-06,2 9 10 15 22 35
3221,2017-10-07,4 16 24 35 36 44
3222,2017-10-07,11 12 21 22 31 35
3223,2017-10-08,4 26 28 34 35 38
3224,2017-10-08,7 10 12 30 31 43
3225,2017-10-09,18 32 36 37 43 44
3226,2017-10-09,13 16 21 28 35 40
3227,2017-10-10,11 20 23 25 32 37
3228,2017-10-10,3 12 17 20 25 37
3229,2017-10-11,3 4 7 11 21 41
3230,2017-10-11,8 13 14 17 24 43
3231,2017-10-12,1 3 16 21 40 44
3232,2017-10-12,1 12 17 21 27 35
3233,2017-10-13,8 12 31 36 41 43
3234,2017-10-13,14 17 31 38 41 44
3235,2017-10-14,5 6 14 16 28 31
3236,2017-10-14,8 13 27 28 43 45
3237,2017-10-15,7 17 18 25 30 31
3238,2017-10-15,9 34 38 43 44 45
3239,2017-10-16,6 12 18 32 33 34
3240,2017-10-16,7 10 24 25 33 38
3241,2017-10-17,16 22 31 35 37 40
3242,2017-10-17,2 4 13 14 28 42
3243,2017-10-18,2 7 23 27 38 42
3244,2017-10-18,7 21 23 28 32 42
3245,2017-10-19,3 10 12 21 27 28
3246,2017-10-19,5 10 11 18 29 40
3247,2017-10-20,1 3 11 16 17 41
3248,2017-10-20,4 15 17 24 39 45
3249,2017-10-21,3 21 22 23 36 38
3250,2017-10-21,4 6 7 30 39 44
3251,2017-10-22,8 24 29 32 37 45
3252,2017-10-22,20 24 31 37 39 42
3253,2017-10-23,3 6 9 10 26 33
3254,2017-10-23,1 3 11 20 28 41
3255,2017-10-24,4 12 28 37 41 43
3256,2017-10-24,2 5 6 11 36 44
3257,2017-10-25,11 29 31 36 37 40
3258,2017-10-25,1 10 16 21 35 40
3259,2017-10-26,1 5 19 29 31 36
3260,2017-10-26,6 11 12 24 28 29
3261,2017-10-27,2 9 15 27 33 35
3262,2017-10-27,1 3 9 19 28 44
3263,2017-10-28,4 12 23 26 30 33
3264,2017-10-28,2 14 25 31 35 41
3265,2017-10-29,22 29 33 34 36 41
3266,2017-10-29,18 19 21 30 34 45
3267,2017-10-30,6 19 21 34 37 43
3268,2017-10-30,4 15 25 27 39 43
3269,2017-10-31,18 32 36 37 38 40
3270,2017-10-31,2 5 6 9 21 31
3271,2017-11-01,2 16 18 20 24 45
3272,2017-11-01,1 2 7 11 16 19
3273,2017-11-02,7 12 25 36 42 43
3274,2017-11-02,8 12 16 17 20 44
3275,2017-11-03,19 21 28 31 41 42
3276,2017-11-03,9 12 13 19 21 41
3277,2017-11-04,1 7 9 15 41 42
3278,2017-11-04,3 14 30 33 35 38
3279,2017-11-05,5 17 20 36 40 43
3280,2017-11-05,4 15 28 33 39 43
3281,2017-11-06,7 10 16 27 32 35
3282,2017-11-06,5 8 16 32 33 44
3283,2017-11-07,6 7 18 26 38 39
3284,2017-11-07,7 18 21 22 25 38
3285,2017-11-08,5 15 17 20 24 30
3286,2017-11-08,6 18 19 22 38 39
3287,2017-11-09,6 19 28 30 35 41
3288,2017-11-09,1 11 13 22 40 43
3289,2017-11-10,6 16 19 24 36 38
3290,2017-11-10,4 13 26 30 31 34
3291,2017-11-11,7 10 18 29 32 39
3292,2017-11-11,1 2 20 28 34 35
3293,2017-11-12,2 19 22 35 40 43
3294,2017-11-12,24 30 32 33 34 41
3295,2017-11-13,1 5 14 23 36 39
3296,2017-11-13,10 13 33 34 38 39
3297,2017-11-14,11 15 18 34 38 43
3298,2017-11-14,4 6 7 15 16 24
3299,2017-11-15,13 14 24 32 37 42
3300,2017-11-15,9 10 31 32 36 39
3301,2017-11-16,2 5 10 30 37 41
3302,2017-11-16,1 11 16 36 38 43
3303,2017-11-17,19 21 22 25 33 44
3304,2017-11-17,4 12 17 21 28 34
3305,2017-11-18,2 3 12 21 22 23
3306,2017-11-18,7 21 24 25 37 44
3307,2017-11-19,3 16 24 28 33 40
3308,2017-11-19,1 6 12 13 35 38
3309,2017-11-20,3 15 25 29 35 45
3310,2017-11-20,7 11 22 34 36 42
3311,2017-11-21,6 18 21 25 35 45
3312,2017-11-21,20 25 29 35 39 43
3313,2017-11-22,4 18 22 35 41 44
3314,2017-11-22,1 2 3 12 35 45
3315,2017-11-23,9 12 17 27 38 41
3316,2017-11-23,3 12 17 20 25 26
3317,2017-11-24,1 14 20 21 32 34
3318,2017-11-24,4 12 13 14 20 31
3319,2017-11-25,7 16 31 34 36 38
3320,2017-11-25,15 16 23 26 29 38
3321,2017-11-26,1 6 7 42 43 45
3322,2017-11-26,11 15 20 24 37 41
3323,2017-11-27,5 9 15 16 19 31
3324,2017-11-27,5 12 15 17 25 27
3325,2017-11-28,18 23 26 27 30 38
3326,2017-11-28,3 10 17 21 25 34
3327,2017-11-29,1 4 19 28 42 43
3328,2017-11-29,10 12 21 25 30 39
3329,2017-11-30,1 2 9 18 25 44
3330,2017-11-30,2 6 18 28 35 38
3331,2017-12-01,6 12 13 25 32 45
3332,2017-12-01,15 18 19 23 32 41
3333,2017-12-02,3 6 28 35 37 40
3334,2017-12-02,24 25 33 35 39 43
3335,2017-12-03,8 28 29 30 36 37
3336,2017-12-03,1 16 21 25 27 28
3337,2017-12-04,9 10 22 26 28 42
3338,2017-12-04,3 8 19 23 34 40
3339,2017-12-05,2 22 28 34 38 39
3340,2017-12-05,10 14 17 19 20 32
3341,2017-12-06,15 19 20 21 23 37
3342,2017-12-06,6 11 13 16 26 35
3343,2017-12-07,3 7 8 10 20 30
3344,2017-12-07,2 11 19 21 35 40
3345,2017-12-08,9 11 14 16 17 23
3346,2017-12-08,1 8 26 27 28 32
3347,2017-12-09,2 11 27 34 38 44
3348,2017-12-09,6 19 35 40 41 44
3349,2017-12-10,7 10 22 33 37 42
3350,2017-12-10,4 17 22 25 34 39
3351,2017-12-11,3 11 20 22 25 39
3352,2017-12-11,17 18 20 21 26 35
3353,2017-12-12,2 15 17 31 32 37
3354,2017-12-12,5 7 24 41 44 45
3355,2017-12-13,13 15 20 34 37 44
3356,2017-12-13,4 7 17 23 26 33
3357,2017-12-14,6 16 21 23 31 40
3358,2017-12-14,1 4 8 13 25 28
3359,2017-12-15,11 17 28 31 32 43
3360,2017-12-15,5 11 18 21 29 38
3361,2017-12-16,7 15 21 22 41 44
3362,2017-12-16,5 10 13 21 44 45
3363,2017-12-17,9 13 20 25 38 39
3364,2017-12-17,8 17 23 25 40 41
3365,2017-12-18,9 13 17 29 36 38
3366,2017-12-18,7 14 18 37 38 44
3367,2017-12-19,1 17 18 20 37 42
3368,2017-12-19,8 12 17 28 34 43
3369,2017-12-20,1 3 7 9 37 39
3370,2017-12-20,1 2 25 26 30 45
3371,2017-12-21,3 29 30 39 42 45
3372,2017-12-21,16 17 20 29 33 43
3373,2017-12-22,13 14 19 20 31 41
3374,2017-12-22,15 16 18 28 32 44
3375,2017-12-23,4 6 14 20 24 29
3376,2017-12-23,5 11 24 25 27 41
3377,2017-12-24,1 19 30 34 41 45
3378,2017-12-24,9 12 17 19 20 29
3379,2017-12-25,11 12 19 32 37 44
3380,2017-12-25,3 7 17 22 25 40
3381,2017-12-26,3 7 16 22 31 38
3382,2017-12-26,22 26 28 35 37 40
3383,2017-12-27,3 16 22 30 42 44
3384,2017-12-27,7 12 28 33 35 45
3385,2017-12-28,20 26 27 32 34 36
3386,2017-12-28,2 5 17 29 31 45
3387,2017-12-29,2 4 6 10 13 43
3388,2017-12-29,7 10 19 29 35 44
3389,2017-12-30,14 21 22 37 41 43
3390,2017-12-30,6 8 13 16 23 33
3391,2017-12-31,12 13 18 21 25 41
3392,2017-12-31,1 6 10 21 27 36
3393,2018-01-01,6 14 25 31 41 42
3394,2018-01-01,3 10 15 19 34 42
3395,2018-01-02,1 6 9 11 15 43
3396,2018-01-02,3 21 24 26 27 32
3397,2018-01-03,2 14 16 34 42 43
3398,2018-01-03,14 17 23 25 35 36
3399,2018-01-04,3 7 15 17 28 33
3400,2018-01-04,2 10 14 20 36 38
3401,2018-01-05,4 9 17 18 29 34
3402,2018-01-05,2 7 32 35 40 43
3403,2018-01-06,10 14 26 35 36 44
3404,2018-01-06,6 11 15 16 17 39
3405,2018-01-07,4 5 23 38 40 41
3406,2018-01-07,20 27 29 30 37 41
3407,2018-01-08,4 5 7 21 39 44
3408,2018-01-08,3 13 17 22 26 35
3409,2018-01-09,7 9 13 30 33 40
3410,2018-01-09,6 10 31 36 40 43
3411,2018-01-10,1 12 19 20 24 27
3412,2018-01-10,26 31 34 41 42 45
3413,2018-01-11,6 18 28 29 32 38
3414,2018-01-11,4 9 12 29 30 40
3415,2018-01-12,3 5 28 35 42 44
3416,2018-01-12,15 17 24 29 32 44
3417,2018-01-13,13 17 23 37 39 43
3418,2018-01-13,2 11 15 16 28 39
3419,2018-01-14,1 5 11 13 26 32
3420,2018-01-14,1 15 17 20 21 30
3421,2018-01-15,2 4 7 9 38 44
3422,2018-01-15,2 8 16 21 23 27
3423,2018-01-16,21 24 28 36 39 44
3424,2018-01-16,2 14 16 17 18 36
3425,2018-01-17,4 8 13 32 41 44
3426,2018-01-17,3 15 25 29 35 38
3427,2018-01-18,13 19 28 29 30 34
3428,2018-01-18,6 8 21 23 24 36
3429,2018-01-19,4 18 24 31 40 44
3430,2018-01-19,2 5 7 18 22 39
3431,2018-01-20,4 8 23 32 33 39
3432,2018-01-20,5 12 18 20 32 36
3433,2018-01-21,12 19 25 35 41 43
3434,2018-01-21,1 4 27 31 32 43
3435,2018-01-22,3 16 33 39 41 44
3436,2018-01-22,9 10 18 20 29 35
3437,2018-01-23,5 6 9 31 36 43
3438,2018-01-23,10 11 34 36 37 41
3439,2018-01-24,13 15 23 28 33 41
3440,2018-01-24,2 13 15 22 28 37
3441,2018-01-25,5 7 15 19 20 41
3442,2018-01-25,11 15 21 27 29 35
3443,2018-01-26,6 13 23 29 43 45
3444,2018-01-26,3 7 32 36 39 41
3445,2018-01-27,3 10 17 31 39 44
3446,2018-01-27,11 15 16 22 27 28
3447,2018-01-28,3 7 27 33 38 41
3448,2018-01-28,20 26 28 29 35 37
3449,2018-01-29,15 17 19 28 30 39
3450,2018-01-29,5 10 11 23 24 41
3451,2018-01-30,4 12 21 41 42 43
3452,2018-01-30,4 5 19 34 41 45
3453,2018-01-31,4 5 8 17 24 25
3454,2018-01-31,2 3 11 15 34 38
3455,2018-02-01,14 24 28 37 39 42
3456,2018-02-01,1 16 22 30 44 45
3457,2018-02-02,13 14 20 38 41 42
3458,2018-02-02,2 8 13 38 40 42
3459,2018-02-03,4 12 24 26 37 43
3460,2018-02-03,1 7 12 21 23 35
3461,2018-02-04,3 5 10 25 32 37
3462,2018-02-04,5 20 24 27 41 45
3463,2018-02-05,11 12 15 25 35 42
3464,2018-02-05,8 10 17 34 41 44
3465,2018-02-06,12 15 20 21 29 37
3466,2018-02-06,8 10 14 19 29 34
3467,2018-02-07,1 13 21 36 41 45
3468,2018-02-07,9 11 24 28 33 45
3469,2018-02-08,4 6 7 21 25 37
3470,2018-02-08,1 7 8 9 38 41
3471,2018-02-09,6 7 14 34 43 44
3472,2018-02-09,8 14 16 30 39 42
3473,2018-02-10,12 14 15 16 36 40
3474,2018-02-10,4 7 21 25 43 44
3475,2018-02-11,10 12 17 22 25 38
3476,2018-02-11,20 24 27 30 35 38
3477,2018-02-12,4 9 14 21 23 28
3478,2018-02-12,2 6 31 35 42 45
3479,2018-02-13,4 21 25 33 35 43
3480,2018-02-13,5 22 31 36 38 41
3481,2018-02-14,14 22 34 41 44 45
3482,2018-02-14,11 12 23 25 31 33
3483,2018-02-15,1 2 5 7 14 18
3484,2018-02-15,1 3 8 17 18 37
3485,2018-02-16,1 20 26 30 35 43
3486,2018-02-16,4 16 26 29 32 37
3487,2018-02-17,2 19 28 41 42 45
3488,2018-02-17,16 27 33 40 41 42
3489,2018-02-18,1 10 15 26 36 42
3490,2018-02-18,4 7 21 24 32 37
3491,2018-02-19,3 9 14 26 29 33
3492,2018-02-19,2 16 17 29 30 32
3493,2018-02-20,11 16 20 25 32 40
3494,2018-02-20,18 27 31 36 37 40
3495,2018-02-21,21 32 33 34 38 45
3496,2018-02-21,6 16 32 35 36 39
3497,2018-02-22,14 18 25 29 35 37
3498,2018-02-22,6 9 10 15 22 44
3499,2018-02-23,17 32 36 39 41 44
3500,2018-02-23,13 17 19 26 27 37
3501,2018-02-24,4 10 17 28 30 45
3502,2018-02-24,2 7 11 26 32 42
3503,2018-02-25,6 16 17 19 40 43
3504,2018-02-25,2 6 24 34 37 42
3505,2018-02-26,1 4 10 11 24 36
3506,2018-02-26,2 6 14 19 21 30
3507,2018-02-27,13 20 25 30 34 43
3508,2018-02-27,3 8 18 22 27 33
3509,2018-02-28,5 8 19 34 35 41
3510,2018-02-28,6 8 9 20 21 36
3511,2018-03-01,4 15 19 23 37 42
3512,2018-03-01,4 6 23 29 36 38
3513,2018-03-02,3 6 9 10 14 22
3514,2018-03-02,9 15 22 24 28 31
3515,2018-03-03,4 21 35 39 41 45
3516,2018-03-03,7 11 19 24 25 28
3517,2018-03-04,5 7 10 11 19 26
3518,2018-03-04,13 17 18 23 28 37
3519,2018-03-05,8 14 16 19 26 27
3520,2018-03-05,19 26 31 35 37 43
3521,2018-03-06,6 10 22 23 27 42
3522,2018-03-06,6 18 20 32 33 40
3523,2018-03-07,7 12 20 25 29 36
3524,2018-03-07,14 23 25 35 36 45
3525,2018-03-08,18 26 33 34 41 42
3526,2018-03-08,4 5 6 19 29 35
3527,2018-03-09,1 4 6 9 18 23
3528,2018-03-09,12 13 17 24 44 45
3529,2018-03-10,10 19 24 29 33 37
3530,2018-03-10,1 6 9 20 30 44
3531,2018-03-11,18 22 30 31 39 42
3532,2018-03-11,10 13 23 26 31 40
3533,2018-03-12,5 12 29 40 41 44
3534,2018-03-12,9 16 18 19 43 44
3535,2018-03-13,7 14 23 24 32 42
3536,2018-03-13,3 4 29 34 42 43
3537,2018-03-14,13 17 19 24 40 41
3538,2018-03-14,3 7 15 24 40 44
3539,2018-03-15,1 16 24 35 36 45
3540,2018-03-15,8 9 12 24 26 38
3541,2018-03-16,1 4 9 27 36 42
3542,2018-03-16,15 26 31 39 42 45
3543,2018-03-17,1 8 22 28 35 45
3544,2018-03-17,1 4 15 20 23 38
3545,2018-03-18,2 6 16 29 40 43
3546,2018-03-18,5 13 34 35 42 43
3547,2018-03-19,17 18 21 23 26 34
3548,2018-03-19,12 15 18 33 40 41
3549,2018-03-20,5 21 35 38 40 45
3550,2018-03-20,20 23 27 34 36 42
3551,2018-03-21,9 17 24 29 39 43
3552,2018-03-21,1 6 7 8 19 43
3553,2018-03-22,2 7 12 24 26 40
3554,2018-03-22,6 28 29 38 40 45
3555,2018-03-23,23 24 32 39 43 45
3556,2018-03-23,1 2 8 15 37 45
3557,2018-03-24,6 7 18 21 39 45
3558,2018-03-24,10 27 29 32 39 40
3559,2018-03-25,3 9 16 18 37 40
3560,2018-03-25,7 10 18 21 35 43
3561,2018-03-26,4 5 10 25 27 37
3562,2018-03-26,4 16 17 22 28 29
3563,2018-03-27,6 7 31 35 42 45
3564,2018-03-27,3 10 23 31 41 43
3565,2018-03-28,6 14 17 24 35 41
3566,2018-03-28,18 32 37 38 40 44
3567,2018-03-29,7 21 23 26 40 41
3568,2018-03-29,4 16 18 26 34 36
3569,2018-03-30,5 11 12 17 19 34
3570,2018-03-30,2 7 10 16 18 30
3571,2018-03-31,4 7 8 12 22 38
3572,2018-03-31,2 4 8 18 32 37
3573,2018-04-01,3 25 30 32 40 45
3574,2018-04-01,7 14 27 38 39 45
3575,2018-04-02,10 32 33 37 38 40
3576,2018-04-02,1 4 5 21 28 39
3577,2018-04-03,6 12 13 25 30 37
3578,2018-04-03,2 3 16 23 35 40
3579,2018-04-04,8 12 22 27 35 39
3580,2018-04-04,8 9 12 29 31 41
3581,2018-04-05,10 15 16 21 26 29
3582,2018-04-05,3 4 12 16 18 31
3583,2018-04-06,2 11 12 18 36 39
3584,2018-04-06,18 19 20 28 42 43
3585,2018-04-07,10 17 21 26 33 34
3586,2018-04-07,25 27 33 34 35 40
3587,2018-04-08,2 9 13 14 38 43
3588,2018-04-08,5 8 26 30 35 39
3589,2018-04-09,6 8 19 22 25 30
3590,2018-04-09,3 7 22 35 36 44
3591,2018-04-10,21 25 26 31 32 35
3592,2018-04-10,1 2 4 5 18 33
3593,2018-04-11,2 8 17 30 39 45
3594,2018-04-11,6 12 13 25 28 34
3595,2018-04-12,3 13 22 23 36 39
3596,2018-04-12,9 22 32 33 42 45
3597,2018-04-13,1 13 15 21 24 39
3598,2018-04-13,2 3 9 11 21 42
3599,2018-04-14,1 12 21 35 39 45
3600,2018-04-14,1 2 15 18 32 45
3601,2018-04-15,5 12 23 29 31 43
3602,2018-04-15,1 4 12 33 35 40
3603,2018-04-16,5 6 8 20 41 42
3604,2018-04-16,7 8 10 21 23 45
3605,2018-04-17,9 21 23 27 36 37
3606,2018-04-17,1 3 5 22 30 32
3607,2018-04-18,12 15 17 18 28 32
3608,2018-04-18,4 7 8 26 34 37
3609,2018-04-19,1 10 14 27 38 44
3610,2018-04-19,1 5 6 22 25 29
3611,2018-04-20,6 38 39 40 43 44
3612,2018-04-20,19 25 30 33 36 38
3613,2018-04-21,5 7 10 32 36 37
3614,2018-04-21,8 9 17 28 30 39
3615,2018-04-22,8 9 17 37 41 43
3616,2018-04-22,8 28 36 38 39 45
3617,2018-04-23,1 5 20 43 44 45
3618,2018-04-23,7 15 19 29 41 42
3619,2018-04-24,4 19 30 31 37 45
3620,2018-04-24,3 23 26 36 41 43
3621,2018-04-25,9 12 13 20 29 42
3622,2018-04-25,6 13 31 33 42 44
3623,2018-04-26,3 22 26 29 30 45
3624,2018-04-26,8 9 12 26 29 34
3625,2018-04-27,21 30 33 35 41 45
3626,2018-04-27,24 30 37 38 41 43
3627,2018-04-28,1 18 20 24 34 41
3628,2018-04-28,18 19 24 27 39 44
3629,2018-04-29,3 5 8 26 30 37
3630,2018-04-29,8 13 20 27 36 43
3631,2018-04-30,25 27 31 37 38 42
3632,2018-04-30,17 19 22 31 37 40
3633,2018-05-01,3 6 14 21 26 30
3634,2018-05-01,9 19 29 31 35 36
3635,2018-05-02,3 11 25 32 41 42
3636,2018-05-02,7 8 28 33 34 36
3637,2018-05-03,3 4 17 18 38 41
3638,2018-05-03,3 14 23 29 39 41
3639,2018-05-04,15 16 20 21 36 42
3640,2018-05-04,1 3 19 24 29 35
3641,2018-05-05,9 16 25 33 36 42
3642,2018-05-05,4 12 28 38 43 45
3643,2018-05-06,4 8 13 18 20 40
3644,2018-05-06,2 8 15 17 26 40
3645,2018-05-07,6 7 24 31 36 41
3646,2018-05-07,6 11 17 21 24 35
3647,2018-05-08,7 8 14 17 29 38
3648,2018-05-08,1 4 6 29 35 45
3649,2018-05-09,1 5 21 25 29 35
3650,2018-05-09,5 26 32 33 37 40
3651,2018-05-10,1 2 14 28 32 41
3652,2018-05-10,1 12 16 27 28 36
3653,2018-05-11,4 20 24 28 37 40
3654,2018-05-11,17 21 25 34 40 45
3655,2018-05-12,3 6 14 33 36 43
3656,2018-05-12,8 16 26 29 31 44
3657,2018-05-13,4 16 27 31 33 39
3658,2018-05-13,5 11 17 21 27 31
3659,2018-05-14,6 8 16 17 21 26
3660,2018-05-14,1 4 8 21 38 41
3661,2018-05-15,9 12 17 25 28 36
3662,2018-05-15,1 5 15 23 32 44
3663,2018-05-16,2 3 11 25 30 40
3664,2018-05-16,5 6 16 24 33 36
3665,2018-05-17,3 6 9 15 25 28
3666,2018-05-17,9 17 20 28 44 45
3667,2018-05-18,9 22 23 34 40 45
3668,2018-05-18,7 13 15 18 22 31
3669,2018-05-19,8 9 12 26 28 33
3670,2018-05-19,12 17 20 25 34 37
3671,2018-05-20,8 11 14 29 35 37
3672,2018-05-20,1 5 19 23 36 43
3673,2018-05-21,2 10 13 18 22 26
3674,2018-05-21,16 20 21 30 38 42
3675,2018-05-22,7 19 24 28 29 41
3676,2018-05-22,2 3 8 13 31 33
3677,2018-05-23,7 8 12 28 35 39
3678,2018-05-23,3 4 9 16 21 29
3679,2018-05-24,13 20 29 33 40 45
3680,2018-05-24,3 9 10 16 43 44
3681,2018-05-25,8 17 21 23 28 37
3682,2018-05-25,3 23 30 32 34 45
3683,2018-05-26,9 14 23 30 36 39
3684,2018-05-26,2 7 14 19 35 44
3685,2018-05-27,1 10 11 25 29 36
3686,2018-05-27,4 6 8 15 31 36
3687,2018-05-28,9 12 14 20 22 32
3688,2018-05-28,4 29 32 34 36 41
3689,2018-05-29,11 13 16 24 31 44
3690,2018-05-29,3 4 29 32 37 38
3691,2018-05-30,7 10 16 22 33 36
3692,2018-05-30,10 13 22 36 41 43
3693,2018-05-31,22 30 31 34 39 40
3694,2018-05-31,5 8 14 24 27 45
3695,2018-06-01,1 6 16 28 32 36
3696,2018-06-01,1 13 15 22 23 26
3697,2018-06-02,6 13 21 23 43 44
3698,2018-06-02,10 13 23 24 25 45
3699,2018-06-03,1 21 29 39 43 44
3700,2018-06-03,3 5 14 16 20 37
3701,2018-06-04,1 2 10 33 35 44
3702,2018-06-04,7 9 23 25 37 44
3703,2018-06-05,2 8 16 18 29 34
3704,2018-06-05,2 17 23 24 30 44
3705,2018-06-06,8 15 18 27 33 35
3706,2018-06-06,19 21 23 25 31 36
3707,2018-06-07,9 26 27 36 41 44
3708,2018-06-07,10 21 22 29 30 33
3709,2018-06-08,5 14 26 27 35 38
3710,2018-06-08,7 8 14 15 29 38
3711,2018-06-09,6 7 8 19 20 36
3712,2018-06-09,4 6 11 17 33 37
3713,2018-06-10,9 13 19 24 40 43
3714,2018-06-10,8 14 19 29 43 44
3715,2018-06-11,11 13 16 29 33 34
3716,2018-06-11,10 15 23 31 37 42
3717,2018-06-12,7 10 11 25 26 31
3718,2018-06-12,3 4 10 29 31 36
3719,2018-06-13,9 15 16 21 26 27
3720,2018-06-13,5 9 33 34 38 40
3721,2018-06-14,1 2 10 25 30 34
3722,2018-06-14,2 4 16 17 23 25
3723,2018-06-15,21 30 31 39 40 41
3724,2018-06-15,5 6 7 25 33 40
3725,2018-06-16,10 15 30 33 43 44
3726,2018-06-16,8 13 23 28 38 42
3727,2018-06-17,2 4 6 13 15 37
3728,2018-06-17,11 19 28 32 35 44
3729,2018-06-18,10 13 19 26 28 39
3730,2018-06-18,10 13 26 28 42 44
3731,2018-06-19,2 3 9 18 20 38
3732,2018-06-19,6 8 17 18 23 43
3733,2018-06-20,6 18 20 32 41 43
3734,2018-06-20,3 7 13 16 35 45
3735,2018-06-21,13 14 19 26 30 33
3736,2018-06-21,1 4 11 27 40 42
3737,2018-06-22,1 4 10 14 16 18
3738,2018-06-22,6 27 29 33 34 38
3739,2018-06-23,6 10 13 14 25 28
3740,2018-06-23,8 13 20 23 28 36
3741,2018-06-24,6 22 24 41 44 45
3742,2018-06-24,7 8 10 13 15 26
3743,2018-06-25,3 7 13 21 30 32
3744,2018-06-25,1 2 3 10 33 38
3745,2018-06-26,15 17 22 25 32 37
3746,2018-06-26,7 33 39 41 43 45
3747,2018-06-27,7 10 25 29 30 44
3748,2018-06-27,6 17 21 32 36 39
3749,2018-06-28,10 13 14 15 37 39
3750,2018-06-28,7 19 23 28 41 42
3751,2018-06-29,15 26 27 39 42 43
3752,2018-06-29,1 3 8 17 21 28
3753,2018-06-30,1 4 10 15 41 45
3754,2018-06-30,12 13 22 26 33 35
3755,2018-07-01,2 9 18 38 39 44
3756,2018-07-01,15 19 31 38 39 42
3757,2018-07-02,10 12 17 18 40 44
3758,2018-07-02,12 13 20 22 29 32
3759,2018-07-03,9 18 20 28 30 41
3760,2018-07-03,6 26 27 32 34 45
3761,2018-07-04,2 8 11 19 27 35
3762,2018-07-04,1 2 4 6 33 39
3763,2018-07-05,18 21 28 30 33 37
3764,2018-07-05,1 4 5 10 30 41
3765,2018-07-06,4 12 17 23 32 40
3766,2018-07-06,2 6 14 17 34 45
3767,2018-07-07,2 14 16 25 31 37
3768,2018-07-07,4 8 9 26 32 44
3769,2018-07-08,5 10 17 21 22 33
3770,2018-07-08,4 15 20 22 24 43
3771,2018-07-09,4 19 34 39 41 42
3772,2018-07-09,9 11 17 22 39 45
3773,2018-07-10,15 19 22 34 38 45
3774,2018-07-10,2 4 5 8 13 19
3775,2018-07-11,10 29 39 40 41 44
3776,2018-07-11,4 14 16 22 29 45
3777,2018-07-12,17 19 21 24 38 43
3778,2018-07-12,2 5 11 16 20 45
3779,2018-07-13,13 20 22 27 28 40
3780,2018-07-13,8 11 14 19 28 32
3781,2018-07-14,4 28 31 32 35 38
3782,2018-07-14,2 4 6 21 36 39
3783,2018-07-15,2 14 23 25 30 35
3784,2018-07-15,1 2 11 22 23 32
3785,2018-07-16,8 11 12 22 24 30
3786,2018-07-16,6 7 14 29 35 43
3787,2018-07-17,3 13 17 19 20 39
3788,2018-07-17,34 36 40 41 43 44
3789,2018-07-18,4 12 17 24 39 43
3790,2018-07-18,9 15 16 20 33 34
3791,2018-07-19,8 9 32 33 36 44
3792,2018-07-19,5 15 20 23 34 44
3793,2018-07-20,1 2 14 31 33 41
3794,2018-07-20,2 16 21 33 35 36
3795,2018-07-21,3 9 12 30 36 39
3796,2018-07-21,18 23 24 30 38 45
3797,2018-07-22,3 21 24 27 28 41
3798,2018-07-22,6 12 14 22 31 39
3799,2018-07-23,1 2 20 23 43 45
3800,2018-07-23,3 10 14 21 26 27
3801,2018-07-24,7 21 29 38 39 45
3802,2018-07-24,18 22 24 29 33 42
3803,2018-07-25,9 14 19 28 39 43
3804,2018-07-25,1 8 16 17 19 45
3805,2018-07-26,1 11 17 35 38 43
3806,2018-07-26,1 8 15 28 39 45
3807,2018-07-27,4 16 31 32 38 42
3808,2018-07-27,11 22 33 38 44 45
3809,2018-07-28,4 12 23 27 31 40
3810,2018-07-28,4 6 16 28 34 41
3811,2018-07-29,1 5 15 16 28 39
3812,2018-07-29,1 5 15 24 33 38
3813,2018-07-30,1 10 17 33 35 44
3814,2018-07-30,3 8 20 27 30 42
3815,2018-07-31,1 5 18 31 38 41
3816,2018-07-31,20 26 32 34 38 42
3817,2018-08-01,18 19 33 37 39 40
3818,2018-08-01,2 13 21 23 36 40
3819,2018-08-02,10 11 18 26 37 44
3820,2018-08-02,3 4 34 37 41 42
3821,2018-08-03,2 10 27 35 36 40
3822,2018-08-03,4 5 8 13 27 40
3823,2018-08-04,8 15 19 26 29 40
3824,2018-08-04,14 29 31 33 37 39
3825,2018-08-05,4 12 19 20 21 40
3826,2018-08-05,1 14 15 26 33 35
3827,2018-08-06,14 26 36 40 41 45
3828,2018-08-06,8 9 22 29 33 38
3829,2018-08-07,2 5 23 25 33 39
3830,2018-08-07,1 7 12 17 38 45
3831,2018-08-08,1 7 12 18 27 34
3832,2018-08-08,1 5 14 18 31 32
3833,2018-08-09,2 3 17 27 34 38
3834,2018-08-09,24 26 29 33 42 44
3835,2018-08-10,1 6 16 34 36 44
3836,2018-08-10,7 8 12 21 35 38
3837,2018-08-11,10 15 16 20 22 27
3838,2018-08-11,11 12 16 20 28 38
3839,2018-08-12,18 28 30 38 39 42
3840,2018-08-12,7 11 24 25 31 34
3841,2018-08-13,11 32 35 40 41 45
3842,2018-08-13,3 13 16 20 34 35
3843,2018-08-14,1 2 4 25 32 36
3844,2018-08-14,11 22 27 33 38 42
3845,2018-08-15,13 14 17 20 41 42
3846,2018-08-15,1 7 19 20 25 29
3847,2018-08-16,4 12 28 29 38 45
3848,2018-08-16,9 10 21 26 30 32
3849,2018-08-17,19 21 23 27 32 33
3850,2018-08-17,4 16 20 22 25 26
3851,2018-08-18,2 12 14 23 31 32
3852,2018-08-18,5 13 22 25 26 35
3853,2018-08-19,3 4 20 24 28 35
3854,2018-08-19,10 12 18 33 34 36
3855,2018-08-20,6 7 16 18 30 35
3856,2018-08-20,4 19 22 32 41 44
3857,2018-08-21,8 24 25 28 39 44
3858,2018-08-21,16 20 31 32 41 42
3859,2018-08-22,4 16 22 33 34 36
3860,2018-08-22,8 9 27 28 32 37
3861,2018-08-23,3 9 10 13 20 22
3862,2018-08-23,2 12 13 16 22 40
3863,2018-08-24,10 14 16 19 41 43
3864,2018-08-24,12 21 27 33 35 41
3865,2018-08-25,8 13 15 34 39 40
3866,2018-08-25,8 10 32 33 36 39
3867,2018-08-26,7 10 22 34 37 41
3868,2018-08-26,8 9 17 22 26 36
3869,2018-08-27,5 18 22 24 32 40
3870,2018-08-27,5 18 22 35 39 44
3871,2018-08-28,18 21 24 32 41 42
3872,2018-08-28,2 13 20 31 41 45
3873,2018-08-29,5 10 15 24 38 42
3874,2018-08-29,4 10 13 14 16 34
3875,2018-08-30,1 9 24 27 35 38
3876,2018-08-30,8 11 14 15 19 29
3877,2018-08-31,13 24 26 31 34 42
3878,2018-08-31,9 14 20 26 31 38
3879,2018-09-01,4 10 12 27 39 45
3880,2018-09-01,14 16 22 26 35 41
3881,2018-09-02,1 8 9 13 17 31
3882,2018-09-02,10 14 19 20 25 34
3883,2018-09-03,3 5 8 25 35 37
3884,2018-09-03,1 3 4 20 24 29
3885,2018-09-04,7 10 15 18 20 26
3886,2018-09-04,3 8 12 17 33 36
3887,2018-09-05,7 21 26 30 32 42
3888,2018-09-05,2 4 16 29 30 35
3889,2018-09-06,13 17 21 31 36 44
3890,2018-09-06,1 4 5 8 12 30
3891,2018-09-07,19 24 26 31 35 41
3892,2018-09-07,9 15 23 31 37 44
3893,2018-09-08,3 7 22 25 36 38
3894,2018-09-08,3 20 22 26 31 37
3895,2018-09-09,2 3 8 17 31 45
3896,2018-09-09,6 17 19 20 21 28
3897,2018-09-10,4 6 10 21 40 43
3898,2018-09-10,13 28 39 41 43 44
3899,2018-09-11,3 11 12 16 33 37
3900,2018-09-11,5 7 14 25 26 40
3901,2018-09-12,1 4 10 27 43 45
3902,2018-09-12,6 7 10 11 32 34
3903,2018-09-13,3 19 21 34 36 42
3904,2018-09-13,2 16 20 22 27 44
3905,2018-09-14,2 15 17 41 44 45
3906,2018-09-14,8 11 26 29 31 39
3907,2018-09-15,8 9 10 12 24 27
3908,2018-09-15,1 8 14 27 30 41
3909,2018-09-16,10 16 30 31 36 38
3910,2018-09-16,4 15 22 32 35 40
3911,2018-09-17,2 9 21 29 44 45
3912,2018-09-17,13 17 25 28 37 38
3913,2018-09-18,6 19 23 31 34 40
3914,2018-09-18,6 8 11 19 25 31
3915,2018-09-19,6 14 20 25 27 35
3916,2018-09-19,4 8 10 20 28 40
3917,2018-09-20,8 12 34 38 39 41
3918,2018-09-20,4 21 24 28 31 43
3919,2018-09-21,18 25 28 38 43 44
3920,2018-09-21,8 22 36 39 40 42
3921,2018-09-22,4 13 16 25 27 41
3922,2018-09-22,8 11 15 16 36 38
3923,2018-09-23,6 8 17 18 28 30
3924,2018-09-23,4 9 22 38 40 41
3925,2018-09-24,8 24 27 33 35 36
3926,2018-09-24,7 21 31 32 36 42
3927,2018-09-25,3 4 16 20 26 30
3928,2018-09-25,11 13 33 34 36 43
3929,2018-09-26,2 3 10 32 36 43
3930,2018-09-26,1 8 10 16 18 35
3931,2018-09-27,2 10 15 18 32 34
3932,2018-09-27,4 12 20 28 31 32
3933,2018-09-28,8 13 29 33 34 37
3934,2018-09-28,6 23 24 34 35 36
3935,2018-09-29,3 6 26 28 33 43
3936,2018-09-29,8 11 13 33 35 40
3937,2018-09-30,15 25 29 35 42 44
3938,2018-09-30,4 5 20 24 28 37
3939,2018-10-01,13 14 22 24 31 32
3940,2018-10-01,7 11 20 21 28 29
3941,2018-10-02,7 22 27 28 36 37
3942,2018-10-02,1 6 10 16 42 44
3943,2018-10-03,7 21 22 24 36 39
3944,2018-10-03,6 11 17 28 36 41
3945,2018-10-04,13 21 31 32 35 40
3946,2018-10-04,6 12 15 16 18 35
3947,2018-10-05,8 12 22 25 27 40
3948,2018-10-05,31 36 39 41 43 45
3949,2018-10-06,4 10 14 16 30 37
3950,2018-10-06,4 9 27 32 41 44
3951,2018-10-07,6 11 18 20 34 38
3952,2018-10-07,3 11 31 32 33 36
3953,2018-10-08,17 27 28 34 39 45
3954,2018-10-08,12 16 18 28 40 43
3955,2018-10-09,3 4 19 25 39 40
3956,2018-10-09,12 14 23 38 42 45
3957,2018-10-10,7 12 32 34 36 40
3958,2018-10-10,3 6 15 37 39 40
3959,2018-10-11,14 27 33 37 42 45
3960,2018-10-11,9 11 15 27 33 38
3961,2018-10-12,12 22 26 42 43 45
3962,2018-10-12,17 18 20 24 41 43
3963,2018-10-13,3 19 26 31 40 42
3964,2018-10-13,2 19 29 30 35 44
3965,2018-10-14,3 15 17 31 39 42
3966,2018-10-14,4 8 9 15 18 45
3967,2018-10-15,15 24 25 27 31 32
3968,2018-10-15,9 23 27 31 42 43
3969,2018-10-16,6 15 19 21 29 44
3970,2018-10-16,1 10 13 27 28 41
3971,2018-10-17,3 9 12 16 17 42
3972,2018-10-17,6 23 30 33 37 40
3973,2018-10-18,3 4 25 27 39 41
3974,2018-10-18,4 5 7 8 17 18
3975,2018-10-19,6 19 21 23 31 42
3976,2018-10-19,1 11 20 24 27 29
3977,2018-10-20,4 12 16 19 21 31
3978,2018-10-20,2 12 15 22 32 39
3979,2018-10-21,14 17 20 25 29 33
3980,2018-10-21,19 20 25 30 33 36
3981,2018-10-22,5 13 27 31 32 43
3982,2018-10-22,23 24 36 39 42 43
3983,2018-10-23,3 6 24 27 35 37
3984,2018-10-23,8 12 20 27 33 38
3985,2018-10-24,5 9 12 18 23 36
3986,2018-10-24,13 21 30 34 39 42
3987,2018-10-25,3 8 13 14 29 43
3988,2018-10-25,8 15 22 28 29 34
3989,2018-10-26,3 7 19 25 31 34
3990,2018-10-26,7 11 20 21 42 44
3991,2018-10-27,7 27 28 31 36 38
3992,2018-10-27,7 11 16 21 32 44
3993,2018-10-28,9 12 24 25 26 28
3994,2018-10-28,13 23 26 28 30 44
3995,2018-10-29,6 9 13 21 26 45
3996,2018-10-29,1 6 14 21 29 36
3997,2018-10-30,4 17 23 27 28 34
3998,2018-10-30,5 27 34 35 39 42
3999,2018-10-31,13 17 21 24 35 40
4000,2018-10-31,7 9 16 18 19 44
4001,2018-11-01,10 24 27 30 40 41
4002,2018-11-01,3 9 13 16 26 33
4003,2018-11-02,9 15 19 25 28 34
4004,2018-11-02,4 7 8 23 24 45
4005,2018-11-03,1 22 27 28 33 38
4006,2018-11-03,3 8 18 24 27 43
4007,2018-11-04,4 8 10 13 20 41
4008,2018-11-04,13 24 36 38 39 41
4009,2018-11-05,5 9 10 16 27 33
4010,2018-11-05,16 19 20 23 34 43
4011,2018-11-06,4 11 12 13 25 43
4012,2018-11-06,6 9 11 18 36 37
4013,2018-11-07,2 6 7 9 13 32
4014,2018-11-07,6 7 17 26 33 43
4015,2018-11-08,1 9 25 29 41 43
4016,2018-11-08,3 29 36 41 42 45
4017,2018-11-09,1 11 18 28 40 44
4018,2018-11-09,4 8 17 25 26 37
4019,2018-11-10,6 12 17 26 36 45
4020,2018-11-10,5 6 17 23 35 37
4021,2018-11-11,7 8 16 26 37 39
4022,2018-11-11,21 27 28 29 30 31
4023,2018-11-12,11 19 21 27 33 40
4024,2018-11-12,16 18 20 23 29 40
4025,2018-11-13,5 12 24 31 39 41
4026,2018-11-13,2 9 22 29 37 41
4027,2018-11-14,6 11 26 39 42 45
4028,2018-11-14,1 3 20 26 28 35
4029,2018-11-15,4 9 13 16 35 36
4030,2018-11-15,6 12 27 28 41 44
4031,2018-11-16,2 5 12 28 40 44
4032,2018-11-16,2 11 14 32 37 42
4033,2018-11-17,3 10 20 29 31 32
4034,2018-11-17,4 8 17 30 35 40
4035,2018-11-18,3 19 23 24 31 35
4036,2018-11-18,3 6 15 24 30 40
4037,2018-11-19,3 6 18 27 28 44
4038,2018-11-19,1 10 12 19 27 40
4039,2018-11-20,3 7 21 22 38 41
4040,2018-11-20,13 19 28 34 39 43
4041,2018-11-21,9 11 21 28 38 42
4042,2018-11-21,3 4 8 19 33 34
4043,2018-11-22,2 11 12 22 36 41
4044,2018-11-22,1 12 26 28 38 42
4045,2018-11-23,3 5 25 31 34 37
4046,2018-11-23,3 11 20 23 34 37
4047,2018-11-24,10 19 27 33 43 45
4048,2018-11-24,3 5 16 20 31 45
4049,2018-11-25,1 7 17 21 26 28
4050,2018-11-25,10 13 17 18 27 32
4051,2018-11-26,3 8 9 11 20 23
4052,2018-11-26,10 11 13 29 31 33
4053,2018-11-27,2 6 17 19 23 42
4054,2018-11-27,3 9 27 29 33 35
4055,2018-11-28,4 6 15 18 24 29
4056,2018-11-28,3 9 10 17 25 32
4057,2018-11-29,5 13 19 26 36 42
4058,2018-11-29,7 13 21 26 32 34
4059,2018-11-30,2 3 6 19 20 23
4060,2018-11-30,1 2 18 21 36 37
4061,2018-12-01,6 7 12 15 32 36
4062,2018-12-01,13 16 20 28 33 36
4063,2018-12-02,2 19 24 39 40 42
4064,2018-12-02,10 13 19 25 29 41
4065,2018-12-03,3 4 17 18 30 41
4066,2018-12-03,2 15 25 27 29 44
4067,2018-12-04,4 14 23 31 36 38
4068,2018-12-04,2 12 17 19 33 36
4069,2018-12-05,13 19 22 26 32 43
4070,2018-12-05,8 11 30 38 44 45
4071,2018-12-06,2 16 18 24 34 43
4072,2018-12-06,3 9 10 12 14 25
4073,2018-12-07,2 8 16 22 33 45
4074,2018-12-07,10 16 21 25 38 42
4075,2018-12-08,4 5 16 20 22 27
4076,2018-12-08,12 15 21 28 40 41
4077,2018-12-09,13 18 28 33 34 41
4078,2018-12-09,1 9 24 33 37 39
4079,2018-12-10,10 13 23 24 30 33
4080,2018-12-10,5 12 25 26 32 33
4081,2018-12-11,23 25 32 39 41 44
4082,2018-12-11,6 11 17 28 31 42
4083,2018-12-12,4 6 11 12 28 30
4084,2018-12-12,8 18 23 35 41 42
4085,2018-12-13,5 18 20 27 29 32
4086,2018-12-13,13 19 24 26 30 43
4087,2018-12-14,5 10 12 20 21 45
4088,2018-12-14,2 17 31 35 40 42
4089,2018-12-15,6 15 23 30 33 43
4090,2018-12-15,4 10 11 15 31 32
4091,2018-12-16,3 4 12 42 43 44
4092,2018-12-16,4 5 13 19 22 23
4093,2018-12-17,7 17 22 23 31 37
4094,2018-12-17,2 3 4 12 25 41
4095,2018-12-18,15 16 26 28 41 45
4096,2018-12-18,2 8 25 33 39 44
4097,2018-12-19,4 11 17 24 26 44
4098,2018-12-19,1 4 27 28 33 38
4099,2018-12-20,9 16 18 24 32 36
4100,2018-12-20,10 12 31 34 38 44
4101,2018-12-21,3 9 13 23 26 40
4102,2018-12-21,6 7 13 30 37 39
4103,2018-12-22,1 2 8 17 19 24
4104,2018-12-22,6 10 18 28 36 38
4105,2018-12-23,5 13 21 23 24 39
4106,2018-12-23,8 10 17 31 34 39
4107,2018-12-24,4 8 23 35 40 45
4108,2018-12-24,4 14 15 29 36 40
4109,2018-12-25,3 9 15 23 32 45
4110,2018-12-25,8 16 22 34 36 40
4111,2018-12-26,9 14 16 24 27 34
4112,2018-12-26,3 9 14 30 31 40
4113,2018-12-27,1 3 10 29 34 38
4114,2018-12-27,9 12 29 34 36 42
4115,2018-12-28,2 3 6 17 31 32
4116,2018-12-28,3 10 12 18 19 28
4117,2018-12-29,2 4 9 17 35 43
4118,2018-12-29,10 12 15 19 34 36
4119,2018-12-30,14 17 19 24 28 30
4120,2018-12-30,5 14 19 23 29 41
4121,2018-12-31,4 17 22 25 35 36
4122,2018-12-31,6 11 17 25 40 42
4123,2019-01-01,3 6 39 40 41 45
4124,2019-01-01,28 29 32 33 34 40
4125,2019-01-02,18 23 24 30 34 45
4126,2019-01-02,11 17 21 30 32 45
4127,2019-01-03,4 8 12 20 24 45
4128,2019-01-03,4 13 20 21 32 42
4129,2019-01-04,8 11 12 17 25 45
4130,2019-01-04,2 15 18 30 37 40
4131,2019-01-05,5 8 14 17 31 38
4132,2019-01-05,4 14 15 17 35 42
4133,2019-01-06,2 5 14 21 32 37
4134,2019-01-06,5 16 18 29 33 45
4135,2019-01-07,12 19 34 35 40 42
4136,2019-01-07,7 12 21 26 30 34
4137,2019-01-08,10 11 19 23 31 42
4138,2019-01-08,2 7 9 11 38 40
4139,2019-01-09,6 22 24 36 38 45
4140,2019-01-09,8 26 28 37 43 44
4141,2019-01-10,3 11 17 19 29 35
4142,2019-01-10,8 36 37 38 43 44
4143,2019-01-11,6 19 22 30 36 40
4144,2019-01-11,9 13 26 30 34 43
4145,2019-01-12,14 17 23 30 32 38
4146,2019-01-12,4 7 29 30 44 45
4147,2019-01-13,5 8 22 24 26 36
4148,2019-01-13,3 8 21 26 31 42
4149,2019-01-14,6 22 32 36 40 43
4150,2019-01-14,6 12 15 28 30 37
4151,2019-01-15,5 18 25 40 41 42
4152,2019-01-15,4 8 18 26 43 45
4153,2019-01-16,2 15 21 24 28 39
4154,2019-01-16,3 10 11 16 21 40
4155,2019-01-17,5 7 9 21 24 40
4156,2019-01-17,26 32 38 39 43 45
4157,2019-01-18,6 9 17 38 39 40
4158,2019-01-18,16 21 30 31 36 40
4159,2019-01-19,2 6 13 23 37 45
4160,2019-01-19,1 3 11 12 18 23
4161,2019-01-20,3 13 19 28 30 42
4162,2019-01-20,6 12 21 29 30 40
4163,2019-01-21,4 10 26 33 36 42
4164,2019-01-21,1 4 13 36 39 42
4165,2019-01-22,3 4 22 23 24 27
4166,2019-01-22,4 13 34 40 41 43
4167,2019-01-23,25 27 32 33 40 42
4168,2019-01-23,19 22 29 31 34 37
4169,2019-01-24,6 12 25 36 37 42
4170,2019-01-24,2 15 19 22 34 44
4171,2019-01-25,5 16 17 22 27 45
4172,2019-01-25,7 26 30 31 32 45
4173,2019-01-26,3 20 24 25 30 39
4174,2019-01-26,9 13 29 33 37 41
4175,2019-01-27,7 9 12 21 23 42
4176,2019-01-27,8 23 26 27 33 38
4177,2019-01-28,3 14 19 40 42 43
4178,2019-01-28,3 4 17 28 38 40
4179,2019-01-29,8 9 22 34 42 43
4180,2019-01-29,4 10 24 32 35 44
4181,2019-01-30,4 24 28 30 37 44
4182,2019-01-30,11 22 31 35 38 44
4183,2019-01-31,8 13 15 24 31 32
4184,2019-01-31,5 16 27 33 37 40
4185,2019-02-01,3 11 23 28 34 45
4186,2019-02-01,6 7 11 25 40 41
4187,2019-02-02,11 12 19 21 26 28
4188,2019-02-02,19 20 25 30 32 34
4189,2019-02-03,9 35 38 39 41 42
4190,2019-02-03,6 8 9 14 28 29
4191,2019-02-04,1 11 15 27 35 39
4192,2019-02-04,12 23 24 26 27 34
4193,2019-02-05,9 17 28 35 36 44
4194,2019-02-05,2 3 11 13 14 20
4195,2019-02-06,14 21 29 34 36 45
4196,2019-02-06,4 5 6 23 30 37
4197,2019-02-07,3 10 20 21 24 30
4198,2019-02-07,13 26 28 32 37 43
4199,2019-02-08,4 10 27 29 32 40
4200,2019-02-08,8 9 12 27 28 45
4201,2019-02-09,2 3 9 36 37 40
4202,2019-02-09,3 6 9 20 21 42
4203,2019-02-10,6 14 19 25 37 40
4204,2019-02-10,4 11 20 21 43 45
4205,2019-02-11,16 22 27 29 38 40
4206,2019-02-11,22 29 33 34 36 37
4207,2019-02-12,12 18 23 28 36 40
4208,2019-02-12,3 7 9 19 42 44
4209,2019-02-13,6 7 12 16 18 34
4210,2019-02-13,5 18 21 26 38 43
4211,2019-02-14,2 27 29 31 44 45
4212,2019-02-14,2 7 14 23 28 33
4213,2019-02-15,1 17 18 24 29 36
4214,2019-02-15,3 5 15 28 38 45
4215,2019-02-16,7 21 22 23 39 42
4216,2019-02-16,11 19 20 26 38 40
4217,2019-02-17,11 14 15 16 32 40
4218,2019-02-17,5 12 21 24 25 43
4219,2019-02-18,3 14 21 24 31 43
4220,2019-02-18,1 15 19 21 28 41
4221,2019-02-19,6 7 16 17 31 44
4222,2019-02-19,2 15 24 26 30 35
4223,2019-02-20,5 6 8 22 30 42
4224,2019-02-20,9 12 28 33 35 39
4225,2019-02-21,20 25 31 33 35 39
4226,2019-02-21,4 8 19 32 40 44
4227,2019-02-22,4 24 25 34 35 37
4228,2019-02-22,2 3 4 24 37 44
4229,2019-02-23,13 18 29 30 31 35
4230,2019-02-23,2 14 17 18 42 43
4231,2019-02-24,15 28 32 38 39 44
4232,2019-02-24,5 15 17 19 23 35
4233,2019-02-25,2 3 7 13 17 39
4234,2019-02-25,14 15 26 34 38 44
4235,2019-02-26,12 14 15 16 32 33
4236,2019-02-26,1 5 23 28 40 42
4237,2019-02-27,13 16 26 35 37 38
4238,2019-02-27,10 14 20 25 42 43
4239,2019-02-28,3 10 11 26 27 28
4240,2019-02-28,4 17 21 24 41 42
4241,2019-03-01,4 8 9 26 39 44
4242,2019-03-01,2 18 19 25 26 30
4243,2019-03-02,4 11 21 23 34 39
4244,2019-03-02,6 15 22 32 34 43
4245,2019-03-03,4 11 15 19 27 38
4246,2019-03-03,3 12 14 17 29 37
4247,2019-03-04,7 18 20 35 40 45
4248,2019-03-04,5 12 27 29 35 40
4249,2019-03-05,2 5 11 12 21 33
4250,2019-03-05,3 10 14 15 32 36
4251,2019-03-06,1 16 18 27 30 44
4252,2019-03-06,2 20 23 26 27 33
4253,2019-03-07,8 19 29 37 41 45
4254,2019-03-07,2 3 4 5 17 43
4255,2019-03-08,15 18 30 39 42 43
4256,2019-03-08,1 15 22 35 36 45
4257,2019-03-09,12 16 27 29 39 43
4258,2019-03-09,4 20 21 29 37 41
4259,2019-03-10,2 4 7 21 30 33
4260,2019-03-10,1 9 12 21 37 42
4261,2019-03-11,2 16 23 28 30 45
4262,2019-03-11,14 18 21 22 28 35
4263,2019-03-12,4 5 6 30 34 38
4264,2019-03-12,4 18 19 22 40 42
4265,2019-03-13,5 12 15 16 21 36
4266,2019-03-13,1 4 9 19 27 39
4267,2019-03-14,13 19 24 35 36 38
4268,2019-03-14,2 8 24 30 41 45
4269,2019-03-15,27 28 32 36 37 43
4270,2019-03-15,7 18 28 30 43 45
4271,2019-03-16,2 8 28 33 34 44
4272,2019-03-16,3 9 14 22 23 37
4273,2019-03-17,4 5 10 17 21 37
4274,2019-03-17,8 19 20 31 35 38
4275,2019-03-18,9 21 30 34 43 45
4276,2019-03-18,1 2 17 19 24 45
4277,2019-03-19,6 11 23 25 34 35
4278,2019-03-19,2 17 22 36 43 44
4279,2019-03-20,5 13 14 22 31 45
4280,2019-03-20,3 17 22 27 28 29
4281,2019-03-21,3 14 17 21 30 36
4282,2019-03-21,12 13 18 22 29 45
4283,2019-03-22,9 13 22 25 33 39
4284,2019-03-22,1 20 22 24 27 32
4285,2019-03-23,8 15 33 37 38 43
4286,2019-03-23,2 8 28 32 34 35
4287,2019-03-24,14 15 24 31 35 43
4288,2019-03-24,7 9 14 17 18 35
4289,2019-03-25,1 12 15 19 39 40
4290,2019-03-25,7 10 12 17 34 41
4291,2019-03-26,5 10 12 15 28 44
4292,2019-03-26,13 24 29 35 39 44
4293,2019-03-27,11 18 27 35 43 45
4294,2019-03-27,14 23 29 30 34 43
4295,2019-03-28,9 10 24 38 40 43
4296,2019-03-28,11 18 23 30 44 45
4297,2019-03-29,18 23 33 34 39 44
4298,2019-03-29,3 7 14 25 35 39
4299,2019-03-30,14 20 21 26 28 45
4300,2019-03-30,11 16 18 26 37 42
4301,2019-03-31,20 25 26 42 43 45
4302,2019-03-31,16 25 26 33 42 43
4303,2019-04-01,18 20 27 30 33 37
4304,2019-04-01,8 9 11 17 35 38
4305,2019-04-02,14 20 29 34 37 41
4306,2019-04-02,8 10 21 37 42 43
4307,2019-04-03,12 17 18 21 33 43
4308,2019-04-03,2 7 20 29 32 45
4309,2019-04-04,13 29 31 37 40 41
4310,2019-04-04,4 10 20 28 33 43
4311,2019-04-05,10 25 26 28 31 35
4312,2019-04-05,2 8 28 31 36 37
4313,2019-04-06,5 6 7 20 22 31
4314,2019-04-06,1 2 8 10 35 36
4315,2019-04-07,2 3 18 20 37 42
4316,2019-04-07,5 18 22 39 41 44
4317,2019-04-08,6 26 33 34 43 45
4318,2019-04-08,12 17 18 31 36 43
4319,2019-04-09,11 26 27 37 42 43
4320,2019-04-09,14 26 28 31 36 42
4321,2019-04-10,13 26 27 34 38 39
4322,2019-04-10,4 9 13 17 36 42
4323,2019-04-11,1 2 10 25 27 33
4324,2019-04-11,4 14 20 28 32 38
4325,2019-04-12,2 21 23 24 25 27
4326,2019-04-12,5 6 8 21 27 42
4327,2019-04-13,15 21 27 28 35 39
4328,2019-04-13,19 23 25 27 37 38
4329,2019-04-14,2 13 14 15 19 41
4330,2019-04-14,1 2 3 14 29 35
4331,2019-04-15,4 7 13 14 22 44
4332,2019-04-15,7 11 12 24 34 36
4333,2019-04-16,3 4 19 31 32 39
4334,2019-04-16,1 9 24 35 38 41
4335,2019-04-17,1 10 28 30 34 40
4336,2019-04-17,8 11 24 25 33 34
4337,2019-04-18,5 14 23 25 35 41
4338,2019-04-18,1 2 14 25 35 45
4339,2019-04-19,5 10 12 17 25 26
4340,2019-04-19,3 13 16 18 22 36
4341,2019-04-20,12 14 23 29 33 41
4342,2019-04-20,6 9 12 21 22 26
4343,2019-04-21,2 9 12 14 35 44
4344,2019-04-21,1 5 21 28 38 43
4345,2019-04-22,3 15 17 24 39 41
4346,2019-04-22,1 7 20 22 34 45
4347,2019-04-23,4 5 12 15 33 36
4348,2019-04-23,2 15 25 32 35 43
4349,2019-04-24,6 23 32 33 43 45
4350,2019-04-24,11 15 17 26 27 36
4351,2019-04-25,9 13 16 20 28 37
4352,2019-04-25,4 10 11 12 13 38
4353,2019-04-26,8 13 18 21 23 42
4354,2019-04-26,1 15 16 17 27 34
4355,2019-04-27,7 12 22 26 35 43
4356,2019-04-27,7 11 20 21 25 29
4357,2019-04-28,2 12 28 34 41 45
4358,2019-04-28,4 11 12 19 20 44
4359,2019-04-29,1 4 16 25 28 36
4360,2019-04-29,17 20 36 37 38 41
4361,2019-04-30,19 23 25 33 36 45
4362,2019-04-30,2 4 15 29 38 39
4363,2019-05-01,17 27 30 35 39 42
4364,2019-05-01,5 7 12 15 33 37
4365,2019-05-02,5 17 24 26 32 38
4366,2019-05-02,6 10 11 21 27 39
4367,2019-05-03,9 15 17 22 38 41
4368,2019-05-03,2 5 10 15 26 41
4369,2019-05-04,2 6 7 8 13 28
4370,2019-05-04,3 4 7 9 14 32
4371,2019-05-05,6 8 17 23 32 38
4372,2019-05-05,7 8 26 29 37 41
4373,2019-05-06,11 14 17 28 30 36
4374,2019-05-06,2 7 8 20 25 35
4375,2019-05-07,9 10 29 30 33 41
4376,2019-05-07,1 11 15 18 28 39
4377,2019-05-08,12 14 16 18 37 38
4378,2019-05-08,16 21 30 32 36 39
4379,2019-05-09,6 10 11 15 19 32
4380,2019-05-09,13 17 28 38 43 44
4381,2019-05-10,2 6 17 23 24 33
4382,2019-05-10,3 14 30 37 38 43
4383,2019-05-11,9 10 28 29 32 33
4384,2019-05-11,7 8 15 20 21 23
4385,2019-05-12,4 15 31 33 36 37
4386,2019-05-12,1 2 3 24 32 34
4387,2019-05-13,1 12 26 27 28 34
4388,2019-05-13,1 10 14 24 32 35
4389,2019-05-14,16 22 23 36 39 45
4390,2019-05-14,1 16 23 24 25 35
4391,2019-05-15,10 16 17 22 30 39
4392,2019-05-15,2 3 12 24 31 32
4393,2019-05-16,19 20 23 32 38 40
4394,2019-05-16,1 2 10 27 37 39
4395,2019-05-17,10 19 26 34 36 39
4396,2019-05-17,8 12 24 32 35 41
4397,2019-05-18,5 8 28 29 31 36
4398,2019-05-18,15 17 23 33 39 40
4399,2019-05-19,7 15 18 36 37 41
4400,2019-05-19,17 18 26 31 33 45
4401,2019-05-20,3 7 10 26 35 38
4402,2019-05-20,10 16 32 35 36 39
4403,2019-05-21,13 14 23 28 40 42
4404,2019-05-21,7 12 17 22 38 42
4405,2019-05-22,6 8 9 13 31 41
4406,2019-05-22,13 16 18 24 30 32
4407,2019-05-23,2 19 24 28 29 33
4408,2019-05-23,6 7 8 25 29 31
4409,2019-05-24,11 13 20 23 39 45
4410,2019-05-24,14 31 34 36 39 44
4411,2019-05-25,7 20 22 29 38 39
4412,2019-05-25,2 26 33 39 40 44
4413,2019-05-26,5 12 25 32 36 44
4414,2019-05-26,3 10 24 26 28 44
4415,2019-05-27,1 15 17 19 24 30
4416,2019-05-27,14 15 19 27 30 31
4417,2019-05-28,6 18 20 27 34 41
4418,2019-05-28,5 8 14 15 21 38
4419,2019-05-29,15 17 18 21 42 45
4420,2019-05-29,2 14 20 34 38 41
4421,2019-05-30,5 15 24 26 34 43
4422,2019-05-30,6 9 33 36 42 45
4423,2019-05-31,4 5 8 12 20 23
4424,2019-05-31,2 11 22 25 28 44
4425,2019-06-01,6 9 13 28 29 42
4426,2019-06-01,26 33 36 39 41 43
4427,2019-06-02,1 3 9 12 36 42
4428,2019-06-02,4 6 10 31 40 45
4429,2019-06-03,1 14 23 36 40 43
4430,2019-06-03,3 8 12 13 34 43
4431,2019-06-04,3 5 14 23 30 43
4432,2019-06-04,2 10 12 21 28 42
4433,2019-06-05,7 8 9 14 16 34
4434,2019-06-05,6 15 21 24 28 36
4435,2019-06-06,5 12 14 23 32 38
4436,2019-06-06,10 14 18 24 34 44
4437,2019-06-07,10 18 25 31 33 37
4438,2019-06-07,1 7 14 16 19 44
4439,2019-06-08,1 4 5 16 25 38
4440,2019-06-08,3 10 17 32 38 41
4441,2019-06-09,1 7 11 15 37 38
4442,2019-06-09,4 7 13 17 21 32
4443,2019-06-10,4 7 16 33 39 42
4444,2019-06-10,15 19 25 29 31 43
4445,2019-06-11,2 7 13 19 37 40
4446,2019-06-11,8 13 18 34 43 45
4447,2019-06-12,12 16 22 24 26 39
4448,2019-06-12,1 4 35 40 41 42
4449,2019-06-13,9 10 11 13 22 37
4450,2019-06-13,4 20 24 29 37 41
4451,2019-06-14,12 25 30 38 43 45
4452,2019-06-14,11 21 27 28 31 36
4453,2019-06-15,7 27 29 32 33 34
4454,2019-06-15,7 22 27 28 35 41
4455,2019-06-16,12 16 19 21 25 28
4456,2019-06-16,4 7 20 24 34 35
4457,2019-06-17,2 14 24 26 32 35
4458,2019-06-17,2 9 15 33 38 39
4459,2019-06-18,13 18 23 27 30 41
4460,2019-06-18,14 23 25 36 38 45
4461,2019-06-19,4 20 31 39 42 44
4462,2019-06-19,4 9 13 28 31 38
4463,2019-06-20,5 19 21 24 31 34
4464,2019-06-20,10 19 22 27 33 35
4465,2019-06-21,2 4 8 9 11 21
4466,2019-06-21,6 16 26 34 36 42
4467,2019-06-22,10 13 18 28 31 35
4468,2019-06-22,3 8 13 22 24 30
4469,2019-06-23,13 27 31 33 35 44
4470,2019-06-23,3 12 17 36 39 45
4471,2019-06-24,2 13 14 15 27 43
4472,2019-06-24,3 8 24 26 29 31
4473,2019-06-25,3 16 21 26 28 38
4474,2019-06-25,13 22 29 30 31 43
4475,2019-06-26,5 15 24 29 35 37
4476,2019-06-26,17 23 24 36 39 44
4477,2019-06-27,16 19 25 29 33 35
4478,2019-06-27,14 17 28 34 35 40
4479,2019-06-28,3 14 19 32 37 43
4480,2019-06-28,5 6 7 12 26 34
4481,2019-06-29,8 10 22 33 36 37
4482,2019-06-29,8 11 14 22 32 33
4483,2019-06-30,3 11 24 30 41 45
4484,2019-06-30,1 25 26 30 35 41
4485,2019-07-01,11 13 18 38 40 43
4486,2019-07-01,1 2 10 31 37 45
4487,2019-07-02,8 16 24 36 40 44
4488,2019-07-02,7 23 29 38 40 45
4489,2019-07-03,2 5 10 16 25 42
4490,2019-07-03,2 5 15 31 38 40
4491,2019-07-04,5 10 14 19 26 33
4492,2019-07-04,1 6 12 18 34 38
4493,2019-07-05,1 6 14 28 29 40
4494,2019-07-05,1 4 10 11 39 40
4495,2019-07-06,4 8 17 35 38 43
4496,2019-07-06,6 8 11 14 21 33
4497,2019-07-07,2 5 10 15 19 43
4498,2019-07-07,4 5 11 13 41 45
4499,2019-07-08,7 18 21 23 27 31
4500,2019-07-08,2 6 14 19 32 36
4501,2019-07-09,2 10 28 41 44 45
4502,2019-07-09,1 6 24 25 38 45
4503,2019-07-10,4 5 20 27 28 37
4504,2019-07-10,4 5 16 19 26 37
4505,2019-07-11,8 21 25 34 36 43
4506,2019-07-11,12 13 18 30 31 34
4507,2019-07-12,17 19 21 23 34 42
4508,2019-07-12,5 12 19 31 38 45
4509,2019-07-13,12 13 20 26 28 42
4510,2019-07-13,8 12 16 20 21 34
4511,2019-07-14,12 13 22 27 38 42
4512,2019-07-14,12 13 21 27 32 34
4513,2019-07-15,9 17 19 22 23 29
4514,2019-07-15,8 12 17 29 32 36
4515,2019-07-16,16 22 25 31 39 45
4516,2019-07-16,7 15 19 22 35 36
4517,2019-07-17,4 12 15 17 21 34
4518,2019-07-17,1 11 12 35 36 40
4519,2019-07-18,7 23 29 34 38 41
4520,2019-07-18,18 21 23 25 32 36
4521,2019-07-19,3 6 23 25 35 43
4522,2019-07-19,10 23 25 29 38 42
4523,2019-07-20,2 12 26 27 34 40
4524,2019-07-20,11 16 32 35 37 45
4525,2019-07-21,2 7 8 22 28 39
4526,2019-07-21,4 6 12 19 29 36
4527,2019-07-22,4 24 33 39 40 45
4528,2019-07-22,5 10 11 12 26 32
4529,2019-07-23,4 5 10 19 33 40
4530,2019-07-23,1 2 12 20 31 33
4531,2019-07-24,6 17 23 24 32 37
4532,2019-07-24,1 4 25 28 42 45
4533,2019-07-25,14 17 19 34 35 38
4534,2019-07-25,1 6 21 28 38 39
4535,2019-07-26,13 15 23 32 36 39
4536,2019-07-26,3 4 16 25 28 34
4537,2019-07-27,1 12 17 20 24 45
4538,2019-07-27,18 20 24 33 39 40
4539,2019-07-28,2 5 6 18 21 31
4540,2019-07-28,10 12 13 16 26 30
4541,2019-07-29,5 26 29 30 35 38
4542,2019-07-29,8 23 34 38 39 40
4543,2019-07-30,4 17 20 31 37 39
4544,2019-07-30,1 16 22 37 38 44
4545,2019-07-31,1 3 9 23 39 41
4546,2019-07-31,5 26 27 29 44 45
4547,2019-08-01,3 10 20 23 37 40
4548,2019-08-01,1 5 16 34 38 41
4549,2019-08-02,4 6 10 15 21 29
4550,2019-08-02,2 21 22 29 31 32
4551,2019-08-03,6 19 23 28 44 45
4552,2019-08-03,2 3 4 6 7 39
4553,2019-08-04,8 12 17 22 23 32
4554,2019-08-04,8 19 20 31 33 36
4555,2019-08-05,14 18 19 22 30 40
4556,2019-08-05,3 16 30 39 40 41
4557,2019-08-06,2 6 9 15 22 43
4558,2019-08-06,12 17 19 33 36 39
4559,2019-08-07,6 20 21 27 28 32
4560,2019-08-07,1 18 20 24 26 40
4561,2019-08-08,4 20 22 23 33 41
4562,2019-08-08,6 9 13 25 42 45
4563,2019-08-09,3 5 9 11 14 38
4564,2019-08-09,1 9 21 33 34 42
4565,2019-08-10,12 13 15 21 29 38
4566,2019-08-10,8 9 13 20 26 33
4567,2019-08-11,10 17 18 21 44 45
4568,2019-08-11,8 9 11 16 17 31
4569,2019-08-12,2 6 22 36 40 44
4570,2019-08-12,23 24 26 29 34 37
4571,2019-08-13,3 6 7 10 11 34
4572,2019-08-13,8 14 18 20 36 41
4573,2019-08-14,1 10 22 31 36 44
4574,2019-08-14,5 16 23 31 39 41
4575,2019-08-15,7 11 19 28 33 42
4576,2019-08-15,18 27 28 31 40 45
4577,2019-08-16,10 19 23 27 32 39
4578,2019-08-16,2 7 8 27 39 43
4579,2019-08-17,5 14 15 20 25 37
4580,2019-08-17,7 20 23 31 34 38
4581,2019-08-18,1 3 4 5 30 36
4582,2019-08-18,6 25 30 34 37 44
4583,2019-08-19,6 9 12 13 29 44
4584,2019-08-19,3 9 26 32 34 44
4585,2019-08-20,11 18 23 33 35 45
4586,2019-08-20,1 11 15 18 26 36
4587,2019-08-21,4 23 25 28 40 44
4588,2019-08-21,1 9 20 29 31 32
4589,2019-08-22,3 7 16 19 30 38
4590,2019-08-22,23 24 34 41 42 43
4591,2019-08-23,11 14 33 36 40 43
4592,2019-08-23,3 7 21 34 41 45
4593,2019-08-24,5 15 27 40 41 43
4594,2019-08-24,3 4 7 31 36 44
4595,2019-08-25,8 12 24 29 37 45
4596,2019-08-25,3 16 20 21 26 42
4597,2019-08-26,5 15 18 22 23 42
4598,2019-08-26,8 15 30 33 40 44
4599,2019-08-27,1 19 23 24 27 37
4600,2019-08-27,3 4 29 30 42 43
4601,2019-08-28,5 19 22 23 29 33
4602,2019-08-28,2 9 28 29 34 45
4603,2019-08-29,2 7 23 24 31 44
4604,2019-08-29,3 26 30 31 35 36
4605,2019-08-30,19 20 31 33 34 39
4606,2019-08-30,12 14 19 22 34 43
4607,2019-08-31,6 16 37 39 40 45
4608,2019-08-31,1 12 22 25 31 36
4609,2019-09-01,3 4 9 37 42 43
4610,2019-09-01,9 11 24 27 37 38
4611,2019-09-02,6 9 16 26 38 44
4612,2019-09-02,6 11 20 38 43 44
4613,2019-09-03,2 8 20 22 26 39
4614,2019-09-03,2 5 6 10 14 33
4615,2019-09-04,9 14 16 26 29 45
4616,2019-09-04,4 16 30 36 39 45
4617,2019-09-05,16 32 33 35 37 45
4618,2019-09-05,14 25 36 39 40 44
4619,2019-09-06,5 9 10 40 42 45
4620,2019-09-06,21 31 33 38 42 43
4621,2019-09-07,3 19 32 35 38 44
4622,2019-09-07,7 15 18 21 23 31
4623,2019-09-08,8 23 30 34 37 40
4624,2019-09-08,1 4 14 19 24 31
4625,2019-09-09,2 3 4 17 21 22
4626,2019-09-09,2 14 17 18 23 44
4627,2019-09-10,4 18 25 32 39 45
4628,2019-09-10,3 6 7 14 29 45
4629,2019-09-11,5 15 27 34 36 43
4630,2019-09-11,5 9 13 15 34 40
4631,2019-09-12,13 18 26 36 37 43
4632,2019-09-12,7 17 22 38 40 45
4633,2019-09-13,11 12 13 16 19 26
4634,2019-09-13,3 14 16 17 22 33
4635,2019-09-14,2 14 21 23 25 30
4636,2019-09-14,3 9 12 21 22 45
4637,2019-09-15,3 9 18 37 40 45
4638,2019-09-15,15 24 30 33 40 44
4639,2019-09-16,4 5 6 9 34 41
4640,2019-09-16,1 5 9 14 41 45
4641,2019-09-17,3 12 16 29 30 36
4642,2019-09-17,8 17 23 24 31 37
4643,2019-09-18,4 13 19 22 23 43
4644,2019-09-18,10 11 13 16 22 35
4645,2019-09-19,2 11 13 15 21 22
4646,2019-09-19,4 5 17 18 34 36
4647,2019-09-20,1 14 18 24 28 29
4648,2019-09-20,8 14 16 20 26 33
4649,2019-09-21,3 6 29 37 43 45
4650,2019-09-21,1 12 17 24 31 35
4651,2019-09-22,2 8 26 30 38 43
4652,2019-09-22,21 22 24 29 32 42
4653,2019-09-23,4 6 7 15 25 28
4654,2019-09-23,19 22 26 33 37 41
4655,2019-09-24,6 20 36 38 44 45
4656,2019-09-24,6 12 23 28 42 44
4657,2019-09-25,5 13 19 32 35 45
4658,2019-09-25,9 13 25 32 34 42
4659,2019-09-26,17 33 36 39 41 44
4660,2019-09-26,1 8 12 18 20 37
4661,2019-09-27,5 21 26 34 35 41
4662,2019-09-27,1 3 6 14 16 22
4663,2019-09-28,3 9 14 15 26 45
4664,2019-09-28,6 22 25 36 41 42
4665,2019-09-29,10 17 19 27 37 44
4666,2019-09-29,2 18 27 29 31 33
4667,2019-09-30,1 3 24 31 33 35
4668,2019-09-30,1 2 12 39 40 42
4669,2019-10-01,4 15 30 32 34 36
4670,2019-10-01,8 15 19 33 39 45
4671,2019-10-02,15 33 37 40 41 45
4672,2019-10-02,6 11 25 28 40 43
4673,2019-10-03,1 4 19 21 22 45
4674,2019-10-03,1 8 11 20 26 36
4675,2019-10-04,3 24 26 33 35 40
4676,2019-10-04,2 10 25 28 37 44
4677,2019-10-05,2 12 18 21 27 33
4678,2019-10-05,3 13 18 31 39 42
4679,2019-10-06,2 24 33 42 43 44
4680,2019-10-06,5 13 18 29 30 42
4681,2019-10-07,2 19 33 34 40 42
4682,2019-10-07,1 4 7 10 26 38
4683,2019-10-08,1 3 16 26 38 44
4684,2019-10-08,25 27 29 40 43 45
4685,2019-10-09,6 20 29 33 41 44
4686,2019-10-09,11 17 18 22 41 42
4687,2019-10-10,1 25 26 27 30 37
4688,2019-10-10,4 5 8 13 15 29
4689,2019-10-11,8 18 25 30 38 40
4690,2019-10-11,3 4 8 19 21 31
4691,2019-10-12,7 14 17 21 25 44
4692,2019-10-12,10 16 23 29 34 37
4693,2019-10-13,13 15 17 30 43 44
4694,2019-10-13,1 8 20 21 25 26
4695,2019-10-14,1 9 33 37 39 41
4696,2019-10-14,12 19 22 35 40 43
4697,2019-10-15,4 5 20 21 31 42
4698,2019-10-15,9 15 19 33 35 42
4699,2019-10-16,4 7 26 31 42 44
4700,2019-10-16,10 11 17 20 27 32
4701,2019-10-17,3 23 26 32 35 36
4702,2019-10-17,4 9 14 17 33 38
4703,2019-10-18,10 16 23 28 30 44
4704,2019-10-18,6 10 13 15 24 33
4705,2019-10-19,4 9 12 15 33 43
4706,2019-10-19,3 9 12 23 24 43
4707,2019-10-20,4 5 11 23 30 40
4708,2019-10-20,13 17 28 30 33 38
4709,2019-10-21,18 19 22 25 38 41
4710,2019-10-21,7 19 27 32 36 41
4711,2019-10-22,9 10 21 26 35 43
4712,2019-10-22,2 12 14 15 19 20
4713,2019-10-23,9 11 21 30 35 45
4714,2019-10-23,2 3 14 16 20 43
4715,2019-10-24,5 18 21 36 39 43
4716,2019-10-24,6 9 21 24 32 33
4717,2019-10-25,3 5 15 16 23 35
4718,2019-10-25,1 6 26 28 36 38
4719,2019-10-26,23 33 39 40 41 44
4720,2019-10-26,11 21 22 33 34 42
4721,2019-10-27,1 11 29 34 37 43
4722,2019-10-27,1 5 15 22 23 25
4723,2019-10-28,6 16 18 26 31 37
4724,2019-10-28,2 3 24 29 37 38
4725,2019-10-29,3 7 10 12 17 25
4726,2019-10-29,11 14 26 29 31 36
4727,2019-10-30,2 18 20 23 24 30
4728,2019-10-30,2 5 13 24 29 33
4729,2019-10-31,8 16 18 27 37 42
4730,2019-10-31,14 15 18 36 39 42
4731,2019-11-01,22 29 30 32 41 44
4732,2019-11-01,4 14 24 27 30 42
4733,2019-11-02,1 4 23 28 32 42
4734,2019-11-02,10 11 31 33 37 39
4735,2019-11-03,9 12 18 26 27 45
4736,2019-11-03,1 12 15 16 37 42
4737,2019-11-04,3 9 10 23 25 44
4738,2019-11-04,28 30 36 37 43 45
4739,2019-11-05,21 22 23 30 31 35
4740,2019-11-05,6 15 17 26 38 43
4741,2019-11-06,4 5 15 22 29 31
4742,2019-11-06,5 10 17 18 28 43
4743,2019-11-07,12 21 25 31 36 39
4744,2019-11-07,4 18 28 30 39 42
4745,2019-11-08,5 19 21 26 39 44
4746,2019-11-08,13 17 18 26 35 39
4747,2019-11-09,1 18 28 33 37 40
4748,2019-11-09,2 19 22 32 37 38
4749,2019-11-10,8 15 25 26 32 44
4750,2019-11-10,22 35 39 41 43 45
4751,2019-11-11,1 10 18 22 25 43
4752,2019-11-11,4 13 17 18 28 33
4753,2019-11-12,2 8 18 37 39 45
4754,2019-11-12,19 30 37 41 42 45
4755,2019-11-13,1 3 18 26 28 33
4756,2019-11-13,2 3 5 16 20 23
4757,2019-11-14,3 11 14 16 26 32
4758,2019-11-14,4 13 27 37 43 45
4759,2019-11-15,1 6 12 14 23 29
4760,2019-11-15,3 20 29 37 40 45
4761,2019-11-16,2 5 10 15 18 37
4762,2019-11-16,5 8 15 19 31 33
4763,2019-11-17,3 15 16 28 36 37
4764,2019-11-17,2 7 11 17 20 29
4765,2019-11-18,5 15 19 20 22 41
4766,2019-11-18,6 9 13 15 16 20
4767,2019-11-19,9 12 16 19 36 39
4768,2019-11-19,9 19 26 30 40 44
4769,2019-11-20,2 7 12 20 21 22
4770,2019-11-20,1 14 23 36 37 43
4771,2019-11-21,3 9 14 22 37 38
4772,2019-11-21,6 14 21 25 27 39
4773,2019-11-22,5 22 33 39 43 45
4774,2019-11-22,2 6 8 19 22 42
4775,2019-11-23,2 3 5 20 25 32
4776,2019-11-23,6 7 8 14 15 40
4777,2019-11-24,5 19 21 31 36 41
4778,2019-11-24,2 6 17 22 31 37
4779,2019-11-25,3 20 25 28 37 40
4780,2019-11-25,4 13 18 21 33 38
4781,2019-11-26,29 38 39 40 43 44
4782,2019-11-26,9 13 14 20 23 42
4783,2019-11-27,6 14 15 19 23 41
4784,2019-11-27,8 15 18 20 33 38
4785,2019-11-28,14 23 24 28 33 37
4786,2019-11-28,14 22 28 29 37 44
4787,2019-11-29,2 3 9 11 37 43
4788,2019-11-29,11 22 25 29 37 41
4789,2019-11-30,1 2 27 28 29 42
4790,2019-11-30,3 14 17 20 21 45
4791,2019-12-01,14 19 26 33 36 39
4792,2019-12-01,2 6 11 13 23 31
4793,2019-12-02,4 16 20 27 28 44
4794,2019-12-02,11 23 25 33 35 44
4795,2019-12-03,15 18 22 26 43 44
4796,2019-12-03,9 13 20 27 34 37
4797,2019-12-04,7 10 26 27 34 39
4798,2019-12-04,4 18 28 33 36 37
4799,2019-12-05,1 8 9 14 29 40
4800,2019-12-05,5 7 9 16 31 43
4801,2019-12-06,4 6 18 19 24 28
4802,2019-12-06,4 6 19 24 28 38
4803,2019-12-07,8 12 20 25 33 34
4804,2019-12-07,13 20 21 22 33 38
4805,2019-12-08,3 5 12 20 25 27
4806,2019-12-08,5 6 13 14 22 24
4807,2019-12-09,3 11 29 37 41 43
4808,2019-12-09,10 19 20 23 28 37
4809,2019-12-10,14 23 26 29 33 40
4810,2019-12-10,5 9 17 23 28 32
4811,2019-12-11,11 16 21 36 43 44
4812,2019-12-11,2 18 26 32 35 38
4813,2019-12-12,2 15 16 21 30 39
4814,2019-12-12,6 15 19 25 29 43
4815,2019-12-13,6 8 12 26 28 32
4816,2019-12-13,9 12 14 20 26 40
4817,2019-12-14,21 23 24 25 31 41
4818,2019-12-14,8 9 19 28 29 43
4819,2019-12-15,11 12 24 29 34 41
4820,2019-12-15,1 2 23 31 32 44
4821,2019-12-16,19 26 30 32 35 45
4822,2019-12-16,10 20 27 31 32 41
4823,2019-12-17,7 21 34 35 38 39
4824,2019-12-17,19 30 32 37 40 42
4825,2019-12-18,4 13 18 34 35 36
4826,2019-12-18,5 7 11 20 24 25
4827,2019-12-19,14 15 16 24 31 40
4828,2019-12-19,2 18 26 30 31 35
4829,2019-12-20,1 5 7 32 40 42
4830,2019-12-20,27 33 38 42 43 45
4831,2019-12-21,3 16 19 25 32 37
4832,2019-12-21,3 15 17 41 44 45
4833,2019-12-22,2 10 16 20 24 45
4834,2019-12-22,5 11 21 27 35 41
4835,2019-12-23,1 5 9 14 25 38
4836,2019-12-23,8 16 17 20 38 43
4837,2019-12-24,1 3 8 18 23 44
4838,2019-12-24,2 3 21 24 25 45
4839,2019-12-25,13 18 20 23 24 35
4840,2019-12-25,2 15 25 26 27 30
4841,2019-12-26,20 24 25 30 36 42
4842,2019-12-26,5 11 19 23 27 36
4843,2019-12-27,3 9 15 16 21 40
4844,2019-12-27,2 4 15 23 26 38
4845,2019-12-28,4 15 26 34 36 39
4846,2019-12-28,3 8 10 17 36 37
4847,2019-12-29,12 21 22 23 34 43
4848,2019-12-29,5 12 13 20 39 40
4849,2019-12-30,1 10 38 39 41 43
4850,2019-12-30,7 21 28 36 38 41
4851,2019-12-31,4 14 27 37 42 45
4852,2019-12-31,2 5 20 28 29 36
4853,2020-01-01,4 9 10 22 26 39
4854,2020-01-01,17 18 22 38 41 45
4855,2020-01-02,19 24 27 29 36 45
4856,2020-01-02,1 2 16 19 25 38
4857,2020-01-03,6 18 22 24 35 43
4858,2020-01-03,9 12 20 21 28 45
4859,2020-01-04,15 23 29 32 35 41
4860,2020-01-04,1 5 13 25 30 41
4861,2020-01-05,10 13 14 22 40 43
4862,2020-01-05,11 15 22 23 24 35
4863,2020-01-06,1 8 11 20 37 45
4864,2020-01-06,7 19 26 27 28 41
4865,2020-01-07,8 13 34 39 41 44
4866,2020-01-07,4 8 38 39 40 41
4867,2020-01-08,6 7 13 15 29 45
4868,2020-01-08,1 5 6 31 33 45
4869,2020-01-09,4 5 12 22 32 33
4870,2020-01-09,4 6 11 21 24 32
4871,2020-01-10,12 19 26 34 43 45
4872,2020-01-10,19 20 37 39 42 45
4873,2020-01-11,2 18 21 22 25 43
4874,2020-01-11,5 8 9 30 38 44
4875,2020-01-12,8 15 16 23 28 31
4876,2020-01-12,3 4 16 30 34 41
4877,2020-01-13,2 17 32 34 36 43
4878,2020-01-13,4 17 22 32 41 45
4879,2020-01-14,13 18 33 38 40 41
4880,2020-01-14,3 15 26 30 31 44
4881,2020-01-15,5 16 21 30 39 44
4882,2020-01-15,11 13 21 27 30 43
4883,2020-01-16,2 5 12 14 15 16
4884,2020-01-16,1 3 9 12 22 39
4885,2020-01-17,8 10 14 20 43 45
4886,2020-01-17,9 21 22 40 41 45
4887,2020-01-18,4 11 17 25 33 39
4888,2020-01-18,5 13 24 25 31 34
4889,2020-01-19,2 20 25 29 33 42
4890,2020-01-19,2 25 26 29 37 44
4891,2020-01-20,3 23 29 37 38 45
4892,2020-01-20,7 15 32 34 38 39
4893,2020-01-21,11 12 22 24 34 42
4894,2020-01-21,2 4 7 24 37 44
4895,2020-01-22,6 9 16 18 23 42
4896,2020-01-22,4 8 21 25 28 35
4897,2020-01-23,7 13 15 16 19 23
4898,2020-01-23,6 9 13 22 33 38
4899,2020-01-24,2 13 14 17 39 45
4900,2020-01-24,14 26 27 30 33 42
4901,2020-01-25,3 8 15 16 23 27
4902,2020-01-25,9 10 22 24 33 42
4903,2020-01-26,11 17 21 32 34 40
4904,2020-01-26,3 16 25 33 39 42
4905,2020-01-27,27 28 34 37 38 39
4906,2020-01-27,4 12 25 38 43 45
4907,2020-01-28,11 16 27 28 40 42
4908,2020-01-28,3 5 11 23 24 29
4909,2020-01-29,22 34 36 37 39 44
4910,2020-01-29,1 9 17 18 34 39
4911,2020-01-30,15 31 33 38 40 44
4912,2020-01-30,8 11 13 14 16 19
4913,2020-01-31,2 7 23 27 42 44
4914,2020-01-31,4 14 20 24 29 42
4915,2020-02-01,7 18 23 24 42 43
4916,2020-02-01,7 10 14 20 30 32
4917,2020-02-02,1 17 26 28 32 45
4918,2020-02-02,6 8 9 13 35 43
4919,2020-02-03,3 18 24 30 33 41
4920,2020-02-03,30 31 38 42 43 45
4921,2020-02-04,11 14 20 29 37 40
4922,2020-02-04,9 14 16 22 26 41
4923,2020-02-05,4 7 12 13 30 44
4924,2020-02-05,7 8 25 28 37 42
4925,2020-02-06,12 13 14 16 33 37
4926,2020-02-06,7 9 19 21 23 33
4927,2020-02-07,1 6 10 15 21 34
4928,2020-02-07,20 22 23 24 29 39
4929,2020-02-08,8 13 14 21 22 29
4930,2020-02-08,3 19 29 38 43 44
4931,2020-02-09,21 25 37 39 44 45
4932,2020-02-09,4 11 23 25 29 39
4933,2020-02-10,6 11 18 19 25 34
4934,2020-02-10,5 8 15 16 19 45
4935,2020-02-11,5 9 20 24 33 42
4936,2020-02-11,11 17 20 22 35 36
4937,2020-02-12,2 8 9 23 35 39
4938,2020-02-12,5 9 10 11 40 41
4939,2020-02-13,15 19 27 32 41 42
4940,2020-02-13,5 19 28 31 32 41
4941,2020-02-14,18 33 34 39 40 41
4942,2020-02-14,4 5 15 22 40 42
4943,2020-02-15,11 14 21 23 29 40
4944,2020-02-15,3 6 7 18 20 42
4945,2020-02-16,9 10 11 14 20 40
4946,2020-02-16,16 22 32 34 39 41
4947,2020-02-17,3 8 9 28 37 41
4948,2020-02-17,8 32 34 36 41 43
4949,2020-02-18,5 16 18 30 34 35
4950,2020-02-18,5 7 11 14 37 44
4951,2020-02-19,2 20 27 38 39 41
4952,2020-02-19,11 12 16 19 30 40
4953,2020-02-20,22 29 31 35 40 42
4954,2020-02-20,3 12 25 29 39 44
4955,2020-02-21,3 5 9 19 26 44
4956,2020-02-21,1 9 12 16 25 30
4957,2020-02-22,3 10 11 23 32 36
4958,2020-02-22,4 7 10 24 25 32
4959,2020-02-23,10 16 29 32 33 36
4960,2020-02-23,2 8 12 28 31 43
4961,2020-02-24,1 6 11 19 40 42
4962,2020-02-24,4 10 26 30 33 35
4963,2020-02-25,5 12 14 20 28 30
4964,2020-02-25,14 16 20 22 26 43
4965,2020-02-26,5 14 16 27 39 43
4966,2020-02-26,8 12 15 20 27 28
4967,2020-02-27,12 14 24 28 41 42
4968,2020-02-27,13 14 19 25 35 42
4969,2020-02-28,4 6 17 27 33 38
4970,2020-02-28,3 7 13 25 27 29
4971,2020-02-29,7 18 26 28 34 42
4972,2020-02-29,2 3 5 11 27 42
4973,2020-03-01,2 11 16 19 35 44
4974,2020-03-01,9 20 27 34 37 43
4975,2020-03-02,16 17 23 25 27 29
4976,2020-03-02,1 10 14 28 30 45
4977,2020-03-03,3 5 8 21 31 38
4978,2020-03-03,2 7 14 19 32 39
4979,2020-03-04,6 20 24 28 33 42
4980,2020-03-04,6 11 16 26 43 45
4981,2020-03-05,2 14 35 38 39 40
4982,2020-03-05,5 17 21 26 29 31
4983,2020-03-06,3 6 18 30 37 44
4984,2020-03-06,7 12 14 32 35 45
4985,2020-03-07,1 17 18 19 38 42
4986,2020-03-07,2 3 4 16 28 36
4987,2020-03-08,3 6 15 17 34 36
4988,2020-03-08,3 8 24 31 39 44
4989,2020-03-09,6 25 26 31 32 36
4990,2020-03-09,3 13 14 26 39 42
4991,2020-03-10,4 10 19 21 28 29
4992,2020-03-10,2 4 8 11 43 45
4993,2020-03-11,1 2 12 25 34 42
4994,2020-03-11,5 18 22 25 28 37
4995,2020-03-12,16 20 30 39 40 44
4996,2020-03-12,1 2 23 26 38 39
4997,2020-03-13,9 18 24 28 34 43
4998,2020-03-13,2 3 13 26 32 41
4999,2020-03-14,4 12 16 23 31 39
5000,2020-03-14,9 11 13 20 31 32
5001,2020-03-15,2 3 7 10 11 34
5002,2020-03-15,10 19 24 28 30 38
5003,2020-03-16,14 16 24 32 36 42
5004,2020-03-16,1 10 15 26 31 32
5005,2020-03-17,8 15 29 32 37 40
5006,2020-03-17,4 10 12 35 41 43
5007,2020-03-18,5 8 23 25 28 31
5008,2020-03-18,1 30 34 38 40 41
5009,2020-03-19,6 21 23 31 35 36
5010,2020-03-19,4 18 19 35 36 44
5011,2020-03-20,6 9 10 27 30 40
5012,2020-03-20,4 11 14 24 40 42
5013,2020-03-21,4 21 27 29 36 43
5014,2020-03-21,1 6 9 15 22 38
5015,2020-03-22,1 10 25 42 44 45
5016,2020-03-22,3 11 14 15 37 42
5017,2020-03-23,10 13 17 24 41 43
5018,2020-03-23,1 2 15 20 31 36
5019,2020-03-24,1 24 29 30 31 45
5020,2020-03-24,1 3 10 22 42 43
5021,2020-03-25,7 17 19 21 28 38
5022,2020-03-25,3 12 13 24 26 33
5023,2020-03-26,3 4 12 22 42 45
5024,2020-03-26,3 9 16 18 30 33
5025,2020-03-27,4 7 22 34 37 45
5026,2020-03-27,8 21 35 36 42 43
5027,2020-03-28,4 10 12 14 35 39
5028,2020-03-28,8 16 20 27 29 43
5029,2020-03-29,8 30 31 32 33 44
5030,2020-03-29,19 25 26 29 31 33
5031,2020-03-30,16 23 26 27 30 40
5032,2020-03-30,1 7 11 27 28 30
5033,2020-03-31,7 20 22 37 40 45
5034,2020-03-31,10 14 31 37 41 43
5035,2020-04-01,1 10 13 18 28 38
5036,2020-04-01,6 15 27 34 42 43
5037,2020-04-02,11 12 30 38 41 44
5038,2020-04-02,1 4 12 23 30 43
5039,2020-04-03,5 10 14 38 42 44
5040,2020-04-03,5 6 12 13 18 38
5041,2020-04-04,8 14 26 29 38 39
5042,2020-04-04,9 10 11 21 34 42
5043,2020-04-05,8 10 15 20 25 30
5044,2020-04-05,4 6 16 25 41 42
5045,2020-04-06,9 25 27 28 33 42
5046,2020-04-06,2 5 19 31 41 44
5047,2020-04-07,1 9 12 14 15 39
5048,2020-04-07,2 9 10 21 28 32
5049,2020-04-08,4 9 16 17 22 32
5050,2020-04-08,8 9 25 28 34 40
5051,2020-04-09,7 12 16 20 21 30
5052,2020-04-09,7 9 28 34 36 40
5053,2020-04-10,9 18 23 37 38 39
5054,2020-04-10,5 8 12 20 27 40
5055,2020-04-11,5 17 25 33 40 45
5056,2020-04-11,10 15 19 21 29 33
5057,2020-04-12,2 3 6 19 28 34
5058,2020-04-12,2 4 19 20 24 26
5059,2020-04-13,14 20 22 29 30 44
5060,2020-04-13,4 5 9 33 43 45
5061,2020-04-14,8 14 21 23 28 34
5062,2020-04-14,3 7 10 25 35 42
5063,2020-04-15,7 13 17 19 27 44
5064,2020-04-15,5 11 14 18 42 43
5065,2020-04-16,13 17 24 25 29 31
5066,2020-04-16,7 16 21 31 33 42
5067,2020-04-17,9 12 15 18 29 36
5068,2020-04-17,16 18 37 40 41 43
5069,2020-04-18,7 12 19 23 40 45
5070,2020-04-18,8 13 25 37 44 45
5071,2020-04-19,1 8 14 33 36 38
5072,2020-04-19,10 12 21 26 34 42
5073,2020-04-20,1 12 14 16 20 23
5074,2020-04-20,1 16 19 29 39 41
5075,2020-04-21,2 5 23 34 39 41
5076,2020-04-21,6 9 19 24 34 44
5077,2020-04-22,19 25 32 36 40 44
5078,2020-04-22,7 23 31 35 43 44
5079,2020-04-23,3 11 13 15 22 40
5080,2020-04-23,2 16 24 28 36 40
5081,2020-04-24,11 20 25 26 29 43
5082,2020-04-24,3 28 29 30 39 44
5083,2020-04-25,15 17 21 22 28 31
5084,2020-04-25,3 7 15 23 31 37
5085,2020-04-26,7 9 10 25 33 34
5086,2020-04-26,4 23 24 28 29 40
5087,2020-04-27,8 14 19 33 41 44
5088,2020-04-27,3 4 7 8 28 39
5089,2020-04-28,2 12 24 25 33 45
5090,2020-04-28,6 10 20 24 32 45
5091,2020-04-29,5 19 22 25 42 43
5092,2020-04-29,1 12 25 30 40 41
5093,2020-04-30,24 25 26 34 35 39
5094,2020-04-30,7 9 16 34 41 45
5095,2020-05-01,4 8 17 18 31 45
5096,2020-05-01,10 11 18 22 27 31
5097,2020-05-02,3 29 31 33 36 44
5098,2020-05-02,10 18 25 27 28 41
5099,2020-05-03,7 14 16 24 29 35
5100,2020-05-03,16 20 23 29 41 42
5101,2020-05-04,2 20 21 24 25 29
5102,2020-05-04,10 19 32 34 35 45
5103,2020-05-05,14 15 25 30 32 39
5104,2020-05-05,8 13 14 17 18 20
5105,2020-05-06,9 14 16 25 35 44
5106,2020-05-06,3 4 8 20 22 34
5107,2020-05-07,1 2 29 30 41 42
5108,2020-05-07,1 7 27 36 39 45
5109,2020-05-08,3 6 8 32 35 40
5110,2020-05-08,7 25 31 36 37 39
5111,2020-05-09,4 6 21 27 30 38
5112,2020-05-09,5 11 14 16 20 32
5113,2020-05-10,16 19 30 39 41 44
5114,2020-05-10,5 23 26 27 34 43
5115,2020-05-11,18 29 34 40 44 45
5116,2020-05-11,2 4 20 25 37 44
5117,2020-05-12,4 6 19 22 39 44
5118,2020-05-12,11 17 20 38 41 45
5119,2020-05-13,11 18 19 20 26 33
5120,2020-05-13,7 10 13 15 21 43
5121,2020-05-14,9 15 18 31 37 43
5122,2020-05-14,15 24 34 36 43 44
5123,2020-05-15,6 12 15 24 26 43
5124,2020-05-15,3 9 23 41 42 45
5125,2020-05-16,19 24 28 35 39 44
5126,2020-05-16,1 5 16 18 41 42
5127,2020-05-17,1 8 22 24 36 45
5128,2020-05-17,24 27 37 38 41 44
5129,2020-05-18,19 27 33 34 36 41
5130,2020-05-18,2 3 14 18 43 45
5131,2020-05-19,1 27 29 30 37 43
5132,2020-05-19,2 11 15 16 24 44
5133,2020-05-20,7 21 30 36 41 42
5134,2020-05-20,10 11 12 21 31 38
5135,2020-05-21,4 6 11 14 23 28
5136,2020-05-21,3 8 13 20 28 35
5137,2020-05-22,9 10 22 30 31 42
5138,2020-05-22,10 19 28 37 40 41
5139,2020-05-23,2 15 20 23 35 44
5140,2020-05-23,3 9 17 27 31 35
5141,2020-05-24,15 21 24 42 44 45
5142,2020-05-24,6 11 29 31 40 43
5143,2020-05-25,1 4 23 24 29 32
5144,2020-05-25,2 5 11 23 25 30
5145,2020-05-26,1 13 24 28 30 31
5146,2020-05-26,2 3 17 20 24 31
5147,2020-05-27,16 29 32 36 38 43
5148,2020-05-27,4 7 12 14 16 22
5149,2020-05-28,1 14 29 34 35 37
5150,2020-05-28,3 19 22 34 39 43
5151,2020-05-29,2 3 13 21 27 33
5152,2020-05-29,4 5 11 14 20 24
5153,2020-05-30,17 18 21 37 43 44
5154,2020-05-30,12 17 31 37 38 44
5155,2020-05-31,9 14 18 37 38 39
5156,2020-05-31,3 5 12 19 32 33
5157,2020-06-01,8 12 16 24 37 41
5158,2020-06-01,5 7 14 17 31 33
5159,2020-06-02,11 21 23 29 34 37
5160,2020-06-02,11 16 26 34 42 43
5161,2020-06-03,13 17 35 39 41 43
5162,2020-06-03,5 13 14 35 42 44
5163,2020-06-04,10 20 22 26 32 36
5164,2020-06-04,4 13 28 35 41 45
5165,2020-06-05,11 21 23 26 43 44
5166,2020-06-05,1 11 19 20 40 41
5167,2020-06-06,1 11 15 22 27 28
5168,2020-06-06,5 8 14 15 17 30
5169,2020-06-07,12 19 30 34 44 45
5170,2020-06-07,2 21 30 31 43 45
5171,2020-06-08,15 18 26 28 34 38
5172,2020-06-08,10 12 13 15 27 43
5173,2020-06-09,4 7 9 20 42 43
5174,2020-06-09,5 12 33 34 36 44
5175,2020-06-10,2 9 15 19 35 44
5176,2020-06-10,4 16 19 22 27 30
5177,2020-06-11,8 11 21 22 25 32
5178,2020-06-11,3 4 11 14 18 22
5179,2020-06-12,2 13 26 29 34 42
5180,2020-06-12,3 16 18 31 32 44
5181,2020-06-13,1 13 23 34 38 39
5182,2020-06-13,12 15 23 26 29 42
5183,2020-06-14,31 34 36 37 40 45
5184,2020-06-14,12 21 25 36 39 42
5185,2020-06-15,6 7 28 29 31 32
5186,2020-06-15,1 3 17 30 33 44
5187,2020-06-16,5 6 23 31 35 44
5188,2020-06-16,6 26 30 32 34 43
5189,2020-06-17,2 7 11 13 18 35
5190,2020-06-17,7 27 31 32 34 40
5191,2020-06-18,15 17 21 26 37 41
5192,2020-06-18,5 10 25 26 33 34
5193,2020-06-19,3 9 18 28 29 30
5194,2020-06-19,1 2 9 17 18 43
5195,2020-06-20,26 30 33 34 42 45
5196,2020-06-20,5 15 16 26 29 45
5197,2020-06-21,4 10 11 15 34 42
5198,2020-06-21,1 5 15 22 23 24
5199,2020-06-22,1 5 6 25 31 41
5200,2020-06-22,1 2 3 12 20 43
5201,2020-06-23,1 15 16 21 27 41
5202,2020-06-23,19 22 27 37 39 44
5203,2020-06-24,2 3 11 12 19 29
5204,2020-06-24,1 4 7 20 24 36
5205,2020-06-25,2 17 22 24 29 34
5206,2020-06-25,3 5 13 21 22 41
5207,2020-06-26,1 11 14 29 34 39
5208,2020-06-26,3 5 24 34 37 41
5209,2020-06-27,9 11 17 26 32 43
5210,2020-06-27,7 11 20 29 33 34
5211,2020-06-28,12 13 20 23 26 45
5212,2020-06-28,2 7 15 21 39 40
5213,2020-06-29,14 15 19 24 31 42
5214,2020-06-29,7 8 13 23 30 33
5215,2020-06-30,4 21 27 33 38 42
5216,2020-06-30,3 18 20 32 40 42
5217,2020-07-01,7 15 23 24 27 29
5218,2020-07-01,2 3 24 25 39 45
5219,2020-07-02,2 5 7 9 15 16
5220,2020-07-02,9 12 29 36 37 39
5221,2020-07-03,20 27 34 36 37 45
5222,2020-07-03,5 7 8 21 32 37
5223,2020-07-04,5 8 11 20 21 34
5224,2020-07-04,2 24 30 32 41 44
5225,2020-07-05,14 25 31 34 38 40
5226,2020-07-05,12 18 29 33 38 43
5227,2020-07-06,5 12 15 17 21 24
5228,2020-07-06,5 17 23 29 38 41
5229,2020-07-07,2 5 6 10 20 35
5230,2020-07-07,3 10 16 17 20 27
5231,2020-07-08,9 16 18 35 36 37
5232,2020-07-08,9 10 11 24 30 40
5233,2020-07-09,2 5 20 26 27 39
5234,2020-07-09,16 18 29 33 34 41
5235,2020-07-10,8 11 12 25 33 37
5236,2020-07-10,5 7 15 16 24 29
5237,2020-07-11,18 24 34 35 37 38
5238,2020-07-11,10 25 26 32 35 37
5239,2020-07-12,4 6 18 26 30 38
5240,2020-07-12,4 24 27 31 36 38
5241,2020-07-13,8 11 16 18 40 42
5242,2020-07-13,10 28 29 33 38 39
5243,2020-07-14,7 14 18 20 24 34
5244,2020-07-14,10 15 29 35 36 41
5245,2020-07-15,1 5 9 17 30 38
5246,2020-07-15,11 13 22 37 38 45
5247,2020-07-16,5 8 13 23 25 32
5248,2020-07-16,1 10 25 30 33 45
5249,2020-07-17,12 16 23 31 35 38
5250,2020-07-17,20 28 31 41 42 43
5251,2020-07-18,1 8 13 16 19 27
5252,2020-07-18,6 10 24 30 39 42
5253,2020-07-19,14 15 27 39 40 41
5254,2020-07-19,6 23 25 29 31 43
5255,2020-07-20,2 10 11 20 40 44
5256,2020-07-20,1 8 22 23 31 32
5257,2020-07-21,16 18 29 31 33 35
5258,2020-07-21,1 7 10 13 39 40
5259,2020-07-22,3 14 23 24 28 44
5260,2020-07-22,5 8 19 25 38 42
5261,2020-07-23,4 8 14 34 36 41
5262,2020-07-23,18 34 37 38 40 41
5263,2020-07-24,10 20 31 34 42 43
5264,2020-07-24,11 15 26 29 34 43
5265,2020-07-25,12 14 15 17 41 43
5266,2020-07-25,1 2 13 27 30 33
5267,2020-07-26,6 13 22 35 40 41
5268,2020-07-26,6 20 30 40 41 45
5269,2020-07-27,4 9 12 19 20 34
5270,2020-07-27,4 19 23 25 34 43
5271,2020-07-28,7 10 13 34 35 40
5272,2020-07-28,8 17 28 30 38 45
5273,2020-07-29,2 8 11 13 23 30
5274,2020-07-29,10 20 24 29 37 44
5275,2020-07-30,2 4 15 19 28 36
5276,2020-07-30,3 14 17 19 27 41
5277,2020-07-31,6 9 33 35 40 43
5278,2020-07-31,9 19 26 29 33 35
5279,2020-08-01,4 6 7 15 28 36
5280,2020-08-01,7 16 25 39 41 45
5281,2020-08-02,7 17 29 41 42 45
5282,2020-08-02,2 8 18 34 35 38
5283,2020-08-03,2 7 10 26 30 33
5284,2020-08-03,4 7 15 35 42 44
5285,2020-08-04,11 21 22 33 40 42
5286,2020-08-04,3 21 24 35 38 45
5287,2020-08-05,3 7 8 24 34 41
5288,2020-08-05,19 21 27 30 32 35
5289,2020-08-06,3 5 7 19 27 36
5290,2020-08-06,6 19 35 37 38 43
5291,2020-08-07,9 18 24 26 32 41
5292,2020-08-07,6 11 18 22 24 28
5293,2020-08-08,10 12 15 26 44 45
5294,2020-08-08,10 12 13 18 44 45
5295,2020-08-09,4 6 11 28 29 35
5296,2020-08-09,3 6 26 28 30 45
5297,2020-08-10,1 8 40 41 42 43
5298,2020-08-10,6 30 32 33 38 43
5299,2020-08-11,5 12 35 40 44 45
5300,2020-08-11,1 6 7 30 41 45
5301,2020-08-12,3 5 13 16 22 39
5302,2020-08-12,10 20 22 25 34 44
5303,2020-08-13,9 13 17 27 42 43
5304,2020-08-13,2 15 16 22 41 42
5305,2020-08-14,12 13 22 23 30 41
5306,2020-08-14,16 21 28 38 44 45
5307,2020-08-15,4 6 8 29 35 36
5308,2020-08-15,8 18 30 33 40 42
5309,2020-08-16,14 24 30 34 37 42
5310,2020-08-16,5 12 19 27 29 35
5311,2020-08-17,7 10 26 35 38 43
5312,2020-08-17,3 5 16 22 37 38
5313,2020-08-18,1 15 19 20 24 43
5314,2020-08-18,10 11 20 27 34 44
5315,2020-08-19,9 15 25 26 37 39
5316,2020-08-19,2 3 21 25 32 35
5317,2020-08-20,5 7 15 28 38 45
5318,2020-08-20,4 15 23 29 35 38
5319,2020-08-21,3 17 20 21 34 40
5320,2020-08-21,3 12 14 18 24 44
5321,2020-08-22,7 28 31 37 41 42
5322,2020-08-22,6 14 17 22 26 28
5323,2020-08-23,3 6 12 25 30 42
5324,2020-08-23,15 21 26 30 38 40
5325,2020-08-24,9 14 18 19 38 39
5326,2020-08-24,11 19 20 21 22 28
5327,2020-08-25,6 12 16 20 41 45
5328,2020-08-25,20 29 36 37 40 43
5329,2020-08-26,2 8 11 27 36 42
5330,2020-08-26,12 25 34 35 40 45
5331,2020-08-27,5 7 8 9 14 22
5332,2020-08-27,7 14 30 37 39 42
5333,2020-08-28,3 4 11 12 16 42
5334,2020-08-28,3 16 29 30 36 38
5335,2020-08-29,7 9 11 13 27 30
5336,2020-08-29,2 9 14 34 40 44
5337,2020-08-30,10 21 25 27 33 41
5338,2020-08-30,29 36 39 40 42 43
5339,2020-08-31,7 8 14 18 30 41
5340,2020-08-31,3 30 31 38 41 43
5341,2020-09-01,3 16 29 33 42 43
5342,2020-09-01,2 19 21 26 40 45
5343,2020-09-02,19 20 24 40 41 42
5344,2020-09-02,15 23 34 36 41 44
5345,2020-09-03,1 24 33 37 39 45
5346,2020-09-03,2 12 26 39 44 45
5347,2020-09-04,2 12 13 26 34 35
5348,2020-09-04,4 11 17 23 33 37
5349,2020-09-05,3 18 23 27 38 45
5350,2020-09-05,3 20 21 26 29 32
5351,2020-09-06,2 7 11 16 34 40
5352,2020-09-06,2 10 17 22 28 42
5353,2020-09-07,6 7 13 15 20 21
5354,2020-09-07,7 17 23 26 27 34
5355,2020-09-08,1 2 5 11 17 36
5356,2020-09-08,2 6 16 22 25 29
5357,2020-09-09,3 5 14 19 20 45
5358,2020-09-09,8 11 15 17 34 40
5359,2020-09-10,5 6 14 18 32 37
5360,2020-09-10,7 10 16 27 35 45
5361,2020-09-11,2 5 9 13 22 44
5362,2020-09-11,6 11 16 17 18 44
5363,2020-09-12,11 19 23 35 38 45
5364,2020-09-12,6 7 14 28 30 39
5365,2020-09-13,1 2 8 37 38 41
5366,2020-09-13,5 14 28 40 42 45
5367,2020-09-14,1 3 5 7 11 43
5368,2020-09-14,9 15 17 32 34 42
5369,2020-09-15,23 34 35 36 38 39
5370,2020-09-15,1 18 20 22 36 37
5371,2020-09-16,4 23 24 27 32 38
5372,2020-09-16,13 23 24 33 37 42
5373,2020-09-17,5 15 17 23 28 41
5374,2020-09-17,3 11 22 29 30 36
5375,2020-09-18,3 6 9 14 17 22
5376,2020-09-18,1 26 28 34 37 39
5377,2020-09-19,10 13 22 24 32 39
5378,2020-09-19,2 3 16 37 39 43
5379,2020-09-20,8 12 14 22 33 39
5380,2020-09-20,9 13 14 17 25 26
5381,2020-09-21,2 16 18 23 38 41
5382,2020-09-21,5 13 23 31 41 43
5383,2020-09-22,7 17 19 20 21 26
5384,2020-09-22,14 15 22 28 30 31
5385,2020-09-23,12 13 16 23 30 38
5386,2020-09-23,11 22 31 32 42 44
5387,2020-09-24,7 9 27 31 37 41
5388,2020-09-24,6 22 27 28 29 39
5389,2020-09-25,8 14 22 25 29 41
5390,2020-09-25,2 3 22 32 37 38
5391,2020-09-26,5 11 20 22 32 41
5392,2020-09-26,5 9 12 13 16 43
5393,2020-09-27,3 8 12 22 36 45
5394,2020-09-27,17 27 35 40 44 45
5395,2020-09-28,8 16 27 34 42 44
5396,2020-09-28,5 9 10 11 18 19
5397,2020-09-29,3 6 19 22 23 37
5398,2020-09-29,5 9 18 25 30 40
5399,2020-09-30,7 16 20 36 40 45
5400,2020-09-30,8 12 22 30 38 40
5401,2020-10-01,4 18 23 35 36 41
5402,2020-10-01,2 10 14 18 32 40
5403,2020-10-02,2 18 20 23 42 44
5404,2020-10-02,1 9 11 15 29 35
5405,2020-10-03,8 10 13 20 43 45
5406,2020-10-03,1 10 15 16 24 31
5407,2020-10-04,1 4 20 26 27 40
5408,2020-10-04,24 25 30 31 32 39
5409,2020-10-05,11 16 21 27 29 36
5410,2020-10-05,1 7 10 23 25 41
5411,2020-10-06,2 6 11 27 28 32
5412,2020-10-06,1 13 38 41 42 44
5413,2020-10-07,8 19 29 35 36 42
5414,2020-10-07,5 14 25 27 29 31
5415,2020-10-08,20 25 30 34 36 39
5416,2020-10-08,2 3 6 15 23 30
5417,2020-10-09,1 23 30 33 43 44
5418,2020-10-09,15 17 19 27 32 38
5419,2020-10-10,2 9 10 13 31 36
5420,2020-10-10,3 4 10 27 43 44
5421,2020-10-11,5 7 21 25 30 40
5422,2020-10-11,6 21 31 32 40 41
5423,2020-10-12,3 24 27 34 35 44
5424,2020-10-12,8 21 27 29 32 35
5425,2020-10-13,7 16 18 23 37 43
5426,2020-10-13,13 15 28 33 34 35
5427,2020-10-14,25 27 29 40 41 44
5428,2020-10-14,1 10 33 37 40 44
5429,2020-10-15,5 24 33 37 38 45
5430,2020-10-15,8 16 23 35 40 41
5431,2020-10-16,2 3 26 28 34 43
5432,2020-10-16,13 26 39 41 42 44
5433,2020-10-17,9 13 17 26 32 37
5434,2020-10-17,1 13 15 24 25 40
5435,2020-10-18,16 25 27 32 33 45
5436,2020-10-18,29 35 36 37 41 42
5437,2020-10-19,13 22 30 31 36 44
5438,2020-10-19,4 6 11 16 31 33
5439,2020-10-20,1 5 13 28 38 41
5440,2020-10-20,1 17 21 24 31 44
5441,2020-10-21,1 7 21 24 35 45
5442,2020-10-21,3 6 7 29 31 38
5443,2020-10-22,10 14 26 35 40 42
5444,2020-10-22,1 12 37 40 42 45
5445,2020-10-23,1 5 7 13 32 40
5446,2020-10-23,9 16 20 34 38 40
5447,2020-10-24,6 19 22 35 40 42
5448,2020-10-24,2 6 28 30 40 41
5449,2020-10-25,2 13 16 20 22 37
5450,2020-10-26,11 14 27 29 30 31
5451,2020-10-26,1 6 22 39 40 42
5452,2020-10-27,19 20 28 29 37 44
5453,2020-10-27,10 22 23 25 37 39
5454,2020-10-28,5 9 29 32 34 39
5455,2020-10-28,6 25 26 27 38 42
5456,2020-10-29,7 10 11 23 33 43
5457,2020-10-29,13 18 24 34 38 40
5458,2020-10-30,6 15 24 36 41 44
5459,2020-10-30,8 9 16 18 22 34
5460,2020-10-31,2 3 4 8 20 23
5461,2020-10-31,13 20 25 26 42 44
5462,2020-11-01,1 5 19 30 35 42
5463,2020-11-01,1 9 20 27 32 39
5464,2020-11-02,1 9 12 19 22 26
5465,2020-11-02,11 21 22 23 31 36
5466,2020-11-03,2 3 24 30 34 37
5467,2020-11-03,4 5 6 9 17 42
5468,2020-11-04,4 6 20 24 39 45
5469,2020-11-04,1 11 13 33 36 40
5470,2020-11-05,14 29 33 34 38 44
5471,2020-11-05,9 13 29 39 41 45
5472,2020-11-06,6 31 32 38 41 42
5473,2020-11-06,6 9 17 23 37 39
5474,2020-11-07,4 7 13 14 22 40
5475,2020-11-07,6 7 10 15 27 39
5476,2020-11-08,2 11 16 18 22 24
5477,2020-11-08,4 23 25 30 34 43
5478,2020-11-09,7 12 13 15 27 34
5479,2020-11-09,9 21 27 34 35 36
5480,2020-11-10,9 14 24 30 38 39
5481,2020-11-10,15 16 18 27 29 33
5482,2020-11-11,11 27 28 30 34 35
5483,2020-11-11,3 13 15 18 25 28
5484,2020-11-12,8 17 19 21 23 39
5485,2020-11-12,1 2 4 10 28 41
5486,2020-11-13,2 5 7 12 29 45
5487,2020-11-13,5 8 9 14 32 39
5488,2020-11-14,8 14 18 20 21 42
5489,2020-11-14,6 13 17 33 39 45
5490,2020-11-15,7 11 29 33 34 44
5491,2020-11-15,5 13 19 21 30 42
5492,2020-11-16,1 7 15 16 28 36
5493,2020-11-16,3 9 14 24 27 28
5494,2020-11-17,4 5 10 20 38 44
5495,2020-11-17,7 12 14 17 26 43
5496,2020-11-18,1 8 10 16 22 26
5497,2020-11-18,4 9 12 22 35 44
5498,2020-11-19,2 14 28 36 40 45
5499,2020-11-19,2 13 17 34 35 44
5500,2020-11-20,6 17 20 39 44 45
5501,2020-11-20,1 3 7 8 35 37
5502,2020-11-21,2 3 14 34 36 37
5503,2020-11-21,1 3 25 29 31 45
5504,2020-11-22,4 11 26 31 32 45
5505,2020-11-22,3 7 14 19 22 32
5506,2020-11-23,5 24 29 37 41 45
5507,2020-11-23,10 19 26 29 30 36
5508,2020-11-24,4 18 21 30 37 40
5509,2020-11-24,1 6 24 36 38 44
5510,2020-11-25,11 21 23 26 37 41
5511,2020-11-25,17 28 31 34 41 42
5512,2020-11-26,9 10 21 22 24 25
5513,2020-11-26,11 13 20 27 35 45
5514,2020-11-27,15 22 33 38 39 45
5515,2020-11-27,5 6 13 18 23 33
5516,2020-11-28,2 5 23 25 36 39
5517,2020-11-28,9 10 20 27 36 40
5518,2020-11-29,5 13 28 37 38 45
5519,2020-11-29,14 20 27 28 30 32
5520,2020-11-30,6 7 14 17 23 41
5521,2020-11-30,1 7 12 23 42 44
5522,2020-12-01,4 6 27 31 34 41
5523,2020-12-01,3 7 13 23 28 29
5524,2020-12-02,3 4 18 22 29 34
5525,2020-12-02,13 22 26 31 32 45
5526,2020-12-03,2 10 13 16 34 42
5527,2020-12-03,1 14 19 27 33 45
5528,2020-12-04,3 5 12 15 25 41
5529,2020-12-04,8 13 16 17 26 27
5530,2020-12-05,5 12 15 26 29 31
5531,2020-12-05,9 18 21 26 36 45
5532,2020-12-06,12 16 22 30 38 39
5533,2020-12-06,11 14 16 24 37 45
5534,2020-12-07,2 9 13 19 21 40
5535,2020-12-07,2 3 20 28 31 32
5536,2020-12-08,3 10 11 22 36 41
5537,2020-12-08,3 9 11 34 40 43
5538,2020-12-09,11 15 16 26 27 30
5539,2020-12-09,1 4 8 10 37 41
5540,2020-12-10,4 8 22 33 34 43
5541,2020-12-10,15 27 29 32 35 40
5542,2020-12-11,11 15 17 19 23 36
5543,2020-12-11,5 20 26 31 32 42
5544,2020-12-12,5 11 13 17 36 45
5545,2020-12-12,3 8 17 18 27 31
5546,2020-12-13,16 24 26 30 37 38
5547,2020-12-13,1 2 13 20 29 39
5548,2020-12-14,1 13 32 38 39 40
5549,2020-12-14,22 26 28 37 38 40
5550,2020-12-15,1 4 13 18 22 44
5551,2020-12-15,3 9 11 32 42 45
5552,2020-12-16,9 13 16 17 20 38
5553,2020-12-16,4 8 19 37 38 43
5554,2020-12-17,3 6 13 23 34 40
5555,2020-12-17,2 11 26 35 36 42
5556,2020-12-18,3 18 20 22 26 40
5557,2020-12-18,7 9 12 18 19 44
5558,2020-12-19,9 13 17 22 31 37
5559,2020-12-19,3 17 25 26 29 41
5560,2020-12-20,6 11 15 22 32 43
5561,2020-12-20,4 9 13 19 20 32
5562,2020-12-21,12 13 19 26 41 43
5563,2020-12-21,2 3 11 16 23 30
5564,2020-12-22,8 14 19 26 31 35
5565,2020-12-22,14 24 33 34 40 45
5566,2020-12-23,11 12 14 17 42 43
5567,2020-12-23,1 21 28 31 43 45
5568,2020-12-24,8 10 17 26 31 40
5569,2020-12-24,1 19 20 21 30 36
5570,2020-12-25,8 21 31 38 40 42
5571,2020-12-25,8 10 15 34 36 38
5572,2020-12-26,4 5 7 8 31 44
5573,2020-12-26,8 15 21 23 25 27
5574,2020-12-27,1 9 16 18 43 45
5575,2020-12-27,18 20 25 32 40 42
5576,2020-12-28,8 11 21 23 32 37
5577,2020-12-28,5 9 11 21 29 31
5578,2020-12-29,8 15 19 22 26 41
5579,2020-12-29,5 16 24 25 29 38
5580,2020-12-30,11 12 14 33 37 42
5581,2020-12-30,4 14 22 29 31 39
5582,2020-12-31,7 17 21 38 40 44
5583,2020-12-31,13 23 26 28 32 35
5584,2021-01-01,1 5 26 27 32 36
5585,2021-01-01,5 12 25 32 33 43
5586,2021-01-02,3 13 38 40 43 45
5587,2021-01-02,2 15 25 32 38 44
5588,2021-01-03,1 15 23 28 36 37
5589,2021-01-03,7 15 16 24 38 40
5590,2021-01-04,11 18 24 25 29 44
5591,2021-01-04,4 8 23 26 38 40
5592,2021-01-05,1 3 28 32 35 40
5593,2021-01-05,17 20 25 29 37 39
5594,2021-01-06,1 16 28 29 33 38
5595,2021-01-06,3 7 19 23 36 38
5596,2021-01-07,1 5 20 32 37 40
5597,2021-01-07,10 16 26 38 42 43
5598,2021-01-08,2 9 14 20 28 30
5599,2021-01-08,1 21 23 26 28 44
5600,2021-01-09,5 8 10 20 22 35
5601,2021-01-09,9 14 24 25 34 43
5602,2021-01-10,15 18 19 26 37 40
5603,2021-01-10,4 5 6 17 22 33
5604,2021-01-11,10 22 34 39 41 44
5605,2021-01-11,5 24 35 37 39 43
5606,2021-01-12,5 18 23 27 29 42
5607,2021-01-12,2 4 14 17 21 32
5608,2021-01-13,6 7 11 14 19 28
5609,2021-01-13,2 8 21 23 35 37
5610,2021-01-14,10 11 12 30 39 41
5611,2021-01-14,10 13 27 28 33 40
5612,2021-01-15,12 18 24 32 33 38
5613,2021-01-15,8 11 15 23 33 41
5614,2021-01-16,5 14 18 19 35 39
5615,2021-01-16,10 20 31 33 36 43
5616,2021-01-17,5 12 28 31 39 44
5617,2021-01-17,3 6 9 16 35 44
5618,2021-01-18,7 22 25 26 29 35
5619,2021-01-18,4 6 22 25 38 45
5620,2021-01-19,29 32 35 36 42 45
5621,2021-01-19,1 17 18 28 32 42
5622,2021-01-20,9 13 27 30 38 40
5623,2021-01-20,11 14 17 27 31 43
5624,2021-01-21,7 14 17 31 35 40
5625,2021-01-21,19 20 28 33 41 43
5626,2021-01-22,10 17 26 28 36 44
5627,2021-01-22,24 28 29 30 33 37
5628,2021-01-23,1 9 21 25 33 34
5629,2021-01-23,11 13 18 23 33 42
5630,2021-01-24,1 14 23 34 40 42
5631,2021-01-24,5 11 25 31 33 39
5632,2021-01-25,2 7 16 24 30 45
5633,2021-01-25,1 12 22 36 40 45
5634,2021-01-26,17 26 27 29 40 43
5635,2021-01-26,18 23 31 32 33 42
5636,2021-01-27,9 14 27 32 40 41
5637,2021-01-27,2 13 29 40 43 44
5638,2021-01-28,3 5 18 39 40 44
5639,2021-01-28,7 9 17 31 33 42
5640,2021-01-29,5 7 8 22 30 37
5641,2021-01-29,1 7 17 28 34 38
5642,2021-01-30,5 6 17 23 25 32
5643,2021-01-30,5 11 14 22 38 40
5644,2021-01-31,8 14 15 25 29 41
5645,2021-01-31,1 4 8 31 32 37
5646,2021-02-01,3 4 7 22 23 42
5647,2021-02-01,1 5 10 14 21 43
5648,2021-02-02,9 11 12 17 24 43
5649,2021-02-02,14 16 23 27 30 37
5650,2021-02-03,11 13 17 24 42 44
5651,2021-02-03,8 9 12 18 22 23
5652,2021-02-04,1 4 10 27 31 44
5653,2021-02-04,2 10 11 25 32 35
5654,2021-02-05,3 9 21 35 37 41
5655,2021-02-05,11 12 21 23 25 33
5656,2021-02-06,1 22 24 27 30 40
5657,2021-02-06,15 25 29 32 37 43
5658,2021-02-07,4 9 13 14 23 26
5659,2021-02-07,1 18 20 28 31 39
5660,2021-02-08,7 9 26 36 37 39
5661,2021-02-08,6 15 32 35 40 42
5662,2021-02-09,1 4 9 28 31 33
5663,2021-02-09,13 14 25 33 36 45
5664,2021-02-10,13 15 18 19 25 45
5665,2021-02-10,7 15 22 24 31 40
5666,2021-02-11,6 9 13 14 22 40
5667,2021-02-11,4 18 21 27 38 40
5668,2021-02-12,4 13 15 24 27 36
5669,2021-02-12,1 3 7 18 27 45
5670,2021-02-13,3 17 23 30 36 39
5671,2021-02-13,5 12 17 20 27 39
5672,2021-02-14,9 12 14 25 33 41
5673,2021-02-14,2 7 11 19 41 45
5674,2021-02-15,10 19 22 35 37 39
5675,2021-02-15,7 12 14 16 22 27
5676,2021-02-16,15 23 26 32 36 38
5677,2021-02-16,8 9 18 24 35 39
5678,2021-02-17,2 3 12 16 28 30
5679,2021-02-17,4 11 26 27 28 40
5680,2021-02-18,4 14 30 32 37 38
5681,2021-02-18,7 8 13 31 38 40
5682,2021-02-19,2 17 20 27 32 44
5683,2021-02-19,16 23 34 37 38 40
5684,2021-02-20,1 2 25 28 37 38
5685,2021-02-20,4 6 7 11 24 25
5686,2021-02-21,1 5 22 26 33 40
5687,2021-02-21,4 10 14 17 31 38
5688,2021-02-22,16 22 27 29 30 32
5689,2021-02-22,23 24 27 31 39 43
5690,2021-02-23,2 3 24 30 32 39
5691,2021-02-23,17 22 25 32 36 43
5692,2021-02-24,3 7 14 16 18 20
5693,2021-02-24,3 10 13 26 41 42
5694,2021-02-25,12 14 27 29 37 38
5695,2021-02-25,1 3 18 24 35 42
5696,2021-02-26,2 4 14 15 22 23
5697,2021-02-26,7 11 15 20 30 40
5698,2021-02-27,5 20 21 22 34 45
5699,2021-02-27,7 12 18 30 40 45
5700,2021-02-28,14 18 27 36 39 42
5701,2021-02-28,7 27 29 32 40 44
5702,2021-03-01,14 15 17 21 24 34
5703,2021-03-01,10 15 24 32 33 36
5704,2021-03-02,8 14 20 28 39 43
5705,2021-03-02,11 19 32 35 41 44
5706,2021-03-03,4 7 16 24 28 32
5707,2021-03-03,15 17 21 27 37 40
5708,2021-03-04,2 11 16 18 32 41
5709,2021-03-04,18 20 28 39 41 45
5710,2021-03-05,8 14 19 22 30 34
5711,2021-03-05,1 2 3 13 34 36
5712,2021-03-06,3 8 20 36 42 44
5713,2021-03-06,2 13 14 22 28 36
5714,2021-03-07,6 14 16 19 26 36
5715,2021-03-07,4 11 16 19 21 37
5716,2021-03-08,8 10 24 28 38 40
5717,2021-03-08,12 13 16 18 43 45
5718,2021-03-09,2 5 10 27 29 38
5719,2021-03-09,7 19 28 38 39 41
5720,2021-03-10,1 11 26 33 42 43
5721,2021-03-10,16 17 19 27 36 41
5722,2021-03-11,4 12 17 22 32 39
5723,2021-03-11,12 14 15 21 37 43
5724,2021-03-12,20 23 27 32 34 45
5725,2021-03-12,2 7 16 32 33 45
5726,2021-03-13,12 20 26 28 32 41
5727,2021-03-13,3 4 29 36 37 41
5728,2021-03-14,22 25 29 31 34 38
5729,2021-03-15,6 7 11 18 31 41
5730,2021-03-15,9 10 12 22 24 32
5731,2021-03-16,9 12 27 28 31 37
5732,2021-03-16,5 26 35 36 38 44
5733,2021-03-17,9 13 14 27 36 44
5734,2021-03-17,8 11 24 30 32 44
5735,2021-03-18,5 26 27 28 30 38
5736,2021-03-18,3 14 18 20 42 44
5737,2021-03-19,7 14 17 22 28 37
5738,2021-03-19,2 4 5 9 36 42
5739,2021-03-20,4 12 14 22 24 34
5740,2021-03-20,6 9 15 28 29 42
5741,2021-03-21,5 16 28 34 40 44
5742,2021-03-21,4 5 33 34 36 39
5743,2021-03-22,6 22 25 37 39 42
5744,2021-03-22,13 30 32 33 35 41
5745,2021-03-23,5 6 25 30 35 39
5746,2021-03-23,4 5 7 18 27 35
5747,2021-03-24,9 10 19 29 32 43
5748,2021-03-24,4 21 22 30 36 39
5749,2021-03-25,4 9 23 27 31 43
5750,2021-03-25,3 5 20 27 30 33
5751,2021-03-26,1 3 4 19 24 32
5752,2021-03-26,7 25 29 30 37 43
5753,2021-03-27,5 10 13 18 22 43
5754,2021-03-27,1 4 6 19 38 45
5755,2021-03-28,4 10 21 33 35 36
5756,2021-03-28,2 14 15 19 40 43
5757,2021-03-29,5 6 8 19 41 45
5758,2021-03-29,9 12 17 20 29 43
5759,2021-03-30,8 22 23 24 27 32
5760,2021-03-30,14 17 33 34 44 45
5761,2021-03-31,1 7 11 23 32 43
5762,2021-03-31,1 7 9 13 17 35
5763,2021-04-01,1 19 34 37 41 42
5764,2021-04-01,4 16 22 26 36 37
5765,2021-04-02,13 19 21 27 31 44
5766,2021-04-02,6 11 17 20 32 33
5767,2021-04-03,6 7 8 10 14 18
5768,2021-04-03,8 13 24 29 32 43
5769,2021-04-04,6 9 12 18 35 36
5770,2021-04-04,4 22 30 34 36 38
5771,2021-04-05,1 4 21 31 43 45
5772,2021-04-05,2 5 14 32 41 45
5773,2021-04-06,2 6 7 40 43 44
5774,2021-04-06,9 22 26 31 33 35
5775,2021-04-07,17 19 29 37 40 45
5776,2021-04-07,1 4 9 29 34 38
5777,2021-04-08,3 4 23 31 33 45
5778,2021-04-08,8 9 17 30 31 38
5779,2021-04-09,8 27 33 34 41 45
5780,2021-04-09,20 27 30 32 36 38
5781,2021-04-10,14 18 21 29 37 41
5782,2021-04-10,7 10 13 21 25 36
5783,2021-04-11,5 6 13 20 24 25
5784,2021-04-12,4 7 19 21 32 40
5785,2021-04-12,7 16 31 32 40 45
5786,2021-04-13,14 18 19 30 33 41
5787,2021-04-13,3 4 8 27 29 36
5788,2021-04-14,8 10 12 18 29 30
5789,2021-04-14,14 22 26 33 34 39
5790,2021-04-15,17 19 26 29 36 44
5791,2021-04-15,9 11 19 26 34 40
5792,2021-04-16,5 15 25 33 36 41
5793,2021-04-16,12 35 36 41 42 43
5794,2021-04-17,3 6 17 24 35 38
5795,2021-04-17,21 26 30 33 38 45
5796,2021-04-18,2 4 8 9 11 30
5797,2021-04-18,6 8 14 24 34 40
5798,2021-04-19,1 6 14 15 27 31
5799,2021-04-19,2 6 13 22 25 43
5800,2021-04-20,2 20 23 25 31 32
5801,2021-04-20,7 13 17 19 27 42
5802,2021-04-21,4 9 14 21 26 45
5803,2021-04-21,9 14 17 25 36 37
5804,2021-04-22,3 4 5 9 10 31
5805,2021-04-22,13 15 19 22 35 42
5806,2021-04-23,17 18 26 35 36 44
5807,2021-04-23,5 19 20 21 23 33
5808,2021-04-24,1 6 8 24 25 29
5809,2021-04-24,1 12 25 30 36 40
5810,2021-04-25,15 24 26 31 37 44
5811,2021-04-25,2 19 35 38 42 43
5812,2021-04-26,2 8 12 22 25 31
5813,2021-04-26,23 27 29 32 40 45
5814,2021-04-27,4 19 21 26 31 43
5815,2021-04-27,1 5 12 16 19 24
5816,2021-04-28,9 12 21 30 44 45
5817,2021-04-28,4 5 11 25 27 44
5818,2021-04-29,1 2 18 25 28 31
5819,2021-04-29,1 16 23 30 41 42
5820,2021-04-30,2 9 13 19 21 28
5821,2021-04-30,24 27 32 34 36 37
5822,2021-05-01,3 16 30 43 44 45
5823,2021-05-01,7 9 20 24 39 44
5824,2021-05-02,6 8 17 20 41 45
5825,2021-05-02,5 13 22 32 37 39
5826,2021-05-03,6 7 14 27 31 41
5827,2021-05-03,3 4 14 26 32 41
5828,2021-05-04,7 8 14 15 17 32
5829,2021-05-04,9 13 15 16 18 29
5830,2021-05-05,5 16 22 34 35 44
5831,2021-05-05,13 23 28 36 43 45
5832,2021-05-06,1 4 14 29 42 43
5833,2021-05-06,1 12 16 17 30 33
5834,2021-05-07,1 13 16 23 29 36
5835,2021-05-07,13 27 35 37 38 41
5836,2021-05-08,2 7 8 10 32 36
5837,2021-05-08,7 10 11 13 25 42
5838,2021-05-09,2 3 19 39 43 44
5839,2021-05-09,2 13 32 34 42 43
5840,2021-05-10,1 8 9 37 38 41
5841,2021-05-10,9 13 25 32 34 44
5842,2021-05-11,6 7 17 18 20 42
5843,2021-05-11,17 19 21 32 36 40
5844,2021-05-12,14 19 25 30 43 44
5845,2021-05-12,4 6 11 19 33 45
5846,2021-05-13,2 4 17 19 26 33
5847,2021-05-13,5 9 14 15 33 36
5848,2021-05-14,4 14 24 31 38 40
5849,2021-05-14,11 19 24 26 28 36
5850,2021-05-15,5 24 30 33 36 42
5851,2021-05-15,7 8 10 22 23 31
5852,2021-05-16,14 28 29 39 41 42
5853,2021-05-16,12 18 26 27 40 42
5854,2021-05-17,1 3 8 24 31 33
5855,2021-05-17,11 16 17 23 38 39
5856,2021-05-18,6 13 21 27 36 42
5857,2021-05-18,1 2 9 29 32 40
5858,2021-05-19,6 10 38 39 40 41
5859,2021-05-19,13 21 23 26 28 29
5860,2021-05-20,2 9 29 32 39 42
5861,2021-05-20,3 5 10 15 33 45
5862,2021-05-21,24 30 32 33 34 41
5863,2021-05-21,3 22 27 32 38 43
5864,2021-05-22,2 16 25 27 28 34
5865,2021-05-22,8 16 28 31 32 35
5866,2021-05-23,11 17 28 32 43 44
5867,2021-05-23,1 7 20 26 29 35
5868,2021-05-24,17 20 24 27 29 41
5869,2021-05-24,4 11 12 30 31 37
5870,2021-05-25,4 9 18 33 38 41
5871,2021-05-25,1 21 27 34 41 43
5872,2021-05-26,4 12 21 22 31 36
5873,2021-05-26,6 26 34 36 37 43
5874,2021-05-27,8 16 19 37 42 44
5875,2021-05-27,1 5 18 22 30 43
5876,2021-05-28,2 6 11 14 32 42
5877,2021-05-28,8 9 15 25 28 41
5878,2021-05-29,25 33 35 39 43 44
5879,2021-05-29,5 6 9 23 25 45
5880,2021-05-30,13 14 16 20 28 34
5881,2021-05-30,14 17 31 32 34 38
5882,2021-05-31,2 12 19 22 25 26
5883,2021-05-31,1 19 23 25 28 45
5884,2021-06-01,2 22 35 36 38 39
5885,2021-06-01,4 5 11 13 14 18
5886,2021-06-02,1 4 17 29 31 43
5887,2021-06-02,3 6 14 15 18 29
5888,2021-06-03,3 25 30 31 39 40
5889,2021-06-03,4 18 20 23 34 36
5890,2021-06-04,17 27 30 31 34 43
5891,2021-06-04,12 14 21 27 32 44
5892,2021-06-05,4 14 28 30 34 45
5893,2021-06-05,7 15 19 22 23 27
5894,2021-06-06,11 14 15 20 27 36
5895,2021-06-06,14 22 25 27 34 40
5896,2021-06-07,2 11 17 30 38 45
5897,2021-06-07,3 4 5 16 22 37
5898,2021-06-08,1 11 15 27 32 34
5899,2021-06-08,6 11 26 27 28 30
5900,2021-06-09,1 13 16 17 18 21
5901,2021-06-09,13 19 27 28 37 39
5902,2021-06-10,2 27 29 33 34 39
5903,2021-06-10,24 37 38 41 42 45
5904,2021-06-11,2 5 22 23 25 35
5905,2021-06-11,6 11 25 30 35 43
5906,2021-06-12,3 10 31 38 39 40
5907,2021-06-12,11 16 25 32 37 41
5908,2021-06-13,15 24 27 38 39 45
5909,2021-06-13,10 14 17 22 24 42
5910,2021-06-14,2 8 15 17 23 29
5911,2021-06-14,15 24 29 32 40 42
5912,2021-06-15,23 35 38 39 41 43
5913,2021-06-15,8 9 14 16 18 23
5914,2021-06-16,1 12 13 31 35 40
5915,2021-06-16,12 21 29 34 36 37
5916,2021-06-17,15 18 19 23 24 40
5917,2021-06-17,6 15 17 30 36 44
5918,2021-06-18,2 12 24 25 27 28
5919,2021-06-18,9 12 33 35 40 41
5920,2021-06-19,1 11 19 31 36 45
5921,2021-06-19,6 12 13 19 22 35
5922,2021-06-20,18 23 25 27 31 34
5923,2021-06-20,21 26 27 31 35 43
5924,2021-06-21,3 11 26 30 38 39
5925,2021-06-21,3 8 20 22 39 45
5926,2021-06-22,19 26 30 31 43 44
5927,2021-06-22,8 16 22 27 33 41
5928,2021-06-23,8 10 13 14 20 41
5929,2021-06-23,3 8 16 17 23 24
5930,2021-06-24,5 9 15 21 23 32
5931,2021-06-24,1 6 15 21 22 38
5932,2021-06-25,5 14 18 25 29 40
5933,2021-06-25,17 18 23 27 29 41
5934,2021-06-26,8 12 15 17 33 34
5935,2021-06-26,4 12 32 38 39 43
5936,2021-06-27,20 22 24 31 32 38
5937,2021-06-27,8 29 34 37 38 40
5938,2021-06-28,4 6 11 12 20 38
5939,2021-06-28,8 12 16 30 35 41
5940,2021-06-29,1 8 13 24 40 41
5941,2021-06-29,2 8 12 13 15 40
5942,2021-06-30,14 16 25 33 38 43
5943,2021-06-30,13 15 22 29 32 37
5944,2021-07-01,9 11 19 20 32 45
5945,2021-07-01,16 23 33 35 37 44
5946,2021-07-02,2 3 7 10 29 33
5947,2021-07-02,21 29 30 36 37 38
5948,2021-07-03,3 15 33 43 44 45
5949,2021-07-03,3 13 31 37 39 43
5950,2021-07-04,2 3 31 32 34 36
5951,2021-07-04,10 13 22 30 38 40
5952,2021-07-05,2 11 19 27 36 40
5953,2021-07-05,4 5 6 14 24 36
5954,2021-07-06,5 13 17 19 33 43
5955,2021-07-06,15 21 24 39 40 43
5956,2021-07-07,2 8 19 33 34 44
5957,2021-07-07,2 15 23 26 40 44
5958,2021-07-08,3 8 17 31 32 42
5959,2021-07-08,1 4 19 26 34 35
5960,2021-07-09,1 11 15 24 25 35
5961,2021-07-09,6 12 13 14 28 43
5962,2021-07-10,2 5 14 27 39 40
5963,2021-07-10,4 13 17 18 30 35
5964,2021-07-11,9 16 17 19 37 45
5965,2021-07-11,2 5 6 33 43 44
5966,2021-07-12,8 19 35 40 43 44
5967,2021-07-12,7 16 18 28 30 31
5968,2021-07-13,17 18 19 29 34 41
5969,2021-07-13,10 20 30 34 39 40
5970,2021-07-14,9 15 20 32 33 35
5971,2021-07-14,1 3 20 21 37 42
5972,2021-07-15,11 21 29 32 33 38
5973,2021-07-15,3 4 5 7 8 43
5974,2021-07-16,11 13 14 32 34 35
5975,2021-07-16,3 10 15 17 23 25
5976,2021-07-17,8 21 23 27 29 36
5977,2021-07-17,3 15 19 31 39 43
5978,2021-07-18,1 6 20 25 27 42
5979,2021-07-18,5 8 11 17 27 31
5980,2021-07-19,4 9 27 38 40 43
5981,2021-07-19,3 19 21 33 42 43
5982,2021-07-20,1 14 17 23 40 45
5983,2021-07-20,13 23 31 35 38 39
5984,2021-07-21,1 8 20 27 29 40
5985,2021-07-21,5 10 18 24 30 31
5986,2021-07-22,4 6 11 20 37 41
5987,2021-07-22,12 16 31 41 43 44
5988,2021-07-23,9 29 31 34 38 43
5989,2021-07-23,13 19 21 24 38 40
5990,2021-07-24,6 15 23 25 34 42
5991,2021-07-24,4 7 14 24 37 39
5992,2021-07-25,10 33 35 38 39 42
5993,2021-07-25,12 19 26 30 40 41
5994,2021-07-26,5 10 25 28 31 34
5995,2021-07-26,6 23 32 39 41 45
5996,2021-07-27,10 11 25 27 41 42
5997,2021-07-27,1 7 8 16 26 28
5998,2021-07-28,1 2 3 16 18 32
5999,2021-07-28,20 25 27 31 35 37
6000,2021-07-29,2 9 10 11 24 30
6001,2021-07-29,2 11 19 29 34 43
6002,2021-07-30,19 24 25 29 40 43
6003,2021-07-30,2 6 23 29 41 44
6004,2021-07-31,8 11 14 16 27 36
6005,2021-07-31,1 11 15 24 32 38
6006,2021-08-01,5 7 18 21 37 39
6007,2021-08-01,16 29 30 31 34 37
6008,2021-08-02,1 2 7 12 21 43
6009,2021-08-02,7 10 15 23 26 43
6010,2021-08-03,4 9 13 24 28 32
6011,2021-08-03,2 13 14 22 43 45
6012,2021-08-04,11 15 17 20 23 45
6013,2021-08-04,16 32 34 38 39 42
6014,2021-08-05,4 18 23 35 38 44
6015,2021-08-05,11 29 39 41 44 45
6016,2021-08-06,9 17 19 25 30 39
6017,2021-08-06,11 15 16 24 26 44
6018,2021-08-07,19 23 33 35 38 45
6019,2021-08-07,6 11 19 25 28 29
6020,2021-08-08,2 5 20 27 34 43
6021,2021-08-08,7 19 25 33 41 44
6022,2021-08-09,8 18 22 23 26 37
6023,2021-08-09,3 11 13 14 43 44
6024,2021-08-10,21 26 27 33 35 41
6025,2021-08-10,6 11 16 23 32 42
6026,2021-08-11,4 10 12 29 33 39
6027,2021-08-11,1 28 32 39 41 42
6028,2021-08-12,11 17 19 21 40 42
6029,2021-08-12,8 21 24 26 29 31
6030,2021-08-13,1 24 26 35 37 42
6031,2021-08-13,7 14 15 16 17 36
6032,2021-08-14,9 14 19 32 39 43
6033,2021-08-14,2 14 17 20 22 45
6034,2021-08-15,10 12 17 20 29 34
6035,2021-08-15,5 8 11 23 29 30
6036,2021-08-16,7 15 24 26 35 39
6037,2021-08-16,27 35 37 38 40 44
6038,2021-08-17,3 6 17 32 37 43
6039,2021-08-17,4 7 8 36 38 41
6040,2021-08-18,3 11 21 28 32 38
6041,2021-08-18,12 21 25 26 36 37
6042,2021-08-19,1 5 25 27 29 44
6043,2021-08-19,4 7 10 11 18 39
6044,2021-08-20,5 18 21 32 35 36
6045,2021-08-20,14 22 32 34 39 45
6046,2021-08-21,5 7 12 16 24 38
6047,2021-08-21,7 16 28 38 39 40
6048,2021-08-22,2 20 22 24 28 35
6049,2021-08-22,4 6 16 21 30 44
6050,2021-08-23,2 3 7 22 29 37
6051,2021-08-23,10 12 17 27 34 42
6052,2021-08-24,1 3 17 27 32 39
6053,2021-08-24,5 11 27 29 33 44
6054,2021-08-25,1 2 28 31 33 42
6055,2021-08-25,3 8 20 32 36 37
6056,2021-08-26,4 7 15 30 35 45
6057,2021-08-26,21 27 29 31 34 43
6058,2021-08-27,7 12 16 18 36 42
6059,2021-08-27,7 12 17 24 30 31
6060,2021-08-28,2 15 28 35 38 43
6061,2021-08-28,6 8 20 21 31 35
6062,2021-08-29,11 17 22 28 29 44
6063,2021-08-29,10 14 16 20 25 39
6064,2021-08-30,7 10 12 31 32 36
6065,2021-08-30,2 3 7 13 27 32
6066,2021-08-31,1 12 17 18 29 39
6067,2021-08-31,5 8 21 25 31 43
6068,2021-09-01,8 10 25 27 30 43
6069,2021-09-01,4 10 14 23 30 39
6070,2021-09-02,1 2 5 24 38 45
6071,2021-09-02,6 10 11 14 36 45
6072,2021-09-03,2 25 27 34 35 36
6073,2021-09-03,6 9 20 32 34 36
6074,2021-09-04,17 24 32 33 38 39
6075,2021-09-04,8 15 18 38 39 41
6076,2021-09-05,1 15 18 35 39 42
6077,2021-09-05,2 9 15 20 34 37
6078,2021-09-06,4 13 22 38 44 45
6079,2021-09-06,6 12 16 22 35 41
6080,2021-09-07,21 22 25 35 37 41
6081,2021-09-07,14 24 30 32 40 45
6082,2021-09-08,13 22 24 30 33 35
6083,2021-09-08,3 7 9 12 37 45
6084,2021-09-09,9 10 15 19 26 45
6085,2021-09-09,3 7 22 27 38 40
6086,2021-09-10,2 10 11 17 32 40
6087,2021-09-10,2 5 11 14 19 23
6088,2021-09-11,3 15 22 35 41 42
6089,2021-09-11,15 16 24 26 27 29
6090,2021-09-12,8 9 19 25 34 35
6091,2021-09-12,4 7 17 33 39 45
6092,2021-09-13,14 23 28 35 36 40
6093,2021-09-13,6 10 28 38 41 44
6094,2021-09-14,5 8 13 18 22 37
6095,2021-09-14,9 12 23 24 32 34
6096,2021-09-15,10 14 15 35 43 44
6097,2021-09-15,2 6 30 32 38 42
6098,2021-09-16,3 7 14 31 32 39
6099,2021-09-16,9 11 29 39 41 45
6100,2021-09-17,5 7 22 37 40 43
6101,2021-09-17,1 27 28 29 32 43
6102,2021-09-18,4 6 11 21 27 43
6103,2021-09-18,5 6 9 26 40 43
6104,2021-09-19,4 5 11 13 22 43
6105,2021-09-19,3 19 32 33 34 40
6106,2021-09-20,23 28 31 32 33 36
6107,2021-09-20,19 22 33 34 35 42
6108,2021-09-21,6 8 15 17 32 43
6109,2021-09-21,4 6 17 21 32 42
6110,2021-09-22,26 28 29 33 37 43
6111,2021-09-22,8 10 17 34 37 38
6112,2021-09-23,7 13 23 30 33 41
6113,2021-09-23,3 17 22 24 30 43
6114,2021-09-24,7 11 13 22 24 35
6115,2021-09-24,3 15 21 22 29 39
6116,2021-09-25,2 8 19 24 25 34
6117,2021-09-25,1 14 34 37 42 43
6118,2021-09-26,2 12 15 38 39 42
6119,2021-09-26,16 20 24 28 30 31
6120,2021-09-27,8 20 26 37 41 45
6121,2021-09-27,1 3 6 14 23 34
6122,2021-09-28,13 16 17 18 26 35
6123,2021-09-28,7 18 23 26 27 44
6124,2021-09-29,7 8 12 14 33 41
6125,2021-09-29,3 11 24 27 32 36
6126,2021-09-30,7 10 18 19 20 24
6127,2021-09-30,9 23 27 40 41 42
6128,2021-10-01,4 7 16 31 35 45
6129,2021-10-01,2 9 13 25 38 44
6130,2021-10-02,8 18 24 32 35 41
6131,2021-10-02,9 15 35 36 41 45
6132,2021-10-03,1 6 7 27 30 37
6133,2021-10-03,15 17 18 22 37 39
6134,2021-10-04,14 17 18 19 22 38
6135,2021-10-04,4 5 21 24 30 45
6136,2021-10-05,6 14 17 25 26 34
6137,2021-10-05,3 28 32 39 42 44
6138,2021-10-06,13 15 21 22 28 31
6139,2021-10-06,5 7 20 28 30 37
6140,2021-10-07,9 11 21 27 34 35
6141,2021-10-07,3 5 11 13 17 30
6142,2021-10-08,6 12 21 23 24 34
6143,2021-10-08,3 12 16 17 25 45
6144,2021-10-09,14 15 32 33 41 44
6145,2021-10-09,11 12 19 30 32 45
6146,2021-10-10,1 10 11 27 28 35
6147,2021-10-10,2 5 10 16 23 41
6148,2021-10-11,5 6 9 16 39 40
6149,2021-10-11,1 5 8 17 27 39
6150,2021-10-12,17 23 35 37 40 44
6151,2021-10-12,2 9 12 25 34 39
6152,2021-10-13,3 7 11 13 37 40
6153,2021-10-13,2 25 29 32 35 39
6154,2021-10-14,11 18 32 36 44 45
6155,2021-10-14,4 9 12 14 36 44
6156,2021-10-15,17 27 29 30 31 38
6157,2021-10-15,11 15 22 33 34 43
6158,2021-10-16,11 12 20 32 38 43
6159,2021-10-16,3 18 23 27 32 33
6160,2021-10-17,5 16 24 31 40 43
6161,2021-10-17,16 17 21 22 37 41
6162,2021-10-18,4 9 15 24 34 39
6163,2021-10-18,3 7 11 25 26 39
6164,2021-10-19,1 19 21 26 27 45
6165,2021-10-19,2 12 17 23 30 39
6166,2021-10-20,3 11 24 27 36 39
6167,2021-10-20,2 20 22 26 29 41
6168,2021-10-21,8 11 24 32 35 38
6169,2021-10-21,7 13 24 27 30 34
6170,2021-10-22,2 14 25 28 41 42
6171,2021-10-22,7 26 33 34 37 40
6172,2021-10-23,4 20 27 28 31 40
6173,2021-10-23,14 18 24 26 37 38
6174,2021-10-24,3 7 11 23 39 42
6175,2021-10-24,3 10 15 21 27 32
6176,2021-10-25,6 9 21 28 33 38
6177,2021-10-25,2 22 24 27 43 44
6178,2021-10-26,11 23 27 34 39 45
6179,2021-10-26,19 22 30 33 35 36
6180,2021-10-27,8 15 23 27 32 42
6181,2021-10-27,5 10 24 26 28 29
6182,2021-10-28,8 15 24 37 40 42
6183,2021-10-28,10 11 12 27 32 44
6184,2021-10-29,3 18 24 27 28 35
6185,2021-10-29,3 10 12 24 28 36
6186,2021-10-30,16 24 27 29 34 37
6187,2021-10-30,9 11 16 18 28 40
6188,2021-10-31,7 10 15 19 44 45
6189,2021-10-31,7 9 22 25 36 40
6190,2021-11-01,17 23 33 36 39 40
6191,2021-11-01,17 18 19 26 31 43
6192,2021-11-02,1 5 16 27 32 34
6193,2021-11-02,7 9 18 28 33 42
6194,2021-11-03,12 22 30 32 34 38
6195,2021-11-03,1 23 24 33 41 45
6196,2021-11-04,3 4 18 22 39 42
6197,2021-11-04,11 17 23 36 41 42
6198,2021-11-05,7 15 18 19 44 45
6199,2021-11-05,3 18 23 29 35 39
6200,2021-11-06,9 13 14 18 27 39
6201,2021-11-06,3 10 20 27 29 45
6202,2021-11-07,4 7 22 30 36 42
6203,2021-11-07,3 4 11 12 25 45
6204,2021-11-08,5 9 12 13 24 30
6205,2021-11-08,1 2 8 27 35 40
6206,2021-11-09,11 18 21 24 40 44
6207,2021-11-09,1 9 11 13 18 19
6208,2021-11-10,8 23 27 30 38 39
6209,2021-11-10,4 12 20 31 33 41
6210,2021-11-11,8 9 16 17 27 32
6211,2021-11-11,10 18 33 36 39 45
6212,2021-11-12,7 10 12 23 25 42
6213,2021-11-12,3 7 16 18 28 32
6214,2021-11-13,14 21 23 36 40 45
6215,2021-11-13,2 10 12 35 38 39
6216,2021-11-14,1 8 9 17 40 42
6217,2021-11-14,9 31 34 40 43 44
6218,2021-11-15,9 20 33 35 38 43
6219,2021-11-15,6 8 20 23 24 34
6220,2021-11-16,12 14 33 36 37 42
6221,2021-11-16,2 14 19 26 28 43
6222,2021-11-17,17 21 25 33 37 42
6223,2021-11-17,6 7 15 23 36 41
6224,2021-11-18,16 19 26 33 40 41
6225,2021-11-18,11 25 26 28 31 33
6226,2021-11-19,1 5 11 13 25 33
6227,2021-11-19,2 6 16 23 24 33
6228,2021-11-20,10 11 15 18 30 38
6229,2021-11-20,3 4 5 27 30 36
6230,2021-11-21,11 23 31 33 36 45
6231,2021-11-21,4 5 13 21 32 43
6232,2021-11-22,12 13 17 33 34 39
6233,2021-11-22,19 27 30 31 42 43
6234,2021-11-23,4 13 28 39 40 44
6235,2021-11-23,5 14 17 29 38 42
6236,2021-11-24,14 17 32 35 37 45
6237,2021-11-24,6 8 25 26 34 45
6238,2021-11-25,12 22 25 29 33 44
6239,2021-11-25,2 3 11 16 25 42
6240,2021-11-26,19 20 23 28 32 36
6241,2021-11-26,7 16 19 25 30 34
6242,2021-11-27,3 4 5 24 34 38
6243,2021-11-27,9 22 25 26 39 43
6244,2021-11-28,16 23 28 35 39 43
6245,2021-11-28,5 16 28 31 32 40
6246,2021-11-29,9 22 24 27 37 39
6247,2021-11-29,16 19 20 30 33 44
6248,2021-11-30,7 17 30 37 38 45
6249,2021-11-30,7 21 22 24 25 32
6250,2021-12-01,3 12 13 28 35 36
6251,2021-12-01,10 11 18 38 39 43
6252,2021-12-02,12 13 19 30 34 37
6253,2021-12-02,7 11 16 28 29 35
6254,2021-12-03,1 13 18 25 27 34
6255,2021-12-03,7 10 27 31 42 44
6256,2021-12-04,1 7 10 14 21 27
6257,2021-12-04,17 22 28 30 31 36
6258,2021-12-05,4 17 24 33 37 39
6259,2021-12-05,6 7 12 27 31 39
6260,2021-12-06,3 4 8 10 39 41
6261,2021-12-06,1 6 8 21 26 30
6262,2021-12-07,6 14 16 17 18 42
6263,2021-12-07,3 17 20 21 41 45
6264,2021-12-08,1 15 21 25 31 37
6265,2021-12-08,2 25 31 33 34 35
6266,2021-12-09,19 23 27 33 40 43
6267,2021-12-09,8 17 19 27 28 40
6268,2021-12-10,5 13 14 27 37 44
6269,2021-12-10,2 3 9 11 23 28
6270,2021-12-11,1 18 19 26 31 39
6271,2021-12-11,2 5 11 17 28 41
6272,2021-12-12,22 23 27 31 37 43
6273,2021-12-12,2 5 11 14 30 33
6274,2021-12-13,1 26 34 36 37 40
6275,2021-12-13,9 16 23 32 33 40
6276,2021-12-14,4 5 12 27 34 40
6277,2021-12-14,2 18 20 27 32 45
6278,2021-12-15,7 10 11 20 23 44
6279,2021-12-15,2 4 19 22 37 43
6280,2021-12-16,4 8 24 25 31 38
6281,2021-12-16,2 3 8 12 32 34
6282,2021-12-17,2 12 14 29 32 45
6283,2021-12-17,1 5 8 11 13 29
6284,2021-12-18,2 3 15 26 37 38
6285,2021-12-18,13 29 30 33 34 40
6286,2021-12-19,9 17 22 23 26 33
6287,2021-12-19,6 21 24 25 30 39
6288,2021-12-20,6 7 12 17 19 33
6289,2021-12-20,4 14 19 22 28 32
6290,2021-12-21,8 9 16 26 30 32
6291,2021-12-21,14 32 39 41 43 45
6292,2021-12-22,2 6 11 36 41 42
6293,2021-12-22,4 9 12 14 37 43
6294,2021-12-23,7 9 26 27 29 31
6295,2021-12-23,16 29 32 33 36 37
6296,2021-12-24,14 15 20 22 27 29
6297,2021-12-24,7 10 14 25 33 43
6298,2021-12-25,13 15 17 33 36 42
6299,2021-12-25,1 3 8 20 24 43
6300,2021-12-26,3 12 16 17 23 27
6301,2021-12-26,2 3 19 26 37 45
6302,2021-12-27,9 14 17 18 32 42
6303,2021-12-27,4 20 21 24 27 40
6304,2021-12-28,4 13 15 19 20 34
6305,2021-12-28,8 17 21 22 33 38
6306,2021-12-29,2 3 7 14 15 17
6307,2021-12-29,13 14 15 18 25 45
6308,2021-12-30,28 30 38 41 43 44
6309,2021-12-30,8 9 14 22 25 31
6310,2021-12-31,7 12 16 17 23 33
6311,2021-12-31,4 13 28 42 43 44
6312,2022-01-01,5 16 21 23 37 44
6313,2022-01-01,15 16 22 24 30 31
6314,2022-01-02,17 26 27 30 37 40
6315,2022-01-02,13 18 22 23 26 40
6316,2022-01-03,6 9 22 27 29 44
6317,2022-01-03,1 10 29 41 42 43
6318,2022-01-04,2 5 22 23 37 44
6319,2022-01-04,13 18 22 31 32 34
6320,2022-01-05,5 18 22 29 32 42
6321,2022-01-05,1 2 23 25 30 39
6322,2022-01-06,8 11 14 20 21 34
6323,2022-01-06,18 25 26 35 41 45
6324,2022-01-07,12 13 35 36 37 42
6325,2022-01-07,5 9 11 21 23 35
6326,2022-01-08,1 3 8 25 37 41
6327,2022-01-08,21 25 26 32 35 36
6328,2022-01-09,3 7 13 14 19 35
6329,2022-01-09,10 18 24 27 28 41
6330,2022-01-10,3 6 12 15 20 23
6331,2022-01-10,7 10 12 21 38 44
6332,2022-01-11,5 9 15 19 29 44
6333,2022-01-11,4 12 17 27 32 39
6334,2022-01-12,3 5 13 25 28 30
6335,2022-01-12,3 4 9 18 25 33
6336,2022-01-13,4 18 29 33 42 44
6337,2022-01-13,7 9 18 24 25 34
6338,2022-01-14,12 13 16 25 28 30
6339,2022-01-14,2 5 8 17 24 32
6340,2022-01-15,9 14 20 35 38 42
6341,2022-01-15,7 9 26 27 29 45
6342,2022-01-16,3 8 28 31 32 44
6343,2022-01-16,7 9 35 40 41 44
6344,2022-01-17,4 6 9 14 23 41
6345,2022-01-17,4 22 26 30 36 40
6346,2022-01-18,7 9 16 23 30 34
6347,2022-01-18,6 9 21 23 31 40
6348,2022-01-19,1 5 9 20 29 32
6349,2022-01-19,18 20 22 38 40 41
6350,2022-01-20,8 14 24 28 37 43
6351,2022-01-20,7 8 26 30 35 39
6352,2022-01-21,1 22 25 34 37 41
6353,2022-01-21,4 16 20 25 43 44
6354,2022-01-22,1 5 11 13 20 37
6355,2022-01-22,3 17 24 26 44 45
6356,2022-01-23,7 11 20 36 38 44
6357,2022-01-23,26 29 31 33 34 36
6358,2022-01-24,5 18 34 35 38 39
6359,2022-01-24,5 7 16 17 26 29
6360,2022-01-25,1 3 4 13 35 44
6361,2022-01-25,2 10 12 16 40 44
6362,2022-01-26,4 16 17 19 26 31
6363,2022-01-26,11 21 22 23 28 36
6364,2022-01-27,2 5 21 33 34 36
6365,2022-01-27,1 17 21 28 32 40
6366,2022-01-28,2 9 30 37 38 45
6367,2022-01-28,19 29 31 32 33 39
6368,2022-01-29,7 9 19 28 36 41
6369,2022-01-29,7 8 12 33 36 42
6370,2022-01-30,2 10 15 16 39 43
6371,2022-01-30,9 16 26 37 38 40
6372,2022-01-31,15 26 32 34 39 45
6373,2022-01-31,5 10 11 18 35 37
6374,2022-02-01,7 13 28 33 38 40
6375,2022-02-01,4 5 21 35 37 41
6376,2022-02-02,14 15 16 21 29 36
6377,2022-02-02,8 11 13 19 26 31
6378,2022-02-03,6 7 8 13 18 24
6379,2022-02-03,8 14 25 27 39 40
6380,2022-02-04,2 13 29 32 35 41
6381,2022-02-04,29 31 36 39 40 44
6382,2022-02-05,6 24 26 35 39 41
6383,2022-02-05,1 9 13 18 30 31
6384,2022-02-06,4 13 14 15 29 45
6385,2022-02-06,4 15 28 29 38 39
6386,2022-02-07,1 8 13 17 24 36
6387,2022-02-07,5 7 8 11 17 26
6388,2022-02-08,1 5 12 29 34 44
6389,2022-02-08,3 10 27 28 30 34
6390,2022-02-09,1 12 17 20 26 41
6391,2022-02-09,5 6 9 15 18 41
6392,2022-02-10,1 7 8 23 29 30
6393,2022-02-10,3 6 21 42 44 45
6394,2022-02-11,3 26 29 37 38 40
6395,2022-02-11,4 5 13 19 40 45
6396,2022-02-12,11 18 28 29 31 40
6397,2022-02-12,8 13 23 28 31 38
6398,2022-02-13,12 16 29 35 36 43
6399,2022-02-13,11 19 23 25 26 28
6400,2022-02-14,8 17 30 41 43 45
6401,2022-02-14,4 11 19 20 35 45
6402,2022-02-15,9 31 33 37 40 45
6403,2022-02-15,15 21 27 30 35 38
6404,2022-02-16,1 6 13 18 23 33
6405,2022-02-16,3 20 22 24 42 44
6406,2022-02-17,5 13 15 23 25 40
6407,2022-02-17,8 12 13 24 36 45
6408,2022-02-18,4 5 7 9 37 41
6409,2022-02-18,17 21 29 31 36 42
6410,2022-02-19,3 7 9 19 21 43
6411,2022-02-19,1 5 15 18 23 39
6412,2022-02-20,14 17 28 34 36 43
6413,2022-02-20,3 5 8 17 23 36
6414,2022-02-21,6 14 21 27 32 45
6415,2022-02-21,8 26 30 38 40 44
6416,2022-02-22,13 21 23 38 42 45
6417,2022-02-22,1 16 17 23 24 42
6418,2022-02-23,8 10 13 19 30 40
6419,2022-02-23,2 4 21 25 36 40
6420,2022-02-24,14 15 21 28 33 38
6421,2022-02-24,6 16 31 32 35 36
6422,2022-02-25,6 25 32 33 38 41
6423,2022-02-25,1 6 24 25 37 41
6424,2022-02-26,3 11 23 26 29 44
6425,2022-02-26,18 19 22 29 36 37
6426,2022-02-27,8 26 27 34 40 42
6427,2022-02-27,7 10 23 27 30 33
6428,2022-02-28,9 14 22 31 32 39
6429,2022-02-28,1 18 25 27 35 43
6430,2022-03-01,11 30 31 35 39 45
6431,2022-03-01,2 6 8 17 28 37
6432,2022-03-02,1 10 27 29 37 44
6433,2022-03-02,13 26 29 32 38 41
6434,2022-03-03,12 15 17 22 27 36
6435,2022-03-03,2 3 22 23 29 31
6436,2022-03-04,1 3 24 31 42 45
6437,2022-03-04,6 21 28 30 34 35
6438,2022-03-05,9 21 25 28 37 41
6439,2022-03-05,1 2 3 5 20 41
6440,2022-03-06,9 17 20 25 41 45
6441,2022-03-06,1 2 13 27 44 45
6442,2022-03-07,1 4 23 27 28 42
6443,2022-03-07,2 3 9 23 32 36
6444,2022-03-08,18 25 26 31 32 37
6445,2022-03-08,4 5 17 18 27 45
6446,2022-03-09,17 19 33 36 38 41
6447,2022-03-09,9 17 25 32 36 41
6448,2022-03-10,1 10 25 33 39 45
6449,2022-03-10,2 5 28 29 33 36
6450,2022-03-11,4 7 13 15 17 40
6451,2022-03-11,1 4 22 25 34 35
6452,2022-03-12,1 4 7 14 19 20
6453,2022-03-12,3 16 35 40 42 44
6454,2022-03-13,8 20 23 27 37 42
6455,2022-03-13,22 31 35 42 43 44
6456,2022-03-14,7 10 15 21 22 42
6457,2022-03-14,2 24 27 30 33 45
6458,2022-03-15,1 6 24 26 31 32
6459,2022-03-15,4 7 12 23 36 44
6460,2022-03-15,2 3 15 20 21 35
6461,2022-03-15,8 11 32 33 36 44
6462,2022-03-15,13 16 19 29 32 44
6463,2022-03-15,9 15 28 30 41 45
6464,2022-03-15,6 11 21 26 27 36
6465,2022-03-16,11 16 26 28 32 44
6466,2022-03-16,2 8 9 10 36 39
6467,2022-03-16,10 12 23 24 30 35
6468,2022-03-16,6 8 9 25 33 38
6469,2022-03-16,6 16 22 27 28 29
6470,2022-03-16,4 18 21 22 39 41
6471,2022-03-16,10 14 27 32 35 41
6472,2022-03-17,11 23 24 29 37 42
6473,2022-03-17,3 21 24 26 28 31
6474,2022-03-17,3 10 27 31 41 45
6475,2022-03-17,7 15 19 20 25 32
6476,2022-03-17,3 6 24 32 34 40
6477,2022-03-17,23 31 32 36 42 44
6478,2022-03-17,7 8 27 34 38 41
6479,2022-03-18,4 11 18 25 34 43
6480,2022-03-18,9 11 21 25 30 43
6481,2022-03-18,3 16 21 24 29 41
6482,2022-03-18,2 13 16 17 22 43
6483,2022-03-18,12 14 19 38 40 44
6484,2022-03-18,3 15 16 19 20 23
6485,2022-03-18,11 15 31 32 33 44
6486,2022-03-19,2 21 25 28 34 43
6487,2022-03-19,6 13 27 31 39 41
6488,2022-03-19,10 12 13 17 27 31
6489,2022-03-19,1 3 5 27 33 35
6490,2022-03-19,8 10 11 18 19 39
6491,2022-03-19,4 7 15 19 28 38
6492,2022-03-19,3 4 9 13 22 29
6493,2022-03-20,12 20 27 35 37 42
6494,2022-03-20,2 4 10 16 24 36
6495,2022-03-20,3 4 7 9 25 41
6496,2022-03-20,6 9 16 19 31 36
6497,2022-03-20,2 11 24 25 38 42
6498,2022-03-20,8 20 25 40 42 43
6499,2022-03-20,15 21 23 33 41 42
6500,2022-03-21,1 3 8 16 19 28
6501,2022-03-21,6 12 22 24 36 41
6502,2022-03-21,5 32 38 39 42 44
6503,2022-03-21,11 23 29 35 38 45
6504,2022-03-21,10 18 21 23 34 42
6505,2022-03-21,2 6 8 27 40 41
6506,2022-03-21,2 19 28 29 34 36
6507,2022-03-22,5 10 11 22 42 44
6508,2022-03-22,6 7 14 18 26 31
6509,2022-03-22,15 25 28 37 39 41
6510,2022-03-22,4 12 16 17 21 45
6511,2022-03-22,1 3 7 20 27 42
6512,2022-03-22,2 8 16 29 35 43
6513,2022-03-22,10 12 19 26 31 34
6514,2022-03-23,2 8 9 20 35 44
6515,2022-03-23,1 6 27 28 31 40
6516,2022-03-23,1 25 27 30 32 38
6517,2022-03-23,6 13 21 34 36 37
6518,2022-03-23,6 7 12 36 41 44
6519,2022-03-23,4 5 18 20 22 33
6520,2022-03-23,3 4 7 15 21 26
6521,2022-03-24,6 26 34 36 38 40
6522,2022-03-24,3 4 11 19 42 43
6523,2022-03-24,9 10 13 31 38 40
6524,2022-03-24,3 9 10 23 30 40
6525,2022-03-24,8 10 13 14 37 40
6526,2022-03-24,14 19 26 34 35 36
6527,2022-03-24,1 3 22 30 41 43
6528,2022-03-25,2 10 23 24 40 41
6529,2022-03-25,19 27 29 37 41 45
6530,2022-03-25,11 14 34 37 41 44
6531,2022-03-25,1 3 11 23 28 39
6532,2022-03-25,5 11 18 19 21 22
6533,2022-03-25,3 7 19 22 25 32
6534,2022-03-25,5 17 26 29 37 39
6535,2022-03-26,2 7 21 22 27 45
6536,2022-03-26,2 8 10 13 25 37
6537,2022-03-26,22 24 27 28 36 40
6538,2022-03-26,6 11 18 36 40 44
6539,2022-03-27,14 20 22 34 40 44
6540,2022-03-27,1 4 5 12 20 29
6541,2022-03-27,10 20 21 26 27 36
6542,2022-03-27,4 6 21 27 34 36
6543,2022-03-27,1 5 9 16 26 44
6544,2022-03-27,1 5 6 14 29 31
6545,2022-03-28,3 12 14 25 34 45
6546,2022-03-28,9 13 16 27 28 43
6547,2022-03-28,1 8 10 20 29 37
6548,2022-03-28,12 17 20 27 36 37
6549,2022-03-28,12 24 25 27 38 43
6550,2022-03-28,1 2 4 16 31 34
6551,2022-03-28,8 14 15 26 30 33
6552,2022-03-29,6 8 12 17 23 25
6553,2022-03-29,9 10 23 27 40 43
6554,2022-03-29,1 2 4 12 19 44
6555,2022-03-29,1 17 32 34 35 38
6556,2022-03-29,9 10 13 34 43 45
6557,2022-03-29,8 18 23 32 34 39
6558,2022-03-29,5 7 12 17 23 41
6559,2022-03-30,8 23 27 36 43 44
6560,2022-03-30,3 9 21 29 39 40
6561,2022-03-30,1 2 13 14 18 45
6562,2022-03-30,3 15 19 24 31 38
6563,2022-03-30,11 21 24 33 40 42
6564,2022-03-30,16 19 21 29 32 40
6565,2022-03-30,5 23 24 26 33 38
6566,2022-03-31,2 3 4 7 22 25
6567,2022-03-31,13 15 16 21 35 36
6568,2022-03-31,3 4 13 15 32 44
6569,2022-03-31,8 13 21 31 38 40
6570,2022-03-31,2 12 13 18 28 36
6571,2022-03-31,1 11 20 38 43 45
6572,2022-03-31,9 10 11 17 31 41
6573,2022-04-01,3 5 14 26 32 41
6574,2022-04-01,1 3 8 13 35 37
6575,2022-04-01,3 4 13 35 37 38
6576,2022-04-01,2 11 17 19 38 44
6577,2022-04-01,4 7 10 37 39 45
6578,2022-04-01,17 18 24 36 38 42
6579,2022-04-01,3 14 19 25 40 44
6580,2022-04-02,9 10 11 17 22 39
6581,2022-04-02,6 28 29 35 38 41
6582,2022-04-02,18 20 21 24 37 44
6583,2022-04-02,5 12 13 34 40 45
6584,2022-04-02,3 4 25 31 33 37
6585,2022-04-02,1 7 10 24 37 39
6586,2022-04-02,10 15 29 31 37 43
6587,2022-04-03,3 18 23 32 34 38
6588,2022-04-03,2 13 27 34 42 45
6589,2022-04-03,3 4 10 26 28 41
6590,2022-04-03,12 18 19 25 28 45
6591,2022-04-03,4 11 15 25 26 29
6592,2022-04-03,3 8 16 29 38 43
6593,2022-04-03,2 3 17 22 25 31
6594,2022-04-04,16 20 25 39 44 45
6595,2022-04-04,15 17 23 28 36 39
6596,2022-04-04,3 9 12 21 32 43
6597,2022-04-04,4 12 15 33 34 41
6598,2022-04-04,1 8 16 24 29 43
6599,2022-04-04,8 14 17 19 28 40
6600,2022-04-04,11 12 15 25 38 41
6601,2022-04-05,1 12 22 29 39 43
6602,2022-04-05,3 13 20 25 28 36
6603,2022-04-05,5 15 22 27 36 43
6604,2022-04-05,2 6 34 36 37 44
6605,2022-04-05,1 5 12 24 31 38
6606,2022-04-05,6 8 17 30 40 42
6607,2022-04-05,3 18 20 37 44 45
6608,2022-04-06,10 11 25 28 29 40
6609,2022-04-06,18 22 26 30 32 34
6610,2022-04-06,12 24 25 28 31 36
6611,2022-04-06,10 15 29 37 38 39
6612,2022-04-06,4 15 24 28 30 42
6613,2022-04-06,14 15 18 31 32 39
6614,2022-04-06,17 24 29 30 34 38
6615,2022-04-07,16 22 29 33 37 42
6616,2022-04-07,12 19 21 27 32 45
6617,2022-04-07,1 4 13 19 38 45
6618,2022-04-07,4 8 17 19 27 45
6619,2022-04-07,13 15 28 31 33 35
6620,2022-04-07,2 4 14 15 26 27
6621,2022-04-07,13 32 38 39 42 45
6622,2022-04-08,6 7 29 31 38 42
6623,2022-04-08,5 23 24 37 38 44
6624,2022-04-08,9 18 19 25 41 45
6625,2022-04-08,10 14 19 25 27 38
6626,2022-04-08,10 16 18 30 44 45
6627,2022-04-08,6 16 25 27 32 39
6628,2022-04-08,6 8 9 25 40 41
6629,2022-04-09,7 17 18 20 34 43
6630,2022-04-09,4 12 33 35 41 45
6631,2022-04-09,8 20 23 25 27 38
6632,2022-04-09,2 5 10 14 16 37
6633,2022-04-09,1 6 8 13 26 45
6634,2022-04-09,6 11 23 30 39 40
6635,2022-04-09,22 26 34 43 44 45
6636,2022-04-10,8 9 16 24 25 44
6637,2022-04-10,1 5 8 13 35 41
6638,2022-04-10,1 10 32 39 43 44
6639,2022-04-10,19 26 29 31 35 44
6640,2022-04-10,3 12 14 24 38 40
6641,2022-04-10,17 20 22 25 31 38
6642,2022-04-10,7 22 25 29 42 45
6643,2022-04-11,9 14 18 19 22 25
6644,2022-04-11,14 18 25 30 31 43
6645,2022-04-11,4 20 31 34 39 44
6646,2022-04-11,13 14 15 20 23 39
6647,2022-04-11,2 7 22 28 34 36
6648,2022-04-11,11 16 19 27 28 45
6649,2022-04-11,29 32 34 35 36 43
6650,2022-04-12,6 7 8 30 39 45
6651,2022-04-12,2 3 6 20 27 43
6652,2022-04-12,4 5 14 29 33 38
6653,2022-04-12,3 24 25 26 33 40
6654,2022-04-12,1 2 4 26 29 33
6655,2022-04-12,5 14 20 25 32 34
6656,2022-04-12,9 11 12 13 26 27
6657,2022-04-13,17 21 25 33 40 42
6658,2022-04-13,6 10 12 19 31 35
6659,2022-04-13,6 21 24 26 40 45
6660,2022-04-13,11 12 14 18 19 38
6661,2022-04-13,12 17 30 38 39 41
6662,2022-04-13,6 11 27 31 35 37
6663,2022-04-13,1 3 5 13 24 36
6664,2022-04-14,1 7 8 20 24 25
6665,2022-04-14,11 20 21 24 37 39
6666,2022-04-14,3 7 16 18 25 40
6667,2022-04-14,6 9 33 34 37 43
6668,2022-04-14,1 14 16 19 35 40
6669,2022-04-14,4 10 16 18 35 37
6670,2022-04-14,17 19 30 32 37 38
6671,2022-04-15,3 27 28 33 41 42
6672,2022-04-15,1 2 3 27 35 45
6673,2022-04-15,1 12 25 29 38 45
6674,2022-04-15,5 6 12 23 28 40
6675,2022-04-15,6 14 29 34 35 42
6676,2022-04-15,3 31 35 42 43 45
6677,2022-04-15,1 7 20 33 35 45
6678,2022-04-16,1 7 12 24 30 42
6679,2022-04-16,1 4 33 36 39 42
6680,2022-04-16,1 7 19 27 32 35
6681,2022-04-16,3 5 8 9 40 44
6682,2022-04-16,4 5 18 19 28 44
6683,2022-04-16,3 4 32 33 38 44
6684,2022-04-16,26 27 28 33 35 37
6685,2022-04-17,1 18 22 29 30 31
6686,2022-04-17,16 18 32 38 40 41
6687,2022-04-17,2 6 21 24 30 41
6688,2022-04-17,1 5 6 25 31 44
6689,2022-04-17,1 19 21 27 32 35
6690,2022-04-17,2 5 8 24 27 34
6691,2022-04-17,6 24 26 40 42 43
6692,2022-04-18,3 6 15 29 30 34
6693,2022-04-18,1 5 16 19 27 40
6694,2022-04-18,18 22 24 27 40 42
6695,2022-04-18,18 25 31 32 36 39
6696,2022-04-18,10 18 26 27 29 30
6697,2022-04-18,5 23 25 34 39 43
6698,2022-04-18,17 23 33 39 40 45
6699,2022-04-19,6 9 20 22 34 35
6700,2022-04-19,10 14 16 23 24 30
6701,2022-04-19,2 11 14 30 34 44
6702,2022-04-19,5 6 7 21 22 28
6703,2022-04-19,5 7 15 21 25 32
6704,2022-04-19,3 14 17 21 34 37
6705,2022-04-19,10 14 20 24 28 37
6706,2022-04-20,18 25 29 30 39 43
6707,2022-04-20,4 6 14 21 25 45
6708,2022-04-20,2 5 24 31 39 40
6709,2022-04-20,1 7 24 27 30 45
6710,2022-04-20,8 11 14 16 32 38
6711,2022-04-20,15 19 21 23 28 30
6712,2022-04-20,7 15 16 21 28 43
6713,2022-04-21,3 21 26 31 33 38
6714,2022-04-21,10 14 32 36 39 44
6715,2022-04-21,6 14 20 24 30 34
6716,2022-04-21,1 10 18 21 37 42
6717,2022-04-21,2 7 21 26 29 36
6718,2022-04-21,5 14 15 31 32 33
6719,2022-04-21,2 15 24 36 41 43
6720,2022-04-22,1 7 8 18 39 42
6721,2022-04-22,11 12 13 26 31 32
6722,2022-04-22,1 3 6 8 27 30
6723,2022-04-22,2 10 11 15 26 29
6724,2022-04-22,21 26 29 31 32 35
6725,2022-04-22,15 25 34 35 39 43
6726,2022-04-22,3 6 15 16 28 34
6727,2022-04-23,2 16 17 29 35 43
6728,2022-04-23,9 31 33 37 39 45
6729,2022-04-23,9 11 16 17 20 31
6730,2022-04-23,5 13 32 37 40 41
6731,2022-04-23,8 10 29 30 40 41
6732,2022-04-23,7 8 15 29 34 39
6733,2022-04-23,6 10 23 32 34 44
6734,2022-04-24,21 22 29 39 43 44
6735,2022-04-24,9 23 26 29 40 43
6736,2022-04-24,2 4 14 17 29 42
6737,2022-04-24,9 11 14 19 32 39
6738,2022-04-24,1 15 19 24 38 43
6739,2022-04-24,12 21 25 34 38 39
6740,2022-04-24,5 9 17 23 27 34
6741,2022-04-25,12 20 28 30 37 38
6742,2022-04-25,5 15 16 20 27 34
6743,2022-04-25,9 26 28 30 32 42
6744,2022-04-25,2 3 4 22 28 36
6745,2022-04-25,3 6 10 15 23 29
6746,2022-04-25,7 14 17 19 27 31
6747,2022-04-25,21 25 27 33 39 43
6748,2022-04-26,18 25 28 29 30 42
6749,2022-04-26,4 5 14 23 25 39
6750,2022-04-26,2 19 24 25 32 39
6751,2022-04-26,1 11 27 28 29 30
6752,2022-04-26,4 25 34 36 40 45
6753,2022-04-26,12 13 32 34 36 44
6754,2022-04-26,1 2 27 34 36 41
6755,2022-04-27,4 10 17 18 23 26
6756,2022-04-27,2 17 27 32 42 43
6757,2022-04-27,10 11 16 19 33 39
6758,2022-04-27,4 6 8 18 33 40
6759,2022-04-27,3 6 7 16 24 32
6760,2022-04-27,2 7 8 33 37 44
6761,2022-04-27,8 19 20 36 37 39
6762,2022-04-28,13 27 34 36 39 40
6763,2022-04-28,6 21 26 36 40 42
6764,2022-04-28,3 26 30 33 35 39
6765,2022-04-28,5 6 9 18 39 45
6766,2022-04-28,11 20 23 24 30 39
6767,2022-04-28,7 8 26 33 34 41
6768,2022-04-28,8 18 19 25 31 32
6769,2022-04-29,9 14 21 22 26 40
6770,2022-04-29,11 12 19 30 40 41
6771,2022-04-29,24 27 30 31 33 34
6772,2022-04-29,5 32 35 37 40 44
6773,2022-04-29,13 14 21 22 33 41
6774,2022-04-29,1 9 10 16 23 31
6775,2022-04-29,3 7 12 21 22 41
6776,2022-04-30,5 23 24 33 39 40
6777,2022-04-30,25 28 34 36 38 44
6778,2022-04-30,4 7 8 14 29 33
6779,2022-04-30,15 16 18 26 33 44
6780,2022-04-30,21 22 26 33 36 45
6781,2022-04-30,3 8 17 21 24 45
6782,2022-04-30,13 26 28 30 34 44
6783,2022-05-01,5 14 23 29 39 44
6784,2022-05-01,6 12 19 28 34 44
6785,2022-05-01,1 6 9 29 32 39
6786,2022-05-01,1 2 6 21 28 40
6787,2022-05-01,12 14 32 33 38 43
6788,2022-05-01,12 13 22 24 30 32
6789,2022-05-01,1 7 8 11 18 20
6790,2022-05-02,6 15 27 29 31 44
6791,2022-05-02,4 10 20 22 35 44
6792,2022-05-02,2 20 30 34 36 44
6793,2022-05-02,2 9 11 40 42 44
6794,2022-05-02,3 8 35 39 41 45
6795,2022-05-02,4 9 22 26 39 40
6796,2022-05-02,1 8 26 31 32 34
6797,2022-05-03,2 5 7 26 33 35
6798,2022-05-03,2 11 13 26 41 42
6799,2022-05-03,14 22 28 33 35 41
6800,2022-05-03,1 17 21 27 32 41
6801,2022-05-03,2 10 25 33 36 43
6802,2022-05-03,11 13 17 34 37 44
6803,2022-05-03,3 21 24 27 31 43
6804,2022-05-04,3 11 17 19 22 28
6805,2022-05-04,6 22 30 37 42 43
6806,2022-05-04,11 12 16 21 42 43
6807,2022-05-04,16 23 37 39 41 43
6808,2022-05-04,3 5 15 17 36 38
6809,2022-05-04,4 22 35 41 43 45
6810,2022-05-04,3 6 10 13 20 42
6811,2022-05-05,7 23 25 28 31 40
6812,2022-05-05,1 19 26 30 32 40
6813,2022-05-05,11 12 17 18 22 43
6814,2022-05-05,21 22 29 36 38 44
6815,2022-05-05,2 7 14 19 25 36
6816,2022-05-05,1 6 18 25 33 39
6817,2022-05-05,2 5 21 23 39 42
6818,2022-05-06,14 19 30 31 34 43
6819,2022-05-06,1 6 28 35 36 44
6820,2022-05-06,8 16 19 35 37 39
6821,2022-05-06,11 23 24 38 40 41
6822,2022-05-06,12 15 25 32 40 45
6823,2022-05-06,11 13 17 19 30 41
6824,2022-05-06,1 4 5 12 19 43
6825,2022-05-07,6 14 15 18 22 29
6826,2022-05-07,6 11 14 17 28 45
6827,2022-05-07,10 15 19 27 40 41
6828,2022-05-07,19 28 30 34 39 41
6829,2022-05-07,1 3 12 20 29 41
6830,2022-05-07,5 23 26 39 40 42
6831,2022-05-07,11 13 25 30 32 44
6832,2022-05-08,1 4 5 7 17 31
6833,2022-05-08,6 12 14 18 19 32
6834,2022-05-08,7 8 11 15 21 26
6835,2022-05-08,2 9 10 25 31 44
6836,2022-05-08,12 20 28 35 43 45
6837,2022-05-08,5 8 27 32 33 34
6838,2022-05-08,6 9 11 24 32 36
6839,2022-05-09,7 10 21 31 38 45
6840,2022-05-09,2 9 19 28 31 32
6841,2022-05-09,16 21 23 31 33 36
6842,2022-05-09,22 24 27 36 39 41
6843,2022-05-09,5 11 24 35 44 45
6844,2022-05-09,2 3 6 15 19 25
6845,2022-05-09,1 2 9 14 27 40
6846,2022-05-10,6 28 32 38 39 41
6847,2022-05-10,6 20 23 26 34 42
6848,2022-05-10,1 21 26 28 40 42
6849,2022-05-10,1 8 12 13 20 45
6850,2022-05-10,5 19 21 22 28 41
6851,2022-05-10,1 2 5 33 35 45
6852,2022-05-10,5 19 23 25 27 35
6853,2022-05-11,18 19 25 29 35 45
6854,2022-05-11,3 7 27 28 30 34
6855,2022-05-11,3 11 18 21 32 40
6856,2022-05-11,8 9 13 23 33 43
6857,2022-05-11,7 14 18 20 25 43
6858,2022-05-11,9 28 32 35 38 41
6859,2022-05-11,4 8 22 25 40 41
6860,2022-05-12,6 14 27 28 36 38
6861,2022-05-12,6 15 20 21 30 36
6862,2022-05-12,11 32 37 39 42 44
6863,2022-05-12,7 13 18 21 25 45
6864,2022-05-12,3 10 13 20 26 35
6865,2022-05-12,9 14 21 28 31 44
6866,2022-05-12,1 21 23 34 35 38
6867,2022-05-13,1 5 13 21 26 40
6868,2022-05-13,11 17 18 29 32 41
6869,2022-05-13,10 19 28 36 41 45
6870,2022-05-13,11 19 22 24 28 34
6871,2022-05-13,3 6 12 21 22 27
6872,2022-05-13,1 3 25 26 28 36
6873,2022-05-13,2 8 19 20 38 45
6874,2022-05-14,4 16 29 31 34 43
6875,2022-05-14,8 9 17 28 31 41
6876,2022-05-14,4 5 10 11 12 18
6877,2022-05-14,3 6 13 27 31 34
6878,2022-05-14,7 9 12 18 24 36
6879,2022-05-14,4 9 25 27 32 38
6880,2022-05-14,18 24 28 34 36 45
6881,2022-05-15,2 3 10 19 25 44
6882,2022-05-15,4 6 9 31 33 41
6883,2022-05-15,1 22 37 39 41 45
6884,2022-05-15,10 11 15 18 39 44
6885,2022-05-15,5 13 24 31 43 44
6886,2022-05-15,1 13 15 26 29 45
6887,2022-05-15,6 8 23 27 30 35
6888,2022-05-16,4 7 14 20 28 31
6889,2022-05-16,6 11 18 19 23 27
6890,2022-05-16,1 7 20 28 34 38
6891,2022-05-16,2 5 11 27 40 45
6892,2022-05-16,10 12 14 24 29 45
6893,2022-05-16,2 16 22 38 40 41
6894,2022-05-16,19 34 35 41 43 44
6895,2022-05-17,3 15 29 31 37 40
6896,2022-05-17,7 14 19 32 41 44
6897,2022-05-17,11 17 23 31 34 41
6898,2022-05-17,8 11 23 32 36 40
6899,2022-05-17,8 9 13 34 38 39
6900,2022-05-17,10 17 24 29 37 41
6901,2022-05-17,10 16 18 19 29 39
6902,2022-05-18,13 24 31 33 40 43
6903,2022-05-18,5 10 11 13 14 36
6904,2022-05-18,3 13 22 23 24 36
6905,2022-05-18,7 15 18 38 39 45
6906,2022-05-18,2 4 8 15 29 39
6907,2022-05-18,12 19 22 23 31 43
6908,2022-05-18,3 23 25 33 39 40
6909,2022-05-19,6 21 35 40 44 45
6910,2022-05-19,8 10 21 32 36 44
6911,2022-05-19,5 7 12 14 35 41
6912,2022-05-19,3 7 8 25 26 32
6913,2022-05-19,3 12 13 28 32 42
6914,2022-05-19,5 8 10 21 33 40
6915,2022-05-19,1 5 8 10 37 42
6916,2022-05-20,3 12 15 37 41 43
6917,2022-05-20,4 9 10 11 36 38
6918,2022-05-20,3 13 22 23 43 45
6919,2022-05-20,11 14 29 36 37 38
6920,2022-05-20,1 5 18 20 24 36
6921,2022-05-20,6 16 20 31 36 42
6922,2022-05-20,9 10 13 36 39 40
6923,2022-05-21,10 11 12 13 22 34
6924,2022-05-21,4 6 9 23 25 31
6925,2022-05-21,2 6 9 11 18 32
6926,2022-05-21,19 20 23 26 33 41
6927,2022-05-21,6 18 26 33 36 39
6928,2022-05-21,1 5 13 25 32 37
6929,2022-05-21,1 3 29 41 43 44
6930,2022-05-22,3 30 36 41 42 44
6931,2022-05-22,1 13 21 22 35 38
6932,2022-05-22,8 12 18 26 31 38
6933,2022-05-22,5 6 9 24 27 40
6934,2022-05-22,3 8 11 27 29 38
6935,2022-05-22,16 22 32 35 37 38
6936,2022-05-22,13 19 24 27 35 38
6937,2022-05-23,1 5 15 35 37 40
6938,2022-05-23,5 7 10 15 25 44
6939,2022-05-23,5 8 17 25 26 40
6940,2022-05-23,12 17 22 25 33 40
6941,2022-05-23,3 4 10 30 37 38
6942,2022-05-23,1 2 21 29 34 37
6943,2022-05-23,3 5 19 20 24 34
6944,2022-05-24,4 18 19 21 23 26
6945,2022-05-24,5 8 17 22 26 34
6946,2022-05-24,1 30 31 34 39 43
6947,2022-05-24,14 25 31 38 40 43
6948,2022-05-24,15 19 21 25 26 36
6949,2022-05-24,7 11 22 24 29 39
6950,2022-05-24,7 11 23 25 28 42
6951,2022-05-25,6 10 18 29 31 37
6952,2022-05-25,4 17 27 28 29 38
6953,2022-05-25,6 21 23 31 34 40
6954,2022-05-25,4 12 22 25 28 33
6955,2022-05-25,3 9 35 36 38 43
6956,2022-05-25,2 10 14 18 32 33
6957,2022-05-25,2 7 9 32 36 42
6958,2022-05-26,1 3 4 6 9 45
6959,2022-05-26,1 14 34 37 41 42
6960,2022-05-26,3 14 26 37 39 44
6961,2022-05-26,3 10 12 31 35 45
6962,2022-05-26,1 24 27 35 37 40
6963,2022-05-26,3 6 20 37 39 44
6964,2022-05-26,9 16 19 20 21 28
6965,2022-05-27,1 5 23 34 38 41
6966,2022-05-27,4 22 23 32 37 43
6967,2022-05-27,8 9 18 37 38 45
6968,2022-05-27,13 14 20 25 40 41
6969,2022-05-27,14 15 17 19 26 33
6970,2022-05-27,11 16 25 28 32 41
6971,2022-05-27,7 8 9 19 41 44
6972,2022-05-28,16 26 27 31 34 39
6973,2022-05-28,1 7 18 19 36 38
6974,2022-05-28,10 17 29 32 39 44
6975,2022-05-28,4 9 15 18 23 29
6976,2022-05-28,4 17 21 24 31 33
6977,2022-05-28,4 10 35 38 39 43
6978,2022-05-28,13 15 21 29 33 35
6979,2022-05-29,3 8 15 32 35 42
6980,2022-05-29,11 14 17 26 37 42
6981,2022-05-29,4 6 24 34 44 45
6982,2022-05-29,4 13 28 29 32 38
6983,2022-05-29,12 14 27 34 43 45
6984,2022-05-29,3 13 15 16 38 42
6985,2022-05-29,4 19 25 36 41 45
6986,2022-05-30,8 17 24 34 38 43
6987,2022-05-30,11 13 19 31 39 40
6988,2022-05-30,1 8 10 14 25 45
6989,2022-05-30,8 20 25 33 40 45
6990,2022-05-30,6 14 30 33 38 40
6991,2022-05-30,1 9 13 21 24 33
6992,2022-05-30,10 21 33 36 38 44
6993,2022-05-31,8 18 26 31 36 38
6994,2022-05-31,2 5 19 28 34 44
6995,2022-05-31,4 5 11 15 31 33
6996,2022-05-31,4 16 18 20 25 42
6997,2022-05-31,8 12 23 31 39 45
6998,2022-05-31,2 6 8 24 32 39
6999,2022-05-31,1 2 9 30 33 39
7000,2022-06-01,15 20 25 26 40 43
7001,2022-06-01,5 6 31 32 37 45
7002,2022-06-01,7 18 23 24 39 42
7003,2022-06-01,3 14 15 17 29 34
7004,2022-06-01,17 23 32 40 44 45
7005,2022-06-01,3 8 18 20 22 32
7006,2022-06-01,4 7 8 30 32 34
7007,2022-06-02,1 6 13 31 36 38
7008,2022-06-02,7 20 27 29 31 36
7009,2022-06-02,7 8 35 36 37 43
7010,2022-06-02,3 7 8 15 18 34
7011,2022-06-02,10 11 14 21 37 41
7012,2022-06-02,8 18 24 31 33 39
7013,2022-06-02,1 9 16 23 27 33
7014,2022-06-03,8 17 26 27 30 36
7015,2022-06-03,4 12 21 39 41 45
7016,2022-06-03,3 12 29 31 36 37
7017,2022-06-03,4 8 10 11 14 39
7018,2022-06-03,16 18 26 28 33 41
7019,2022-06-03,2 19 32 36 37 38
7020,2022-06-03,4 8 18 23 25 40
7021,2022-06-04,4 10 18 21 30 45
7022,2022-06-04,18 20 22 27 33 40
7023,2022-06-04,16 27 30 35 38 39
7024,2022-06-04,15 22 23 25 32 45
7025,2022-06-04,9 14 15 18 27 32
7026,2022-06-04,5 15 18 22 37 45
7027,2022-06-04,2 3 5 8 9 20
7028,2022-06-05,3 10 21 23 24 35
7029,2022-06-05,4 11 25 30 34 36
7030,2022-06-05,2 6 16 21 36 44
7031,2022-06-05,18 21 22 30 34 37
7032,2022-06-05,8 23 28 30 34 38
7033,2022-06-05,2 7 13 30 33 39
7034,2022-06-05,5 11 18 23 32 36
7035,2022-06-06,1 3 6 7 9 12
7036,2022-06-06,7 9 15 20 22 25
7037,2022-06-06,12 20 21 22 27 35
7038,2022-06-06,5 8 9 23 33 38
7039,2022-06-06,2 11 15 27 33 42
7040,2022-06-06,3 5 6 26 35 39
7041,2022-06-06,5 10 16 20 27 38
7042,2022-06-07,7 10 18 31 32 36
7043,2022-06-07,9 15 22 29 38 42
7044,2022-06-07,4 8 25 28 41 44
7045,2022-06-07,5 10 17 28 36 41
7046,2022-06-07,6 9 19 24 29 36
7047,2022-06-07,2 15 17 18 25 27
7048,2022-06-07,10 11 27 33 38 40
7049,2022-06-08,11 14 20 23 31 43
7050,2022-06-08,20 24 25 31 36 38
7051,2022-06-08,6 11 14 23 31 40
7052,2022-06-08,6 12 20 38 41 43
7053,2022-06-08,19 20 23 31 38 40
7054,2022-06-08,9 19 20 23 29 38
7055,2022-06-08,2 14 29 39 43 45
7056,2022-06-09,4 11 15 21 33 42
7057,2022-06-09,10 13 17 18 25 35
7058,2022-06-09,7 8 10 11 15 37
7059,2022-06-09,10 13 27 29 38 44
7060,2022-06-09,4 5 10 17 26 37
7061,2022-06-09,14 18 32 35 36 39
7062,2022-06-09,1 6 11 25 28 38
7063,2022-06-10,10 15 16 23 27 31
7064,2022-06-10,1 5 13 20 37 45
7065,2022-06-10,11 12 22 23 30 44
7066,2022-06-10,10 16 20 26 40 42
7067,2022-06-10,1 5 13 29 31 39
7068,2022-06-10,2 7 9 30 35 36
7069,2022-06-10,5 6 16 37 39 44
7070,2022-06-11,1 5 18 22 33 36
7071,2022-06-11,9 12 14 32 37 39
7072,2022-06-11,3 7 10 17 18 31
7073,2022-06-11,7 15 26 28 32 45
7074,2022-06-11,6 12 16 24 25 27
7075,2022-06-11,1 5 6 27 37 45
7076,2022-06-11,2 3 5 17 25 30
7077,2022-06-12,8 18 24 25 26 41
7078,2022-06-12,1 8 20 30 33 36
7079,2022-06-12,1 3 11 17 26 43
7080,2022-06-12,5 12 14 19 22 36
7081,2022-06-12,13 17 28 31 32 40
7082,2022-06-12,2 12 17 20 32 45
7083,2022-06-12,2 7 12 20 29 45
7084,2022-06-13,1 6 7 33 41 44
7085,2022-06-13,7 12 16 25 41 43
7086,2022-06-13,4 6 16 27 40 44
7087,2022-06-13,11 15 17 19 36 45
7088,2022-06-13,5 8 30 36 42 45
7089,2022-06-13,3 12 13 23 24 35
7090,2022-06-13,8 28 32 38 39 42
7091,2022-06-14,3 13 22 30 35 39
7092,2022-06-14,3 9 22 24 31 39
7093,2022-06-14,19 20 21 28 29 42
7094,2022-06-14,1 9 10 38 40 41
7095,2022-06-14,4 6 19 20 22 27
7096,2022-06-14,5 20 24 29 32 39
7097,2022-06-14,1 2 17 27 30 45
7098,2022-06-15,11 15 18 22 36 40
7099,2022-06-15,22 24 28 32 34 36
7100,2022-06-15,3 18 22 33 40 42
7101,2022-06-15,17 19 20 22 37 40
7102,2022-06-15,13 17 25 28 39 43
7103,2022-06-15,6 19 26 27 30 40
7104,2022-06-15,14 21 25 28 40 41
7105,2022-06-16,9 19 23 26 37 43
7106,2022-06-16,7 12 18 19 27 33
7107,2022-06-16,6 14 25 38 39 43
7108,2022-06-16,7 20 24 31 38 39
7109,2022-06-16,15 26 30 32 36 42
7110,2022-06-16,12 20 24 35 38 44
7111,2022-06-16,1 11 17 27 36 39
7112,2022-06-17,6 12 26 37 40 43
7113,2022-06-17,11 16 19 31 36 38
7114,2022-06-17,18 21 23 30 31 37
7115,2022-06-17,1 11 17 25 40 45
7116,2022-06-17,10 18 20 24 41 42
7117,2022-06-17,14 31 38 41 42 45
7118,2022-06-17,13 18 25 27 38 42
7119,2022-06-18,8 13 16 17 28 38
7120,2022-06-18,3 7 16 26 31 37
7121,2022-06-18,6 7 21 26 33 44
7122,2022-06-18,8 10 16 26 31 35
7123,2022-06-18,1 6 14 15 22 25
7124,2022-06-18,3 4 19 30 39 45
7125,2022-06-18,5 11 28 29 30 41
7126,2022-06-19,3 4 7 20 37 41
7127,2022-06-19,5 15 19 28 31 34
7128,2022-06-19,3 15 17 25 39 44
7129,2022-06-19,3 14 16 27 29 30
7130,2022-06-19,6 8 20 33 37 43
7131,2022-06-19,6 16 21 29 35 42
7132,2022-06-19,11 16 18 32 41 44
7133,2022-06-20,15 19 29 31 41 44
7134,2022-06-20,2 7 9 14 23 32
7135,2022-06-20,6 21 31 33 34 45
7136,2022-06-20,6 26 30 32 35 45
7137,2022-06-20,20 31 38 40 42 45
7138,2022-06-20,4 9 20 24 33 41
7139,2022-06-20,1 4 19 25 38 45
7140,2022-06-21,3 11 22 27 29 30
7141,2022-06-21,3 8 10 19 38 41
7142,2022-06-21,1 3 4 7 21 44
7143,2022-06-21,10 12 13 24 37 39
7144,2022-06-21,7 19 21 31 33 39
7145,2022-06-21,3 4 8 9 15 40
7146,2022-06-21,16 22 24 31 32 42
7147,2022-06-22,1 12 34 35 36 37
7148,2022-06-22,2 21 29 34 36 43
7149,2022-06-22,4 22 33 39 40 45
7150,2022-06-22,1 17 29 32 38 41
7151,2022-06-22,8 11 19 29 31 36
7152,2022-06-22,5 11 23 25 37 38
7153,2022-06-22,16 23 30 35 43 44
7154,2022-06-23,11 19 25 28 31 38
7155,2022-06-23,3 4 17 22 30 31
7156,2022-06-23,3 4 13 14 21 35
7157,2022-06-23,10 11 24 29 35 39
7158,2022-06-23,1 5 14 22 30 45
7159,2022-06-23,2 4 9 22 39 45
7160,2022-06-23,2 6 17 20 22 31
7161,2022-06-24,1 16 27 30 34 37
7162,2022-06-24,1 2 10 11 13 20
7163,2022-06-24,2 8 18 29 33 36
7164,2022-06-24,2 7 16 18 32 37
7165,2022-06-24,3 16 21 23 40 44
7166,2022-06-24,21 22 32 40 41 44
7167,2022-06-24,5 8 11 13 27 41
7168,2022-06-25,2 3 8 16 28 40
7169,2022-06-25,7 12 16 23 37 41
7170,2022-06-25,14 18 21 35 42 43
7171,2022-06-25,16 23 28 34 36 39
7172,2022-06-25,1 16 19 20 31 35
7173,2022-06-25,7 9 36 38 40 43
7174,2022-06-25,8 11 27 37 39 44
7175,2022-06-26,1 9 11 18 25 45
7176,2022-06-26,1 12 18 39 40 45
7177,2022-06-26,8 9 10 14 17 35
7178,2022-06-26,9 23 24 34 37 43
7179,2022-06-26,13 15 18 20 23 42
7180,2022-06-26,8 10 14 30 39 41
7181,2022-06-26,6 13 17 24 25 31
7182,2022-06-27,8 19 21 25 44 45
7183,2022-06-27,10 15 18 25 28 36
7184,2022-06-27,17 20 21 26 27 35
7185,2022-06-27,1 2 6 16 26 36
7186,2022-06-27,1 2 11 15 20 36
7187,2022-06-27,7 13 15 19 21 26
7188,2022-06-27,6 8 18 24 39 44
7189,2022-06-28,4 8 14 31 34 40
7190,2022-06-28,14 17 31 32 35 42
7191,2022-06-28,24 25 26 27 28 41
7192,2022-06-28,6 7 22 24 37 41
7193,2022-06-28,2 22 35 39 43 45
7194,2022-06-28,7 8 9 23 25 28
7195,2022-06-28,13 16 22 26 32 33
7196,2022-06-29,5 16 20 27 38 40
7197,2022-06-29,10 14 16 34 39 45
7198,2022-06-29,5 6 13 25 29 35
7199,2022-06-29,2 7 13 23 39 45
7200,2022-06-29,1 3 4 6 38 39
7201,2022-06-29,3 16 20 28 31 32
7202,2022-06-29,4 9 15 33 35 37
7203,2022-06-30,8 11 20 24 31 45
7204,2022-06-30,5 8 16 29 30 34
7205,2022-06-30,4 9 28 34 39 40
7206,2022-06-30,2 7 16 21 26 36
7207,2022-06-30,1 9 14 30 37 42
7208,2022-06-30,11 12 14 15 29 36
7209,2022-06-30,19 24 31 36 39 40
7210,2022-07-01,6 7 8 10 17 44
7211,2022-07-01,6 7 13 19 31 40
7212,2022-07-01,7 13 19 25 31 39
7213,2022-07-01,1 8 13 23 38 42
7214,2022-07-01,12 22 27 36 39 42
7215,2022-07-01,4 13 16 18 25 42
7216,2022-07-01,18 23 36 42 44 45
7217,2022-07-02,1 13 23 25 34 35
7218,2022-07-02,17 20 28 31 35 37
7219,2022-07-02,2 7 28 38 39 43
7220,2022-07-02,5 7 19 37 39 41
7221,2022-07-02,9 18 24 28 36 40
7222,2022-07-02,11 17 19 34 43 45
7223,2022-07-02,2 21 24 31 35 43
7224,2022-07-03,12 15 19 23 37 42
7225,2022-07-03,1 28 29 35 40 43
7226,2022-07-03,6 13 16 18 36 40
7227,2022-07-03,3 10 14 17 19 26
7228,2022-07-03,7 14 24 26 34 40
7229,2022-07-03,1 8 16 17 23 44
7230,2022-07-03,9 11 17 31 32 33
7231,2022-07-04,9 11 23 31 33 34
7232,2022-07-04,6 7 10 21 22 29
7233,2022-07-04,5 8 13 15 38 45
7234,2022-07-04,1 3 11 14 35 39
7235,2022-07-04,11 24 26 30 40 44
7236,2022-07-04,5 32 33 34 42 43
7237,2022-07-04,5 12 17 28 32 37
7238,2022-07-05,11 12 25 29 35 43
7239,2022-07-05,5 13 24 26 40 41
7240,2022-07-05,2 7 9 22 30 41
7241,2022-07-05,7 8 16 18 27 34
7242,2022-07-05,11 22 31 35 37 39
7243,2022-07-05,1 8 18 24 27 35
7244,2022-07-05,5 6 14 20 27 39
7245,2022-07-06,12 15 19 31 34 38
7246,2022-07-06,1 6 16 23 24 33
7247,2022-07-06,6 8 22 30 36 44
7248,2022-07-06,6 7 18 22 23 32
7249,2022-07-06,3 30 31 32 33 34
7250,2022-07-06,6 17 19 20 25 37
7251,2022-07-06,1 15 27 31 40 42
7252,2022-07-07,2 10 11 12 33 38
7253,2022-07-07,1 3 18 19 35 43
7254,2022-07-07,11 24 25 27 28 41
7255,2022-07-07,14 16 20 38 39 45
7256,2022-07-07,3 5 7 12 19 37
7257,2022-07-07,4 31 32 34 36 42
7258,2022-07-07,9 15 19 24 29 32
7259,2022-07-08,6 8 25 32 43 44
7260,2022-07-08,1 9 19 20 22 27
7261,2022-07-08,11 12 14 17 18 39
7262,2022-07-08,13 33 34 40 42 44
7263,2022-07-08,2 13 14 19 39 43
7264,2022-07-08,10 16 25 31 33 45
7265,2022-07-08,5 14 19 26 33 34
7266,2022-07-09,6 12 15 20 36 43
7267,2022-07-09,2 9 23 24 28 38
7268,2022-07-09,19 27 32 36 44 45
7269,2022-07-09,7 17 22 24 30 37
7270,2022-07-09,1 5 17 20 28 34
7271,2022-07-09,6 7 10 12 27 41
7272,2022-07-09,2 9 10 23 33 37
7273,2022-07-10,5 6 24 26 31 32
7274,2022-07-10,1 3 8 28 33 43
7275,2022-07-10,14 15 22 28 38 42
7276,2022-07-10,11 21 30 39 40 44
7277,2022-07-10,3 26 28 33 38 40
7278,2022-07-10,13 15 21 32 40 44
7279,2022-07-10,19 21 22 24 26 31
7280,2022-07-11,10 15 22 27 30 36
7281,2022-07-11,10 12 25 29 34 36
7282,2022-07-11,12 13 14 17 19 37
7283,2022-07-11,2 9 20 22 28 31
7284,2022-07-11,5 7 10 22 38 39
7285,2022-07-11,8 10 13 29 36 38
7286,2022-07-11,6 12 33 34 42 45
7287,2022-07-12,11 16 24 26 28 44
7288,2022-07-12,4 11 23 30 34 38
7289,2022-07-12,14 18 21 23 28 36
7290,2022-07-12,23 30 37 38 39 40
7291,2022-07-12,2 3 26 34 36 42
7292,2022-07-12,12 25 27 34 36 38
7293,2022-07-12,11 16 29 30 34 43
7294,2022-07-13,3 11 31 38 39 40
7295,2022-07-13,7 11 16 17 35 43
7296,2022-07-13,1 2 7 21 31 32
7297,2022-07-13,5 9 12 13 14 15
7298,2022-07-13,19 32 33 35 37 44
7299,2022-07-13,9 12 17 25 26 40
7300,2022-07-13,9 11 29 32 41 42
7301,2022-07-14,5 15 28 33 35 40
7302,2022-07-14,9 16 24 26 31 32
7303,2022-07-14,13 14 38 43 44 45
7304,2022-07-14,2 5 20 27 28 33
7305,2022-07-14,8 16 26 27 38 43
7306,2022-07-14,2 4 17 24 31 33
7307,2022-07-14,5 23 27 29 35 39
7308,2022-07-15,8 13 21 23 35 44
7309,2022-07-15,10 20 24 26 31 39
7310,2022-07-15,11 13 17 26 35 38
7311,2022-07-15,7 9 23 25 26 29
7312,2022-07-15,9 13 15 20 29 30
7313,2022-07-15,6 16 17 29 34 35
7314,2022-07-15,2 10 30 32 39 41
7315,2022-07-16,1 9 12 14 21 44
7316,2022-07-16,7 11 13 17 22 24
7317,2022-07-16,6 9 10 38 41 43
7318,2022-07-16,5 15 17 25 30 38
7319,2022-07-16,2 3 15 20 24 35
7320,2022-07-16,5 13 24 33 34 38
7321,2022-07-16,1 4 5 9 10 40
7322,2022-07-17,4 18 21 26 37 39
7323,2022-07-17,4 13 14 28 31 36
7324,2022-07-17,1 12 24 25 36 45
7325,2022-07-17,1 13 20 32 35 42
7326,2022-07-17,7 15 26 33 34 35
7327,2022-07-17,1 8 15 30 41 43
7328,2022-07-17,5 11 12 18 30 41
7329,2022-07-18,12 16 20 27 41 43
7330,2022-07-18,5 18 19 29 30 40
7331,2022-07-18,5 11 12 21 28 34
7332,2022-07-18,4 7 15 36 44 45
7333,2022-07-18,5 20 30 33 37 40
7334,2022-07-18,6 12 31 33 36 44
7335,2022-07-18,4 10 11 14 15 40
7336,2022-07-19,7 16 23 30 35 42
7337,2022-07-19,5 11 28 30 33 36
7338,2022-07-19,12 13 14 25 28 34
7339,2022-07-19,9 12 19 24 25 38
7340,2022-07-19,2 12 33 36 38 43
7341,2022-07-19,24 28 31 32 33 40
7342,2022-07-19,9 24 26 27 30 40
7343,2022-07-20,6 10 34 35 41 45
7344,2022-07-20,2 4 14 25 28 40
7345,2022-07-20,6 8 12 23 37 42
7346,2022-07-20,2 15 17 32 35 43
7347,2022-07-20,13 23 27 39 40 45
7348,2022-07-20,5 22 36 37 44 45
7349,2022-07-20,4 11 20 24 39 40
7350,2022-07-21,1 7 17 35 38 39
7351,2022-07-21,2 5 20 23 35 40
7352,2022-07-21,8 18 27 30 31 44
7353,2022-07-21,10 17 19 29 41 43
7354,2022-07-21,5 7 12 25 27 31
7355,2022-07-21,12 13 16 21 35 37
7356,2022-07-21,10 12 21 24 25 31
7357,2022-07-22,17 22 26 29 34 40
7358,2022-07-22,10 12 17 25 27 28
7359,2022-07-22,1 2 25 30 39 42
7360,2022-07-22,9 10 21 22 34 38
7361,2022-07-22,7 23 25 27 31 42
7362,2022-07-22,1 4 9 28 37 44
7363,2022-07-22,12 17 26 28 35 36
7364,2022-07-23,1 2 19 24 36 44
7365,2022-07-23,5 14 22 29 32 40
7366,2022-07-23,5 6 9 22 25 37
7367,2022-07-23,3 19 22 31 33 34
7368,2022-07-23,2 7 16 20 25 44
7369,2022-07-23,10 12 21 37 41 43
7370,2022-07-23,4 9 26 30 43 45
7371,2022-07-24,24 30 32 33 38 42
7372,2022-07-24,5 8 12 30 37 41
7373,2022-07-24,4 8 19 36 44 45
7374,2022-07-24,5 10 19 22 24 39
7375,2022-07-24,8 10 13 23 29 38
7376,2022-07-24,5 14 31 34 36 38
7377,2022-07-24,1 3 4 9 14 37
7378,2022-07-25,7 10 12 15 22 33
7379,2022-07-25,6 8 18 32 35 44
7380,2022-07-25,10 26 27 32 39 41
7381,2022-07-25,1 12 13 24 30 34
7382,2022-07-25,9 22 30 34 38 44
7383,2022-07-25,3 5 21 22 23 34
7384,2022-07-25,7 16 18 32 39 44
7385,2022-07-26,1 2 20 32 38 39
7386,2022-07-26,14 18 24 25 32 34
7387,2022-07-26,6 9 19 26 34 44
7388,2022-07-26,2 5 9 27 28 38
7389,2022-07-26,2 8 11 19 27 38
7390,2022-07-26,2 24 27 30 35 39
7391,2022-07-26,5 17 23 36 42 45
7392,2022-07-27,2 6 20 31 42 43
7393,2022-07-27,2 7 28 35 37 41
7394,2022-07-27,2 3 8 13 16 30
7395,2022-07-27,9 17 24 31 39 45
7396,2022-07-27,5 7 19 24 40 43
7397,2022-07-27,6 28 31 32 33 42
7398,2022-07-27,1 2 9 35 37 38
7399,2022-07-28,2 8 17 21 30 33
7400,2022-07-28,4 5 18 37 39 43
7401,2022-07-28,2 11 21 30 37 42
7402,2022-07-28,8 16 19 29 30 31
7403,2022-07-28,4 8 24 34 43 44
7404,2022-07-28,2 12 32 40 44 45
7405,2022-07-28,5 8 11 12 41 43
7406,2022-07-29,6 12 16 17 33 36
7407,2022-07-29,1 9 13 20 25 38
7408,2022-07-29,20 22 24 33 40 42
7409,2022-07-29,17 19 23 27 30 36
7410,2022-07-29,1 28 30 32 36 43
7411,2022-07-29,17 21 22 35 36 39
7412,2022-07-29,2 3 27 30 34 38
7413,2022-07-30,2 15 32 37 41 42
7414,2022-07-30,2 13 23 32 41 45
7415,2022-07-30,9 13 25 32 43 44
7416,2022-07-30,7 12 18 19 38 39
7417,2022-07-30,15 24 27 35 36 37
7418,2022-07-30,4 9 17 19 29 43
7419,2022-07-30,4 13 15 18 22 43
7420,2022-07-31,13 17 25 28 29 42
7421,2022-07-31,9 13 15 17 32 37
7422,2022-07-31,11 12 18 21 35 39
7423,2022-07-31,11 16 20 33 37 38
7424,2022-07-31,10 18 20 37 38 44
7425,2022-07-31,5 17 23 25 28 36
7426,2022-07-31,8 14 15 28 30 38
7427,2022-08-01,12 14 18 26 36 39
7428,2022-08-01,9 19 31 32 41 44
7429,2022-08-01,17 26 29 33 35 37
7430,2022-08-01,1 5 24 26 28 30
7431,2022-08-01,10 11 39 40 44 45
7432,2022-08-01,4 6 19 30 31 40
7433,2022-08-01,2 3 8 14 20 30
7434,2022-08-02,18 21 30 32 35 43
7435,2022-08-02,6 12 13 19 29 31
7436,2022-08-02,3 9 13 15 38 41
7437,2022-08-02,1 3 6 16 35 41
7438,2022-08-02,4 10 11 25 33 37
7439,2022-08-02,10 26 28 33 36 40
7440,2022-08-02,5 8 11 14 30 44
7441,2022-08-03,17 21 23 30 36 44
7442,2022-08-03,9 11 18 23 36 37
7443,2022-08-03,10 13 15 17 27 40
7444,2022-08-03,3 5 6 21 24 36
7445,2022-08-03,1 9 19 22 36 45
7446,2022-08-03,1 12 15 18 19 24
7447,2022-08-03,4 5 9 10 26 36
7448,2022-08-04,1 7 21 30 32 39
7449,2022-08-04,3 7 14 29 30 33
7450,2022-08-04,6 10 11 35 39 45
7451,2022-08-04,3 15 29 30 35 42
7452,2022-08-04,5 7 19 23 32 45
7453,2022-08-04,9 10 16 18 22 38
7454,2022-08-04,3 12 19 36 42 43
7455,2022-08-05,7 8 10 27 30 31
7456,2022-08-05,1 12 21 26 39 40
7457,2022-08-05,13 18 27 34 39 41
7458,2022-08-05,3 4 7 25 32 40
7459,2022-08-05,5 10 28 29 30 37
7460,2022-08-05,6 16 17 22 32 41
7461,2022-08-05,10 16 17 34 35 41
7462,2022-08-06,14 24 27 37 42 44
7463,2022-08-06,7 8 11 23 28 36
7464,2022-08-06,22 31 37 40 41 44
7465,2022-08-06,21 28 34 35 40 44
7466,2022-08-06,3 4 17 26 30 33
7467,2022-08-06,1 7 20 22 25 28
7468,2022-08-06,3 4 15 19 23 27
7469,2022-08-07,7 19 21 24 33 37
7470,2022-08-07,20 23 28 39 41 44
7471,2022-08-07,6 10 24 29 39 44
7472,2022-08-07,2 9 10 33 37 43
7473,2022-08-07,5 11 14 21 37 43
7474,2022-08-07,6 8 21 23 37 41
7475,2022-08-07,10 17 26 40 43 45
7476,2022-08-08,3 6 19 32 37 38
7477,2022-08-08,1 4 10 22 38 44
7478,2022-08-08,2 3 7 27 36 43
7479,2022-08-08,2 9 13 23 25 43
7480,2022-08-08,2 23 29 38 39 42
7481,2022-08-08,3 6 24 26 35 39
7482,2022-08-08,1 10 14 15 17 28
7483,2022-08-09,12 20 21 24 31 40
7484,2022-08-09,2 4 13 33 41 45
7485,2022-08-09,25 38 39 41 43 44
7486,2022-08-09,6 12 14 15 27 34
7487,2022-08-09,9 10 12 22 28 32
7488,2022-08-09,3 9 11 13 21 40
7489,2022-08-09,12 15 27 32 38 39
7490,2022-08-10,3 18 39 41 43 44
7491,2022-08-10,2 4 24 29 35 36
7492,2022-08-10,15 24 26 31 32 42
7493,2022-08-10,7 10 24 27 33 45
7494,2022-08-10,4 6 14 21 27 43
7495,2022-08-10,1 19 20 21 22 36
7496,2022-08-10,2 9 25 35 40 43
7497,2022-08-11,18 29 32 34 42 44
7498,2022-08-11,5 9 26 28 34 38
7499,2022-08-11,4 9 17 23 27 40
7500,2022-08-11,15 19 22 29 33 35
7501,2022-08-11,3 4 21 30 38 45
7502,2022-08-11,1 2 5 7 30 38
7503,2022-08-11,1 12 20 34 43 45
7504,2022-08-12,11 19 20 32 33 43
7505,2022-08-12,3 19 22 29 36 39
7506,2022-08-12,10 12 21 31 40 42
7507,2022-08-12,5 21 22 27 42 44
7508,2022-08-12,1 9 39 41 43 44
7509,2022-08-12,3 16 19 29 43 44
7510,2022-08-12,2 4 25 30 33 41
7511,2022-08-13,5 19 25 26 30 39
7512,2022-08-13,2 7 12 23 27 35
7513,2022-08-13,2 22 28 31 33 35
7514,2022-08-13,15 20 23 24 34 37
7515,2022-08-13,1 8 24 30 38 45
7516,2022-08-13,16 25 26 28 36 40
7517,2022-08-13,12 15 23 27 30 37
7518,2022-08-14,2 8 11 15 35 42
7519,2022-08-14,17 20 24 26 29 30
7520,2022-08-14,6 8 13 15 28 45
7521,2022-08-14,10 14 15 26 38 45
7522,2022-08-14,3 13 16 25 40 44
7523,2022-08-14,4 15 23 32 35 41
7524,2022-08-14,3 4 19 21 27 36
7525,2022-08-15,3 8 26 37 41 45
7526,2022-08-15,2 3 10 17 32 34
7527,2022-08-15,2 10 23 30 34 45
7528,2022-08-15,4 10 13 17 26 27
7529,2022-08-15,8 19 22 30 36 43
7530,2022-08-15,3 23 31 32 39 40
7531,2022-08-15,2 4 15 18 29 31
7532,2022-08-16,6 26 27 28 39 44
7533,2022-08-16,14 18 19 22 35 38
7534,2022-08-16,5 17 25 33 34 41
7535,2022-08-16,1 2 8 23 25 44
7536,2022-08-16,2 4 5 11 31 37
7537,2022-08-16,14 17 23 34 35 41
7538,2022-08-16,2 12 17 21 30 38
7539,2022-08-17,5 8 15 21 33 35
7540,2022-08-17,10 15 18 25 26 32
7541,2022-08-17,5 9 14 19 21 35
7542,2022-08-17,1 2 7 16 22 27
7543,2022-08-17,1 4 9 13 18 27
7544,2022-08-17,23 26 28 29 36 42
7545,2022-08-17,9 16 22 30 31 44
7546,2022-08-18,13 20 24 32 37 38
7547,2022-08-18,17 21 26 29 34 41
7548,2022-08-18,9 27 33 39 44 45
7549,2022-08-18,20 24 25 33 39 43
7550,2022-08-18,17 19 26 29 36 43
7551,2022-08-18,7 14 16 24 25 34
7552,2022-08-18,7 10 21 34 35 40
7553,2022-08-19,4 6 18 26 32 39
7554,2022-08-19,2 7 21 23 30 43
7555,2022-08-19,8 13 35 37 38 42
7556,2022-08-19,3 10 15 25 32 33
7557,2022-08-19,1 3 21 25 34 42
7558,2022-08-19,6 16 26 34 38 42
7559,2022-08-19,1 23 25 35 40 44
7560,2022-08-20,6 14 16 28 30 32
7561,2022-08-20,4 14 22 23 26 38
7562,2022-08-20,1 5 8 18 42 43
7563,2022-08-20,3 5 6 30 38 39
7564,2022-08-20,2 3 5 18 27 29
7565,2022-08-20,3 4 15 18 26 36
7566,2022-08-20,2 4 7 8 12 26
7567,2022-08-21,9 16 18 26 28 37
7568,2022-08-21,3 5 15 25 26 28
7569,2022-08-21,1 3 9 10 12 33
7570,2022-08-21,1 3 12 17 20 30
7571,2022-08-21,4 8 20 24 28 37
7572,2022-08-21,10 16 29 31 35 40
7573,2022-08-21,9 24 27 29 34 36
7574,2022-08-22,10 13 14 20 29 30
7575,2022-08-22,7 23 24 25 30 35
7576,2022-08-22,4 6 26 32 33 45
7577,2022-08-22,2 16 26 27 40 41
7578,2022-08-22,7 8 27 30 36 37
7579,2022-08-22,11 16 27 29 30 37
7580,2022-08-22,8 10 11 20 24 41
7581,2022-08-23,2 11 20 22 30 45
7582,2022-08-23,3 12 22 27 44 45
7583,2022-08-23,16 18 24 25 32 40
7584,2022-08-23,3 7 10 14 20 37
7585,2022-08-23,7 20 37 40 41 44
7586,2022-08-23,1 17 27 39 41 43
7587,2022-08-23,1 8 32 34 38 39
7588,2022-08-24,7 18 19 27 35 42
7589,2022-08-24,4 22 23 33 34 44
7590,2022-08-24,4 12 38 40 41 42
7591,2022-08-24,4 9 18 26 38 39
7592,2022-08-24,12 18 27 32 34 35
7593,2022-08-24,4 8 13 26 42 45
7594,2022-08-24,2 7 9 11 17 22
7595,2022-08-25,10 14 15 17 19 45
7596,2022-08-25,9 18 23 32 33 43
7597,2022-08-25,6 8 10 14 31 40
7598,2022-08-25,7 14 29 31 41 43
7599,2022-08-25,4 9 11 16 34 36
7600,2022-08-25,6 7 13 21 34 43
7601,2022-08-25,1 9 12 22 41 44
7602,2022-08-26,6 12 17 19 34 41
7603,2022-08-26,1 6 7 18 29 37
7604,2022-08-26,6 10 16 18 22 43
7605,2022-08-26,2 6 12 15 19 37
7606,2022-08-26,8 21 28 30 33 34
7607,2022-08-26,3 12 13 14 17 39
7608,2022-08-26,1 3 6 32 43 45
7609,2022-08-27,12 30 34 37 39 44
7610,2022-08-27,13 19 30 32 34 40
7611,2022-08-27,5 9 15 17 26 43
7612,2022-08-27,6 8 9 11 30 41
7613,2022-08-27,4 7 17 31 41 44
7614,2022-08-27,20 25 30 35 42 45
7615,2022-08-27,4 8 18 26 32 45
7616,2022-08-28,5 13 17 31 34 37
7617,2022-08-28,16 21 26 29 37 38
7618,2022-08-28,2 6 16 17 29 30
7619,2022-08-28,3 8 28 35 39 40
7620,2022-08-28,25 27 30 31 32 39
7621,2022-08-28,6 11 25 28 30 36
7622,2022-08-28,3 11 20 28 36 44
7623,2022-08-29,7 20 31 37 41 42
7624,2022-08-29,2 5 16 21 43 45
7625,2022-08-29,8 9 20 27 30 32
7626,2022-08-29,6 18 25 30 40 43
7627,2022-08-29,5 19 21 22 31 41
7628,2022-08-29,7 20 23 25 33 44
7629,2022-08-29,1 5 20 21 28 43
7630,2022-08-30,12 16 17 40 42 45
7631,2022-08-30,4 8 10 17 22 44
7632,2022-08-30,6 20 25 26 36 40
7633,2022-08-30,9 14 17 25 30 44
7634,2022-08-30,3 12 15 27 32 44
7635,2022-08-30,11 25 29 35 41 43
7636,2022-08-30,10 33 36 40 41 44
7637,2022-08-31,2 26 32 33 34 43
7638,2022-08-31,2 4 15 16 28 43
7639,2022-08-31,3 13 19 28 39 40
7640,2022-08-31,4 14 15 43 44 45
7641,2022-08-31,2 8 25 31 39 40
7642,2022-08-31,6 8 13 30 34 43
7643,2022-08-31,2 9 26 29 41 45
7644,2022-09-01,5 12 34 40 43 44
7645,2022-09-01,5 14 26 27 38 45
7646,2022-09-01,9 10 19 30 41 43
7647,2022-09-01,3 4 7 16 29 30
7648,2022-09-01,9 15 27 30 35 36
7649,2022-09-01,2 26 29 33 43 44
7650,2022-09-01,5 23 27 31 42 43
7651,2022-09-02,4 7 22 24 25 38
7652,2022-09-02,1 15 36 39 41 45
7653,2022-09-02,16 23 36 40 42 44
7654,2022-09-02,8 15 23 29 38 43
7655,2022-09-02,10 23 29 32 41 42
7656,2022-09-02,4 5 7 10 33 40
7657,2022-09-02,2 11 20 31 36 41
7658,2022-09-03,1 14 19 30 42 45
7659,2022-09-03,3 22 25 26 28 35
7660,2022-09-03,6 8 9 20 37 38
7661,2022-09-03,6 15 29 35 40 42
7662,2022-09-03,4 12 16 24 32 37
7663,2022-09-03,7 10 30 39 41 45
7664,2022-09-03,4 12 16 28 34 43
7665,2022-09-04,4 18 24 36 41 42
7666,2022-09-04,5 14 24 25 39 45
7667,2022-09-04,3 13 17 34 37 39
7668,2022-09-04,16 18 29 38 44 45
7669,2022-09-04,2 6 12 19 34 40
7670,2022-09-04,5 12 18 20 23 24
7671,2022-09-04,8 9 11 31 42 43
7672,2022-09-05,2 8 18 20 29 31
7673,2022-09-05,1 3 11 17 24 40
7674,2022-09-05,3 6 11 19 28 31
7675,2022-09-05,25 26 27 30 35 45
7676,2022-09-05,3 12 19 27 30 41
7677,2022-09-05,1 8 22 26 34 36
7678,2022-09-05,3 6 21 24 28 45
7680,2022-09-06,5 7 22 29 35 37
7681,2022-09-06,5 6 11 16 22 32
7682,2022-09-06,11 21 31 33 41 45
7683,2022-09-06,6 7 18 32 37 44
7684,2022-09-06,4 8 9 13 35 42
7685,2022-09-06,7 8 14 22 33 45
7686,2022-09-07,7 14 17 21 24 29
7687,2022-09-07,11 15 27 28 37 43
7688,2022-09-07,32 36 37 38 39 45
7689,2022-09-07,6 14 19 33 36 43
7690,2022-09-07,3 20 22 28 32 37
7691,2022-09-07,1 5 17 23 30 37
7692,2022-09-07,5 12 30 36 43 45
7693,2022-09-08,8 12 28 29 32 41
7694,2022-09-08,2 6 9 14 29 33
7695,2022-09-08,2 5 12 15 27 35
7696,2022-09-08,7 10 21 25 27 32
7697,2022-09-08,12 28 32 33 34 37
7698,2022-09-08,4 14 16 27 34 45
7699,2022-09-08,2 18 24 32 34 40
7700,2022-09-09,22 23 25 32 35 38
7701,2022-09-09,5 8 30 35 39 42
7702,2022-09-09,5 12 25 27 32 45
7703,2022-09-09,2 17 20 26 35 38
7704,2022-09-09,15 19 20 21 24 35
7705,2022-09-09,5 6 17 27 41 42
7706,2022-09-09,12 20 21 23 27 43
7707,2022-09-10,17 21 23 32 34 35
7708,2022-09-10,6 10 11 20 35 43
7709,2022-09-10,8 10 17 18 35 39
7710,2022-09-10,13 25 28 32 33 37
7711,2022-09-10,8 9 14 17 25 40
7712,2022-09-10,5 11 14 19 24 25
7713,2022-09-10,2 4 6 15 34 35
7714,2022-09-11,3 5 13 14 27 40
7715,2022-09-11,2 8 13 32 42 43
7716,2022-09-11,13 14 19 34 38 45
7717,2022-09-11,5 12 15 16 23 43
7718,2022-09-11,5 14 18 25 40 45
7719,2022-09-11,7 11 17 30 41 42
7720,2022-09-11,3 18 20 21 26 35
7721,2022-09-12,3 26 29 32 34 43
7722,2022-09-12,6 8 13 24 34 40
7723,2022-09-12,5 10 13 19 23 31
7724,2022-09-12,5 23 34 38 40 43
7725,2022-09-12,11 15 16 23 35 38
7726,2022-09-12,7 8 13 14 20 39
7727,2022-09-12,7 11 16 22 32 34
7728,2022-09-13,12 22 30 37 44 45
7729,2022-09-13,1 9 11 13 18 38
7730,2022-09-13,1 9 22 36 37 41
7731,2022-09-13,1 2 7 12 14 29
7732,2022-09-13,9 19 28 33 43 45
7733,2022-09-13,10 12 18 27 43 45
7734,2022-09-13,19 23 29 30 38 44
7735,2022-09-14,1 9 10 13 20 24
7736,2022-09-14,2 8 18 23 35 42
7737,2022-09-14,3 27 33 34 39 43
7738,2022-09-14,1 3 7 9 28 37
7739,2022-09-14,2 4 7 8 15 44
7740,2022-09-14,2 15 32 39 40 43
7741,2022-09-14,10 14 19 26 32 40
7742,2022-09-15,11 30 33 39 40 45
7743,2022-09-15,13 18 19 21 23 40
7744,2022-09-15,1 7 9 31 36 39
7745,2022-09-15,8 10 18 23 34 39
7746,2022-09-15,7 17 18 23 27 36
7747,2022-09-15,5 8 12 13 22 30
7748,2022-09-15,1 22 28 31 33 41
7749,2022-09-16,3 8 21 27 33 39
7750,2022-09-16,17 20 22 33 43 44
7751,2022-09-16,5 12 23 25 38 42
7752,2022-09-16,5 9 11 12 13 19
7753,2022-09-16,5 8 24 31 36 37
7754,2022-09-16,13 15 21 30 36 44
7755,2022-09-16,1 14 17 18 27 32
7756,2022-09-17,3 11 17 19 26 29
7757,2022-09-17,9 10 17 18 40 44
7758,2022-09-17,1 9 14 25 31 45
7759,2022-09-17,2 21 28 31 33 40
7760,2022-09-17,6 8 24 34 37 43
7761,2022-09-17,9 12 30 34 38 41
7762,2022-09-17,3 5 17 19 20 24
7763,2022-09-18,1 13 19 23 24 31
7764,2022-09-18,5 9 13 24 32 39
7765,2022-09-18,3 7 10 11 15 35
7766,2022-09-18,1 5 19 37 42 44
7767,2022-09-18,8 9 10 17 24 36
7768,2022-09-18,3 5 15 24 30 34
7769,2022-09-18,12 21 30 32 33 42
7770,2022-09-19,6 10 14 20 28 32
7771,2022-09-19,2 7 10 31 38 39
7772,2022-09-19,3 12 16 32 34 43
7773,2022-09-19,13 18 20 28 34 42
7774,2022-09-19,12 17 22 29 34 43
7775,2022-09-19,2 7 18 27 42 44
7776,2022-09-19,6 8 27 37 43 44
7777,2022-09-20,2 10 15 21 25 38
7778,2022-09-20,9 13 15 19 26 43
7779,2022-09-20,2 9 27 37 39 42
7780,2022-09-20,7 27 35 38 39 42
7781,2022-09-20,3 16 25 35 44 45
7782,2022-09-20,8 12 14 17 32 33
7783,2022-09-20,5 9 10 14 15 29
7784,2022-09-21,10 14 18 31 32 43
7785,2022-09-21,1 4 17 23 26 35
7786,2022-09-21,3 8 9 28 30 39
7787,2022-09-21,6 7 10 19 38 43
7788,2022-09-21,13 15 18 31 33 41
7789,2022-09-21,1 2 4 12 44 45
7790,2022-09-21,1 3 23 27 32 37
7791,2022-09-22,20 21 24 26 31 33
7792,2022-09-22,2 3 8 17 26 34
7793,2022-09-22,4 11 15 24 26 40
7794,2022-09-22,1 20 23 24 40 44
7795,2022-09-22,6 8 9 18 32 39
7796,2022-09-22,6 7 13 21 31 35
7797,2022-09-22,13 19 26 27 30 34
7798,2022-09-23,6 24 31 34 36 37
7799,2022-09-23,2 31 34 35 37 43
7800,2022-09-23,2 8 12 14 21 41
7801,2022-09-23,5 8 15 29 31 34
7802,2022-09-23,8 11 17 18 24 44
7803,2022-09-23,3 9 10 17 29 45
7804,2022-09-23,1 28 32 33 35 40
7805,2022-09-24,12 13 15 32 34 40
7806,2022-09-24,11 13 27 28 41 45
7807,2022-09-24,1 12 14 31 34 40
7808,2022-09-24,5 10 21 22 32 45
7809,2022-09-24,6 12 18 22 39 45
7810,2022-09-24,27 32 33 35 40 41
7811,2022-09-24,6 16 24 27 30 42
7812,2022-09-25,4 16 21 38 43 45
7813,2022-09-25,1 12 13 32 33 37
7814,2022-09-25,5 8 9 15 36 43
7815,2022-09-25,7 10 12 19 25 43
7816,2022-09-25,1 26 27 39 42 45
7817,2022-09-25,2 18 19 31 33 44
7818,2022-09-25,17 19 34 35 43 45
7819,2022-09-26,5 17 22 32 35 41
7820,2022-09-26,1 8 22 33 34 36
7821,2022-09-26,3 22 23 27 35 37
7822,2022-09-26,24 29 33 34 39 45
7823,2022-09-26,16 31 35 37 39 44
7824,2022-09-26,2 25 30 33 37 38
7825,2022-09-26,14 21 22 26 27 43
7826,2022-09-27,3 4 21 22 34 40
7827,2022-09-27,2 18 31 32 41 45
7828,2022-09-27,3 21 22 23 31 32
7829,2022-09-27,6 22 28 30 33 34
7830,2022-09-27,7 11 15 23 29 43
7831,2022-09-27,1 6 16 21 40 45
7832,2022-09-27,14 15 21 27 28 45
7833,2022-09-28,6 8 10 20 39 42
7834,2022-09-28,2 8 14 15 19 26
7835,2022-09-28,6 11 18 30 39 40
7836,2022-09-28,1 10 14 26 35 41
7837,2022-09-28,7 10 14 35 40 45
7838,2022-09-28,6 27 31 37 41 42
7839,2022-09-28,16 31 33 37 38 39
7840,2022-09-29,21 26 27 33 35 44
7841,2022-09-29,4 20 24 34 40 44
7842,2022-09-29,7 9 25 28 29 43
7843,2022-09-29,6 11 17 29 32 40
7844,2022-09-29,7 27 28 42 43 44
7845,2022-09-29,5 12 32 34 36 43
7846,2022-09-29,7 15 16 19 24 25
7847,2022-09-30,2 3 24 29 34 44
7848,2022-09-30,3 10 23 26 28 35
7849,2022-09-30,1 13 15 19 20 35
7850,2022-09-30,4 8 20 25 30 34
7851,2022-09-30,5 7 21 26 33 39
7852,2022-09-30,9 15 24 32 39 45
7853,2022-09-30,7 12 15 17 29 36
7854,2022-10-01,1 2 7 19 24 44
7855,2022-10-01,6 14 28 33 40 44
7856,2022-10-01,6 18 22 26 37 42
7857,2022-10-01,1 12 14 15 36 41
7858,2022-10-01,15 20 26 32 33 40
7859,2022-10-01,3 9 13 17 24 28
7860,2022-10-01,1 9 12 35 40 41
7861,2022-10-02,8 16 21 22 37 38
7862,2022-10-02,5 6 27 30 35 41
7863,2022-10-02,5 8 13 26 36 38
7864,2022-10-02,3 20 29 30 31 42
7865,2022-10-02,12 13 14 26 35 38
7866,2022-10-02,6 17 20 30 31 36
7867,2022-10-02,10 20 28 32 44 45
7868,2022-10-03,3 9 17 28 30 40
7869,2022-10-03,15 20 27 38 39 43
7870,2022-10-03,1 13 16 20 40 44
7871,2022-10-03,21 26 27 34 35 41
7872,2022-10-03,14 16 20 33 42 44
7873,2022-10-03,11 22 26 28 41 43
7874,2022-10-03,5 12 16 19 22 26
7875,2022-10-04,4 17 25 28 29 40
7876,2022-10-04,7 19 22 24 38 42
7877,2022-10-04,8 24 26 35 41 42
7878,2022-10-04,1 5 11 22 32 40
7879,2022-10-04,11 15 28 30 34 36
7880,2022-10-04,3 15 16 25 26 29
7881,2022-10-04,4 18 30 39 43 45
7882,2022-10-05,1 28 30 34 36 44
7883,2022-10-05,5 6 7 13 22 30
7884,2022-10-05,1 11 15 23 28 33
7885,2022-10-05,11 12 16 26 42 45
7886,2022-10-05,9 10 13 29 34 38
7887,2022-10-05,1 6 7 11 16 31
7888,2022-10-05,5 10 32 35 43 44
7889,2022-10-06,1 4 6 20 31 37
7890,2022-10-06,2 16 21 22 35 43
7891,2022-10-06,2 3 7 10 17 45
7892,2022-10-06,4 7 11 22 24 41
7893,2022-10-06,12 33 34 35 36 41
7894,2022-10-06,4 6 11 13 23 45
7895,2022-10-06,12 13 14 20 23 32
7896,2022-10-07,6 9 18 19 30 33
7897,2022-10-07,9 13 27 40 41 44
7898,2022-10-07,10 13 23 27 38 39
7899,2022-10-07,15 18 21 27 31 40
7900,2022-10-07,22 26 30 31 32 45
7901,2022-10-07,1 11 13 27 37 42
7902,2022-10-07,3 6 12 25 29 38
7903,2022-10-08,2 4 11 21 23 39
7904,2022-10-08,8 9 18 23 26 37
7905,2022-10-08,1 7 21 25 28 29
7906,2022-10-08,11 12 19 28 36 43
7907,2022-10-08,21 30 32 33 37 39
7908,2022-10-08,5 18 23 24 29 45
7909,2022-10-08,7 17 24 34 37 40
7910,2022-10-09,1 2 7 25 39 45
7911,2022-10-09,5 9 10 25 30 41
7912,2022-10-09,18 25 30 34 36 39
7913,2022-10-09,14 22 23 30 33 40
7914,2022-10-09,3 7 16 25 42 43
7915,2022-10-09,2 4 18 26 37 40
7916,2022-10-09,1 6 9 13 29 43
7917,2022-10-10,2 5 19 24 29 39
7918,2022-10-10,6 10 14 30 41 43
7919,2022-10-10,2 15 30 36 38 42
7920,2022-10-10,11 13 17 25 30 40
7921,2022-10-10,13 14 17 27 28 35
7922,2022-10-10,7 20 31 34 37 43
7923,2022-10-10,3 14 25 31 35 45
7924,2022-10-11,13 31 37 38 39 44
7925,2022-10-11,8 16 17 18 35 39
7926,2022-10-11,15 16 18 27 34 36
7927,2022-10-11,11 15 18 41 43 44
7928,2022-10-11,1 17 20 24 27 37
7929,2022-10-11,9 11 23 25 37 43
7930,2022-10-11,3 7 12 17 25 38
7931,2022-10-12,1 7 12 22 26 30
7932,2022-10-12,5 13 16 36 43 44
7933,2022-10-12,9 11 12 22 25 32
7934,2022-10-12,12 15 19 33 35 43
7935,2022-10-12,2 16 17 32 37 41
7936,2022-10-12,1 5 15 16 18 22
7937,2022-10-12,6 13 23 31 33 34
7938,2022-10-13,6 10 19 33 34 40
7939,2022-10-13,15 21 22 25 27 44
7940,2022-10-13,3 9 10 15 21 36
7941,2022-10-13,3 5 14 20 24 25
7942,2022-10-13,4 15 22 24 31 43
7943,2022-10-13,26 30 31 32 34 40
7944,2022-10-13,1 9 14 25 26 41
7945,2022-10-14,1 3 11 16 23 32
7946,2022-10-14,3 7 12 17 19 40
7947,2022-10-14,12 26 30 37 38 45
7948,2022-10-14,1 18 19 30 31 44
7949,2022-10-14,3 11 18 19 39 43
7950,2022-10-14,10 15 18 25 39 44
7951,2022-10-14,7 9 23 27 31 45
7952,2022-10-15,13 25 35 39 43 45
7953,2022-10-15,17 20 22 27 39 40
7954,2022-10-15,8 13 15 22 35 38
7955,2022-10-15,4 15 17 23 26 38
7956,2022-10-15,7 14 22 26 29 43
7957,2022-10-15,15 19 22 34 38 43
7958,2022-10-15,1 13 27 28 34 36
7959,2022-10-16,3 17 18 20 35 41
7960,2022-10-16,13 15 18 27 29 44
7961,2022-10-16,2 9 28 33 35 40
7962,2022-10-16,29 34 36 38 39 42
7963,2022-10-16,2 15 22 33 41 45
7964,2022-10-16,18 26 28 31 38 39
7965,2022-10-16,2 12 21 27 30 40
7966,2022-10-17,5 8 9 22 26 28
7967,2022-10-17,19 24 29 31 44 45
7968,2022-10-17,3 7 9 13 32 44
7969,2022-10-17,4 14 27 33 40 42
7970,2022-10-17,11 16 17 19 30 33
7971,2022-10-17,3 20 23 29 39 45
7972,2022-10-17,2 12 21 33 34 37
7973,2022-10-18,7 11 13 24 27 36
7974,2022-10-18,3 9 11 13 19 39
7975,2022-10-18,6 20 21 23 25 37
7976,2022-10-18,1 5 14 24 29 37
7977,2022-10-18,3 18 22 30 34 36
7978,2022-10-18,4 5 30 34 39 44
7979,2022-10-18,1 4 16 26 40 42
7980,2022-10-19,1 2 19 29 30 36
7981,2022-10-19,15 19 35 38 43 44
7982,2022-10-19,3 9 16 21 22 27
7983,2022-10-19,7 9 18 23 30 42
7984,2022-10-19,12 28 30 34 35 38
7985,2022-10-19,4 14 24 26 32 44
7986,2022-10-19,6 24 25 27 31 38
7987,2022-10-20,2 5 23 25 30 34
7988,2022-10-20,10 12 13 21 24 42
7989,2022-10-20,3 7 19 21 22 29
7990,2022-10-20,2 10 16 17 26 28
7991,2022-10-20,4 10 12 14 24 41
7992,2022-10-20,1 2 5 9 26 39
7993,2022-10-20,10 18 30 31 38 43
7994,2022-10-21,12 13 15 30 33 45
7995,2022-10-21,4 7 29 32 37 38
7996,2022-10-21,9 13 14 17 20 21
7997,2022-10-21,2 5 20 26 30 40
7998,2022-10-21,14 15 21 23 35 42
7999,2022-10-21,1 6 12 16 19 39
8000,2022-10-21,2 6 16 26 33 44
8001,2022-10-22,4 5 15 20 27 36
8002,2022-10-22,5 10 12 25 29 39
8003,2022-10-22,1 16 28 31 39 44
8004,2022-10-22,4 13 16 26 27 32
8005,2022-10-22,6 8 13 35 37 40
8006,2022-10-22,5 12 14 19 28 39
8007,2022-10-22,3 10 31 35 38 41
8008,2022-10-23,2 5 18 25 29 38
8009,2022-10-23,6 25 29 35 36 37
8010,2022-10-23,7 22 23 32 33 38
8011,2022-10-23,5 6 10 13 28 36
8012,2022-10-23,4 16 17 18 23 26
8013,2022-10-23,12 16 26 36 40 41
8014,2022-10-23,27 31 32 33 41 43
8015,2022-10-24,9 23 27 30 37 45
8016,2022-10-24,2 5 7 8 24 28
8017,2022-10-24,3 16 18 19 27 41
8018,2022-10-24,7 12 21 22 29 39
8019,2022-10-24,21 22 25 32 34 36
8020,2022-10-24,6 10 12 16 21 24
8021,2022-10-24,9 10 12 13 38 43
8022,2022-10-25,3 25 26 28 32 35
8023,2022-10-25,10 11 20 21 34 40
8024,2022-10-25,14 21 27 35 40 44
8025,2022-10-25,4 17 39 40 42 45
8026,2022-10-25,7 17 20 23 24 39
8027,2022-10-25,2 9 13 16 23 37
8028,2022-10-25,3 7 28 30 31 42
8029,2022-10-26,15 38 39 42 44 45
8030,2022-10-26,1 4 8 9 11 28
8031,2022-10-26,5 19 20 31 33 34
8032,2022-10-26,5 17 33 39 41 45
8033,2022-10-26,1 3 5 7 10 28
8034,2022-10-26,3 7 14 20 29 33
8035,2022-10-26,1 2 6 7 9 26
8036,2022-10-27,4 20 25 28 31 44
8037,2022-10-27,9 17 24 27 35 40
8038,2022-10-27,10 11 16 37 38 44
8039,2022-10-27,2 6 10 15 20 38
8040,2022-10-27,3 10 17 26 31 37
8041,2022-10-27,12 17 26 36 41 43
8042,2022-10-27,13 32 34 40 41 45
8043,2022-10-28,11 20 27 33 38 45
8044,2022-10-28,4 22 24 39 42 45
8045,2022-10-28,1 16 26 33 36 40
8046,2022-10-28,6 8 29 30 31 39
8047,2022-10-28,12 16 18 29 43 44
8048,2022-10-28,3 18 19 26 28 40
8049,2022-10-28,5 10 12 15 19 20
8050,2022-10-29,3 8 18 27 28 32
8051,2022-10-29,4 18 21 22 33 40
8052,2022-10-29,8 11 19 24 34 38
8053,2022-10-29,5 7 21 26 39 43
8054,2022-10-29,12 17 27 36 38 40
8055,2022-10-29,5 18 29 41 42 44
8056,2022-10-29,9 12 13 26 37 44
8057,2022-10-30,7 11 14 23 25 27
8058,2022-10-30,1 4 23 31 37 43
8059,2022-10-30,5 15 19 23 32 44
8060,2022-10-30,5 8 21 22 29 39
8061,2022-10-30,2 6 12 16 39 40
8062,2022-10-30,5 28 30 36 38 41
8063,2022-10-30,3 4 11 15 36 37
8064,2022-10-31,6 19 27 33 41 42
8065,2022-10-31,7 12 14 22 29 40
8066,2022-10-31,19 25 32 35 37 42
8067,2022-10-31,2 13 20 24 28 38
8068,2022-10-31,1 11 23 28 38 42
8069,2022-10-31,10 21 25 28 32 44
8070,2022-10-31,2 7 12 36 38 42
8071,2022-11-01,6 15 25 39 41 45
8072,2022-11-01,9 14 16 17 18 28
8073,2022-11-01,1 5 6 8 27 32
8074,2022-11-01,5 6 17 31 36 43
8075,2022-11-01,5 8 17 26 28 31
8076,2022-11-01,2 3 12 16 17 43
8077,2022-11-01,10 13 14 24 35 45
8078,2022-11-02,7 12 32 33 42 45
8079,2022-11-02,13 22 25 29 30 42
8080,2022-11-02,5 6 28 33 41 45
8081,2022-11-02,4 7 18 31 34 35
8082,2022-11-02,4 20 27 29 31 44
8083,2022-11-02,6 18 27 31 38 43
8084,2022-11-02,11 18 31 34 40 45
8085,2022-11-03,3 8 12 17 21 26
8086,2022-11-03,2 4 10 14 16 38
8087,2022-11-03,2 5 6 14 17 29
8088,2022-11-03,3 7 10 12 26 31
8089,2022-11-03,5 11 23 27 28 33
8090,2022-11-03,2 15 17 28 31 37
8091,2022-11-03,8 10 27 38 41 43
8092,2022-11-04,3 22 33 34 36 40
8093,2022-11-04,1 4 6 10 17 28
8094,2022-11-04,1 15 17 25 41 45
8095,2022-11-04,1 19 28 32 37 39
8096,2022-11-04,3 8 22 28 37 40
8097,2022-11-04,1 16 21 35 36 37
8098,2022-11-04,4 6 15 22 28 35
8099,2022-11-05,5 10 27 32 33 38
8100,2022-11-05,2 9 18 24 31 44
8101,2022-11-05,21 28 29 38 39 40
8102,2022-11-05,3 14 15 22 26 34
8103,2022-11-05,15 16 24 28 30 44
8104,2022-11-05,7 22 23 27 31 36
8105,2022-11-05,10 17 23 27 29 37
8106,2022-11-06,3 5 7 31 37 40
8107,2022-11-06,7 9 21 27 37 39
8108,2022-11-06,5 14 19 22 26 39
8109,2022-11-06,3 10 15 17 22 42
8110,2022-11-06,2 8 10 32 33 39
8111,2022-11-06,6 10 16 23 25 33
8112,2022-11-06,2 6 14 17 35 44
8113,2022-11-07,1 15 24 29 43 45
8114,2022-11-07,2 3 11 20 35 38
8115,2022-11-07,3 6 7 8 31 38
8116,2022-11-07,4 8 14 31 33 39
8117,2022-11-07,12 27 31 32 36 40
8118,2022-11-07,4 17 25 28 29 42
8119,2022-11-07,23 24 29 31 37 45
8120,2022-11-08,5 13 22 30 35 41
8121,2022-11-08,8 12 15 23 24 43
8122,2022-11-08,9 10 14 22 23 28
8123,2022-11-08,9 18 21 30 34 38
8124,2022-11-08,7 11 19 27 42 44
8125,2022-11-08,6 16 24 29 33 41
8126,2022-11-08,19 20 25 27 38 41
8127,2022-11-09,3 4 8 31 35 36
8128,2022-11-09,2 6 12 24 26 42
8129,2022-11-09,9 14 25 30 31 34
8130,2022-11-09,4 7 11 19 30 35
8131,2022-11-09,10 25 27 29 33 43
8132,2022-11-09,3 8 19 29 42 44
8133,2022-11-09,7 11 22 24 26 27
8134,2022-11-10,1 24 30 32 42 43
8135,2022-11-10,6 10 26 33 34 40
8136,2022-11-10,2 13 29 31 35 42
8137,2022-11-10,14 19 27 28 29 42
8138,2022-11-10,14 19 33 34 41 44
8139,2022-11-10,7 11 21 27 29 45
8140,2022-11-10,2 12 31 32 41 42
8141,2022-11-11,5 13 20 30 33 38
8142,2022-11-11,22 28 39 40 41 44
8143,2022-11-11,9 26 29 32 35 45
8144,2022-11-11,15 19 20 24 35 38
8145,2022-11-11,10 23 29 39 41 44
8146,2022-11-11,5 6 17 19 22 33
8147,2022-11-11,14 25 29 32 33 35
8148,2022-11-12,1 5 14 15 32 45
8149,2022-11-12,1 15 18 23 28 43
8150,2022-11-12,5 15 24 28 36 37
8151,2022-11-12,9 13 16 22 36 45
8152,2022-11-12,15 23 26 36 37 44
8153,2022-11-12,18 20 27 31 35 41
8154,2022-11-12,14 15 26 33 38 45
8155,2022-11-13,11 28 34 37 39 44
8156,2022-11-13,21 26 27 29 38 41
8157,2022-11-13,9 13 16 35 40 44
8158,2022-11-13,3 8 12 16 30 41
8159,2022-11-13,18 28 34 39 42 43
8160,2022-11-13,8 35 36 43 44 45
8161,2022-11-13,2 6 8 13 17 32
8162,2022-11-14,8 18 20 22 29 36
8163,2022-11-14,3 14 15 23 24 33
8164,2022-11-14,1 16 21 22 24 31
8165,2022-11-14,10 13 22 29 33 38
8166,2022-11-14,4 16 22 28 38 39
8167,2022-11-14,2 16 19 20 36 38
8168,2022-11-14,3 9 27 33 36 44
8169,2022-11-15,9 21 28 32 39 44
8170,2022-11-15,3 12 27 28 35 41
8171,2022-11-15,8 18 19 25 36 38
8172,2022-11-15,18 30 32 35 42 44
8173,2022-11-15,5 12 17 18 21 42
8174,2022-11-15,1 7 9 14 22 34
8175,2022-11-15,2 10 16 21 26 34
8176,2022-11-16,2 7 10 18 21 23
8177,2022-11-16,4 10 29 32 44 45
8178,2022-11-16,11 14 17 23 25 41
8179,2022-11-16,10 11 16 36 44 45
8180,2022-11-16,13 17 21 26 29 34
8181,2022-11-16,10 11 17 23 31 45
8182,2022-11-16,13 22 29 31 35 36
8183,2022-11-17,11 26 30 34 37 43
8184,2022-11-17,1 3 30 38 41 44
8185,2022-11-17,14 22 27 29 39 41
8186,2022-11-17,10 12 18 19 31 43
8187,2022-11-17,21 22 33 40 41 43
8188,2022-11-17,6 20 21 29 36 42
8189,2022-11-17,1 12 26 39 42 44
8190,2022-11-18,3 8 11 19 33 43
8191,2022-11-18,15 27 28 34 35 37
8192,2022-11-18,1 16 25 27 33 35
8193,2022-11-18,4 29 30 33 38 42
8194,2022-11-18,4 5 17 18 29 34
8195,2022-11-18,1 9 17 23 35 37
8196,2022-11-18,14 21 28 30 36 42
8197,2022-11-19,6 14 35 41 43 45
8198,2022-11-19,5 13 23 30 33 35
8199,2022-11-19,1 14 27 30 33 43
8200,2022-11-19,8 19 21 35 36 42
8201,2022-11-19,6 11 12 19 22 24
8202,2022-11-19,4 5 10 22 31 34
8203,2022-11-19,11 14 16 28 36 40
8204,2022-11-20,8 10 20 22 33 37
8205,2022-11-20,3 27 29 30 31 43
8206,2022-11-20,1 7 15 24 39 45
8207,2022-11-20,13 22 23 37 44 45
8208,2022-11-20,19 20 21 27 31 37
8209,2022-11-20,17 20 38 42 43 44
8210,2022-11-20,23 26 28 31 33 39
8211,2022-11-21,7 23 31 39 44 45
8212,2022-11-21,5 7 10 27 41 45
8213,2022-11-21,4 11 14 18 43 45
8214,2022-11-21,14 21 26 29 37 42
8215,2022-11-21,5 9 15 18 34 38
8216,2022-11-21,1 4 18 21 35 41
8217,2022-11-21,3 9 12 14 19 22
8218,2022-11-22,6 15 22 29 32 44
8219,2022-11-22,2 18 24 25 38 45
8220,2022-11-22,9 15 20 36 40 41
8221,2022-11-22,4 6 9 12 22 30
8222,2022-11-22,8 11 17 24 32 41
8223,2022-11-22,6 12 19 21 26 27
8224,2022-11-22,15 16 18 27 31 40
8225,2022-11-23,6 14 21 24 28 44
8226,2022-11-23,2 7 8 31 36 40
8227,2022-11-23,1 6 18 20 21 39
8228,2022-11-23,5 22 26 34 41 42
8229,2022-11-23,5 6 19 24 31 37
8230,2022-11-23,3 7 19 25 27 30
8231,2022-11-23,1 8 14 24 26 45
8232,2022-11-24,1 15 18 24 26 45
8233,2022-11-24,18 26 28 29 31 38
8234,2022-11-24,8 17 23 29 30 31
8235,2022-11-24,9 15 23 42 44 45
8236,2022-11-24,2 12 18 29 30 43
8237,2022-11-24,1 8 12 13 35 44
8238,2022-11-24,4 13 15 17 43 44
8239,2022-11-25,21 29 30 31 41 44
8240,2022-11-25,7 17 20 28 29 38
8241,2022-11-25,3 8 10 34 35 45
8242,2022-11-25,9 13 24 26 29 37
8243,2022-11-25,10 11 13 16 22 24
8244,2022-11-25,1 5 12 19 26 29
8245,2022-11-25,3 13 22 29 35 41
8246,2022-11-26,1 3 7 12 31 41
8247,2022-11-26,1 7 12 19 22 38
8248,2022-11-26,2 7 9 17 31 32
8249,2022-11-26,15 19 31 38 39 41
8250,2022-11-26,2 5 10 14 28 45
8251,2022-11-26,1 6 16 19 30 32
8252,2022-11-26,1 6 16 22 33 43
8253,2022-11-27,1 3 10 14 25 35
8254,2022-11-27,7 8 15 23 36 45
8255,2022-11-27,6 14 20 25 30 45
8256,2022-11-27,4 13 14 28 41 44
8257,2022-11-27,19 22 23 33 39 42
8258,2022-11-27,13 14 17 30 36 45
8259,2022-11-27,2 5 13 21 26 35
8260,2022-11-28,2 3 9 10 12 45
8261,2022-11-28,6 15 19 25 34 41
8262,2022-11-28,11 12 14 19 32 33
8263,2022-11-28,7 12 21 27 29 41
8264,2022-11-28,10 29 35 38 39 44
8265,2022-11-28,17 27 35 36 39 42
8266,2022-11-28,3 5 7 27 30 42
8267,2022-11-29,10 16 23 25 31 41
8268,2022-11-29,4 9 30 37 39 44
8269,2022-11-29,10 11 19 30 35 38
8270,2022-11-29,7 8 11 14 24 25
8271,2022-11-29,10 20 30 31 41 42
8272,2022-11-29,20 21 22 24 33 42
8273,2022-11-29,6 11 24 25 37 40
8274,2022-11-30,5 10 16 21 28 35
8275,2022-11-30,2 19 27 37 39 44
8276,2022-11-30,5 6 7 11 35 38
8277,2022-11-30,16 24 28 29 36 42
8278,2022-11-30,7 21 25 29 31 37
8279,2022-11-30,3 10 20 22 38 44
8280,2022-11-30,11 12 30 36 42 43
8281,2022-12-01,2 9 12 36 39 41
8282,2022-12-01,4 6 23 28 40 44
8283,2022-12-01,4 6 7 13 21 30
8284,2022-12-01,7 13 22 29 36 42
8285,2022-12-01,5 17 18 26 35 36
8286,2022-12-01,3 6 18 21 28 35
8287,2022-12-01,15 20 26 37 40 44
8288,2022-12-02,5 9 15 19 22 45
8289,2022-12-02,11 20 34 36 40 41
8290,2022-12-02,6 13 26 27 40 43
8291,2022-12-02,1 11 12 16 24 42
8292,2022-12-02,2 5 19 22 32 40
8293,2022-12-02,11 12 30 37 38 40
8294,2022-12-02,1 3 14 26 38 43
8295,2022-12-03,1 11 20 25 28 44
8296,2022-12-03,4 11 14 20 36 38
8297,2022-12-03,5 15 20 23 34 45
8298,2022-12-03,7 11 19 26 32 34
8299,2022-12-03,9 14 27 30 42 45
8300,2022-12-03,23 28 31 41 44 45
8301,2022-12-03,3 25 26 40 41 43
8302,2022-12-04,24 31 37 40 42 43
8303,2022-12-04,5 15 25 27 40 44
8304,2022-12-04,2 3 11 21 28 30
8305,2022-12-04,2 6 8 16 36 39
8306,2022-12-04,6 7 17 31 34 38
8307,2022-12-04,10 26 28 29 34 37
8308,2022-12-04,7 8 14 15 19 30
8309,2022-12-05,5 21 22 27 35 43
8310,2022-12-05,14 15 19 20 23 34
8311,2022-12-05,1 4 36 39 42 43
8312,2022-12-05,2 17 20 33 38 39
8313,2022-12-05,13 14 16 24 33 42
8314,2022-12-05,7 26 30 37 41 45
8315,2022-12-05,5 6 8 14 23 32
8316,2022-12-06,10 31 32 36 43 44
8317,2022-12-06,5 10 23 29 32 43
8318,2022-12-06,12 19 31 34 36 45
8319,2022-12-06,1 6 18 19 31 33
8320,2022-12-06,2 4 6 12 14 16
8321,2022-12-06,8 10 16 19 22 37
8322,2022-12-06,11 17 37 38 41 43
8323,2022-12-07,3 8 18 23 24 37
8324,2022-12-07,18 19 20 28 39 45
8325,2022-12-07,18 27 32 33 35 42
8326,2022-12-07,18 20 27 38 39 44
8327,2022-12-07,1 6 24 27 29 38
8328,2022-12-07,7 8 13 29 33 40
8329,2022-12-07,23 24 25 28 33 37
8330,2022-12-08,9 17 18 23 39 44
8331,2022-12-08,3 7 16 22 29 42
8332,2022-12-08,2 27 30 37 40 45
8333,2022-12-08,6 29 31 37 39 42
8334,2022-12-08,4 5 16 23 27 44
8335,2022-12-08,7 16 17 31 36 44
8336,2022-12-08,1 2 4 9 42 45
8337,2022-12-09,9 30 33 37 40 43
8338,2022-12-09,27 29 30 38 40 41
8339,2022-12-09,12 26 28 39 40 41
8340,2022-12-09,1 2 14 31 38 39
8341,2022-12-09,9 21 24 27 44 45
8342,2022-12-09,4 5 16 23 28 45
8343,2022-12-09,2 20 26 34 42 44
8344,2022-12-10,2 14 17 25 34 42
8345,2022-12-10,5 13 18 21 33 39
8346,2022-12-10,3 7 8 16 28 37
8347,2022-12-10,1 7 22 31 36 42
8348,2022-12-10,3 9 11 30 40 42
8349,2022-12-10,9 17 27 29 35 36
8350,2022-12-10,17 18 27 38 40 42
8351,2022-12-11,5 9 14 30 31 44
8352,2022-12-11,4 26 35 39 42 45
8353,2022-12-11,5 20 25 26 35 42
8354,2022-12-11,4 20 21 26 38 41
8355,2022-12-11,5 17 20 28 36 39
8356,2022-12-11,2 3 16 17 42 44
8357,2022-12-11,4 13 16 18 26 44
8358,2022-12-12,9 36 38 40 41 42
8359,2022-12-12,5 9 14 18 23 35
8360,2022-12-12,7 11 16 22 39 40
8361,2022-12-12,6 17 27 28 34 43
8362,2022-12-12,2 9 10 25 28 34
8363,2022-12-12,2 14 23 24 25 39
8364,2022-12-12,2 3 8 11 23 44
8365,2022-12-13,5 35 37 39 42 43
8366,2022-12-13,5 8 18 25 32 34
8367,2022-12-13,8 9 12 28 40 42
8368,2022-12-13,3 9 20 30 32 40
8369,2022-12-13,3 15 19 30 36 40
8370,2022-12-13,4 8 11 17 19 32
8371,2022-12-13,9 14 21 22 24 37
8372,2022-12-14,4 20 26 29 30 39
8373,2022-12-14,20 26 35 36 38 39
8374,2022-12-14,7 11 13 18 27 32
8375,2022-12-14,12 19 21 36 37 41
8376,2022-12-14,3 14 18 21 27 35
8377,2022-12-14,2 3 18 33 40 42
8378,2022-12-14,10 14 15 16 17 24
8379,2022-12-15,3 4 8 10 17 39
8380,2022-12-15,2 12 16 24 29 45
8381,2022-12-15,5 36 38 42 43 45
8382,2022-12-15,1 13 15 18 40 44
8383,2022-12-15,12 17 24 26 36 39
8384,2022-12-15,7 9 23 36 38 40
8385,2022-12-15,9 16 35 40 41 43
8386,2022-12-16,6 8 20 21 25 30
8387,2022-12-16,1 16 18 36 40 43
8388,2022-12-16,7 27 29 33 44 45
8389,2022-12-16,1 7 12 35 38 41
8390,2022-12-16,5 8 12 16 26 44
8391,2022-12-16,4 6 7 12 36 38
8392,2022-12-16,6 10 11 18 20 42
8393,2022-12-17,5 15 24 26 35 36
8394,2022-12-17,14 16 18 24 30 37
8395,2022-12-17,2 7 8 15 21 40
8396,2022-12-17,18 20 27 36 39 45
8397,2022-12-17,7 12 18 21 23 38
8398,2022-12-17,10 17 23 29 33 44
8399,2022-12-17,24 26 31 34 38 45
8400,2022-12-18,6 13 17 18 29 30
8401,2022-12-18,2 5 11 25 28 43
8402,2022-12-18,1 18 31 33 34 38
8403,2022-12-18,22 34 37 40 42 43
8404,2022-12-18,4 17 28 32 38 43
8405,2022-12-18,15 22 23 25 30 33
8406,2022-12-18,2 16 24 25 33 43
8407,2022-12-19,5 17 26 29 32 44
8408,2022-12-19,5 8 13 29 39 43
8409,2022-12-19,2 21 22 24 29 34
8410,2022-12-19,6 16 20 31 37 43
8411,2022-12-19,26 30 31 39 40 41
8412,2022-12-19,5 15 16 18 34 37
8413,2022-12-19,12 24 27 36 37 40
8414,2022-12-20,3 16 22 31 34 40
8415,2022-12-20,10 19 22 28 30 40
8416,2022-12-20,4 12 14 20 28 37
8417,2022-12-20,2 7 22 30 37 44
8418,2022-12-20,7 16 26 35 38 40
8419,2022-12-20,6 8 30 36 40 45
8420,2022-12-20,2 8 14 24 28 33
8421,2022-12-21,21 25 27 32 42 45
8422,2022-12-21,2 10 12 26 38 45
8423,2022-12-21,8 22 25 34 37 40
8424,2022-12-21,9 16 18 22 31 37
8425,2022-12-21,2 4 27 32 38 41
8426,2022-12-21,11 12 19 24 28 37
8427,2022-12-21,8 19 20 27 30 37
8428,2022-12-22,5 10 27 31 36 38
8429,2022-12-22,12 17 25 26 32 41
8430,2022-12-22,2 5 9 30 37 41
8431,2022-12-22,15 16 21 24 30 33
8432,2022-12-22,1 5 7 37 42 45
8433,2022-12-22,9 14 17 19 26 28
8434,2022-12-22,1 17 19 22 24 38
8435,2022-12-23,15 17 26 28 37 39
8436,2022-12-23,6 14 31 37 41 42
8437,2022-12-23,6 18 25 26 27 42
8438,2022-12-23,5 12 13 16 25 36
8439,2022-12-23,2 3 8 27 34 35
8440,2022-12-23,4 8 15 20 27 42
8441,2022-12-23,5 15 27 30 31 33
8442,2022-12-24,19 22 26 36 38 44
8443,2022-12-24,7 17 19 27 33 41
8444,2022-12-24,15 22 26 27 30 36
8445,2022-12-24,1 2 12 27 32 45
8446,2022-12-24,18 19 22 31 32 42
8447,2022-12-24,1 3 4 13 25 28
8448,2022-12-24,9 20 21 36 44 45
8449,2022-12-25,7 8 10 15 33 45
8450,2022-12-25,13 21 27 29 44 45
8451,2022-12-25,1 13 18 29 30 33
8452,2022-12-25,9 11 13 17 35 44
8453,2022-12-25,7 10 12 30 34 38
8454,2022-12-25,11 22 27 29 40 43
8455,2022-12-25,7 8 10 36 39 45
8456,2022-12-26,1 2 10 18 37 45
8457,2022-12-26,24 25 27 29 30 32
8458,2022-12-26,4 5 7 11 36 45
8459,2022-12-26,11 14 19 26 34 44
8460,2022-12-26,1 3 12 27 31 42
8461,2022-12-26,8 20 24 25 26 33
8462,2022-12-26,10 16 32 36 38 43
8463,2022-12-27,6 15 16 20 36 40
8464,2022-12-27,5 12 32 34 40 42
8465,2022-12-27,5 7 9 19 38 43
8466,2022-12-27,6 17 20 27 31 37
8467,2022-12-27,3 14 19 24 27 30
8468,2022-12-27,4 12 17 27 36 40
8469,2022-12-27,6 7 9 10 11 32
8470,2022-12-28,12 24 31 33 35 43
8471,2022-12-28,1 14 19 27 35 43
8472,2022-12-28,8 12 28 31 34 40
8473,2022-12-28,3 16 27 31 37 44
8474,2022-12-28,6 21 22 24 31 36
8475,2022-12-28,1 5 6 11 32 41
8476,2022-12-28,15 22 24 32 35 42
8477,2022-12-29,4 15 25 27 28 43
8478,2022-12-29,18 25 26 30 34 40
8479,2022-12-29,1 3 14 22 28 33
8480,2022-12-29,5 6 17 19 26 34
8481,2022-12-29,2 3 9 21 33 40
8482,2022-12-29,14 19 20 35 41 43
8483,2022-12-29,3 6 10 28 38 41
8484,2022-12-30,11 12 17 31 37 38
8485,2022-12-30,2 6 22 27 33 35
8486,2022-12-30,4 32 35 37 40 43
8487,2022-12-30,2 16 17 34 37 39
8488,2022-12-30,11 16 27 29 35 44
8489,2022-12-30,4 10 15 19 36 41
8490,2022-12-30,8 12 30 31 37 43
8491,2022-12-31,5 6 15 18 27 33
8492,2022-12-31,16 23 26 27 28 42
8493,2022-12-31,8 19 25 26 36 45
8494,2022-12-31,7 19 26 36 41 44
8495,2022-12-31,7 13 20 23 26 32
8496,2022-12-31,1 5 11 25 27 33
8497,2022-12-31,1 10 11 18 27 30
8498,2023-01-01,15 20 27 28 37 44
8499,2023-01-01,3 24 27 33 44 45
8500,2023-01-01,14 22 23 31 33 40
8501,2023-01-01,11 16 20 21 31 41
8502,2023-01-01,2 21 24 37 39 40
8503,2023-01-01,1 6 9 10 15 34
8504,2023-01-01,4 10 16 21 40 41
8505,2023-01-02,13 18 19 27 32 39
8506,2023-01-02,9 12 13 15 27 31
8507,2023-01-02,6 16 21 23 35 45
8508,2023-01-02,21 25 32 33 43 45
8509,2023-01-02,8 13 22 23 29 37
8510,2023-01-02,9 17 18 19 30 45
8511,2023-01-02,16 20 27 32 35 42
8512,2023-01-03,6 10 15 31 38 44
8513,2023-01-03,6 12 15 30 32 45
8514,2023-01-03,9 24 27 28 37 41
8515,2023-01-03,6 8 15 28 40 41
8516,2023-01-03,6 9 29 33 38 39
8517,2023-01-03,2 21 23 34 39 41
8518,2023-01-03,2 9 13 16 37 38
8519,2023-01-04,4 10 14 21 35 42
8520,2023-01-04,2 10 12 17 20 40
8521,2023-01-04,4 5 11 21 22 25
8522,2023-01-04,10 11 14 27 35 44
8523,2023-01-04,8 10 11 19 25 43
8524,2023-01-04,10 15 22 33 34 44
8525,2023-01-04,7 15 16 42 43 45
8526,2023-01-05,5 9 15 28 34 40
8527,2023-01-05,11 12 14 15 24 29
8528,2023-01-05,4 10 19 25 30 38
8529,2023-01-05,3 5 10 11 31 35
8530,2023-01-05,3 9 20 25 29 30
8531,2023-01-05,1 6 38 39 41 44
8532,2023-01-05,1 7 20 31 35 43
8533,2023-01-06,2 6 12 14 27 43
8534,2023-01-06,6 9 17 24 25 34
8535,2023-01-06,22 23 29 30 33 40
8536,2023-01-06,2 9 11 13 44 45
8537,2023-01-06,8 10 18 22 24 29
8538,2023-01-06,1 13 16 30 35 41
8539,2023-01-06,4 9 26 27 29 38
8540,2023-01-07,7 8 20 33 34 42
8541,2023-01-07,1 2 6 17 26 42
8542,2023-01-07,1 7 20 30 32 45
8543,2023-01-07,10 22 27 33 36 43
8544,2023-01-07,1 2 8 11 13 19
8545,2023-01-07,6 22 28 29 34 38
8546,2023-01-07,7 14 24 29 44 45
8547,2023-01-08,6 10 11 15 25 27
8548,2023-01-08,7 21 27 39 40 42
8549,2023-01-08,1 6 21 31 41 43
8550,2023-01-08,9 11 23 24 34 42
8551,2023-01-08,2 4 14 16 25 30
8552,2023-01-08,4 6 16 18 32 43
8553,2023-01-08,5 15 27 28 35 42
8554,2023-01-09,9 19 25 26 30 35
8555,2023-01-09,6 7 10 28 37 45
8556,2023-01-09,1 5 8 10 40 41
8557,2023-01-09,1 9 11 21 23 40
8558,2023-01-09,1 12 22 24 25 45
8559,2023-01-09,13 14 17 20 25 35
8560,2023-01-09,1 3 10 27 38 41
8561,2023-01-10,7 12 13 26 29 31
8562,2023-01-10,3 8 18 23 25 42
8563,2023-01-10,9 11 25 29 35 40
8564,2023-01-10,4 11 14 28 31 44
8565,2023-01-10,4 7 19 26 29 41
8566,2023-01-10,13 35 36 37 40 41
8567,2023-01-10,12 14 17 28 30 41
8568,2023-01-11,4 11 13 21 27 36
8569,2023-01-11,6 9 11 18 35 40
8570,2023-01-11,1 6 22 28 30 40
8571,2023-01-11,9 11 25 27 39 44
8572,2023-01-11,3 13 16 18 39 42
8573,2023-01-11,3 9 17 26 30 42
8574,2023-01-11,6 12 13 27 43 44
8575,2023-01-12,4 15 17 28 31 45
8576,2023-01-12,8 11 18 24 28 44
8577,2023-01-12,24 25 33 40 41 42
8578,2023-01-12,5 25 26 32 34 35
8579,2023-01-12,24 27 29 33 42 45
8580,2023-01-12,2 3 8 15 21 33
8581,2023-01-12,2 8 15 18 32 38
8582,2023-01-13,9 10 24 32 35 44
8583,2023-01-13,8 11 16 26 29 44
8584,2023-01-13,4 7 10 25 37 42
8585,2023-01-13,6 31 35 38 40 41
8586,2023-01-13,1 12 26 32 37 44
8587,2023-01-13,1 27 34 35 42 43
8588,2023-01-13,24 26 33 34 42 43
8589,2023-01-14,23 29 32 37 39 41
8590,2023-01-14,3 10 19 24 37 39
8591,2023-01-14,11 18 20 32 41 45
8592,2023-01-14,1 10 12 16 24 43
8593,2023-01-14,8 10 26 32 40 43
8594,2023-01-14,4 13 27 37 41 45
8595,2023-01-14,1 12 16 18 24 29
8596,2023-01-15,1 22 25 27 38 43
8597,2023-01-15,6 8 11 22 26 36
8598,2023-01-15,8 16 22 30 31 40
8599,2023-01-15,8 11 16 17 21 27
8600,2023-01-15,5 6 12 24 38 41
8601,2023-01-15,4 21 27 28 37 39
8602,2023-01-15,1 8 10 23 41 44
8603,2023-01-16,4 8 22 31 32 35
8604,2023-01-16,13 18 33 38 40 43
8605,2023-01-16,4 9 15 27 34 39
8606,2023-01-16,10 11 14 30 34 37
8607,2023-01-16,1 4 5 13 21 28
8608,2023-01-16,2 8 10 17 22 44
8609,2023-01-16,1 6 8 24 42 44
8610,2023-01-17,2 9 13 15 18 43
8611,2023-01-17,3 10 18 32 36 44
8612,2023-01-17,1 3 15 23 42 44
8613,2023-01-17,5 9 16 30 31 40
8614,2023-01-17,3 8 19 26 38 44
8615,2023-01-17,5 9 13 24 25 41
8616,2023-01-17,1 6 16 31 39 44
8617,2023-01-18,2 5 6 7 20 28
8618,2023-01-18,8 12 16 29 42 44
8619,2023-01-18,3 10 19 23 29 35
8620,2023-01-18,2 9 10 11 25 27
8621,2023-01-18,1 25 34 35 36 37
8622,2023-01-18,8 15 19 35 41 44
8623,2023-01-18,3 4 25 37 39 45
8624,2023-01-19,1 2 11 41 43 44
8625,2023-01-19,2 9 22 41 43 44
8626,2023-01-19,4 7 8 20 35 44
8627,2023-01-19,14 21 26 28 44 45
8628,2023-01-19,10 11 14 22 34 39
8629,2023-01-19,1 6 8 14 25 40
8630,2023-01-19,2 5 14 18 25 41
8631,2023-01-20,1 10 11 37 41 42
8632,2023-01-20,3 5 10 25 27 34
8633,2023-01-20,19 20 25 28 42 44
8634,2023-01-20,6 23 27 28 33 42
8635,2023-01-20,4 5 8 26 28 29
8636,2023-01-20,4 16 18 23 30 41
8637,2023-01-20,6 16 21 29 35 45
8638,2023-01-21,2 6 14 21 22 42
8639,2023-01-21,6 7 15 31 32 34
8640,2023-01-21,9 17 23 29 43 44
8641,2023-01-21,3 7 13 36 39 41
8642,2023-01-21,12 18 24 25 33 37
8643,2023-01-21,8 12 13 14 20 45
8644,2023-01-21,3 7 23 29 42 43
8645,2023-01-22,8 18 24 28 34 45
8646,2023-01-22,6 12 16 27 34 42
8647,2023-01-22,4 5 14 30 34 45
8648,2023-01-22,14 21 29 30 33 39
8649,2023-01-22,7 12 21 22 41 45
8650,2023-01-22,6 11 20 23 35 40
8651,2023-01-22,10 11 22 26 34 43
8652,2023-01-23,6 9 13 15 25 44
8653,2023-01-23,10 19 25 28 36 44
8654,2023-01-23,6 9 30 31 32 44
8655,2023-01-23,9 17 32 34 38 40
8656,2023-01-23,4 15 16 24 36 45
8657,2023-01-23,2 11 12 22 24 36
8658,2023-01-23,2 14 20 26 41 45
8659,2023-01-24,4 18 19 20 21 24
8660,2023-01-24,4 9 15 23 25 42
8661,2023-01-24,3 18 21 24 29 33
8662,2023-01-24,19 27 36 40 44 45
8663,2023-01-24,2 7 15 17 28 32
8664,2023-01-24,13 14 15 27 30 34
8665,2023-01-24,15 22 27 33 37 42
8666,2023-01-25,11 22 30 33 34 45
8667,2023-01-25,6 8 13 29 31 32
8668,2023-01-25,2 4 18 21 23 37
8669,2023-01-25,4 5 20 24 31 42
8670,2023-01-25,2 7 15 22 33 44
8671,2023-01-25,19 24 26 32 41 42
8672,2023-01-25,8 10 11 23 25 30
8673,2023-01-26,1 13 14 16 30 35
8674,2023-01-26,3 5 12 13 22 45
8675,2023-01-26,7 15 19 27 30 34
8676,2023-01-26,1 8 16 22 24 25
8677,2023-01-26,16 24 37 38 41 45
8678,2023-01-26,7 15 18 22 25 29
8679,2023-01-26,7 22 23 27 28 45
8680,2023-01-27,2 4 9 11 14 21
8681,2023-01-27,20 21 36 40 43 44
8682,2023-01-27,8 9 13 18 21 23
8683,2023-01-27,1 13 14 33 34 42
8684,2023-01-27,2 6 8 10 27 33
8685,2023-01-27,1 20 26 27 33 40
8686,2023-01-27,10 29 34 38 42 44
8687,2023-01-28,6 8 11 25 32 35
8688,2023-01-28,1 6 11 38 39 42
8689,2023-01-28,5 7 9 18 19 32
8690,2023-01-28,4 6 9 17 22 35
8691,2023-01-28,2 19 31 34 39 43
8692,2023-01-28,22 25 26 34 36 43
8693,2023-01-28,20 22 25 26 35 44
8694,2023-01-29,12 16 23 25 29 45
8695,2023-01-29,9 11 16 26 33 45
8696,2023-01-29,8 13 15 16 25 35
8697,2023-01-29,2 8 17 26 43 45
8698,2023-01-29,6 11 12 20 25 39
8699,2023-01-29,9 27 28 34 40 44
8700,2023-01-29,5 6 15 29 31 39
8701,2023-01-30,3 9 15 17 38 41
8702,2023-01-30,9 10 15 19 24 28
8703,2023-01-30,7 9 18 30 32 39
8704,2023-01-30,8 21 24 29 31 37
8705,2023-01-30,4 14 22 25 31 38
8706,2023-01-30,4 7 12 22 27 30
8707,2023-01-30,1 16 18 19 34 36
8708,2023-01-31,7 12 18 19 42 44
8709,2023-01-31,1 2 7 16 20 43
8710,2023-01-31,1 18 19 35 37 38
8711,2023-01-31,4 9 13 18 41 45
8712,2023-01-31,10 15 22 26 35 39
8713,2023-01-31,3 9 12 20 36 39
8714,2023-01-31,14 17 30 31 38 39
8715,2023-02-01,17 20 31 33 34 40
8716,2023-02-01,4 7 15 25 42 43
8717,2023-02-01,10 14 21 30 31 43
8718,2023-02-01,1 2 3 6 11 26
8719,2023-02-01,1 3 14 40 44 45
8720,2023-02-01,7 11 35 37 44 45
8721,2023-02-01,1 6 15 18 30 45
8722,2023-02-02,12 18 28 31 36 37
8723,2023-02-02,11 14 18 35 40 45
8724,2023-02-02,16 20 24 28 30 41
8725,2023-02-02,5 15 17 24 28 40
8726,2023-02-02,2 4 8 20 32 37
8727,2023-02-02,5 13 16 18 23 27
8728,2023-02-02,5 11 15 16 19 20
8729,2023-02-03,8 15 18 24 27 44
8730,2023-02-03,4 8 14 15 25 33
8731,2023-02-03,6 10 31 36 40 41
8732,2023-02-03,1 14 16 28 33 40
8733,2023-02-03,8 17 34 38 42 43
8734,2023-02-03,3 6 18 23 25 44
8735,2023-02-03,17 20 31 34 36 41
8736,2023-02-04,1 4 28 31 40 45
8737,2023-02-04,2 9 17 24 36 40
8738,2023-02-04,12 13 15 22 31 35
8739,2023-02-04,1 3 7 8 9 38
8740,2023-02-04,4 21 23 32 33 42
8741,2023-02-04,3 5 15 17 20 35
8742,2023-02-04,2 8 14 26 38 42
8743,2023-02-05,11 14 17 19 21 44
8744,2023-02-05,9 16 22 23 33 42
8745,2023-02-05,10 31 36 38 39 44
8746,2023-02-05,4 6 10 17 27 45
8747,2023-02-05,1 3 13 29 43 45
8748,2023-02-05,6 7 11 24 39 41
8749,2023-02-05,2 18 20 26 28 44
8750,2023-02-06,2 4 6 7 32 39
8751,2023-02-06,2 9 30 31 32 40
8752,2023-02-06,6 8 13 18 35 45
8753,2023-02-06,1 9 10 23 29 45
8754,2023-02-06,13 20 21 27 30 44
8755,2023-02-06,3 6 9 11 15 25
8756,2023-02-06,4 20 26 27 39 41
8757,2023-02-07,4 12 17 28 32 43
8758,2023-02-07,2 12 19 23 28 42
8759,2023-02-07,4 8 11 15 26 38
8760,2023-02-07,10 13 15 19 27 42
8761,2023-02-07,21 24 33 38 39 40
8762,2023-02-07,3 18 19 26 30 38
8763,2023-02-07,3 5 13 33 40 43
8764,2023-02-08,1 2 10 15 32 41
8765,2023-02-08,2 8 10 18 28 32
8766,2023-02-08,3 13 28 31 35 44
8767,2023-02-08,7 9 18 22 37 42
8768,2023-02-08,3 10 30 32 40 45
8769,2023-02-08,2 18 24 28 32 41
8770,2023-02-08,7 9 12 24 33 39
8771,2023-02-09,3 11 13 19 24 43
8772,2023-02-09,5 13 16 24 29 44
8773,2023-02-09,8 19 34 36 39 44
8774,2023-02-09,14 16 20 24 26 34
8775,2023-02-09,2 14 21 38 39 40
8776,2023-02-09,8 10 21 25 28 34
8777,2023-02-09,15 19 21 26 37 43
8778,2023-02-10,2 9 24 25 28 41
8779,2023-02-10,6 12 24 27 43 44
8780,2023-02-10,3 20 23 24 41 42
8781,2023-02-10,9 11 17 26 37 43
8782,2023-02-10,5 22 29 30 31 32
8783,2023-02-10,4 8 12 17 25 29
8784,2023-02-10,13 17 18 19 29 36
8785,2023-02-11,8 15 26 34 37 39
8786,2023-02-11,1 13 23 33 40 44
8787,2023-02-11,1 26 32 34 38 43
8788,2023-02-11,3 15 16 17 36 40
8789,2023-02-11,5 6 16 25 36 44
8790,2023-02-11,2 11 14 20 22 38
8791,2023-02-11,1 6 10 12 23 24
8792,2023-02-12,1 8 15 24 26 33
8793,2023-02-12,20 27 31 37 39 44
8794,2023-02-12,4 24 27 38 40 45
8795,2023-02-12,2 13 17 30 34 45
8796,2023-02-12,6 10 13 19 27 30
8797,2023-02-12,1 12 24 28 37 38
8798,2023-02-12,9 13 16 22 33 44
8799,2023-02-13,3 7 9 16 35 36
8800,2023-02-13,8 17 28 38 39 45
8801,2023-02-13,4 5 20 27 28 33
8802,2023-02-13,2 18 19 26 30 43
8803,2023-02-13,3 9 15 16 17 18
8804,2023-02-13,9 14 16 32 36 38
8805,2023-02-13,2 9 11 29 31 36
8806,2023-02-14,4 15 16 19 21 23
8807,2023-02-14,2 8 12 20 23 28
8808,2023-02-14,2 13 15 34 39 42
8809,2023-02-14,4 8 23 30 32 39
8810,2023-02-14,14 26 28 30 34 36
8811,2023-02-14,29 31 32 36 38 39
8812,2023-02-14,7 11 13 30 31 38
8813,2023-02-15,1 19 22 27 32 38
8814,2023-02-15,10 13 26 30 35 43
8815,2023-02-15,2 13 14 15 33 39
8816,2023-02-15,3 6 22 34 38 41
8817,2023-02-15,6 15 16 19 23 34
8818,2023-02-15,5 7 10 18 31 36
8819,2023-02-15,6 12 21 22 26 31
8820,2023-02-16,3 12 20 31 37 38
8821,2023-02-16,19 24 31 32 39 41
8822,2023-02-16,8 9 18 26 31 44
8823,2023-02-16,1 5 20 26 30 42
8824,2023-02-16,3 11 15 16 32 43
8825,2023-02-16,6 9 10 14 29 43
8826,2023-02-16,13 14 27 34 35 41
8827,2023-02-17,7 21 23 27 30 41
8828,2023-02-17,1 15 29 38 39 44
8829,2023-02-17,3 4 19 26 34 44
8830,2023-02-17,9 13 20 33 37 39
8831,2023-02-17,2 15 30 37 38 39
8832,2023-02-17,3 20 21 24 27 31
8833,2023-02-17,7 15 16 26 34 40
8834,2023-02-18,5 12 21 38 41 44
8835,2023-02-18,1 21 28 37 38 39
8836,2023-02-18,5 6 10 11 35 40
8837,2023-02-18,3 4 7 10 39 40
8838,2023-02-18,1 5 15 25 37 39
8839,2023-02-18,10 12 14 19 21 31
8840,2023-02-18,10 16 18 21 34 41
8841,2023-02-19,2 16 20 26 29 43
8842,2023-02-19,7 14 22 26 31 42
8843,2023-02-19,4 11 21 30 31 34
8844,2023-02-19,3 11 20 24 33 34
8845,2023-02-19,9 14 23 36 39 45
8846,2023-02-19,4 13 14 18 22 25
8847,2023-02-19,4 13 20 21 32 34
8848,2023-02-20,1 4 7 24 32 39
8849,2023-02-20,3 4 9 12 20 34
8850,2023-02-20,1 3 22 35 37 40
8851,2023-02-20,12 19 26 33 35 39
8852,2023-02-20,1 5 15 18 23 38
8853,2023-02-20,4 9 18 24 32 38
8854,2023-02-20,17 22 27 30 32 45
8855,2023-02-21,2 3 13 15 35 38
8856,2023-02-21,7 9 21 27 29 31
8857,2023-02-21,3 15 17 18 39 44
8858,2023-02-21,1 3 7 20 29 38
8859,2023-02-21,6 9 22 30 37 39
8860,2023-02-21,21 22 26 34 37 39
8861,2023-02-21,3 8 30 35 39 45
8862,2023-02-22,4 13 19 23 24 34
8863,2023-02-22,6 11 21 33 36 37
8864,2023-02-22,13 15 18 26 34 40
8865,2023-02-22,8 9 10 18 29 38
8866,2023-02-22,9 12 16 32 34 42
8867,2023-02-22,4 16 20 25 28 29
8868,2023-02-22,8 28 36 37 38 40
8869,2023-02-23,1 5 6 10 13 41
8870,2023-02-23,9 12 28 29 42 44
8871,2023-02-23,15 18 29 35 40 45
8872,2023-02-23,5 9 21 24 32 42
8873,2023-02-23,14 20 24 27 29 42
8874,2023-02-23,5 6 25 30 41 44
8875,2023-02-23,2 9 13 15 22 23
8876,2023-02-24,6 22 31 39 41 43
8877,2023-02-24,7 9 19 24 29 37
8878,2023-02-24,6 11 12 14 15 23
8879,2023-02-24,5 6 10 20 32 40
8880,2023-02-24,5 10 13 19 35 40
8881,2023-02-24,4 23 30 33 39 41
8882,2023-02-24,1 16 23 33 37 39
8883,2023-02-25,4 6 17 22 27 36
8884,2023-02-25,1 16 28 34 36 43
8885,2023-02-25,6 7 18 20 31 45
8886,2023-02-25,15 20 28 36 38 40
8887,2023-02-25,5 15 33 35 37 45
8888,2023-02-25,4 16 18 29 30 38
8889,2023-02-25,3 4 9 19 29 45
8890,2023-02-26,14 21 26 27 30 38
8891,2023-02-26,13 15 20 23 24 42
8892,2023-02-26,10 14 16 22 23 29
8893,2023-02-26,15 19 26 36 42 43
8894,2023-02-26,3 6 8 27 28 39
8895,2023-02-26,6 16 26 32 34 38
8896,2023-02-26,18 28 32 33 34 44
8897,2023-02-27,18 30 34 37 43 44
8898,2023-02-27,4 20 24 27 37 45
8899,2023-02-27,3 7 14 24 28 34
8900,2023-02-27,3 4 10 14 32 34
8901,2023-02-27,3 15 28 30 33 38
8902,2023-02-27,8 18 19 20 24 34
8903,2023-02-27,13 16 22 26 33 37
8904,2023-02-28,3 19 22 29 35 37
8905,2023-02-28,10 15 27 29 33 34
8906,2023-02-28,1 9 17 24 30 33
8907,2023-02-28,3 16 21 22 35 37
8908,2023-02-28,9 12 28 30 40 43
8909,2023-02-28,1 6 14 19 21 33
8910,2023-02-28,4 15 28 35 37 42
8911,2023-03-01,1 10 12 40 41 42
8912,2023-03-01,4 9 12 17 34 40
8913,2023-03-01,1 12 13 30 38 42
8914,2023-03-01,2 6 10 13 29 39
8915,2023-03-01,3 11 15 24 36 44
8916,2023-03-01,21 24 25 31 32 41
8917,2023-03-01,13 24 26 28 32 41
8918,2023-03-02,1 6 10 18 26 28
8919,2023-03-02,14 19 21 23 26 44
8920,2023-03-02,1 15 16 18 23 28
8921,2023-03-02,3 14 16 27 30 44
8922,2023-03-02,6 7 18 22 31 38
8923,2023-03-02,11 14 17 20 27 31
8924,2023-03-02,3 7 23 24 33 38
8925,2023-03-03,1 5 9 15 22 24
8926,2023-03-03,1 7 10 11 17 45
8927,2023-03-03,6 13 17 31 33 40
8928,2023-03-03,2 5 13 14 15 29
8929,2023-03-03,14 20 23 31 33 42
8930,2023-03-03,3 13 16 20 31 45
8931,2023-03-03,19 23 29 36 40 41
8932,2023-03-04,10 27 28 29 32 41
8933,2023-03-04,4 6 11 24 35 36
8934,2023-03-04,12 19 25 28 38 43
8935,2023-03-04,1 3 13 19 22 45
8936,2023-03-04,4 9 13 27 31 40
8937,2023-03-04,6 7 23 31 36 44
8938,2023-03-04,8 16 17 22 34 44
8939,2023-03-05,20 22 31 33 38 39
8940,2023-03-05,3 6 11 34 36 40
8941,2023-03-05,5 20 26 36 38 40
8942,2023-03-05,3 30 36 37 38 42
8943,2023-03-05,2 13 23 26 35 44
8944,2023-03-05,2 3 10 22 30 37
8945,2023-03-05,5 8 21 33 39 40
8946,2023-03-06,15 25 28 29 39 40
8947,2023-03-06,2 10 21 22 23 28
8948,2023-03-06,3 14 22 33 41 43
8949,2023-03-06,8 10 18 21 35 45
8950,2023-03-06,2 9 16 21 39 41
8951,2023-03-06,5 11 14 26 36 39
8952,2023-03-06,21 24 25 31 33 37
8953,2023-03-07,10 20 27 29 31 42
8954,2023-03-07,5 9 10 19 24 27
8955,2023-03-07,4 6 9 26 27 35
8956,2023-03-07,7 10 15 16 28 37
8957,2023-03-07,10 15 19 38 40 41
8958,2023-03-07,2 5 12 26 39 43
8959,2023-03-07,4 22 26 28 35 40
8960,2023-03-08,8 19 26 32 36 45
8961,2023-03-08,2 8 33 36 42 45
8962,2023-03-08,15 22 23 24 38 43
8963,2023-03-08,2 9 19 24 32 34
8964,2023-03-08,4 17 23 24 29 33
8965,2023-03-08,6 7 9 12 17 30
8966,2023-03-08,4 15 20 22 31 35
8967,2023-03-09,1 7 21 35 38 45
8968,2023-03-09,2 5 17 27 28 34
8969,2023-03-09,4 11 23 38 41 44
8970,2023-03-09,5 13 15 19 35 42
8971,2023-03-09,9 18 20 30 33 38
8972,2023-03-09,2 8 12 26 37 43
8973,2023-03-09,16 19 23 27 42 44
8974,2023-03-10,2 8 10 30 38 44
8975,2023-03-10,8 9 14 29 31 40
8976,2023-03-10,4 24 32 35 42 43
8977,2023-03-10,4 16 17 21 33 41
8978,2023-03-10,15 20 29 32 35 39
8979,2023-03-10,8 13 22 23 27 29
8980,2023-03-10,1 6 7 15 22 42
8981,2023-03-11,6 18 19 20 33 34
8982,2023-03-11,8 19 20 26 30 37
8983,2023-03-11,4 17 25 27 30 33
8984,2023-03-11,1 3 5 16 32 43
8985,2023-03-11,2 8 20 27 29 39
8986,2023-03-11,2 11 16 20 29 41
8987,2023-03-11,15 16 21 23 28 45
8988,2023-03-12,5 20 28 32 41 43
8989,2023-03-12,8 24 26 31 35 36
8990,2023-03-12,6 18 35 38 39 45
8991,2023-03-12,4 8 16 26 27 45
8992,2023-03-12,6 25 32 35 36 43
8993,2023-03-12,6 17 21 24 31 35
8994,2023-03-12,13 17 20 34 43 44
8995,2023-03-13,5 15 17 22 37 38
8996,2023-03-13,6 12 13 19 39 43
8997,2023-03-13,15 21 25 38 42 45
8998,2023-03-13,2 14 19 21 38 42
8999,2023-03-13,2 12 20 28 33 43
9000,2023-03-13,4 11 24 25 28 36
9001,2023-03-13,3 8 14 16 23 34
9002,2023-03-14,2 8 14 30 31 42
9003,2023-03-14,12 16 19 27 31 43
9004,2023-03-14,3 8 9 21 30 44
9005,2023-03-14,4 5 13 32 35 40
9006,2023-03-14,1 3 7 25 34 39
9007,2023-03-14,11 18 19 37 43 45
9008,2023-03-14,12 13 15 33 34 35
9009,2023-03-15,14 25 31 36 40 44
9010,2023-03-15,9 12 24 36 37 39
9011,2023-03-15,3 4 21 22 37 45
9012,2023-03-15,2 3 19 20 27 31
9013,2023-03-15,7 16 23 29 39 40
9014,2023-03-15,15 19 33 34 36 40
9015,2023-03-15,3 11 15 30 31 40
9016,2023-03-16,11 12 18 21 32 40
9017,2023-03-16,6 27 34 35 38 42
9018,2023-03-16,20 21 23 29 36 40
9019,2023-03-16,6 11 13 21 23 45
9020,2023-03-16,5 17 23 25 32 38
9021,2023-03-16,1 3 7 15 18 38
9022,2023-03-16,11 23 24 29 40 41
9023,2023-03-17,1 17 21 22 27 28
9024,2023-03-17,9 30 31 33 36 39
9025,2023-03-17,5 12 15 19 23 37
9026,2023-03-17,1 4 22 34 40 42
9027,2023-03-17,4 8 15 20 26 37
9028,2023-03-17,3 6 8 14 28 34
9029,2023-03-17,15 17 19 36 38 41
9030,2023-03-18,2 5 9 15 24 42
9031,2023-03-18,3 7 13 20 23 28
9032,2023-03-18,4 19 27 38 40 43
9033,2023-03-18,7 10 17 20 22 34
9034,2023-03-18,16 22 28 30 37 40
9035,2023-03-18,1 7 12 13 30 35
9036,2023-03-18,4 13 15 21 25 37
9037,2023-03-19,1 15 22 30 38 42
9038,2023-03-19,2 5 8 24 33 38
9039,2023-03-19,6 14 15 24 30 36
9040,2023-03-19,1 13 16 18 21 36
9041,2023-03-19,13 30 31 35 37 39
9042,2023-03-19,10 18 20 26 34 40
9043,2023-03-19,11 19 20 32 33 38
9044,2023-03-20,7 14 18 22 33 39
9045,2023-03-20,4 20 24 28 36 44
9046,2023-03-20,2 8 9 15 26 43
9047,2023-03-20,3 4 7 24 36 42
9048,2023-03-20,19 25 27 37 38 40
9049,2023-03-20,2 6 9 15 28 35
9050,2023-03-20,2 15 17 26 34 45
9051,2023-03-21,8 13 32 37 40 43
9052,2023-03-21,8 19 26 30 39 40
9053,2023-03-21,2 24 25 32 39 45
9054,2023-03-21,4 5 11 18 20 27
9055,2023-03-21,8 18 22 29 31 45
9056,2023-03-21,3 18 21 34 37 42
9057,2023-03-21,3 8 20 24 41 45
9058,2023-03-22,8 10 11 28 32 38
9059,2023-03-22,5 7 8 20 22 27
9060,2023-03-22,14 19 29 35 37 38
9061,2023-03-22,20 26 31 34 38 44
9062,2023-03-22,2 15 18 21 34 43
9063,2023-03-22,13 21 26 27 28 45
9064,2023-03-22,1 6 27 36 39 40
9065,2023-03-23,8 10 15 33 36 41
9066,2023-03-23,1 13 14 17 20 30
9067,2023-03-23,2 6 9 22 25 30
9068,2023-03-23,1 2 6 24 30 36
9069,2023-03-23,6 9 16 32 34 38
9070,2023-03-23,7 14 16 19 27 37
9071,2023-03-23,2 20 27 39 40 42
9072,2023-03-24,4 12 16 27 29 35
9073,2023-03-24,9 14 27 32 33 35
9074,2023-03-24,3 6 13 16 34 44
9075,2023-03-24,4 30 35 40 41 44
9076,2023-03-24,2 6 18 23 25 31
9077,2023-03-24,3 4 30 37 39 45
9078,2023-03-24,3 4 10 16 24 26
9079,2023-03-25,3 6 9 12 28 40
9080,2023-03-25,3 16 31 37 38 45
9081,2023-03-25,1 11 32 33 40 41
9082,2023-03-25,4 27 29 37 38 45
9083,2023-03-25,25 35 36 40 42 43
9084,2023-03-25,1 4 8 33 34 36
9085,2023-03-25,2 7 23 29 39 40
9086,2023-03-26,2 3 11 18 21 22
9087,2023-03-26,1 9 19 22 26 33
9088,2023-03-26,3 6 16 28 29 38
9089,2023-03-26,8 10 22 27 39 42
9090,2023-03-26,2 19 20 29 38 45
9091,2023-03-26,11 15 21 22 24 45
9092,2023-03-26,14 19 25 31 43 45
9093,2023-03-27,1 2 8 29 36 38
9094,2023-03-27,2 3 21 33 36 44
9095,2023-03-27,5 18 27 30 36 39
9096,2023-03-27,18 20 22 25 43 44
9097,2023-03-27,3 4 19 20 24 36
9098,2023-03-27,13 14 18 24 30 43
9099,2023-03-27,14 23 32 36 43 44
9100,2023-03-28,2 13 27 35 38 45
9101,2023-03-28,2 15 20 24 33 44
9102,2023-03-28,6 14 24 26 34 43
9103,2023-03-28,4 11 16 17 22 43
9104,2023-03-28,19 25 32 38 42 43
9105,2023-03-28,3 9 19 33 37 42
9106,2023-03-28,13 19 24 28 42 43
9107,2023-03-29,13 21 26 28 31 35
9108,2023-03-29,2 10 26 27 29 39
9109,2023-03-29,3 6 9 10 27 43
9110,2023-03-29,4 10 16 21 29 45
9111,2023-03-29,1 14 29 30 35 43
9112,2023-03-29,1 5 9 30 32 39
9113,2023-03-29,4 8 21 31 33 40
9114,2023-03-30,20 22 30 36 38 44
9115,2023-03-30,2 8 17 19 40 45
9116,2023-03-30,2 15 21 32 38 43
9117,2023-03-30,11 18 27 29 38 45
9118,2023-03-30,8 14 16 18 32 42
9119,2023-03-30,1 3 4 12 18 45
9120,2023-03-30,5 15 16 25 29 35
9121,2023-03-31,4 8 13 21 32 40
9122,2023-03-31,10 13 31 36 38 40
9123,2023-03-31,8 19 23 33 36 38
9124,2023-03-31,7 8 18 19 29 40
9125,2023-03-31,2 5 6 11 42 45
9126,2023-03-31,2 6 19 23 25 34
9127,2023-03-31,7 14 17 19 43 45
9128,2023-04-01,1 9 13 16 20 24
9129,2023-04-01,6 20 24 30 31 43
9130,2023-04-01,6 17 25 28 33 45
9131,2023-04-01,14 26 32 36 40 43
9132,2023-04-01,5 10 16 18 26 44
9133,2023-04-01,2 5 7 14 16 27
9134,2023-04-01,8 10 19 22 29 36
9135,2023-04-02,18 27 36 39 43 44
9136,2023-04-02,12 13 14 25 38 42
9137,2023-04-02,4 22 26 27 39 40
9138,2023-04-02,2 7 10 11 32 33
9139,2023-04-02,2 13 23 35 41 43
9140,2023-04-02,2 6 9 17 34 35
9141,2023-04-02,5 19 22 26 36 44
9142,2023-04-03,15 16 21 23 28 40
9143,2023-04-03,2 6 13 18 36 45
9144,2023-04-03,8 13 22 23 34 35
9145,2023-04-03,2 16 26 35 37 42
9146,2023-04-03,2 7 17 26 32 37
9147,2023-04-03,4 30 33 36 41 45
9148,2023-04-03,3 7 21 23 24 26
9149,2023-04-04,1 2 4 14 20 28
9150,2023-04-04,8 14 20 21 25 33
9151,2023-04-04,16 23 25 26 31 32
9152,2023-04-04,18 19 32 38 42 44
9153,2023-04-04,2 5 15 27 29 38
9154,2023-04-04,10 26 35 36 40 42
9155,2023-04-04,2 6 27 29 36 37
9156,2023-04-05,7 23 26 32 36 39
9157,2023-04-05,2 20 21 29 32 35
9158,2023-04-05,11 14 19 24 42 44
9159,2023-04-05,1 9 12 24 29 43
9160,2023-04-05,6 15 25 38 39 43
9161,2023-04-05,3 4 15 16 28 43
9162,2023-04-05,14 16 25 31 42 44
9163,2023-04-06,2 5 12 18 23 28
9164,2023-04-06,3 15 18 28 30 42
9165,2023-04-06,6 9 26 28 42 43
9166,2023-04-06,3 7 25 37 43 45
9167,2023-04-06,5 19 22 24 29 34
9168,2023-04-06,8 26 28 31 37 38
9169,2023-04-06,7 16 17 18 23 40
9170,2023-04-07,5 6 7 12 17 26
9171,2023-04-07,18 22 24 25 27 36
9172,2023-04-07,22 25 31 34 35 42
9173,2023-04-07,5 8 20 28 31 36
9174,2023-04-07,8 11 15 23 40 44
9175,2023-04-07,7 13 18 19 26 30
9176,2023-04-07,11 17 22 33 34 41
9177,2023-04-08,1 4 7 14 31 36
9178,2023-04-08,1 19 20 26 30 39
9179,2023-04-08,1 2 14 19 39 40
9180,2023-04-08,1 5 10 11 25 35
9181,2023-04-08,5 6 14 19 27 31
9182,2023-04-08,6 31 35 37 39 41
9183,2023-04-08,10 11 15 23 25 43
9184,2023-04-09,2 3 15 17 18 43
9185,2023-04-09,3 21 25 33 35 43
9186,2023-04-09,30 31 32 33 34 40
9187,2023-04-09,2 12 19 21 28 29
9188,2023-04-09,24 38 39 40 42 44
9189,2023-04-09,5 16 27 30 33 37
9190,2023-04-09,3 15 20 31 35 42
9191,2023-04-10,2 6 10 11 31 38
9192,2023-04-10,3 10 14 20 31 45
9193,2023-04-10,2 10 15 25 33 40
9194,2023-04-10,2 7 9 13 25 35
9195,2023-04-10,14 17 26 30 39 42
9196,2023-04-10,3 11 15 16 29 32
9197,2023-04-10,5 18 20 27 41 42
9198,2023-04-11,6 10 27 40 41 42
9199,2023-04-11,1 2 5 15 31 44
9200,2023-04-11,7 21 27 29 33 45
9201,2023-04-11,1 10 11 13 42 44
9202,2023-04-11,12 16 20 26 36 38
9203,2023-04-11,1 6 19 24 30 40
9204,2023-04-11,10 13 21 27 36 39
9205,2023-04-12,7 8 13 18 24 25
9206,2023-04-12,3 7 14 18 32 37
9207,2023-04-12,3 10 21 28 33 36
9208,2023-04-12,12 16 23 25 36 45
9209,2023-04-12,8 12 13 30 32 43
9210,2023-04-12,6 14 20 32 34 39
9211,2023-04-12,1 6 17 23 37 44
9212,2023-04-13,18 19 21 27 32 45
9213,2023-04-13,7 9 13 34 41 44
9214,2023-04-13,8 30 34 35 40 43
9215,2023-04-13,2 19 22 23 28 39
9216,2023-04-13,13 14 18 20 35 38
9217,2023-04-13,3 4 14 20 35 43
9218,2023-04-13,18 20 25 33 36 44
9219,2023-04-14,12 13 14 23 26 32
9220,2023-04-14,7 15 22 34 37 42
9221,2023-04-14,10 17 18 29 33 43
9222,2023-04-14,14 19 21 26 34 40
9223,2023-04-14,1 6 16 21 35 37
9224,2023-04-14,2 23 24 26 33 45
9225,2023-04-14,14 23 34 40 44 45
9226,2023-04-15,4 17 21 31 36 39
9227,2023-04-15,19 25 29 32 38 42
9228,2023-04-15,5 6 11 13 19 20
9229,2023-04-15,1 3 17 31 34 42
9230,2023-04-15,4 11 26 27 38 45
9231,2023-04-15,13 21 30 38 42 45
9232,2023-04-15,12 18 26 33 37 42
9233,2023-04-16,1 5 8 34 42 43
9234,2023-04-16,1 12 13 15 25 36
9235,2023-04-16,11 14 28 30 34 36
9236,2023-04-16,7 12 13 25 35 39
9237,2023-04-16,3 6 7 14 34 36
9238,2023-04-16,5 7 15 16 34 41
9239,2023-04-16,1 6 19 20 21 30
9240,2023-04-17,2 9 11 21 32 45
9241,2023-04-17,7 14 19 20 24 26
9242,2023-04-17,3 9 17 18 24 45
9243,2023-04-17,6 17 20 26 44 45
9244,2023-04-17,3 6 11 12 34 45
9245,2023-04-17,10 12 14 24 41 44
9246,2023-04-17,12 17 27 32 34 41
9247,2023-04-18,2 3 7 27 29 32
9248,2023-04-18,25 30 33 39 40 45
9249,2023-04-18,3 14 19 30 31 33
9250,2023-04-18,2 9 11 34 35 44
9251,2023-04-18,1 3 15 31 33 36
9252,2023-04-18,4 13 20 23 28 41
9253,2023-04-18,8 9 17 39 42 45
9254,2023-04-19,2 3 11 25 32 41
9255,2023-04-19,1 10 14 20 32 35
9256,2023-04-19,7 11 19 24 25 45
9257,2023-04-19,7 10 24 38 40 44
9258,2023-04-19,8 12 15 17 18 36
9259,2023-04-19,2 9 20 26 34 42
9260,2023-04-19,9 23 24 27 28 37
9261,2023-04-20,12 15 21 30 31 42
9262,2023-04-20,3 7 10 33 35 42
9263,2023-04-20,1 18 19 26 33 35
9264,2023-04-20,6 30 31 36 39 41
9265,2023-04-20,12 14 24 27 35 43
9266,2023-04-20,10 11 15 23 31 39
9267,2023-04-20,8 13 18 26 28 32
9268,2023-04-21,19 21 23 32 35 39
9269,2023-04-21,5 15 33 37 41 42
9270,2023-04-21,1 30 35 38 39 43
9271,2023-04-21,13 18 19 24 30 40
9272,2023-04-21,3 24 31 34 41 45
9273,2023-04-21,12 15 33 37 40 44
9274,2023-04-21,7 9 15 22 37 41
9275,2023-04-22,1 5 11 15 30 38
9276,2023-04-22,13 29 30 32 37 38
9277,2023-04-22,6 20 23 24 33 38
9278,2023-04-22,4 8 21 23 33 36
9279,2023-04-22,1 14 23 30 36 43
9280,2023-04-22,6 25 26 30 38 45
9281,2023-04-22,8 13 17 20 38 45
9282,2023-04-23,10 15 18 32 42 44
9283,2023-04-23,13 21 22 28 34 37
9284,2023-04-23,3 4 6 10 11 31
9285,2023-04-23,5 15 20 27 38 40
9286,2023-04-23,1 4 8 20 32 34
9287,2023-04-23,5 6 7 17 20 23
9288,2023-04-23,3 26 33 37 38 42
9289,2023-04-24,2 4 5 7 35 41
9290,2023-04-24,13 16 17 25 36 43
9291,2023-04-24,1 5 25 33 34 40
9292,2023-04-24,7 22 23 27 31 37
9293,2023-04-24,3 6 23 24 34 42
9294,2023-04-24,1 5 14 15 38 40
9295,2023-04-24,5 25 26 28 30 41
9296,2023-04-25,4 7 8 18 23 36
9297,2023-04-25,1 7 23 26 28 31
9298,2023-04-25,2 10 14 15 18 31
9299,2023-04-25,2 7 10 26 27 31
9300,2023-04-25,8 11 17 20 30 38
9301,2023-04-25,9 13 19 22 33 41
9302,2023-04-25,7 11 14 27 34 44
9303,2023-04-26,3 9 20 24 26 44
9304,2023-04-26,7 8 14 20 40 45
9305,2023-04-26,10 14 29 35 37 40
9306,2023-04-26,3 5 11 14 17 27
9307,2023-04-26,4 5 10 21 32 36
9308,2023-04-26,1 11 13 20 21 25
9309,2023-04-26,15 17 22 43 44 45
9310,2023-04-27,5 15 19 23 42 44
9311,2023-04-27,2 9 14 22 28 36
9312,2023-04-27,3 4 7 34 40 44
9313,2023-04-27,3 8 15 29 32 41
9314,2023-04-27,2 14 22 24 36 44
9315,2023-04-27,17 19 25 35 36 37
9316,2023-04-27,10 18 22 24 33 42
9317,2023-04-28,1 2 5 11 21 35
9318,2023-04-28,13 15 23 28 40 45
9319,2023-04-28,7 16 25 26 27 28
9320,2023-04-28,7 19 26 28 33 41
9321,2023-04-28,4 5 7 9 15 18
9322,2023-04-28,4 11 19 29 34 41
9323,2023-04-28,2 12 14 18 19 38
9324,2023-04-29,14 21 31 33 42 44
9325,2023-04-29,8 9 14 16 29 40
9326,2023-04-29,2 15 20 23 34 38
9327,2023-04-29,4 15 22 26 40 44
9328,2023-04-29,3 10 11 21 35 36
9329,2023-04-29,21 24 27 33 37 38
9330,2023-04-29,3 8 11 17 24 39
9331,2023-04-30,11 15 17 20 32 33
9332,2023-04-30,5 15 24 32 33 36
9333,2023-04-30,21 24 32 42 43 44
9334,2023-04-30,9 11 16 19 40 45
9335,2023-04-30,3 6 8 23 25 33
9336,2023-04-30,2 6 11 17 21 27
9337,2023-04-30,5 14 19 33 36 40
9338,2023-05-01,4 6 10 11 31 42
9339,2023-05-01,17 20 21 23 32 34
9340,2023-05-01,6 13 28 29 30 35
9341,2023-05-01,3 8 26 29 36 38
9342,2023-05-01,1 3 9 24 39 42
9343,2023-05-01,6 8 18 23 26 45
9344,2023-05-01,2 5 11 19 24 33
9345,2023-05-02,7 11 14 15 23 36
9346,2023-05-02,3 12 14 31 40 44
9347,2023-05-02,4 5 11 30 39 45
9348,2023-05-02,1 2 18 23 37 45
9349,2023-05-02,4 5 7 16 19 25
9350,2023-05-02,1 5 14 23 32 33
9351,2023-05-02,6 26 30 31 34 35
9352,2023-05-03,8 12 14 16 18 32
9353,2023-05-03,4 24 26 32 33 41
9354,2023-05-03,34 35 36 38 41 43
9355,2023-05-03,1 5 29 31 33 44
9356,2023-05-03,1 4 14 33 37 39
9357,2023-05-03,13 19 21 22 33 43
9358,2023-05-03,3 16 18 20 31 33
9359,2023-05-04,5 10 14 16 43 44
9360,2023-05-04,3 17 21 25 33 34
9361,2023-05-04,23 26 28 34 41 42
9362,2023-05-04,13 21 25 27 38 45
9363,2023-05-04,12 13 16 18 27 29
9364,2023-05-04,9 24 27 37 40 45
9365,2023-05-04,11 12 27 30 33 36
9366,2023-05-05,1 14 15 34 38 40
9367,2023-05-05,11 14 15 28 29 36
9368,2023-05-05,1 27 28 34 37 39
9369,2023-05-05,7 10 20 29 33 37
9370,2023-05-05,9 10 13 16 30 44
9371,2023-05-05,9 19 32 33 37 43
9372,2023-05-05,3 23 26 27 34 40
9373,2023-05-06,3 12 13 19 40 42
9374,2023-05-06,6 24 28 33 40 42
9375,2023-05-06,6 14 16 18 29 33
9376,2023-05-06,9 14 27 30 35 40
9377,2023-05-06,11 16 18 28 30 37
9378,2023-05-06,1 2 5 10 35 41
9379,2023-05-06,13 14 25 40 42 44
9380,2023-05-07,3 9 11 20 29 41
9381,2023-05-07,4 9 28 31 35 42
9382,2023-05-07,19 30 35 40 42 43
9383,2023-05-07,2 4 17 29 33 39
9384,2023-05-07,3 10 12 30 34 41
9385,2023-05-07,10 12 14 17 39 45
9386,2023-05-07,10 13 15 21 37 45
9387,2023-05-08,2 6 14 19 25 37
9388,2023-05-08,4 16 20 22 23 33
9389,2023-05-08,6 10 11 14 35 36
9390,2023-05-08,5 6 11 27 28 36
9391,2023-05-08,8 18 20 26 27 43
9392,2023-05-08,4 6 9 10 23 41
9393,2023-05-08,2 17 21 22 23 39
9394,2023-05-09,6 12 16 20 27 33
9395,2023-05-09,6 17 26 32 40 43
9396,2023-05-09,1 5 13 16 32 40
9397,2023-05-09,2 4 27 29 35 39
9398,2023-05-09,7 9 10 11 33 36
9399,2023-05-09,11 13 27 32 37 45
9400,2023-05-09,6 19 22 25 34 39
9401,2023-05-10,6 8 24 31 34 35
9402,2023-05-10,6 12 30 35 42 44
9403,2023-05-10,5 7 15 18 20 38
9404,2023-05-10,11 13 16 24 39 44
9405,2023-05-10,4 21 27 34 38 39
9406,2023-05-10,11 13 24 31 43 45
9407,2023-05-10,5 11 14 28 32 35
9408,2023-05-11,7 22 24 33 35 45
9409,2023-05-11,4 19 22 23 39 45
9410,2023-05-11,4 8 17 19 31 45
9411,2023-05-11,2 9 16 20 36 37
9412,2023-05-11,2 10 17 29 30 45
9413,2023-05-11,2 8 24 36 40 45
9414,2023-05-11,4 7 15 20 26 38
9415,2023-05-12,2 4 23 32 37 43
9416,2023-05-12,5 11 13 18 37 42
9417,2023-05-12,3 7 19 27 34 37
9418,2023-05-12,1 11 23 33 37 41
9419,2023-05-12,13 17 26 33 41 43
9420,2023-05-12,15 25 34 35 36 44
9421,2023-05-12,10 20 23 24 29 42
9422,2023-05-13,6 8 28 32 36 42
9423,2023-05-13,1 7 21 27 35 44
9424,2023-05-13,13 17 30 33 38 44
9425,2023-05-13,10 14 16 33 37 44
9426,2023-05-13,2 12 13 14 20 26
9427,2023-05-13,2 4 8 15 27 35
9428,2023-05-13,3 13 18 21 22 30
9429,2023-05-14,5 8 14 17 39 41
9430,2023-05-14,1 11 15 18 25 36
9431,2023-05-14,3 6 13 20 30 38
9432,2023-05-14,11 25 29 39 41 45
9433,2023-05-14,14 17 21 29 32 36
9434,2023-05-14,3 4 5 8 23 35
9435,2023-05-14,2 3 22 23 36 41
9436,2023-05-15,5 12 13 14 35 39
9437,2023-05-15,2 3 7 21 38 40
9438,2023-05-15,3 26 27 34 39 41
9439,2023-05-15,1 2 11 30 34 42
9440,2023-05-15,4 11 16 26 41 43
9441,2023-05-15,4 6 8 23 29 32
9442,2023-05-15,18 19 20 30 33 41
9443,2023-05-16,8 23 26 33 38 43
9444,2023-05-16,4 5 12 29 33 45
9445,2023-05-16,11 21 22 27 31 38
9446,2023-05-16,2 11 12 24 25 34
9447,2023-05-16,7 13 21 30 40 45
9448,2023-05-16,2 3 7 9 16 25
9449,2023-05-16,4 12 18 27 31 40
9450,2023-05-17,8 9 16 17 22 30
9451,2023-05-17,19 32 34 37 42 43
9452,2023-05-17,16 22 25 29 34 39
9453,2023-05-17,7 14 15 30 33 36
9454,2023-05-17,8 10 11 15 26 34
9455,2023-05-17,2 13 17 37 41 42
9456,2023-05-17,2 5 6 8 18 19
9457,2023-05-18,17 20 23 28 30 39
9458,2023-05-18,1 12 18 28 31 43
9459,2023-05-18,15 16 19 25 27 39
9460,2023-05-18,3 4 9 18 37 41
9461,2023-05-18,1 10 13 26 35 45
9462,2023-05-18,10 15 24 29 31 34
9463,2023-05-18,1 23 24 32 33 44
9464,2023-05-19,9 19 27 29 33 36
9465,2023-05-19,10 13 15 22 33 41
9466,2023-05-19,12 18 24 27 37 38
9467,2023-05-19,5 7 25 31 32 33
9468,2023-05-19,4 5 6 11 34 35
9469,2023-05-19,6 7 12 29 37 38
9470,2023-05-19,4 14 23 32 36 40
9471,2023-05-20,3 12 15 17 27 40
9472,2023-05-20,8 12 20 22 25 40
9473,2023-05-20,1 2 6 32 36 38
9474,2023-05-20,13 14 15 34 38 43
9475,2023-05-20,8 13 21 24 32 34
9476,2023-05-20,14 17 30 34 37 43
9477,2023-05-20,9 12 15 23 26 35
9478,2023-05-21,2 19 28 33 37 38
9479,2023-05-21,6 17 19 21 37 38
9480,2023-05-21,9 17 20 23 31 39
9481,2023-05-21,6 12 14 16 32 43
9482,2023-05-21,2 4 11 21 25 39
9483,2023-05-21,10 12 16 17 22 41
9484,2023-05-21,3 6 18 25 28 34
9485,2023-05-22,4 20 21 22 36 45
9486,2023-05-22,5 6 22 29 41 44
9487,2023-05-22,1 8 20 26 28 44
9488,2023-05-22,2 6 13 27 28 34
9489,2023-05-22,2 11 12 14 25 41
9490,2023-05-22,16 18 21 31 44 45
9491,2023-05-22,16 19 26 28 33 40
9492,2023-05-23,5 9 15 29 39 45
9493,2023-05-23,2 4 11 25 38 39
9494,2023-05-23,3 11 12 25 39 44
9495,2023-05-23,5 7 10 12 15 23
9496,2023-05-23,4 9 13 19 30 35
9497,2023-05-23,2 7 20 27 33 37
9498,2023-05-23,1 20 22 29 33 35
9499,2023-05-24,13 15 22 27 33 39
9500,2023-05-24,9 15 18 20 33 42
9501,2023-05-24,1 12 29 35 38 41
9502,2023-05-24,12 23 24 25 29 45
9503,2023-05-24,6 10 17 29 35 45
9504,2023-05-24,4 9 17 18 25 36
9505,2023-05-24,3 24 30 35 37 43
9506,2023-05-25,2 3 13 15 16 19
9507,2023-05-25,12 20 37 38 42 44
9508,2023-05-25,3 5 11 15 29 41
9509,2023-05-25,15 16 17 23 27 34
9510,2023-05-25,6 9 14 15 22 29
9511,2023-05-25,1 5 6 19 28 41
9512,2023-05-25,1 4 19 36 38 44
9513,2023-05-26,5 13 24 30 33 40
9514,2023-05-26,6 10 19 24 34 39
9515,2023-05-26,10 28 42 43 44 45
9516,2023-05-26,1 3 13 17 25 45
9517,2023-05-26,16 21 24 27 33 43
9518,2023-05-26,8 13 18 27 37 42
9519,2023-05-26,14 23 32 35 39 41
9520,2023-05-27,1 10 20 26 29 44
9521,2023-05-27,2 4 15 25 31 35
9522,2023-05-27,4 11 12 32 39 45
9523,2023-05-27,2 4 23 32 33 35
9524,2023-05-27,2 4 31 40 42 44
9525,2023-05-27,1 5 11 17 40 45
9526,2023-05-27,1 16 17 19 38 45
9527,2023-05-28,13 19 20 24 26 31
9528,2023-05-28,7 13 23 34 35 39
9529,2023-05-28,4 15 24 31 42 45
9530,2023-05-28,5 15 18 20 24 39
9531,2023-05-28,4 7 20 27 35 38
9532,2023-05-28,3 6 13 14 24 31
9533,2023-05-28,14 16 18 20 30 35
9534,2023-05-29,11 17 19 22 34 40
9535,2023-05-29,4 16 20 21 33 38
9536,2023-05-29,1 13 15 17 33 36
9537,2023-05-29,2 6 17 21 35 43
9538,2023-05-29,2 8 13 31 39 45
9539,2023-05-29,10 14 15 29 38 45
9540,2023-05-29,6 12 20 26 39 42
9541,2023-05-30,8 12 16 25 32 37
9542,2023-05-30,1 14 26 38 40 41
9543,2023-05-30,1 15 20 27 35 42
9544,2023-05-30,2 12 22 38 39 41
9545,2023-05-30,6 18 24 29 34 45
9546,2023-05-30,7 10 27 34 38 39
9547,2023-05-30,9 25 30 37 39 41
9548,2023-05-31,10 11 18 19 35 36
9549,2023-05-31,13 18 22 30 36 38
9550,2023-05-31,13 14 15 23 34 38
9551,2023-05-31,2 18 19 36 38 40
9552,2023-05-31,6 16 18 33 35 40
9553,2023-05-31,2 22 25 35 37 40
9554,2023-05-31,2 3 9 28 30 45
9555,2023-06-01,6 18 19 25 29 32
9556,2023-06-01,9 11 25 26 32 35
9557,2023-06-01,7 17 28 31 32 43
9558,2023-06-01,5 9 12 28 40 45
9559,2023-06-01,12 20 22 26 32 44
9560,2023-06-01,9 16 26 27 33 45
9561,2023-06-01,2 6 11 28 30 36
9562,2023-06-02,5 8 18 21 22 43
9563,2023-06-02,27 30 32 36 38 42
9564,2023-06-02,1 3 13 27 37 45
9565,2023-06-02,5 20 33 41 42 43
9566,2023-06-02,6 11 12 27 31 32
9567,2023-06-02,4 10 15 30 37 40
9568,2023-06-02,13 16 27 31 34 41
9569,2023-06-03,1 13 20 26 32 39
9570,2023-06-03,15 18 27 36 39 43
9571,2023-06-03,2 4 13 14 30 39
9572,2023-06-03,6 18 26 29 40 44
9573,2023-06-03,9 16 21 24 27 30
9574,2023-06-03,1 10 11 14 34 41
9575,2023-06-03,2 3 19 34 36 42
9576,2023-06-04,3 6 21 26 33 42
9577,2023-06-04,2 7 8 17 29 33
9578,2023-06-04,12 18 19 27 29 31
9579,2023-06-04,2 21 28 35 39 44
9580,2023-06-04,8 16 18 24 30 39
9581,2023-06-04,1 26 29 37 38 44
9582,2023-06-04,1 17 25 37 39 45
9583,2023-06-06,10 17 20 34 37 44
9584,2023-06-06,2 17 26 36 41 43
9585,2023-06-06,15 16 18 19 22 25
9586,2023-06-06,6 9 11 31 33 35
9587,2023-06-06,11 22 24 30 37 45
9588,2023-06-06,1 3 5 14 24 42
9589,2023-06-06,9 26 31 38 39 44
9590,2023-06-07,5 6 14 30 33 36
9591,2023-06-07,11 21 22 36 44 45
9592,2023-06-07,10 12 15 16 19 30
9593,2023-06-07,4 13 14 21 26 38
9594,2023-06-07,2 9 26 28 42 43
9595,2023-06-07,19 20 21 29 33 35
9596,2023-06-07,11 20 28 35 39 45
9597,2023-06-08,23 25 28 41 42 43
9598,2023-06-08,22 28 35 36 38 43
9599,2023-06-08,2 10 12 15 17 20
9600,2023-06-08,9 20 24 32 39 43
9601,2023-06-08,5 12 24 25 29 36
9602,2023-06-08,5 7 9 27 28 40
9603,2023-06-08,16 19 21 24 35 40
9604,2023-06-09,7 8 24 34 35 42
9605,2023-06-09,1 13 14 33 44 45
9606,2023-06-09,7 10 11 25 35 40
9607,2023-06-09,18 20 29 31 33 35
9608,2023-06-09,2 5 14 36 37 41
9609,2023-06-09,6 11 18 31 41 43
9610,2023-06-09,13 22 32 33 38 42
9611,2023-06-10,7 22 28 30 35 36
9612,2023-06-10,5 7 8 11 16 36
9613,2023-06-10,14 17 18 27 28 30
9614,2023-06-10,11 18 31 39 40 41
9615,2023-06-10,2 20 24 25 37 41
9616,2023-06-10,9 16 24 28 36 39
9617,2023-06-10,1 28 31 32 34 39
9618,2023-06-11,1 14 15 28 34 38
9619,2023-06-11,5 13 20 28 40 42
9620,2023-06-11,2 7 12 13 18 26
9621,2023-06-11,16 20 34 40 43 44
9622,2023-06-11,8 11 32 33 35 38
9623,2023-06-11,5 18 20 22 25 43
9624,2023-06-11,10 15 22 25 32 43
9625,2023-06-12,12 13 14 15 24 29
9626,2023-06-12,1 2 35 37 41 43
9627,2023-06-12,14 16 28 31 41 42
9628,2023-06-12,18 20 23 26 36 44
9629,2023-06-12,9 16 18 19 23 39
9630,2023-06-12,9 19 25 29 31 32
9631,2023-06-12,4 8 17 18 38 39
9632,2023-06-13,2 3 17 18 33 36
9633,2023-06-13,2 5 6 10 24 32
9634,2023-06-13,5 6 7 10 20 42
9635,2023-06-13,10 13 21 25 32 40
9636,2023-06-13,1 7 8 20 21 26
9637,2023-06-13,9 18 25 29 37 39
9638,2023-06-13,3 10 16 19 26 35
9639,2023-06-14,5 10 17 25 36 45
9640,2023-06-14,7 14 19 24 28 41
9641,2023-06-14,12 14 16 23 36 45
9642,2023-06-14,1 8 17 24 26 45
9643,2023-06-14,23 30 38 41 42 44
9644,2023-06-14,5 11 14 15 30 31
9645,2023-06-14,2 16 22 38 40 42
9646,2023-06-15,2 3 26 36 39 44
9647,2023-06-15,3 10 12 35 41 44
9648,2023-06-15,10 15 16 33 34 44
9649,2023-06-15,9 12 34 35 36 45
9650,2023-06-15,9 24 25 29 30 43
9651,2023-06-15,3 9 13 21 29 31
9652,2023-06-15,2 13 15 18 34 39
9653,2023-06-16,2 13 16 22 35 43
9654,2023-06-16,1 23 37 39 43 44
9655,2023-06-16,9 10 19 35 36 41
9656,2023-06-16,9 10 14 15 26 43
9657,2023-06-16,12 13 18 22 32 38
9658,2023-06-16,5 22 26 33 35 39
9659,2023-06-16,8 10 16 19 24 37
9660,2023-06-17,2 6 11 25 26 38
9661,2023-06-17,2 14 19 20 21 26
9662,2023-06-17,14 24 27 30 39 43
9663,2023-06-17,7 17 23 24 43 44
9664,2023-06-17,11 21 27 29 32 41
9665,2023-06-17,4 20 21 23 28 30
9666,2023-06-17,5 13 16 17 21 39
9667,2023-06-18,2 3 4 9 25 29
9668,2023-06-18,20 24 25 27 41 43
9669,2023-06-18,1 20 31 35 36 38
9670,2023-06-18,3 20 25 28 29 37
9671,2023-06-18,3 19 33 38 41 45
9672,2023-06-18,2 12 27 30 31 35
9673,2023-06-18,4 13 22 29 37 45
9674,2023-06-19,5 6 10 28 32 36
9675,2023-06-19,4 8 11 18 24 32
9676,2023-06-19,27 30 35 36 43 44
9677,2023-06-19,5 9 22 34 38 42
9678,2023-06-19,5 13 15 16 21 39
9679,2023-06-19,7 10 12 18 37 45
9680,2023-06-19,3 10 12 16 21 44
9681,2023-06-20,1 2 5 7 9 35
9682,2023-06-20,4 16 25 32 33 40
9683,2023-06-20,3 5 13 15 27 29
9684,2023-06-20,1 13 29 33 37 45
9685,2023-06-20,1 4 8 13 27 43
9686,2023-06-20,6 7 15 16 24 41
9687,2023-06-20,2 13 14 31 40 43
9688,2023-06-21,1 12 23 29 37 38
9689,2023-06-21,1 2 5 9 35 41
9690,2023-06-21,7 12 16 23 28 32
9691,2023-06-21,2 7 9 24 27 41
9692,2023-06-21,3 11 13 15 38 39
9693,2023-06-21,9 20 26 41 43 44
9694,2023-06-21,3 17 23 31 39 40
9695,2023-06-22,7 14 30 32 35 45
9696,2023-06-22,6 14 15 32 34 36
9697,2023-06-22,4 14 22 23 26 31
9698,2023-06-22,5 7 9 24 27 37
9699,2023-06-22,3 18 23 40 41 45
9700,2023-06-22,3 5 6 15 19 30
9701,2023-06-22,8 28 29 31 32 42
9702,2023-06-23,4 8 9 17 38 39
9703,2023-06-23,5 7 9 10 30 39
9704,2023-06-23,4 17 24 26 34 36
9705,2023-06-23,1 8 21 22 27 40
9706,2023-06-23,6 15 25 26 35 41
9707,2023-06-23,4 11 20 27 28 34
9708,2023-06-23,9 10 21 25 28 36
9709,2023-06-24,13 14 21 27 33 40
9710,2023-06-24,23 26 32 33 34 36
9711,2023-06-24,2 16 22 27 32 36
9712,2023-06-24,3 16 33 39 43 44
9713,2023-06-24,4 8 24 35 36 38
9714,2023-06-24,15 17 19 25 39 43
9715,2023-06-24,14 26 31 34 37 44
9716,2023-06-25,6 9 14 24 31 39
9717,2023-06-25,2 8 15 20 42 44
9718,2023-06-25,6 7 12 37 38 39
9719,2023-06-25,10 23 26 32 39 42
9720,2023-06-25,2 8 28 30 38 40
9721,2023-06-25,3 17 19 21 40 44
9722,2023-06-25,1 3 8 21 34 41
9723,2023-06-26,6 23 25 26 28 34
9724,2023-06-26,10 13 15 41 42 43
9725,2023-06-26,2 18 24 26 36 41
9726,2023-06-26,3 20 35 36 39 40
9727,2023-06-26,20 30 33 34 38 39
9728,2023-06-26,1 6 8 13 38 42
9729,2023-06-26,10 23 28 31 32 45
9730,2023-06-27,14 22 25 33 43 45
9731,2023-06-27,1 2 5 9 25 27
9732,2023-06-27,4 18 19 20 39 43
9733,2023-06-27,2 5 9 27 32 34
9734,2023-06-27,15 17 18 27 35 38
9735,2023-06-27,9 11 12 17 36 38
9736,2023-06-27,3 8 25 41 42 43
9737,2023-06-28,7 10 22 24 38 44
9738,2023-06-28,4 12 13 16 30 32
9739,2023-06-28,6 8 16 19 30 40
9740,2023-06-28,6 13 19 31 33 35
9741,2023-06-28,10 15 31 33 37 41
9742,2023-06-28,5 6 10 14 40 41
9743,2023-06-28,10 12 35 36 40 45
9744,2023-06-29,1 6 19 26 34 43
9745,2023-06-29,6 8 24 29 44 45
9746,2023-06-29,2 10 15 18 25 30
9747,2023-06-29,2 3 4 14 18 30
9748,2023-06-29,2 5 9 20 40 45
9749,2023-06-29,10 15 16 20 38 43
9750,2023-06-29,8 10 15 29 33 40
9751,2023-06-30,16 22 24 26 30 39
9752,2023-06-30,6 13 15 18 24 38
9753,2023-06-30,1 2 17 27 33 45
9754,2023-06-30,2 17 24 35 39 40
9755,2023-06-30,1 18 24 27 36 43
9756,2023-06-30,2 4 22 32 37 44
9757,2023-06-30,4 8 14 21 34 44
9758,2023-07-01,4 14 19 26 41 42
9759,2023-07-01,18 19 23 26 31 35
9760,2023-07-01,3 9 22 24 30 37
9761,2023-07-01,19 24 32 33 35 45
9762,2023-07-01,2 15 16 28 40 42
9763,2023-07-01,5 12 16 34 35 43
9764,2023-07-01,7 13 15 33 40 45
9765,2023-07-02,6 10 26 29 32 44
9766,2023-07-02,4 16 20 28 36 41
9767,2023-07-02,2 16 22 26 39 43
9768,2023-07-02,3 9 22 23 40 45
9769,2023-07-02,4 18 29 33 41 45
9770,2023-07-02,1 8 14 16 18 44
9771,2023-07-02,1 4 5 14 31 40
9772,2023-07-03,3 14 18 25 29 40
9773,2023-07-03,27 35 37 38 39 45
9774,2023-07-03,11 12 13 23 40 41
9775,2023-07-03,12 20 32 37 38 45
9776,2023-07-03,2 5 10 12 34 40
9777,2023-07-03,3 13 16 22 31 33
9778,2023-07-03,4 10 27 30 37 41
9779,2023-07-04,10 25 30 31 33 35
9780,2023-07-04,4 14 19 21 29 30
9781,2023-07-04,5 11 19 22 33 35
9782,2023-07-04,15 20 23 24 31 43
9783,2023-07-04,12 15 22 26 39 44
9784,2023-07-04,1 7 16 24 40 42
9785,2023-07-04,13 14 24 27 34 42
9786,2023-07-05,2 15 20 35 38 44
9787,2023-07-05,2 14 15 22 33 44
9788,2023-07-05,13 23 25 28 40 43
9789,2023-07-05,2 18 21 33 38 39
9790,2023-07-05,4 10 15 25 34 36
9791,2023-07-05,8 14 17 36 39 45
9792,2023-07-05,2 5 7 9 30 38
9793,2023-07-06,16 24 29 31 34 41
9794,2023-07-06,12 23 25 40 42 43
9795,2023-07-06,12 13 18 28 44 45
9796,2023-07-06,1 19 29 31 33 38
9797,2023-07-06,20 21 23 30 32 40
9798,2023-07-06,2 8 24 29 39 42
9799,2023-07-06,9 17 23 35 40 45
9800,2023-07-07,2 14 23 28 33 39
9801,2023-07-07,1 13 14 32 34 38
9802,2023-07-07,2 10 14 30 39 45
9803,2023-07-07,6 13 17 18 37 38
9804,2023-07-07,5 10 14 21 22 25
9805,2023-07-07,15 17 23 26 34 37
9806,2023-07-07,13 18 29 34 37 38
9807,2023-07-08,8 9 11 28 40 43
9808,2023-07-08,4 10 12 23 26 45
9809,2023-07-08,2 6 17 20 37 41
9810,2023-07-08,3 13 14 26 37 43
9811,2023-07-08,3 4 12 21 23 24
9812,2023-07-08,2 6 11 23 27 40
9813,2023-07-08,3 6 9 15 23 32
9814,2023-07-09,7 8 12 13 24 38
9815,2023-07-09,8 10 13 14 15 18
9816,2023-07-09,12 18 29 33 35 37
9817,2023-07-09,3 4 24 27 32 33
9818,2023-07-09,14 24 25 35 36 41
9819,2023-07-09,2 4 12 23 27 35
9820,2023-07-09,2 18 25 37 38 44
9821,2023-07-10,2 9 15 28 30 45
9822,2023-07-10,2 13 19 28 36 45
9823,2023-07-10,2 10 23 27 32 37
9824,2023-07-10,20 21 29 42 43 45
9825,2023-07-10,7 11 13 27 34 35
9826,2023-07-10,5 16 21 34 37 39
9827,2023-07-10,9 11 15 27 28 35
9828,2023-07-11,5 8 16 30 35 42
9829,2023-07-11,11 16 26 27 28 29
9830,2023-07-11,19 25 26 29 31 37
9831,2023-07-11,3 10 11 20 22 35
9832,2023-07-11,6 7 12 15 16 34
9833,2023-07-11,2 24 29 30 36 40
9834,2023-07-11,6 10 14 27 39 44
9835,2023-07-12,4 5 19 35 38 42
9836,2023-07-12,11 14 18 26 33 43
9837,2023-07-12,12 14 26 27 29 31
9838,2023-07-12,1 10 13 14 32 34
9839,2023-07-12,5 10 17 31 39 41
9840,2023-07-12,4 5 8 16 35 45
9841,2023-07-12,14 16 22 23 43 44
9842,2023-07-13,1 7 19 27 29 42
9843,2023-07-13,2 9 15 19 29 40
9844,2023-07-13,4 14 15 20 40 45
9845,2023-07-13,5 6 16 28 30 45
9846,2023-07-13,10 24 31 32 41 42
9847,2023-07-13,4 9 17 21 23 33
9848,2023-07-13,11 13 26 39 40 41
9849,2023-07-14,5 7 22 27 31 42
9850,2023-07-14,5 11 20 24 32 35
9851,2023-07-14,6 12 14 21 27 36
9852,2023-07-14,6 9 10 14 19 27
9853,2023-07-14,8 12 15 21 37 42
9854,2023-07-14,10 18 33 34 40 45
9855,2023-07-14,2 3 8 20 29 45
9856,2023-07-15,5 6 20 27 35 39
9857,2023-07-15,6 10 15 30 34 42
9858,2023-07-15,2 8 9 14 18 45
9859,2023-07-15,11 13 24 40 42 43
9860,2023-07-15,9 10 16 41 43 44
9861,2023-07-15,7 18 38 39 41 42
9862,2023-07-15,1 4 8 24 28 43
9863,2023-07-16,5 15 20 35 39 42
9864,2023-07-16,19 25 27 28 39 43
9865,2023-07-16,14 22 28 33 34 44
9866,2023-07-16,4 10 13 14 22 34
9867,2023-07-16,10 19 20 24 27 43
9868,2023-07-16,12 20 22 26 31 37
9869,2023-07-16,4 10 13 20 26 28
9870,2023-07-17,1 2 19 28 34 37
9871,2023-07-17,18 21 23 27 34 39
9872,2023-07-17,5 23 26 28 43 44
9873,2023-07-17,5 18 28 39 40 44
9874,2023-07-17,3 6 7 16 29 30
9875,2023-07-17,1 20 27 29 36 38
9876,2023-07-17,5 7 8 24 34 40
9877,2023-07-18,12 33 35 37 40 44
9878,2023-07-18,5 15 20 23 32 44
9879,2023-07-18,2 12 26 29 36 41
9880,2023-07-18,5 9 22 25 28 45
9881,2023-07-18,7 11 17 20 38 43
9882,2023-07-18,5 17 23 35 39 43
9883,2023-07-18,5 10 14 26 30 41
9884,2023-07-19,17 21 24 33 34 43
9885,2023-07-19,11 19 36 37 39 41
9886,2023-07-19,3 8 25 32 34 37
9887,2023-07-19,11 12 17 36 37 39
9888,2023-07-19,17 20 30 32 35 43
9889,2023-07-19,9 13 16 30 35 45
9890,2023-07-19,5 8 24 32 33 40
9891,2023-07-20,1 2 3 8 26 27
9892,2023-07-20,8 11 14 36 43 44
9893,2023-07-20,7 9 12 25 39 43
9894,2023-07-20,14 17 21 36 38 39
9895,2023-07-20,9 31 35 40 41 43
9896,2023-07-20,2 13 29 36 42 44
9897,2023-07-20,4 9 23 24 28 35
9898,2023-07-21,5 6 8 14 28 34
9899,2023-07-21,1 5 7 25 37 42
9900,2023-07-21,4 12 15 30 32 41
9901,2023-07-21,12 13 26 33 37 40
9902,2023-07-21,1 3 6 7 34 45
9903,2023-07-21,5 7 10 15 33 38
9904,2023-07-21,5 9 14 16 20 42
9905,2023-07-22,5 6 17 19 40 45
9906,2023-07-22,4 6 16 27 40 44
9907,2023-07-22,1 2 4 29 33 45
9908,2023-07-22,2 6 16 26 30 31
9909,2023-07-22,5 21 26 27 33 45
9910,2023-07-22,1 15 17 21 24 25
9911,2023-07-22,4 11 14 28 34 42
9912,2023-07-23,17 29 32 39 40 45
9913,2023-07-23,5 9 13 18 23 36
9914,2023-07-23,1 15 25 28 29 43
9915,2023-07-23,12 13 15 22 25 29
9916,2023-07-23,4 11 12 27 39 41
9917,2023-07-23,5 6 8 10 24 34
9918,2023-07-23,26 34 35 37 38 42
9919,2023-07-24,9 10 11 20 28 38
9920,2023-07-24,7 15 20 23 38 42
9921,2023-07-24,2 3 4 30 31 33
9922,2023-07-24,2 8 16 28 37 40
9923,2023-07-24,1 8 17 31 35 37
9924,2023-07-24,4 13 22 24 25 31
9925,2023-07-24,5 9 14 19 25 28
9926,2023-07-25,3 6 7 9 16 44
9927,2023-07-25,4 6 18 31 35 43
9928,2023-07-25,17 18 19 27 34 42
9929,2023-07-25,1 8 25 26 35 40
9930,2023-07-25,4 14 25 29 40 44
9931,2023-07-25,8 26 28 29 41 42
9932,2023-07-25,1 11 16 23 44 45
9933,2023-07-26,11 16 25 33 41 44
9934,2023-07-26,11 12 19 33 34 41
9935,2023-07-26,3 6 20 21 27 31
9936,2023-07-26,2 19 23 28 33 36
9937,2023-07-26,2 3 5 13 22 25
9938,2023-07-26,1 5 11 15 24 28
9939,2023-07-26,2 9 15 24 26 44
9940,2023-07-27,1 18 25 39 40 41
9941,2023-07-27,26 27 28 36 40 43
9942,2023-07-27,7 16 25 34 38 42
9943,2023-07-27,16 24 26 27 31 44
9944,2023-07-27,3 18 21 26 29 33
9945,2023-07-27,16 17 18 26 31 35
9946,2023-07-27,14 20 23 26 33 42
9947,2023-07-28,12 14 25 34 37 42
9948,2023-07-28,1 7 20 24 36 45
9949,2023-07-28,14 15 30 31 34 37
9950,2023-07-28,15 21 23 25 27 28
9951,2023-07-28,4 12 19 23 33 45
9952,2023-07-28,8 27 28 36 37 39
9953,2023-07-28,5 8 25 34 35 36
9954,2023-07-29,5 15 33 39 41 45
9955,2023-07-29,7 10 16 26 32 45
9956,2023-07-29,3 16 25 27 32 34
9957,2023-07-29,8 11 24 25 30 38
9958,2023-07-29,10 14 28 29 37 42
9959,2023-07-29,3 18 25 29 41 45
9960,2023-07-29,1 21 26 32 33 44
9961,2023-07-30,1 7 14 38 44 45
9962,2023-07-30,3 12 13 15 28 36
9963,2023-07-30,4 6 9 13 34 41
9964,2023-07-30,4 5 11 14 22 33
9965,2023-07-30,1 7 8 20 21 37
9966,2023-07-30,3 9 12 16 28 37
9967,2023-07-30,4 17 18 19 40 42
9968,2023-07-31,3 10 12 16 17 24
9969,2023-07-31,6 14 19 30 31 44
9970,2023-07-31,19 30 36 40 44 45
9971,2023-07-31,3 19 25 29 41 45
9972,2023-07-31,5 6 16 28 32 39
9973,2023-07-31,4 8 12 17 19 31
9974,2023-07-31,6 10 14 24 36 38
9975,2023-08-01,1 8 17 18 23 44
9976,2023-08-01,10 11 13 33 37 41
9977,2023-08-01,4 8 11 32 39 42
9978,2023-08-01,9 11 17 28 38 41
9979,2023-08-01,3 4 30 31 38 45
9980,2023-08-01,13 18 22 27 28 29
9981,2023-08-01,12 14 35 38 42 43
9982,2023-08-02,6 15 18 27 30 43
9983,2023-08-02,2 10 15 17 24 38
9984,2023-08-02,16 19 20 25 26 30
9985,2023-08-02,3 13 15 18 41 42
9986,2023-08-02,1 2 11 28 31 33
9987,2023-08-02,12 13 16 31 32 45
9988,2023-08-02,2 6 16 19 20 29
9989,2023-08-03,1 23 27 37 39 41
9990,2023-08-03,9 11 15 18 20 21
9991,2023-08-03,3 29 31 34 35 44
9992,2023-08-03,12 20 22 36 38 41
9993,2023-08-03,16 17 31 32 36 42
9994,2023-08-03,14 21 24 30 38 41
9995,2023-08-03,7 8 12 25 31 42
9996,2023-08-04,17 28 32 35 43 44
9997,2023-08-04,2 6 24 25 39 43
9998,2023-08-04,5 10 22 23 31 42
9999,2023-08-04,6 7 9 20 26 39
10000,2023-08-04,1 6 19 23 33 37
10001,2023-08-04,5 12 27 33 38 45
10002,2023-08-04,8 17 27 31 40 44
10003,2023-08-05,7 10 16 29 32 39
10004,2023-08-05,3 17 32 33 41 43
10005,2023-08-05,18 20 29 33 41 45
10006,2023-08-05,7 14 15 23 29 36
10007,2023-08-05,4 13 15 19 21 35
10008,2023-08-05,6 7 9 21 38 45
10009,2023-08-05,21 23 28 35 39 45
10010,2023-08-06,5 16 24 32 37 44
10011,2023-08-06,11 17 18 31 35 45
10012,2023-08-06,4 25 27 28 34 39
10013,2023-08-06,8 11 12 20 25 32
10014,2023-08-06,18 21 26 35 38 40
10015,2023-08-06,4 15 28 37 38 41
10016,2023-08-06,2 26 32 35 42 44
10017,2023-08-07,6 8 24 25 26 37
10018,2023-08-07,8 11 16 19 35 43
10019,2023-08-07,5 28 30 32 38 43
10020,2023-08-07,10 26 30 32 33 35
10021,2023-08-07,1 6 9 25 28 39
10022,2023-08-07,3 8 23 31 33 38
10023,2023-08-07,7 11 13 33 38 44
10024,2023-08-08,9 11 24 36 38 40
10025,2023-08-08,7 10 18 19 24 36
10026,2023-08-08,1 4 18 27 35 45
10027,2023-08-08,3 11 13 34 40 45
10028,2023-08-08,9 15 40 42 43 45
10029,2023-08-08,4 12 22 25 26 40
10030,2023-08-08,10 12 14 20 26 41
10031,2023-08-09,11 13 33 34 35 42
10032,2023-08-09,3 6 16 26 38 43
10033,2023-08-09,5 10 26 33 34 44
10034,2023-08-09,4 22 27 34 41 42
10035,2023-08-09,11 12 19 22 40 43
10036,2023-08-09,8 15 21 31 38 43
10037,2023-08-09,2 7 18 38 41 42
10038,2023-08-10,5 14 17 26 28 38
10039,2023-08-10,17 18 20 24 37 44
10040,2023-08-10,9 22 31 35 38 43
10041,2023-08-10,2 3 19 23 28 40
10042,2023-08-10,3 8 12 15 21 36
10043,2023-08-10,6 7 9 22 42 45
10044,2023-08-10,2 25 30 32 36 42
10045,2023-08-11,7 13 20 22 23 39
10046,2023-08-11,2 8 13 22 30 39
10047,2023-08-11,3 13 19 26 41 42
10048,2023-08-11,2 4 10 29 32 36
10049,2023-08-11,3 14 19 25 31 34
10050,2023-08-11,3 24 25 32 38 39
10051,2023-08-11,2 18 21 36 42 45
10052,2023-08-12,2 7 18 35 39 44
10053,2023-08-12,25 28 29 30 43 44
10054,2023-08-12,3 9 11 18 40 43
10055,2023-08-12,10 23 25 28 32 34
10056,2023-08-12,1 7 13 15 28 32
10057,2023-08-12,6 26 30 33 41 44
10058,2023-08-12,1 2 5 21 31 41
10059,2023-08-13,1 4 7 10 32 34
10060,2023-08-13,1 12 29 32 35 38
10061,2023-08-13,1 15 25 27 36 37
10062,2023-08-13,10 11 16 17 20 41
10063,2023-08-13,3 9 14 36 41 43
10064,2023-08-13,8 27 31 34 35 40
10065,2023-08-13,1 5 6 8 18 32
10066,2023-08-14,17 19 25 26 28 33
10067,2023-08-14,2 5 8 26 41 44
10068,2023-08-14,8 9 12 14 18 29
10069,2023-08-14,11 17 21 23 24 43
10070,2023-08-14,11 17 19 36 40 44
10071,2023-08-14,1 5 16 22 29 40
10072,2023-08-14,1 2 9 27 35 37
10073,2023-08-15,3 8 10 13 16 38
10074,2023-08-15,1 3 5 15 23 24
10075,2023-08-15,3 18 22 32 35 36
10076,2023-08-15,5 19 21 28 29 35
10077,2023-08-15,3 14 18 19 42 43
10078,2023-08-15,9 11 23 27 39 40
10079,2023-08-15,1 6 15 38 42 45
10080,2023-08-16,19 20 22 25 36 40
10081,2023-08-16,1 6 12 18 22 25
10082,2023-08-16,11 12 18 29 40 44
10083,2023-08-16,5 17 24 27 29 31
10084,2023-08-16,11 18 19 38 39 42
10085,2023-08-16,4 6 9 15 25 37
10086,2023-08-16,3 9 18 26 42 43
10087,2023-08-17,14 17 21 39 44 45
10088,2023-08-17,8 11 30 37 38 45
10089,2023-08-17,5 6 22 31 40 45
10090,2023-08-17,3 4 16 17 29 40
10091,2023-08-17,8 9 24 27 32 40
10092,2023-08-17,18 22 24 26 27 30
10093,2023-08-17,1 7 10 16 20 30
10094,2023-08-18,3 25 32 41 43 44
10095,2023-08-18,1 9 19 25 36 45
10096,2023-08-18,2 4 14 24 42 43
10097,2023-08-18,8 11 12 25 34 45
10098,2023-08-18,3 5 11 17 22 35
10099,2023-08-18,1 5 8 13 18 39
10100,2023-08-18,6 9 13 26 29 37
10101,2023-08-19,6 10 11 19 32 42
10102,2023-08-19,5 11 13 30 33 39
10103,2023-08-19,1 3 10 24 41 45
10104,2023-08-19,11 14 35 37 38 42
10105,2023-08-19,7 15 16 22 28 44
10106,2023-08-19,6 8 10 14 26 30
10107,2023-08-19,9 18 19 22 29 31
10108,2023-08-20,6 11 16 21 24 30
10109,2023-08-20,5 12 18 24 44 45
10110,2023-08-20,4 11 28 35 43 44
10111,2023-08-20,10 17 22 24 30 42
10112,2023-08-20,2 6 13 28 32 44
10113,2023-08-20,1 8 16 32 37 45
10114,2023-08-20,2 11 18 36 38 44
10115,2023-08-21,2 5 32 36 38 45
10116,2023-08-21,9 19 23 25 38 40
10117,2023-08-21,3 5 35 38 42 44
10118,2023-08-21,6 14 23 27 40 45
10119,2023-08-21,2 7 12 13 23 28
10120,2023-08-21,7 9 12 31 36 45
10121,2023-08-21,12 25 30 31 35 36
10122,2023-08-22,17 26 29 30 34 41
10123,2023-08-22,13 14 22 24 26 43
10124,2023-08-22,1 10 14 16 19 40
10125,2023-08-22,6 19 20 21 25 44
10126,2023-08-22,13 15 34 36 42 44
10127,2023-08-22,2 3 22 33 41 44
10128,2023-08-22,2 26 31 32 36 41
10129,2023-08-23,6 9 10 13 30 31
10130,2023-08-23,19 38 39 41 42 44
10131,2023-08-23,3 10 11 12 32 41
10132,2023-08-23,29 31 32 35 36 44
10133,2023-08-23,6 13 22 23 24 42
10134,2023-08-23,7 11 14 18 42 43
10135,2023-08-23,5 7 21 29 31 32
10136,2023-08-24,5 9 11 22 38 40
10137,2023-08-24,8 18 22 24 29 41
10138,2023-08-24,6 7 17 28 38 42
10139,2023-08-24,20 29 32 36 38 39
10140,2023-08-24,4 26 30 31 32 37
10141,2023-08-24,5 13 14 25 36 45
10142,2023-08-24,2 3 13 18 21 23
10143,2023-08-25,3 8 10 16 29 37
10144,2023-08-25,1 6 17 21 26 27
10145,2023-08-25,2 5 15 32 38 42
10146,2023-08-25,5 12 15 17 24 30
10147,2023-08-25,4 12 17 31 37 45
10148,2023-08-25,1 17 24 26 31 33
10149,2023-08-25,2 3 14 18 20 28
10150,2023-08-26,4 7 10 11 34 43
10151,2023-08-26,7 10 16 20 22 41
10152,2023-08-26,6 10 30 31 33 43
10153,2023-08-26,3 6 14 22 26 33
10154,2023-08-26,3 12 18 23 29 40
10155,2023-08-26,9 25 31 33 36 44
10156,2023-08-26,12 24 30 34 35 45
10157,2023-08-27,6 10 18 34 42 44
10158,2023-08-27,19 23 24 28 30 33
10159,2023-08-27,3 10 11 25 32 43
10160,2023-08-27,12 17 22 24 40 44
10161,2023-08-27,2 14 33 35 38 40
10162,2023-08-27,1 4 14 23 30 35
10163,2023-08-27,6 11 20 21 25 42
10164,2023-08-28,13 18 20 25 29 34
10165,2023-08-28,3 5 15 17 29 33
10166,2023-08-28,5 11 21 22 25 32
10167,2023-08-28,9 17 19 25 34 36
10168,2023-08-28,14 23 24 27 29 39
10169,2023-08-28,14 18 20 22 35 38
10170,2023-08-28,2 25 27 34 37 45
10171,2023-08-29,6 15 18 20 36 41
10172,2023-08-29,2 6 8 12 23 43
10173,2023-08-29,7 8 16 25 33 38
10174,2023-08-29,1 12 27 34 40 43
10175,2023-08-29,8 12 30 35 39 44
10176,2023-08-29,10 12 16 18 19 20
10177,2023-08-29,6 7 17 18 21 25
10178,2023-08-30,4 12 27 30 31 36
10179,2023-08-30,5 11 12 29 33 45
10180,2023-08-30,1 7 15 17 25 31
10181,2023-08-30,6 24 25 27 36 44
10182,2023-08-30,7 21 26 29 34 38
10183,2023-08-30,11 24 27 36 40 42
10184,2023-08-30,1 2 5 10 20 40
10185,2023-08-31,3 8 17 24 37 40
10186,2023-08-31,7 14 23 25 36 40
10187,2023-08-31,5 12 14 22 24 37
10188,2023-08-31,11 12 19 20 30 37
10189,2023-08-31,1 3 18 21 29 33
10190,2023-08-31,1 2 10 35 37 42
10191,2023-08-31,13 15 17 23 28 33
10192,2023-09-01,10 15 21 22 24 34
10193,2023-09-01,7 10 19 28 32 36
10194,2023-09-01,3 4 12 20 26 44
10195,2023-09-01,11 34 35 37 41 43
10196,2023-09-01,10 13 15 27 36 38
10197,2023-09-01,7 14 22 24 32 39
10198,2023-09-01,9 20 21 24 26 35
10199,2023-09-02,7 14 29 35 42 43
10200,2023-09-02,10 13 15 24 28 31
10201,2023-09-02,6 17 19 23 28 42
10202,2023-09-02,2 6 10 22 23 25
10203,2023-09-02,4 5 15 21 37 45
10204,2023-09-02,5 19 25 27 41 42
10205,2023-09-02,6 19 24 28 34 42
10206,2023-09-03,3 16 20 29 33 41
10207,2023-09-03,10 14 15 17 19 33
10208,2023-09-03,8 14 15 26 42 45
10209,2023-09-03,1 4 14 28 31 42
10210,2023-09-03,14 30 34 38 39 41
10211,2023-09-03,6 8 11 17 20 36
10212,2023-09-03,5 7 18 19 29 39
10213,2023-09-04,6 29 30 33 41 45
10214,2023-09-04,1 7 8 19 42 45
10215,2023-09-04,3 6 7 36 38 42
10216,2023-09-04,8 17 18 19 21 30
10217,2023-09-04,2 21 23 33 39 45
10218,2023-09-04,15 18 31 32 42 43
10219,2023-09-04,6 7 10 37 38 42
10220,2023-09-05,9 15 20 24 31 45
10221,2023-09-05,1 3 4 13 25 37
10222,2023-09-05,2 20 31 32 34 45
10223,2023-09-05,2 8 10 20 27 30
10224,2023-09-05,5 11 19 23 26 36
10225,2023-09-05,1 7 17 23 34 44
10226,2023-09-05,2 3 30 31 34 44
10227,2023-09-06,2 4 18 25 41 44
10228,2023-09-06,3 23 26 27 35 38
10229,2023-09-06,5 8 22 23 28 36
10230,2023-09-06,3 5 27 30 32 44
10231,2023-09-06,2 14 16 21 24 27
10232,2023-09-06,2 4 15 25 29 35
10233,2023-09-06,2 17 18 20 22 37
10234,2023-09-07,6 9 13 23 30 43
10235,2023-09-07,9 20 21 27 31 36
10236,2023-09-07,8 12 17 28 35 43
10237,2023-09-07,3 13 28 32 34 42
10238,2023-09-07,22 23 24 32 38 42
10239,2023-09-07,1 16 18 26 40 43
10240,2023-09-07,1 3 5 10 35 38
10241,2023-09-08,10 11 17 21 22 43
10242,2023-09-08,5 12 19 23 24 31
10243,2023-09-08,5 6 9 16 23 24
10244,2023-09-08,3 8 10 28 31 45
10245,2023-09-08,1 8 9 29 30 41
10246,2023-09-08,1 16 17 23 28 38
10247,2023-09-08,10 31 34 35 39 40
10248,2023-09-09,8 11 22 25 26 40
10249,2023-09-09,12 14 23 27 37 39
10250,2023-09-09,5 15 19 25 34 41
10251,2023-09-09,10 20 24 32 33 35
10252,2023-09-09,1 2 4 20 25 41
10253,2023-09-09,5 8 15 16 24 27
10254,2023-09-09,3 10 25 27 29 38
10255,2023-09-10,6 12 19 20 33 36
10256,2023-09-10,5 14 16 18 34 42
10257,2023-09-10,24 27 34 35 41 42
10258,2023-09-10,6 10 15 18 24 33
10259,2023-09-10,2 11 31 32 40 45
10260,2023-09-10,17 19 23 24 34 42
10261,2023-09-10,3 16 23 26 32 33
10262,2023-09-11,3 5 15 24 26 27
10263,2023-09-11,25 32 34 36 38 41
10264,2023-09-11,11 30 32 39 41 44
10265,2023-09-11,4 13 19 42 44 45
10266,2023-09-11,19 33 37 41 43 44
10267,2023-09-11,7 12 16 21 29 43
10268,2023-09-11,2 20 30 34 35 43
10269,2023-09-12,19 27 30 37 42 43
10270,2023-09-12,9 19 26 31 40 42
10271,2023-09-12,3 5 8 10 20 27
10272,2023-09-12,2 12 13 14 26 38
10273,2023-09-12,7 9 27 29 35 36
10274,2023-09-12,14 17 22 28 34 38
10275,2023-09-12,10 20 22 25 32 37
10276,2023-09-13,4 26 32 34 40 43
10277,2023-09-13,3 7 36 37 38 39
10278,2023-09-13,3 6 16 28 30 38
10279,2023-09-13,5 7 11 14 40 45
10280,2023-09-13,11 12 18 25 36 42
10281,2023-09-13,2 15 19 21 26 41
10282,2023-09-13,13 24 36 40 42 43
10283,2023-09-14,3 7 20 35 40 44
10284,2023-09-14,11 27 31 33 34 43
10285,2023-09-14,7 10 15 20 23 45
10286,2023-09-14,11 21 24 27 31 34
10287,2023-09-14,3 5 27 30 36 43
10288,2023-09-14,6 10 15 34 35 44
10289,2023-09-14,23 26 28 29 34 40
10290,2023-09-15,10 15 27 30 31 33
10291,2023-09-15,15 24 25 33 37 45
10292,2023-09-15,19 22 35 40 43 45
10293,2023-09-15,3 19 25 30 32 36
10294,2023-09-15,3 5 6 7 25 33
10295,2023-09-15,3 12 19 33 34 40
10296,2023-09-15,9 17 21 26 28 36
10297,2023-09-16,10 22 23 30 37 39
10298,2023-09-16,1 13 21 24 26 37
10299,2023-09-16,5 9 11 17 18 21
10300,2023-09-16,3 8 13 14 15 32
10301,2023-09-16,16 17 18 25 28 41
10302,2023-09-16,10 19 29 36 42 45
10303,2023-09-16,9 20 21 26 31 37
10304,2023-09-17,3 27 28 32 44 45
10305,2023-09-17,3 9 15 19 34 44
10306,2023-09-17,4 8 19 22 27 43
10307,2023-09-17,1 3 9 22 24 32
10308,2023-09-17,17 20 33 35 37 40
10309,2023-09-17,2 12 16 26 31 40
10310,2023-09-17,5 6 9 10 32 43
10311,2023-09-18,17 26 28 29 38 41
10312,2023-09-18,1 10 17 18 26 30
10313,2023-09-18,9 10 17 18 23 24
10314,2023-09-18,6 12 13 14 27 37
10315,2023-09-18,11 15 26 34 40 42
10316,2023-09-18,3 21 25 32 34 44
10317,2023-09-18,5 15 23 26 29 36
10318,2023-09-19,1 4 5 6 15 42
10319,2023-09-19,6 15 30 31 38 39
10320,2023-09-19,16 23 31 35 40 41
10321,2023-09-19,12 18 22 29 37 40
10322,2023-09-19,6 16 17 37 38 39
10323,2023-09-19,4 7 10 17 33 42
10324,2023-09-19,7 16 18 19 26 44
10325,2023-09-20,3 6 7 22 25 39
10326,2023-09-20,2 9 27 29 32 36
10327,2023-09-20,16 18 25 29 34 40
10328,2023-09-20,5 6 11 19 32 42
10329,2023-09-20,3 9 13 36 39 41
10330,2023-09-20,4 11 22 30 35 41
10331,2023-09-20,4 16 33 34 36 43
10332,2023-09-21,3 7 13 31 37 40
10333,2023-09-21,3 10 34 38 42 45
10334,2023-09-21,9 10 23 24 30 45
10335,2023-09-21,1 2 5 12 19 34
10336,2023-09-21,1 3 4 29 37 41
10337,2023-09-21,8 20 25 28 33 44
10338,2023-09-21,26 28 31 37 40 44
10339,2023-09-22,14 18 21 25 28 42
10340,2023-09-22,16 19 20 27 32 39
10341,2023-09-22,8 11 18 19 31 32
10342,2023-09-22,10 13 17 25 36 43
10343,2023-09-22,9 12 23 24 29 44
10344,2023-09-22,3 4 16 17 26 38
10345,2023-09-22,9 20 21 33 42 44
10346,2023-09-23,18 24 27 28 30 33
10347,2023-09-23,14 25 38 43 44 45
10348,2023-09-23,5 11 12 17 29 45
10349,2023-09-23,13 16 19 37 39 43
10350,2023-09-23,8 9 16 17 23 30
10351,2023-09-23,1 6 12 21 23 37
10352,2023-09-23,3 13 22 36 41 43
10353,2023-09-24,14 20 21 22 26 28
10354,2023-09-24,11 17 27 32 33 41
10355,2023-09-24,6 9 18 24 37 42
10356,2023-09-24,7 14 20 39 40 45
10357,2023-09-24,2 14 17 24 39 43
10358,2023-09-24,1 25 31 35 44 45
10359,2023-09-24,1 5 16 21 40 41
10360,2023-09-25,2 4 5 10 29 40
10361,2023-09-25,3 19 25 26 34 40
10362,2023-09-25,21 31 35 36 42 43
10363,2023-09-25,2 17 18 30 32 38
10364,2023-09-25,8 12 15 17 34 43
10365,2023-09-25,6 10 14 19 22 36
10366,2023-09-25,9 11 18 20 35 44
10367,2023-09-26,3 14 24 28 34 45
10368,2023-09-26,7 15 20 22 27 44
10369,2023-09-26,1 11 17 19 29 35
10370,2023-09-26,4 22 24 25 38 41
10371,2023-09-26,8 9 14 26 31 39
10372,2023-09-26,1 19 26 31 39 42
10373,2023-09-26,13 18 30 37 38 40
10374,2023-09-27,1 5 11 13 24 30
10375,2023-09-27,5 9 12 15 19 45
10376,2023-09-27,16 20 30 35 36 38
10377,2023-09-27,27 28 29 32 37 41
10378,2023-09-27,12 21 31 32 36 37
10379,2023-09-27,10 13 19 28 29 45
10380,2023-09-27,13 14 17 21 23 28
10381,2023-09-28,6 18 29 32 39 45
10382,2023-09-28,2 3 11 15 39 42
10383,2023-09-28,7 11 17 32 36 40
10384,2023-09-28,7 9 14 19 21 39
10385,2023-09-28,10 14 32 33 34 36
10386,2023-09-28,3 8 9 10 31 38
10387,2023-09-28,7 18 25 28 35 37
10388,2023-09-29,8 18 31 32 38 41
10389,2023-09-29,5 15 23 27 30 44
10390,2023-09-29,10 11 12 15 17 31
10391,2023-09-29,2 4 24 28 40 41
10392,2023-09-29,1 7 8 10 34 39
10393,2023-09-29,16 17 21 22 38 43
10394,2023-09-29,1 8 16 19 27 29
10395,2023-09-30,3 5 10 19 35 36
10396,2023-09-30,7 9 14 31 37 41
10397,2023-09-30,3 4 7 34 40 44
10398,2023-09-30,3 13 22 36 37 41
10399,2023-09-30,1 16 19 20 29 36
10400,2023-09-30,5 7 22 32 40 43
10401,2023-09-30,6 12 20 21 28 34
10402,2023-10-01,11 18 21 25 27 28
10403,2023-10-01,3 9 18 25 38 45
10404,2023-10-01,5 9 10 24 29 35
10405,2023-10-01,2 13 19 29 43 44
10406,2023-10-01,7 8 9 34 40 45
10407,2023-10-01,2 15 16 23 40 44
10408,2023-10-01,1 4 9 22 25 45
10409,2023-10-02,4 5 11 18 22 26
10410,2023-10-02,1 19 20 24 33 35
10411,2023-10-02,7 14 22 40 43 45
10412,2023-10-02,31 33 35 36 42 43
10413,2023-10-02,18 19 27 34 38 44
10414,2023-10-02,5 9 12 16 35 37
10415,2023-10-02,2 8 11 15 28 29
10416,2023-10-03,2 3 6 16 36 39
10417,2023-10-03,11 14 22 38 42 44
10418,2023-10-03,4 5 6 7 15 22
10419,2023-10-03,2 7 18 27 32 40
10420,2023-10-03,12 14 18 29 40 44
10421,2023-10-03,3 5 8 11 18 27
10422,2023-10-03,7 12 20 32 38 39
10423,2023-10-04,9 17 20 26 29 41
10424,2023-10-04,2 17 18 30 36 39
10425,2023-10-04,2 5 9 14 19 31
10426,2023-10-04,3 6 18 20 41 45
10427,2023-10-04,6 10 23 26 30 40
10428,2023-10-04,4 12 15 23 36 39
10429,2023-10-04,10 11 12 17 30 45
10430,2023-10-05,7 9 20 33 40 42
10431,2023-10-05,5 8 21 26 29 38
10432,2023-10-05,1 24 30 32 43 44
10433,2023-10-05,5 7 12 36 39 40
10434,2023-10-05,13 25 30 36 39 44
10435,2023-10-05,2 19 20 29 32 36
10436,2023-10-05,1 22 35 39 40 41
10437,2023-10-06,21 22 28 31 38 45
10438,2023-10-06,5 18 30 32 36 45
10439,2023-10-06,1 30 31 33 40 44
10440,2023-10-06,14 17 19 32 36 42
10441,2023-10-06,3 7 12 29 31 42
10442,2023-10-06,3 10 32 39 43 44
10443,2023-10-06,19 23 28 32 34 42
10444,2023-10-07,6 14 18 20 26 32
10445,2023-10-07,1 9 18 22 24 34
10446,2023-10-07,17 18 27 39 41 44
10447,2023-10-07,7 9 10 27 33 36
10448,2023-10-07,1 10 12 22 25 45
10449,2023-10-07,10 17 28 33 42 45
10450,2023-10-07,13 21 24 25 32 36
10451,2023-10-08,9 14 24 27 33 44
10452,2023-10-08,1 12 14 26 31 45
10453,2023-10-08,15 20 21 25 38 41
10454,2023-10-08,5 11 20 23 28 44
10455,2023-10-08,8 16 29 33 38 44
10456,2023-10-08,3 6 9 11 16 29
10457,2023-10-08,2 3 12 14 20 25
10458,2023-10-09,5 23 29 30 43 45
10459,2023-10-09,1 4 12 25 31 39
10460,2023-10-09,5 6 13 14 20 40
10461,2023-10-09,1 7 14 17 18 35
10462,2023-10-09,5 16 21 30 33 40
10463,2023-10-09,14 22 23 24 30 38
10464,2023-10-09,8 9 11 20 34 36
10465,2023-10-10,5 8 23 25 37 41
10466,2023-10-10,14 16 19 22 26 45
10467,2023-10-10,9 20 25 31 36 40
10468,2023-10-10,3 23 26 28 44 45
10469,2023-10-10,1 2 17 22 32 41
10470,2023-10-10,13 22 23 25 28 41
10471,2023-10-10,1 3 5 17 19 20
10472,2023-10-11,11 19 24 28 33 41
10473,2023-10-11,8 9 21 26 29 30
10474,2023-10-11,5 6 10 30 31 38
10475,2023-10-11,14 17 18 20 38 39
10476,2023-10-11,10 21 24 26 31 40
10477,2023-10-11,2 5 17 36 43 44
10478,2023-10-11,1 3 6 10 12 36
10479,2023-10-12,5 11 20 30 31 35
10480,2023-10-12,8 20 23 25 38 41
10481,2023-10-12,3 19 24 25 34 42
10482,2023-10-12,10 12 14 35 41 44
10483,2023-10-12,10 11 33 34 38 45
10484,2023-10-12,1 4 10 25 41 45
10485,2023-10-12,4 8 23 33 38 39
10486,2023-10-13,20 22 24 25 27 44
10487,2023-10-13,7 10 23 24 37 44
10488,2023-10-13,6 7 13 20 34 42
10489,2023-10-13,1 8 25 27 31 45
10490,2023-10-13,6 8 28 31 36 39
10491,2023-10-13,5 9 10 11 34 40
10492,2023-10-13,10 13 19 24 32 44
10493,2023-10-14,17 21 26 27 36 41
10494,2023-10-14,2 3 4 9 25 28
10495,2023-10-14,6 15 19 20 26 41
10496,2023-10-14,3 5 6 19 23 27
10497,2023-10-14,4 7 10 15 19 21
10498,2023-10-14,10 21 23 25 29 35
10499,2023-10-14,8 11 16 25 31 41
10500,2023-10-15,5 13 27 33 36 37
10501,2023-10-15,6 28 29 32 37 40
10502,2023-10-15,5 21 27 28 30 37
10503,2023-10-15,18 19 20 23 33 45
10504,2023-10-15,4 10 33 34 43 44
10505,2023-10-15,1 4 7 8 11 28
10506,2023-10-15,3 7 13 26 34 39
10507,2023-10-16,2 3 22 23 41 43
10508,2023-10-16,1 6 19 20 33 35
10509,2023-10-16,2 3 15 22 29 33
10510,2023-10-16,11 16 23 24 39 42
10511,2023-10-16,9 18 22 30 38 41
10512,2023-10-16,7 11 15 19 26 29
10513,2023-10-16,2 12 14 19 21 28
10514,2023-10-17,17 19 25 40 44 45
10515,2023-10-17,12 14 15 19 24 38
10516,2023-10-17,1 7 10 15 33 37
10517,2023-10-17,2 21 33 35 42 44
10518,2023-10-17,15 20 24 28 30 36
10519,2023-10-17,2 5 16 21 23 26
10520,2023-10-17,8 10 15 17 27 29
10521,2023-10-18,15 16 27 30 38 39
10522,2023-10-18,2 11 13 17 28 32
10523,2023-10-18,11 13 15 30 35 37
10524,2023-10-18,6 11 13 18 25 42
10525,2023-10-18,7 8 10 17 18 42
10526,2023-10-18,4 7 9 18 21 35
10527,2023-10-18,4 16 22 29 39 43
10528,2023-10-19,5 21 23 32 35 37
10529,2023-10-19,1 2 11 26 27 35
10530,2023-10-19,14 16 17 19 31 43
10531,2023-10-19,5 8 13 15 16 31
10532,2023-10-19,5 9 13 34 37 38
10533,2023-10-19,1 7 15 35 38 43
10534,2023-10-19,5 7 21 22 39 43
10535,2023-10-20,9 10 12 27 28 36
10536,2023-10-20,1 11 26 30 35 42
10537,2023-10-20,1 6 12 20 31 39
10538,2023-10-20,10 13 16 20 29 45
10539,2023-10-20,1 6 14 19 22 44
10540,2023-10-20,6 19 25 38 42 44
10541,2023-10-20,7 15 21 31 36 44
10542,2023-10-21,12 20 21 35 37 43
10543,2023-10-21,1 6 11 14 38 42
10544,2023-10-21,3 9 10 19 30 35
10545,2023-10-21,1 2 21 23 42 43
10546,2023-10-21,3 5 19 22 25 37
10547,2023-10-21,7 10 17 37 41 44
10548,2023-10-21,9 10 15 17 27 31
10549,2023-10-22,1 8 21 40 42 45
10550,2023-10-22,2 4 5 42 43 45
10551,2023-10-22,5 26 29 30 31 34
10552,2023-10-22,1 3 14 20 23 25
10553,2023-10-22,12 23 30 32 41 45
10554,2023-10-22,7 10 11 23 27 42
10555,2023-10-22,12 22 23 32 40 45
10556,2023-10-23,5 29 40 42 43 45
10557,2023-10-23,15 31 32 34 40 42
10558,2023-10-23,22 23 24 26 36 43
10559,2023-10-23,4 8 16 28 34 36
10560,2023-10-23,12 15 19 26 39 40
10561,2023-10-23,2 6 8 23 33 36
10562,2023-10-23,8 11 14 19 26 42
10563,2023-10-24,1 2 6 13 29 34
10564,2023-10-24,4 14 21 33 35 38
10565,2023-10-24,20 21 22 26 30 33
10566,2023-10-24,1 2 6 8 12 33
10567,2023-10-24,2 8 20 28 32 43
10568,2023-10-24,7 16 17 32 38 43
10569,2023-10-24,3 23 26 38 39 45
10570,2023-10-25,2 5 11 19 38 41
10571,2023-10-25,5 9 12 18 20 29
10572,2023-10-25,2 7 16 21 24 39
10573,2023-10-25,3 6 13 15 23 44
10574,2023-10-25,2 8 22 23 39 45
10575,2023-10-25,1 22 24 32 34 42
10576,2023-10-25,7 8 18 36 43 44
10577,2023-10-26,14 22 34 42 43 45
10578,2023-10-26,5 17 18 30 32 45
10579,2023-10-26,2 6 19 37 38 41
10580,2023-10-26,13 20 26 27 36 38
10581,2023-10-26,6 11 12 28 30 36
10582,2023-10-26,16 33 38 39 40 45
10583,2023-10-26,7 20 28 29 35 43
10584,2023-10-27,3 13 21 26 34 41
10585,2023-10-27,4 11 13 21 28 42
10586,2023-10-27,4 11 20 22 35 38
10587,2023-10-27,2 13 27 40 43 45
10588,2023-10-27,19 34 36 38 40 43
10589,2023-10-27,13 19 21 30 36 40
10590,2023-10-27,8 11 15 28 38 45
10591,2023-10-28,1 7 20 24 37 42
10592,2023-10-28,1 3 14 19 25 45
10593,2023-10-28,18 20 28 33 36 44
10594,2023-10-28,4 6 7 19 24 41
10595,2023-10-28,4 9 10 19 29 43
10596,2023-10-28,5 10 19 27 29 45
10597,2023-10-28,16 22 25 33 39 41
10598,2023-10-29,2 13 17 29 40 44
10599,2023-10-29,4 10 33 36 39 40
10600,2023-10-29,2 12 29 33 37 45
10601,2023-10-29,12 15 37 38 42 45
10602,2023-10-29,8 11 35 41 42 43
10603,2023-10-29,3 16 21 23 27 42
10604,2023-10-29,1 6 16 26 41 44
10605,2023-10-30,9 12 16 21 23 28
10606,2023-10-30,4 10 12 15 22 39
10607,2023-10-30,2 3 11 20 24 27
10608,2023-10-30,2 5 30 31 32 37
10609,2023-10-30,21 30 32 40 43 44
10610,2023-10-30,1 8 9 22 35 42
10611,2023-10-30,1 4 25 34 41 43
10612,2023-10-31,14 29 30 35 40 45
10613,2023-10-31,8 9 13 35 37 42
10614,2023-10-31,13 16 18 21 41 45
10615,2023-10-31,15 17 22 24 36 39
10616,2023-10-31,4 5 19 24 29 43
10617,2023-10-31,9 13 15 21 27 45
10618,2023-10-31,4 13 15 18 33 45
10619,2023-11-01,1 12 13 29 30 33
10620,2023-11-01,1 8 9 22 24 31
10621,2023-11-01,1 8 14 24 34 37
10622,2023-11-01,11 14 17 20 29 33
10623,2023-11-01,13 18 23 27 37 39
10624,2023-11-01,14 24 25 30 41 42
10625,2023-11-01,8 10 14 27 31 44
10626,2023-11-02,4 20 23 30 40 44
10627,2023-11-02,4 12 15 21 24 28
10628,2023-11-02,1 7 20 25 36 42
10629,2023-11-02,5 9 22 29 34 44
10630,2023-11-02,9 15 19 23 26 42
10631,2023-11-02,1 14 16 24 32 45
10632,2023-11-02,5 8 15 24 31 34
10633,2023-11-03,3 18 19 23 26 40
10634,2023-11-03,9 10 12 23 38 44
10635,2023-11-03,5 14 17 20 25 35
10636,2023-11-03,2 15 26 32 36 39
10637,2023-11-03,3 18 22 27 34 45
10638,2023-11-03,3 25 26 32 36 41
10639,2023-11-03,4 5 27 28 32 42
10640,2023-11-04,1 5 8 18 22 37
10641,2023-11-04,2 10 14 15 16 35
10642,2023-11-04,2 13 18 23 29 38
10643,2023-11-04,4 6 9 21 28 29
10644,2023-11-04,11 17 24 30 32 35
10645,2023-11-04,1 11 15 26 31 45
10646,2023-11-04,2 11 21 31 40 44
10647,2023-11-05,4 7 19 20 25 33
10648,2023-11-05,7 11 12 13 31 40
10649,2023-11-05,3 4 5 22 31 44
10650,2023-11-05,1 14 25 26 37 42
10651,2023-11-05,3 21 26 38 40 43
10652,2023-11-05,9 13 16 21 33 43
10653,2023-11-05,9 15 16 18 27 39
10654,2023-11-06,7 30 35 39 44 45
10655,2023-11-06,6 18 27 30 33 41
10656,2023-11-06,4 7 15 25 28 44
10657,2023-11-06,10 14 16 31 44 45
10658,2023-11-06,4 10 31 34 38 42
10659,2023-11-06,4 7 29 31 37 45
10660,2023-11-06,5 15 16 26 33 45
10661,2023-11-07,6 14 22 27 29 39
10662,2023-11-07,1 17 23 31 32 36
10663,2023-11-07,3 16 22 25 28 31
10664,2023-11-07,2 6 15 22 26 36
10665,2023-11-07,19 21 22 33 36 45
10666,2023-11-07,2 9 22 30 35 39
10667,2023-11-07,3 19 20 43 44 45
10668,2023-11-08,7 20 21 24 25 26
10669,2023-11-08,8 10 27 31 34 40
10670,2023-11-08,2 16 19 26 34 40
10671,2023-11-08,1 2 10 17 20 41
10672,2023-11-08,2 6 10 23 34 38
10673,2023-11-08,11 15 24 25 27 42
10674,2023-11-08,1 7 23 28 33 38
10675,2023-11-09,4 14 15 16 21 39
10676,2023-11-09,9 17 21 29 31 32
10677,2023-11-09,5 10 15 23 36 38
10678,2023-11-09,1 2 3 22 35 39
10679,2023-11-09,1 11 21 31 32 45
10680,2023-11-09,12 13 19 27 31 38
10681,2023-11-09,10 16 21 32 36 45
10682,2023-11-10,4 7 22 25 27 43
10683,2023-11-10,1 4 7 17 21 25
10684,2023-11-10,19 25 27 32 40 45
10685,2023-11-10,2 18 21 24 32 41
10686,2023-11-10,6 10 14 16 25 39
10687,2023-11-10,3 8 18 26 30 37
10688,2023-11-10,1 11 22 26 35 38
10689,2023-11-11,5 20 27 37 40 44
10690,2023-11-11,9 10 14 18 21 44
10691,2023-11-11,18 19 20 25 26 29
10692,2023-11-11,3 18 21 31 33 38
10693,2023-11-11,8 20 29 32 37 44
10694,2023-11-11,10 21 24 35 38 43
10695,2023-11-11,4 5 16 28 32 34
10696,2023-11-12,3 4 9 16 31 43
10697,2023-11-12,5 7 11 22 28 39
10698,2023-11-12,6 20 24 28 40 42
10699,2023-11-12,1 7 29 33 37 44
10700,2023-11-12,1 4 7 19 26 30
10701,2023-11-12,5 10 24 26 29 43
10702,2023-11-12,9 15 20 25 35 39
10703,2023-11-13,10 20 23 28 43 45
10704,2023-11-13,21 24 25 27 28 45
10705,2023-11-13,9 15 18 20 23 44
10706,2023-11-13,4 11 24 31 39 40
10707,2023-11-13,15 22 26 30 43 45
10708,2023-11-13,2 3 10 18 30 39
10709,2023-11-13,1 7 12 30 31 35
10710,2023-11-14,3 23 28 34 35 41
10711,2023-11-14,18 31 33 38 39 40
10712,2023-11-14,14 17 20 28 36 42
10713,2023-11-14,14 17 18 20 41 44
10714,2023-11-14,5 12 18 21 37 38
10715,2023-11-14,6 9 12 26 29 43
10716,2023-11-14,5 11 22 27 35 38
10717,2023-11-15,2 5 6 15 38 39
10718,2023-11-15,1 9 13 30 41 42
10719,2023-11-15,5 10 18 24 28 31
10720,2023-11-15,1 23 26 30 44 45
10721,2023-11-15,3 8 16 17 18 30
10722,2023-11-15,1 16 18 35 36 37
10723,2023-11-15,13 31 34 38 41 44
10724,2023-11-16,15 17 22 39 43 44
10725,2023-11-16,4 14 22 29 35 38
10726,2023-11-16,2 15 17 21 30 43
10727,2023-11-16,12 13 14 19 33 37
10728,2023-11-16,19 29 30 32 42 43
10729,2023-11-16,8 12 21 22 28 40
10730,2023-11-16,13 20 22 23 42 43
10731,2023-11-17,2 5 10 11 21 28
10732,2023-11-17,20 21 29 36 37 45
10733,2023-11-17,1 22 23 26 30 39
10734,2023-11-17,3 8 16 20 23 31
10735,2023-11-17,10 15 19 22 32 43
10736,2023-11-17,10 16 20 27 28 41
10737,2023-11-17,5 12 21 26 35 44
10738,2023-11-18,7 10 26 32 40 41
10739,2023-11-18,1 9 22 24 32 41
10740,2023-11-18,1 8 10 12 26 37
10741,2023-11-18,12 25 29 30 39 42
10742,2023-11-18,13 22 25 36 41 45
10743,2023-11-18,14 15 18 24 28 39
10744,2023-11-18,6 7 9 35 37 44
10745,2023-11-19,7 9 17 28 30 44
10746,2023-11-19,1 8 9 11 24 36
10747,2023-11-19,1 5 7 33 40 43
10748,2023-11-19,9 17 20 41 42 44
10749,2023-11-19,5 26 32 37 39 45
10750,2023-11-19,11 13 23 25 28 30
10751,2023-11-19,1 4 27 38 40 44
10752,2023-11-20,4 8 11 15 22 33
10753,2023-11-20,6 11 20 34 39 42
10754,2023-11-20,6 10 26 37 40 45
10755,2023-11-20,7 15 21 28 36 43
10756,2023-11-20,4 14 34 36 38 39
10757,2023-11-20,2 9 13 22 26 42
10758,2023-11-20,2 10 16 25 26 28
10759,2023-11-21,5 23 29 38 39 44
10760,2023-11-21,9 20 21 24 26 27
10761,2023-11-21,4 5 20 25 33 44
10762,2023-11-21,7 9 12 17 19 43
10763,2023-11-21,5 12 16 27 32 44
10764,2023-11-21,1 12 21 28 30 44
10765,2023-11-21,6 17 20 22 26 35
10766,2023-11-22,18 23 33 36 37 44
10767,2023-11-22,3 15 22 29 31 40
10768,2023-11-22,11 19 21 30 32 44
10769,2023-11-22,10 20 21 32 37 41
10770,2023-11-22,7 14 24 29 31 41
10771,2023-11-22,9 15 22 24 41 42
10772,2023-11-22,6 28 31 32 42 45
10773,2023-11-23,5 16 22 30 36 39
10774,2023-11-23,1 3 15 18 26 35
10775,2023-11-23,4 17 18 19 26 32
10776,2023-11-23,2 13 16 33 34 36
10777,2023-11-23,3 5 9 21 29 38
10778,2023-11-23,1 3 9 16 23 33
10779,2023-11-23,1 8 18 23 33 37
10780,2023-11-24,2 9 17 23 28 40
10781,2023-11-24,7 10 11 16 22 32
10782,2023-11-24,4 19 25 34 37 39
10783,2023-11-24,1 13 14 18 36 44
10784,2023-11-24,5 6 8 11 19 33
10785,2023-11-24,29 32 36 37 38 45
10786,2023-11-24,1 5 13 18 33 44
10787,2023-11-25,6 10 21 23 27 38
10788,2023-11-25,4 7 9 13 38 41
10789,2023-11-25,9 15 20 29 30 39
10790,2023-11-25,5 9 31 33 41 45
10791,2023-11-25,1 2 12 23 31 33
10792,2023-11-25,1 15 17 23 28 32
10793,2023-11-25,9 20 21 24 30 36
10794,2023-11-26,6 7 13 16 31 44
10795,2023-11-26,25 26 30 33 43 45
10796,2023-11-26,1 6 13 23 39 44
10797,2023-11-26,4 11 17 18 20 36
10798,2023-11-26,2 17 18 26 30 39
10799,2023-11-26,2 5 13 17 29 31
10800,2023-11-26,10 20 24 30 37 41
10801,2023-11-27,7 8 9 29 31 36
10802,2023-11-27,3 13 14 26 28 40
10803,2023-11-27,1 2 3 18 31 40
10804,2023-11-27,1 14 15 28 34 38
10805,2023-11-27,3 12 18 25 35 42
10806,2023-11-27,2 6 10 21 25 33
10807,2023-11-27,5 7 8 10 25 39
10808,2023-11-28,2 15 21 29 33 42
10809,2023-11-28,6 11 12 21 39 41
10810,2023-11-28,3 11 13 18 22 38
10811,2023-11-28,14 15 19 24 33 34
10812,2023-11-28,21 23 24 36 42 43
10813,2023-11-28,4 7 10 26 27 32
10814,2023-11-28,11 15 27 32 33 42
10815,2023-11-29,6 23 28 29 30 38
10816,2023-11-29,1 13 22 29 38 39
10817,2023-11-29,8 9 26 29 37 38
10818,2023-11-29,4 12 18 21 32 39
10819,2023-11-29,3 4 17 18 42 43
10820,2023-11-29,1 21 36 38 39 41
10821,2023-11-29,2 3 4 20 28 38
10822,2023-11-30,8 18 29 32 34 37
10823,2023-11-30,1 11 13 14 25 45
10824,2023-11-30,3 7 13 15 21 41
10825,2023-11-30,7 22 24 29 37 41
10826,2023-11-30,3 6 7 17 35 36
10827,2023-11-30,5 14 16 34 35 44
10828,2023-11-30,1 21 23 41 42 45
10829,2023-12-01,1 8 18 28 35 41
10830,2023-12-01,16 17 22 34 36 45
10831,2023-12-01,4 5 14 22 31 39
10832,2023-12-01,1 8 14 38 39 45
10833,2023-12-01,17 22 25 27 34 42
10834,2023-12-01,13 16 22 25 35 38
10835,2023-12-01,8 9 13 17 30 39
10836,2023-12-02,3 10 12 26 36 43
10837,2023-12-02,1 10 14 24 25 41
10838,2023-12-02,1 25 27 36 41 42
10839,2023-12-02,7 8 14 36 43 45
10840,2023-12-02,2 9 15 26 29 44
10841,2023-12-02,7 12 14 16 23 26
10842,2023-12-02,6 7 15 19 20 34
10843,2023-12-03,7 15 33 40 41 45
10844,2023-12-03,6 9 16 22 37 38
10845,2023-12-03,3 11 16 23 31 44
10846,2023-12-03,1 9 13 16 24 34
10847,2023-12-03,3 16 28 34 37 45
10848,2023-12-03,1 18 19 31 33 36
10849,2023-12-03,7 16 27 29 37 38
10850,2023-12-04,18 22 26 30 31 43
10851,2023-12-04,14 18 19 30 31 35
10852,2023-12-04,3 13 20 27 33 40
10853,2023-12-04,6 16 18 19 26 36
10854,2023-12-04,2 7 17 22 29 41
10855,2023-12-04,1 7 14 30 36 39
10856,2023-12-04,3 13 26 33 41 43
10857,2023-12-05,7 8 9 14 39 44
10858,2023-12-05,9 10 15 25 42 44
10859,2023-12-05,6 8 13 34 39 40
10860,2023-12-05,10 13 30 35 40 44
10861,2023-12-05,17 24 36 37 38 43
10862,2023-12-05,3 27 33 35 36 41
10863,2023-12-05,2 13 25 34 37 44
10864,2023-12-06,10 12 20 28 29 37
10865,2023-12-06,17 23 24 26 34 38
10866,2023-12-06,4 5 6 20 27 34
10867,2023-12-06,21 31 32 37 38 45
10868,2023-12-06,2 5 8 12 19 25
10869,2023-12-06,1 7 9 12 20 30
10870,2023-12-06,9 14 18 26 32 41
10871,2023-12-07,2 3 34 40 42 45
10872,2023-12-07,10 11 26 29 34 36
10873,2023-12-07,7 11 18 27 38 40
10874,2023-12-07,4 18 26 28 34 38
10875,2023-12-07,1 17 22 26 36 42
10876,2023-12-07,7 11 21 27 34 41
10877,2023-12-07,4 8 18 36 38 44
10878,2023-12-08,27 30 40 42 43 44
10879,2023-12-08,3 9 22 25 29 38
10880,2023-12-08,2 5 28 30 33 38
10881,2023-12-08,6 26 27 32 34 36
10882,2023-12-08,1 16 21 22 24 40
10883,2023-12-08,3 4 5 15 40 45
10884,2023-12-08,7 21 31 32 44 45
10885,2023-12-09,2 12 19 21 27 30
10886,2023-12-09,16 23 31 33 39 44
10887,2023-12-09,8 12 15 16 22 33
10888,2023-12-09,5 6 9 23 29 38
10889,2023-12-09,13 16 17 23 33 40
10890,2023-12-09,3 13 21 33 41 43
10891,2023-12-09,6 11 22 25 33 34
10892,2023-12-10,4 10 12 21 32 44
10893,2023-12-10,8 14 19 21 29 31
10894,2023-12-10,16 17 29 33 44 45
10895,2023-12-10,2 13 15 21 26 44
10896,2023-12-10,13 21 26 29 34 39
10897,2023-12-10,2 12 17 30 41 45
10898,2023-12-10,5 8 11 32 33 39
10899,2023-12-11,1 5 16 17 29 35
10900,2023-12-11,2 6 27 28 30 36
10901,2023-12-11,2 9 16 19 36 44
10902,2023-12-11,4 5 18 25 36 43
10903,2023-12-11,1 2 3 15 28 31
10904,2023-12-11,14 16 19 26 34 39
10905,2023-12-11,1 2 4 20 28 44
10906,2023-12-12,10 16 20 22 26 44
10907,2023-12-12,7 19 25 35 36 45
10908,2023-12-12,3 12 13 33 36 40
10909,2023-12-12,15 29 34 35 36 39
10910,2023-12-12,5 7 30 33 34 36
10911,2023-12-12,2 12 22 27 30 41
10912,2023-12-12,9 15 20 29 38 40
10913,2023-12-13,6 22 23 28 30 31
10914,2023-12-13,1 10 19 21 22 32
10915,2023-12-13,6 18 19 22 29 33
10916,2023-12-13,4 10 11 30 34 36
10917,2023-12-13,10 16 17 26 36 40
10918,2023-12-13,5 14 15 17 40 42
10919,2023-12-13,3 4 8 20 26 32
10920,2023-12-14,3 22 36 37 41 42
10921,2023-12-14,12 13 20 30 37 40
10922,2023-12-14,6 25 31 39 41 43
10923,2023-12-14,7 13 20 25 28 41
10924,2023-12-14,6 8 17 23 25 43
10925,2023-12-14,7 14 15 25 31 36
10926,2023-12-14,2 6 18 19 27 34
10927,2023-12-15,1 18 26 30 32 37
10928,2023-12-15,13 15 16 22 31 36
10929,2023-12-15,9 29 38 40 41 44
10930,2023-12-15,15 21 22 32 33 44
10931,2023-12-15,7 12 23 39 40 45
10932,2023-12-15,13 19 20 22 24 26
10933,2023-12-15,12 15 17 22 30 31
10934,2023-12-16,5 9 28 30 37 42
10935,2023-12-16,2 5 24 28 33 39
10936,2023-12-16,1 9 24 33 40 45
10937,2023-12-16,5 17 29 32 33 40
10938,2023-12-16,2 14 16 18 33 43
10939,2023-12-16,10 20 33 35 40 41
10940,2023-12-16,14 16 20 23 25 32
10941,2023-12-17,3 4 6 11 20 30
10942,2023-12-17,6 7 10 12 21 40
10943,2023-12-17,2 11 13 34 41 44
10944,2023-12-17,3 7 8 15 29 39
10945,2023-12-17,12 25 26 31 35 36
10946,2023-12-17,9 11 21 31 32 45
10947,2023-12-17,5 9 22 29 35 44
10948,2023-12-18,6 13 16 25 37 45
10949,2023-12-18,7 18 20 26 35 42
10950,2023-12-18,11 17 18 23 28 41
10951,2023-12-18,6 14 20 22 31 38
10952,2023-12-18,3 4 15 30 32 33
10953,2023-12-18,9 11 12 20 28 34
10954,2023-12-18,3 16 17 26 36 37
10955,2023-12-19,13 15 27 37 40 42
10956,2023-12-19,2 3 15 30 35 39
10957,2023-12-19,7 8 22 38 39 41
10958,2023-12-19,6 17 29 35 39 42
10959,2023-12-19,6 9 15 30 33 43
10960,2023-12-19,8 15 21 22 28 33
10961,2023-12-19,6 13 18 22 25 34
10962,2023-12-20,2 6 23 32 34 44
10963,2023-12-20,2 5 13 28 38 41
10964,2023-12-20,9 12 17 18 19 42
10965,2023-12-20,1 7 10 13 43 44
10966,2023-12-20,14 15 17 21 23 31
10967,2023-12-20,1 7 23 28 29 33
10968,2023-12-20,3 9 13 14 19 35
10969,2023-12-21,3 8 21 25 33 38
10970,2023-12-21,5 15 17 19 20 25
10971,2023-12-21,13 16 20 28 44 45
10972,2023-12-21,11 20 24 25 28 41
10973,2023-12-21,5 6 9 18 42 44
10974,2023-12-21,8 12 24 29 41 42
10975,2023-12-21,14 22 24 25 29 36
10976,2023-12-22,6 9 16 18 22 43
10977,2023-12-22,8 10 16 22 25 32
10978,2023-12-22,2 15 39 41 42 45
10979,2023-12-22,17 23 27 28 29 30
10980,2023-12-22,2 6 14 24 30 31
10981,2023-12-22,14 15 28 35 36 44
10982,2023-12-22,2 21 22 26 27 45
10983,2023-12-23,14 22 25 27 38 43
10984,2023-12-23,7 13 17 26 33 45
10985,2023-12-23,3 15 17 30 33 43
10986,2023-12-23,2 6 8 17 31 32
10987,2023-12-23,11 16 36 37 43 45
10988,2023-12-23,4 9 12 13 28 37
10989,2023-12-23,6 7 10 27 37 41
10990,2023-12-24,6 8 10 16 40 43
10991,2023-12-24,9 14 17 19 23 44
10992,2023-12-24,9 18 29 39 40 43
10993,2023-12-24,14 15 17 18 20 37
10994,2023-12-24,2 19 20 21 28 41
10995,2023-12-24,6 24 25 31 42 44
10996,2023-12-24,1 6 9 13 17 40
10997,2023-12-25,3 29 30 34 40 41
10998,2023-12-25,10 13 21 22 36 38
10999,2023-12-25,1 3 19 20 23 41
11000,2023-12-25,4 10 14 19 24 25
11001,2023-12-25,7 12 13 23 40 43
11002,2023-12-25,17 22 23 28 33 45
11003,2023-12-25,1 27 28 31 37 40
11004,2023-12-26,8 9 18 32 35 37
11005,2023-12-26,15 20 22 25 39 42
11006,2023-12-26,4 11 12 14 41 43
11007,2023-12-26,1 6 21 25 29 42
11008,2023-12-26,4 5 16 28 42 44
11009,2023-12-26,7 24 28 30 35 40
11010,2023-12-26,21 24 27 36 37 43
11011,2023-12-27,7 18 23 29 35 43
11012,2023-12-27,15 30 35 40 44 45
11013,2023-12-27,15 18 27 28 36 38
11014,2023-12-27,2 9 15 17 25 40
11015,2023-12-27,11 12 15 22 33 39
11016,2023-12-27,6 8 14 15 21 25
11017,2023-12-27,3 6 13 18 40 44
11018,2023-12-28,2 3 9 28 36 40
11019,2023-12-28,5 12 25 35 36 40
11020,2023-12-28,5 8 24 29 36 40
11021,2023-12-28,2 5 27 36 37 42
11022,2023-12-28,14 15 22 23 29 35
11023,2023-12-28,7 21 23 28 29 32
11024,2023-12-28,11 13 17 27 36 39
11025,2023-12-29,5 18 19 22 31 33
11026,2023-12-29,17 23 27 32 34 43
11027,2023-12-29,20 22 24 25 27 36
11028,2023-12-29,5 12 16 20 23 25
11029,2023-12-29,2 17 18 29 35 36
11030,2023-12-29,7 8 9 12 13 21
11031,2023-12-29,6 11 17 20 31 45
11032,2023-12-30,3 17 23 24 32 41
11033,2023-12-30,10 22 36 37 38 39
11034,2023-12-30,6 8 30 33 34 35
11035,2023-12-30,16 20 23 32 36 38
11036,2023-12-30,8 11 26 29 32 42
11037,2023-12-30,4 17 29 31 34 39
11038,2023-12-30,4 11 32 33 39 45
11039,2023-12-31,1 7 16 24 32 35
11040,2023-12-31,3 5 27 30 32 36
11041,2023-12-31,7 8 22 23 24 39
11042,2023-12-31,8 15 21 24 33 39
11043,2023-12-31,3 4 10 25 35 45
11044,2023-12-31,4 6 12 24 35 40
11045,2023-12-31,2 12 18 28 35 40
11046,2024-01-01,6 27 30 34 39 43
11047,2024-01-01,2 3 18 19 30 40
11048,2024-01-01,1 3 5 15 28 42
11049,2024-01-01,2 6 22 35 41 45
11050,2024-01-01,5 10 16 25 37 45
11051,2024-01-01,5 8 14 21 42 44
11052,2024-01-01,1 7 11 12 37 45
11053,2024-01-02,12 15 18 22 26 39
11054,2024-01-02,3 10 14 24 32 41
11055,2024-01-02,7 8 15 16 22 44
11056,2024-01-02,8 15 27 28 37 39
11057,2024-01-02,7 9 16 20 34 38
11058,2024-01-02,3 5 6 26 29 30
11059,2024-01-02,6 7 12 15 20 39
11060,2024-01-03,1 9 23 31 33 45
11061,2024-01-03,8 9 22 25 40 44
11062,2024-01-03,2 3 6 14 30 38
11063,2024-01-03,2 6 27 29 34 36
11064,2024-01-03,4 10 22 30 31 32
11065,2024-01-03,7 8 18 24 32 41
11066,2024-01-03,1 22 23 28 32 35
11067,2024-01-04,18 26 28 29 44 45
11068,2024-01-04,3 28 31 33 38 45
11069,2024-01-04,8 24 30 32 37 40
11070,2024-01-04,5 6 17 34 38 45
11071,2024-01-04,18 27 39 41 42 43
11072,2024-01-04,8 26 27 33 36 44
11073,2024-01-04,1 7 20 27 32 33
11074,2024-01-05,10 12 14 33 40 41
11075,2024-01-05,2 10 26 32 38 42
11076,2024-01-05,10 21 25 27 39 40
11077,2024-01-05,1 3 15 28 32 42
11078,2024-01-05,2 5 8 22 35 44
11079,2024-01-05,1 3 4 5 36 37
11080,2024-01-05,12 17 21 33 35 40
11081,2024-01-06,6 16 37 38 40 42
11082,2024-01-06,13 15 16 20 27 42
11083,2024-01-06,1 4 18 31 40 43
11084,2024-01-06,10 11 18 21 36 43
11085,2024-01-06,1 13 20 32 33 42
11086,2024-01-06,6 7 21 25 30 44
11087,2024-01-06,7 21 22 34 36 45
11088,2024-01-07,4 34 38 42 43 44
11089,2024-01-07,16 19 23 30 39 45
11090,2024-01-07,1 17 24 26 38 39
11091,2024-01-07,6 11 14 15 16 24
11092,2024-01-07,21 23 27 29 39 43
11093,2024-01-07,1 2 4 25 34 43
11094,2024-01-07,3 14 30 37 38 45
11095,2024-01-08,9 10 21 30 39 40
11096,2024-01-08,7 24 26 34 37 39
11097,2024-01-08,6 11 27 29 34 42
11098,2024-01-08,4 15 22 32 35 44
11099,2024-01-08,4 10 11 17 22 42
11100,2024-01-08,1 6 22 27 29 42
11101,2024-01-08,5 14 17 35 36 43
11102,2024-01-09,3 20 27 37 44 45
11103,2024-01-09,4 10 11 13 20 30
11104,2024-01-09,1 10 23 24 25 39
11105,2024-01-09,9 11 16 17 31 32
11106,2024-01-09,2 19 31 37 39 43
11107,2024-01-09,2 6 12 18 32 42
11108,2024-01-09,6 13 24 28 30 32
11109,2024-01-10,14 21 34 37 39 45
11110,2024-01-10,17 18 26 28 32 45
11111,2024-01-10,1 3 20 25 34 43
11112,2024-01-10,25 33 34 38 40 42
11113,2024-01-10,4 14 18 19 30 33
11114,2024-01-10,2 14 25 35 36 45
11115,2024-01-10,1 8 11 13 27 42
11116,2024-01-11,3 21 22 34 39 44
11117,2024-01-11,3 9 23 34 35 38
11118,2024-01-11,8 11 20 24 35 45
11119,2024-01-11,7 17 20 29 36 37
11120,2024-01-11,2 5 6 9 21 33
11121,2024-01-11,3 4 15 16 23 29
11122,2024-01-11,2 12 16 27 32 33
11123,2024-01-12,2 5 18 25 44 45
11124,2024-01-12,5 9 16 24 32 43
11125,2024-01-12,7 23 36 42 43 45
11126,2024-01-12,4 14 16 21 28 29
11127,2024-01-12,4 10 20 36 39 43
11128,2024-01-12,3 14 18 28 29 33
11129,2024-01-12,10 11 13 14 23 30
11130,2024-01-13,3 26 35 37 39 45
11131,2024-01-13,9 14 17 25 27 32
11132,2024-01-13,10 15 29 36 39 40
11133,2024-01-13,2 3 6 19 28 41
11134,2024-01-13,4 16 22 35 39 42
11135,2024-01-13,21 32 33 34 36 38
11136,2024-01-13,3 6 25 32 41 45
11137,2024-01-14,2 8 19 23 24 42
11138,2024-01-14,7 13 20 21 26 43
11139,2024-01-14,6 16 21 26 33 39
11140,2024-01-14,4 9 13 26 30 33
11141,2024-01-14,2 5 6 15 26 44
11142,2024-01-14,8 10 18 24 33 42
11143,2024-01-14,18 26 37 38 39 41
11144,2024-01-15,5 13 21 31 38 40
11145,2024-01-15,3 15 16 23 33 39
11146,2024-01-15,4 10 17 22 36 44
11147,2024-01-15,6 8 17 21 31 37
11148,2024-01-15,9 19 26 28 32 43
11149,2024-01-15,12 13 20 33 35 37
11150,2024-01-15,1 3 10 19 26 34
11151,2024-01-16,10 25 32 37 39 40
11152,2024-01-16,3 6 17 34 42 43
11153,2024-01-16,5 18 24 25 36 40
11154,2024-01-16,3 9 12 34 43 44
11155,2024-01-16,16 20 22 25 32 43
11156,2024-01-16,22 24 25 26 31 44
11157,2024-01-16,4 11 12 17 27 43
11158,2024-01-17,1 8 16 28 32 38
11159,2024-01-17,22 26 28 34 39 45
11160,2024-01-17,2 22 23 27 30 40
11161,2024-01-17,9 23 26 36 40 45
11162,2024-01-17,3 8 16 24 30 39
11163,2024-01-17,7 12 16 24 28 43
11164,2024-01-17,17 20 23 27 32 34
11165,2024-01-18,17 18 21 25 28 31
11166,2024-01-18,5 12 21 30 39 42
11167,2024-01-18,3 5 10 27 29 44
11168,2024-01-18,5 6 23 26 35 38
11169,2024-01-18,12 14 25 29 34 41
11170,2024-01-18,1 18 21 23 27 28
11171,2024-01-18,11 12 20 21 31 36
11172,2024-01-19,4 5 9 29 31 40
11173,2024-01-19,2 8 9 26 29 32
11174,2024-01-19,9 10 15 25 28 45
11175,2024-01-19,3 6 16 21 25 37
11176,2024-01-19,3 15 29 34 42 44
11177,2024-01-19,9 12 28 31 33 36
11178,2024-01-19,9 21 22 36 43 45
11179,2024-01-20,1 2 8 28 31 45
11180,2024-01-20,7 10 13 15 23 24
11181,2024-01-20,3 8 27 29 41 42
11182,2024-01-20,2 5 12 14 25 43
11184,2024-01-20,7 14 21 25 28 33
11185,2024-01-20,4 9 20 24 26 34
11186,2024-01-21,1 7 11 13 16 29
11187,2024-01-21,4 6 15 22 33 43
11188,2024-01-21,2 3 10 27 37 39
11189,2024-01-21,13 22 23 30 36 42
11190,2024-01-21,1 4 10 24 28 44
11191,2024-01-21,19 25 28 32 33 34
11192,2024-01-21,2 31 39 40 43 44
11193,2024-01-22,13 17 19 28 30 44
11194,2024-01-22,4 28 31 32 41 42
11195,2024-01-22,12 16 18 19 21 27
11196,2024-01-22,5 6 10 22 29 31
11197,2024-01-22,9 13 15 19 21 26
11198,2024-01-22,5 11 12 22 29 40
11199,2024-01-22,7 12 17 22 37 40
11200,2024-01-23,3 15 17 28 39 43
11201,2024-01-23,2 10 22 36 37 42
11202,2024-01-23,10 14 22 25 32 43
11203,2024-01-23,5 8 10 14 17 21
11204,2024-01-23,3 26 27 32 36 42
11205,2024-01-23,1 10 18 20 26 28
11206,2024-01-23,5 16 17 27 34 35
11207,2024-01-24,2 8 23 28 40 41
11208,2024-01-24,1 10 21 25 29 41
11209,2024-01-24,3 11 16 41 42 45
11210,2024-01-24,3 5 13 15 17 27
11211,2024-01-24,8 9 16 18 32 35
11212,2024-01-24,8 12 14 28 37 44
11213,2024-01-24,3 10 11 26 35 40
11214,2024-01-25,16 32 35 37 39 40
11215,2024-01-25,10 11 15 33 34 39
11216,2024-01-25,8 24 28 33 35 38
11217,2024-01-25,7 10 12 13 38 43
11218,2024-01-25,17 22 28 30 40 43
11219,2024-01-25,3 7 9 28 34 36
11220,2024-01-25,20 21 25 29 30 35
11221,2024-01-26,1 3 14 23 33 36
11222,2024-01-26,8 19 20 37 43 45
11223,2024-01-26,2 6 8 11 29 45
11224,2024-01-26,5 11 21 35 37 45
11225,2024-01-26,10 15 16 20 26 33
11226,2024-01-26,1 3 11 12 16 26
11227,2024-01-26,28 31 34 38 41 43
11228,2024-01-27,6 8 21 32 40 42
11229,2024-01-27,2 17 25 29 37 43
11230,2024-01-27,25 26 35 36 38 42
11231,2024-01-27,7 11 25 26 28 43
11232,2024-01-27,1 6 29 30 31 33
11233,2024-01-27,1 24 29 30 34 44
11234,2024-01-27,15 16 26 29 38 43
11235,2024-01-28,6 13 23 33 40 44
11236,2024-01-28,1 9 16 18 36 38
11237,2024-01-28,7 15 20 21 33 43
11238,2024-01-28,13 26 27 29 36 41
11239,2024-01-28,1 17 24 31 36 44
11240,2024-01-28,2 3 18 20 24 27
11241,2024-01-28,1 2 20 23 36 45
11242,2024-01-29,21 26 27 28 34 39
11243,2024-01-29,2 16 17 20 39 40
11244,2024-01-29,5 9 13 14 15 37
11245,2024-01-29,6 12 13 16 24 26
11246,2024-01-29,13 16 19 21 33 45
11247,2024-01-29,23 26 27 29 31 33
11248,2024-01-29,2 16 23 25 27 40
11249,2024-01-30,13 14 24 32 33 34
11250,2024-01-30,4 6 29 31 36 44
11251,2024-01-30,5 12 17 32 34 45
11252,2024-01-30,12 19 27 38 40 41
11253,2024-01-30,3 9 12 31 36 45
11254,2024-01-30,1 17 20 27 39 43
11255,2024-01-30,5 10 17 21 23 36
11256,2024-01-31,3 16 27 29 32 41
11257,2024-01-31,9 10 17 21 43 45
11258,2024-01-31,4 12 13 26 29 43
11259,2024-01-31,13 14 26 30 34 35
11260,2024-01-31,7 14 18 24 38 43
11261,2024-01-31,2 7 17 20 38 41
11262,2024-01-31,17 23 24 32 38 41
11263,2024-02-01,3 4 10 17 27 33
11264,2024-02-01,23 24 31 35 39 40
11265,2024-02-01,3 8 21 38 40 42
11266,2024-02-01,2 3 12 29 41 45
11267,2024-02-01,1 12 13 26 31 32
11268,2024-02-01,1 24 28 34 39 41
11269,2024-02-01,7 11 17 20 34 37
11270,2024-02-02,4 7 8 11 17 19
11271,2024-02-02,22 24 25 28 37 38
11272,2024-02-02,1 5 27 29 30 35
11273,2024-02-02,4 9 13 17 22 36
11274,2024-02-02,3 7 16 27 41 43
11275,2024-02-02,13 20 21 29 36 41
11276,2024-02-02,1 16 22 26 27 37
11277,2024-02-03,3 8 12 18 31 36
11278,2024-02-03,6 11 16 21 22 25
11279,2024-02-03,5 7 13 19 32 44
11280,2024-02-03,12 13 20 24 29 45
11281,2024-02-03,3 5 17 29 33 41
11282,2024-02-03,4 6 33 36 41 42
11283,2024-02-03,16 20 25 32 38 43
11284,2024-02-04,12 14 15 18 29 43
11285,2024-02-04,2 9 10 13 20 25
11286,2024-02-04,1 15 28 38 42 44
11287,2024-02-04,4 6 16 25 28 41
11288,2024-02-04,6 10 13 30 41 44
11289,2024-02-04,12 17 24 28 42 44
11290,2024-02-04,10 14 17 23 32 35
11291,2024-02-05,8 15 27 31 36 37
11292,2024-02-05,7 12 16 27 39 43
11293,2024-02-05,17 25 31 38 40 43
11294,2024-02-05,1 3 16 32 33 43
11295,2024-02-05,4 6 20 29 43 45
11296,2024-02-05,6 9 13 29 37 40
11297,2024-02-05,1 4 16 17 19 22
11298,2024-02-06,1 4 9 14 18 22
11299,2024-02-06,3 9 16 19 20 27
11300,2024-02-06,6 7 16 17 19 35
11301,2024-02-06,5 7 20 34 35 38
11302,2024-02-06,10 12 15 21 42 45
11303,2024-02-06,24 26 35 36 39 45
11304,2024-02-06,18 20 24 29 31 35
11305,2024-02-07,3 5 16 18 26 43
11306,2024-02-07,2 13 15 26 30 44
11307,2024-02-07,2 14 15 25 26 29
11308,2024-02-07,15 22 24 26 38 45
11309,2024-02-07,2 7 24 32 35 36
11310,2024-02-07,12 14 17 31 34 45
11311,2024-02-07,11 20 21 22 23 45
11312,2024-02-08,8 19 28 30 36 44
11313,2024-02-08,1 4 12 24 29 42
11314,2024-02-08,2 12 14 24 31 34
11315,2024-02-08,2 6 12 14 28 43
11316,2024-02-08,1 3 6 11 24 26
11317,2024-02-08,1 25 27 28 30 35
11318,2024-02-08,13 16 18 28 36 38
11319,2024-02-09,14 27 33 38 40 42
11320,2024-02-09,1 25 26 31 39 44
11321,2024-02-09,1 18 24 25 34 44
11322,2024-02-09,8 10 20 34 42 43
11323,2024-02-09,1 5 15 19 33 42
11324,2024-02-09,3 12 16 25 37 43
11325,2024-02-09,5 21 26 27 28 29
11326,2024-02-10,3 12 27 28 36 41
11327,2024-02-10,7 28 35 39 40 45
11328,2024-02-10,22 28 30 31 38 42
11329,2024-02-10,1 7 9 11 14 26
11330,2024-02-10,16 28 30 34 42 43
11331,2024-02-10,1 14 15 17 37 40
11332,2024-02-10,7 8 28 30 34 43
11333,2024-02-11,6 18 20 33 36 43
11334,2024-02-11,10 11 19 25 26 43
11335,2024-02-11,6 7 12 16 37 44
11336,2024-02-11,14 16 17 32 42 43
11337,2024-02-11,4 8 16 24 27 41
11338,2024-02-11,11 13 14 24 25 41
11339,2024-02-11,2 5 6 9 39 40
11340,2024-02-12,2 6 7 28 38 42
11341,2024-02-12,6 34 36 40 41 45
11342,2024-02-12,6 12 15 19 34 36
11343,2024-02-12,5 9 10 19 22 31
11344,2024-02-12,2 15 18 33 35 44
11345,2024-02-12,8 13 22 24 26 36
11346,2024-02-12,10 14 32 35 39 43
11347,2024-02-13,1 8 11 17 35 39
11348,2024-02-13,7 8 12 24 26 42
11349,2024-02-13,4 6 7 24 33 40
11350,2024-02-13,5 14 15 21 36 40
11351,2024-02-13,2 24 26 27 30 41
11352,2024-02-13,16 22 29 39 40 41
11353,2024-02-13,1 16 21 31 38 45
11354,2024-02-14,2 5 11 20 34 44
11355,2024-02-14,2 5 10 15 17 44
11356,2024-02-14,4 12 14 16 29 32
11357,2024-02-14,8 22 23 27 34 38
11358,2024-02-14,4 5 19 27 30 40
11359,2024-02-14,3 11 38 41 42 45
11360,2024-02-14,6 7 20 35 40 45
11361,2024-02-15,16 20 25 34 38 45
11362,2024-02-15,4 16 26 30 38 40
11363,2024-02-15,7 23 29 33 34 36
11364,2024-02-15,4 5 10 14 42 45
11365,2024-02-15,16 21 22 26 31 36
11366,2024-02-15,8 10 16 18 27 39
11367,2024-02-15,7 9 13 14 32 40
11368,2024-02-16,13 18 24 25 31 34
11369,2024-02-16,1 5 13 18 21 37
11370,2024-02-16,14 20 29 31 40 42
11371,2024-02-16,8 20 22 33 39 41
11372,2024-02-16,1 12 22 23 25 32
11373,2024-02-16,8 9 11 14 15 25
11374,2024-02-16,4 7 16 29 31 34
11375,2024-02-17,10 13 22 31 34 44
11376,2024-02-17,27 28 33 37 41 42
11377,2024-02-17,10 11 18 31 35 38
11378,2024-02-17,3 11 17 33 37 45
11379,2024-02-17,5 10 11 27 32 36
11380,2024-02-17,5 8 17 22 29 42
11381,2024-02-17,1 6 7 8 35 37
11382,2024-02-18,3 7 13 18 27 43
11383,2024-02-18,3 9 14 18 35 41
11384,2024-02-18,2 6 12 17 19 23
11385,2024-02-18,8 11 26 29 40 41
11386,2024-02-18,4 9 19 27 28 37
11387,2024-02-18,6 11 24 28 36 43
11388,2024-02-18,1 2 22 23 24 33
11389,2024-02-19,1 9 19 29 36 37
11390,2024-02-19,5 15 19 27 35 42
11391,2024-02-19,12 17 21 31 41 44
11392,2024-02-19,3 5 12 14 27 29
11393,2024-02-19,2 8 10 14 30 33
11394,2024-02-19,4 6 23 25 27 34
11395,2024-02-19,3 5 14 16 19 28
11396,2024-02-20,1 5 15 33 37 38
11397,2024-02-20,19 21 25 29 41 44
11398,2024-02-20,8 21 28 32 41 43
11399,2024-02-20,23 27 28 33 44 45
11400,2024-02-20,5 18 24 27 40 41
11401,2024-02-20,6 20 24 26 30 41
11402,2024-02-20,8 12 20 23 28 33
11403,2024-02-21,3 14 17 31 37 40
11404,2024-02-21,4 7 15 26 37 44
11405,2024-02-21,2 12 13 19 24 43
11406,2024-02-21,2 3 14 28 32 38
11407,2024-02-21,3 6 32 33 39 45
11408,2024-02-21,11 14 23 25 28 30
11409,2024-02-21,6 13 23 29 44 45
11410,2024-02-22,5 7 11 25 36 38
11411,2024-02-22,2 5 7 14 32 45
11412,2024-02-22,8 13 17 19 29 35
11413,2024-02-22,8 28 29 37 38 41
11414,2024-02-22,4 8 21 24 31 39
11415,2024-02-22,8 14 22 40 41 44
11416,2024-02-22,3 10 23 28 41 42
11417,2024-02-23,1 2 9 12 28 36
11418,2024-02-23,6 7 19 20 28 43
11419,2024-02-23,5 9 14 26 37 44
11420,2024-02-23,7 11 16 19 25 44
11421,2024-02-23,6 10 15 21 26 37
11422,2024-02-23,5 6 14 28 31 40
11423,2024-02-23,2 5 24 28 40 44
11424,2024-02-24,12 14 15 24 25 44
11425,2024-02-24,7 18 20 37 38 43
11426,2024-02-24,9 15 20 31 32 40
11427,2024-02-24,4 17 26 34 35 41
11428,2024-02-24,12 16 17 21 25 34
11429,2024-02-24,3 9 27 29 42 44
11430,2024-02-24,1 10 27 28 38 44
11431,2024-02-25,3 7 8 13 24 25
11432,2024-02-25,8 11 22 27 29 31
11433,2024-02-25,5 7 18 19 24 33
11434,2024-02-25,12 19 26 28 31 36
11435,2024-02-25,6 10 13 21 22 43
11436,2024-02-25,11 13 27 30 36 45
11437,2024-02-25,3 25 29 32 35 43
11438,2024-02-26,5 11 18 33 36 39
11439,2024-02-26,8 20 30 38 41 42
11440,2024-02-26,3 8 10 11 37 38
11441,2024-02-26,3 9 11 17 28 30
11442,2024-02-26,3 20 33 34 35 44
11443,2024-02-26,3 5 13 22 29 36
11444,2024-02-26,6 19 22 25 31 39
11445,2024-02-27,1 10 12 14 21 32
11446,2024-02-27,10 25 29 31 32 38
11447,2024-02-27,12 19 23 33 34 35
11448,2024-02-27,5 13 29 36 37 39
11449,2024-02-27,10 12 14 26 29 34
11450,2024-02-27,1 10 19 22 23 27
11451,2024-02-27,6 14 16 19 23 42
11452,2024-02-28,19 21 22 33 34 38
11453,2024-02-28,18 19 28 29 39 41
11454,2024-02-28,1 7 10 16 20 24
11455,2024-02-28,4 9 14 20 26 31
11456,2024-02-28,2 6 15 22 36 44
11457,2024-02-28,3 5 10 25 32 35
11458,2024-02-28,5 10 12 19 36 39
11459,2024-02-29,11 22 28 31 33 36
11460,2024-02-29,6 11 17 18 21 26
11461,2024-02-29,15 17 26 28 33 41
11462,2024-02-29,3 9 18 19 23 42
11463,2024-02-29,3 9 13 25 34 40
11464,2024-02-29,2 10 26 28 36 44
11465,2024-02-29,4 9 12 17 18 31
11466,2024-03-01,8 10 26 28 33 37
11467,2024-03-01,3 6 10 16 37 39
11468,2024-03-01,2 8 14 16 18 28
11469,2024-03-01,8 9 25 30 32 39
11470,2024-03-01,4 22 28 36 39 40
11471,2024-03-01,3 6 7 14 16 36
11472,2024-03-01,11 14 16 22 39 40
11473,2024-03-02,10 14 23 24 36 45
11474,2024-03-02,17 31 39 41 43 44
11475,2024-03-02,3 10 14 21 43 44
11476,2024-03-02,10 29 31 32 38 40
11477,2024-03-02,5 24 28 40 41 45
11478,2024-03-02,2 18 24 25 29 32
11479,2024-03-02,11 26 28 37 41 43
11480,2024-03-03,8 9 16 28 38 42
11481,2024-03-03,10 13 14 22 34 38
11482,2024-03-03,12 13 21 26 28 42
11483,2024-03-03,4 16 19 21 39 40
11484,2024-03-03,2 3 16 20 27 43
11485,2024-03-03,14 23 24 28 29 44
11486,2024-03-03,1 9 10 18 36 42
11487,2024-03-04,4 5 6 16 25 33
11488,2024-03-04,3 15 19 38 40 41
11489,2024-03-04,2 4 10 12 25 32
11490,2024-03-04,7 11 14 15 23 35
11491,2024-03-04,1 3 4 22 27 40
11492,2024-03-04,7 26 31 32 36 45
11493,2024-03-04,3 13 20 23 31 45
11494,2024-03-05,4 9 10 24 42 44
11495,2024-03-05,5 17 27 31 33 44
11496,2024-03-05,4 7 8 12 42 44
11497,2024-03-05,4 7 9 10 11 34
11498,2024-03-05,12 18 26 28 35 40
11499,2024-03-05,9 12 16 32 35 39
11500,2024-03-05,1 4 7 20 34 41
11501,2024-03-06,3 6 8 20 39 42
11502,2024-03-06,2 12 25 30 37 44
11503,2024-03-06,3 27 38 41 44 45
11504,2024-03-06,19 30 31 33 39 44
11505,2024-03-06,16 17 28 30 34 35
11506,2024-03-06,7 19 26 30 37 41
11507,2024-03-06,7 13 15 24 32 36
11508,2024-03-07,1 8 16 21 39 42
11509,2024-03-07,4 12 17 21 23 42
11510,2024-03-07,3 11 18 34 35 43
11511,2024-03-07,2 11 15 24 26 29
11512,2024-03-07,2 5 13 15 40 43
11513,2024-03-07,7 11 14 23 32 34
11514,2024-03-07,2 5 11 25 26 27
11515,2024-03-08,4 12 18 24 30 40
11516,2024-03-08,1 8 18 31 42 43
11517,2024-03-08,11 19 37 39 40 42
11518,2024-03-08,6 14 19 31 34 35
11519,2024-03-08,2 13 17 21 26 38
11520,2024-03-08,12 21 22 26 33 43
11521,2024-03-08,1 13 33 34 38 40
11522,2024-03-09,3 15 23 31 36 44
11523,2024-03-09,3 8 12 18 25 27
11524,2024-03-09,5 12 15 18 44 45
11525,2024-03-09,4 7 21 28 33 34
11526,2024-03-09,4 5 28 30 35 37
11527,2024-03-09,3 5 7 10 26 31
11528,2024-03-09,10 23 24 27 28 43
11529,2024-03-10,5 11 20 23 40 42
11530,2024-03-10,13 22 24 25 26 36
11531,2024-03-10,3 7 16 22 34 36
11532,2024-03-10,3 18 28 31 40 41
11533,2024-03-10,2 8 12 18 22 28
11534,2024-03-10,8 9 17 28 38 42
11535,2024-03-10,9 15 20 27 28 45
11536,2024-03-11,8 11 21 25 31 41
11537,2024-03-11,5 31 32 36 40 44
11538,2024-03-11,5 20 24 26 29 31
11539,2024-03-11,9 13 18 30 33 36
11540,2024-03-11,10 19 25 31 39 44
11541,2024-03-11,17 26 28 34 42 45
11542,2024-03-11,4 9 11 21 27 29
11543,2024-03-12,2 5 8 13 22 24
11544,2024-03-12,12 16 25 28 39 42
11545,2024-03-12,14 22 31 41 42 45
11546,2024-03-12,18 20 23 28 36 43
11547,2024-03-12,11 13 18 21 32 42
11548,2024-03-12,6 12 16 40 41 42
11549,2024-03-12,17 20 24 26 32 35
11550,2024-03-13,1 11 26 27 28 36
11551,2024-03-13,4 7 12 13 38 43
11552,2024-03-13,2 9 18 19 31 32
11553,2024-03-13,10 25 29 32 35 43
11554,2024-03-13,3 5 7 14 15 20
11555,2024-03-13,8 11 15 19 28 44
11556,2024-03-13,7 11 23 27 38 39
11557,2024-03-14,2 7 8 12 20 43
11558,2024-03-14,4 16 17 30 34 39
11559,2024-03-14,11 20 24 33 40 42
11560,2024-03-14,5 14 17 28 40 42
11561,2024-03-14,7 18 19 31 39 43
11562,2024-03-14,4 8 15 20 21 23
11563,2024-03-14,4 5 13 15 36 45
11564,2024-03-15,15 18 22 27 33 44
11565,2024-03-15,8 20 26 32 40 44
11566,2024-03-15,5 9 34 39 41 43
11567,2024-03-15,19 24 33 38 42 45
11568,2024-03-15,3 13 16 29 30 42
11569,2024-03-15,7 15 16 23 25 45
11570,2024-03-15,10 15 17 20 26 31
11571,2024-03-16,3 19 22 27 39 41
11572,2024-03-16,10 11 14 19 34 38
11573,2024-03-16,9 15 24 26 35 43
11574,2024-03-16,2 18 19 21 35 36
11575,2024-03-16,7 8 10 34 39 40
11576,2024-03-16,6 8 22 27 39 43
11577,2024-03-16,5 6 9 14 40 45
11578,2024-03-17,1 12 32 34 36 40
11579,2024-03-17,1 10 24 30 33 39
11580,2024-03-17,9 12 17 21 30 33
11581,2024-03-17,17 25 27 36 42 44
11582,2024-03-17,12 13 16 17 34 42
11583,2024-03-17,6 8 15 25 28 43
11584,2024-03-17,1 14 19 20 25 26
11585,2024-03-18,8 14 21 28 31 45
11586,2024-03-18,2 4 31 33 35 37
11587,2024-03-18,1 12 19 22 40 41
11588,2024-03-18,5 6 15 24 25 30
11589,2024-03-18,13 18 28 36 40 41
11590,2024-03-18,10 11 24 29 30 35
11591,2024-03-18,3 9 15 21 22 31
11592,2024-03-19,6 8 14 25 26 41
11593,2024-03-19,4 13 17 25 26 32
11594,2024-03-19,13 21 26 27 33 37
11595,2024-03-19,9 10 18 31 37 39
11596,2024-03-19,6 12 15 16 17 22
11597,2024-03-19,11 15 23 40 42 43
11598,2024-03-19,15 20 26 27 31 34
11599,2024-03-20,1 2 18 22 38 45
11600,2024-03-20,9 17 26 32 35 39
11601,2024-03-20,1 3 6 10 24 30
11602,2024-03-20,6 21 27 40 42 45
11603,2024-03-20,10 18 25 33 38 39
11604,2024-03-20,1 5 10 18 29 38
11605,2024-03-20,20 23 24 26 27 39
11606,2024-03-21,15 26 27 30 36 37
11607,2024-03-21,3 5 10 22 36 43
11608,2024-03-21,1 8 22 24 32 34
11609,2024-03-21,1 2 9 13 18 32
11610,2024-03-21,5 10 12 25 26 36
11611,2024-03-21,9 13 21 24 26 42
11612,2024-03-21,3 13 14 18 38 43
11613,2024-03-22,1 10 18 28 29 36
11614,2024-03-22,1 8 9 17 24 42
11615,2024-03-22,1 5 9 22 37 41
11616,2024-03-22,8 18 24 25 36 41
11617,2024-03-22,4 13 17 25 34 35
11618,2024-03-22,6 9 19 28 37 38
11619,2024-03-22,7 21 33 39 40 43
11620,2024-03-23,2 4 7 20 21 43
11621,2024-03-23,5 6 12 29 30 40
11622,2024-03-23,12 14 25 32 33 45
11623,2024-03-23,7 16 21 32 37 41
11624,2024-03-23,3 7 21 30 33 44
11625,2024-03-23,6 8 21 26 27 35
11626,2024-03-23,9 17 25 32 43 44
11627,2024-03-24,6 8 28 32 40 43
11628,2024-03-24,4 10 11 18 29 32
11629,2024-03-24,10 12 15 24 36 44
11630,2024-03-24,7 14 25 29 30 41
11631,2024-03-24,3 8 10 15 16 19
11632,2024-03-24,1 10 16 24 39 45
11633,2024-03-24,3 14 29 39 40 42
11634,2024-03-25,3 15 17 27 37 42
11635,2024-03-25,4 10 13 17 35 41
11636,2024-03-25,9 11 26 37 41 45
11637,2024-03-25,23 30 32 34 38 43
11638,2024-03-25,16 26 34 35 37 41
11639,2024-03-25,1 11 15 25 28 29
11640,2024-03-25,19 25 30 37 38 41
11641,2024-03-26,12 19 24 30 32 40
11642,2024-03-26,3 5 13 28 32 34
11643,2024-03-26,10 15 23 29 31 36
11644,2024-03-26,12 28 32 35 44 45
11645,2024-03-26,1 16 29 30 39 42
11646,2024-03-26,10 11 12 29 32 39
11647,2024-03-26,3 7 9 14 16 21
11648,2024-03-27,4 21 24 26 31 38
11649,2024-03-27,2 9 16 21 27 40
11650,2024-03-27,19 26 28 37 38 44
11651,2024-03-27,2 6 12 15 39 42
11652,2024-03-27,1 3 7 12 23 34
11653,2024-03-27,2 11 14 26 32 43
11654,2024-03-27,4 23 33 34 35 45
11655,2024-03-28,5 7 15 26 29 30
11656,2024-03-28,11 18 28 30 32 35
11657,2024-03-28,13 21 29 36 39 44
11658,2024-03-28,9 19 21 40 41 43
11659,2024-03-28,20 26 29 30 44 45
11660,2024-03-28,2 6 10 22 24 41
11661,2024-03-28,4 7 9 10 17 33
11662,2024-03-29,16 17 39 41 44 45
11663,2024-03-29,10 24 30 31 41 43
11664,2024-03-29,4 8 17 28 36 45
11665,2024-03-29,6 9 19 31 41 42
11666,2024-03-29,6 7 14 23 40 43
11667,2024-03-29,1 8 9 36 38 43
11668,2024-03-29,2 7 12 17 20 24
11669,2024-03-30,11 21 22 29 33 44
11670,2024-03-30,15 24 33 35 40 43
11671,2024-03-30,3 11 20 32 35 41
11672,2024-03-30,1 13 19 21 39 45
11673,2024-03-30,15 26 33 40 41 45
11674,2024-03-30,13 16 21 22 36 42
11675,2024-03-30,11 20 23 24 28 39
11676,2024-03-31,11 21 25 31 38 44
11677,2024-03-31,9 19 25 26 27 39
11678,2024-03-31,12 16 25 30 41 44
11679,2024-03-31,1 9 28 29 35 40
11680,2024-03-31,23 26 27 36 40 42
11681,2024-03-31,3 6 15 18 34 42
11682,2024-03-31,9 15 20 30 41 43
11683,2024-04-01,2 5 10 13 31 35
11684,2024-04-01,6 21 27 30 42 43
11685,2024-04-01,2 11 20 21 24 39
11686,2024-04-01,1 12 18 38 39 44
11687,2024-04-01,8 14 15 18 30 41
11688,2024-04-01,7 10 14 29 32 44
11689,2024-04-01,13 22 24 31 38 41
11690,2024-04-02,2 7 10 27 41 44
11691,2024-04-02,5 13 27 30 42 44
11692,2024-04-02,7 10 12 16 21 43
11693,2024-04-02,13 15 19 26 29 32
11694,2024-04-02,4 6 10 27 35 42
11695,2024-04-02,10 20 26 36 37 42
11696,2024-04-02,1 6 14 19 25 44
11697,2024-04-03,9 14 19 23 25 33
11698,2024-04-03,6 13 17 19 32 33
11699,2024-04-03,3 16 18 28 30 43
11700,2024-04-03,9 18 19 37 41 42
11701,2024-04-03,8 22 38 39 43 44
11702,2024-04-03,4 17 37 38 43 44
11703,2024-04-03,2 10 12 16 40 42
11704,2024-04-04,10 14 18 25 29 45
11705,2024-04-04,4 8 14 17 21 31
11706,2024-04-04,10 12 30 35 39 44
11707,2024-04-04,3 6 13 24 30 43
11708,2024-04-04,1 16 19 21 35 41
11709,2024-04-04,1 17 20 31 38 44
11710,2024-04-04,1 8 10 23 29 35
11711,2024-04-05,5 6 11 19 25 32
11712,2024-04-05,9 20 23 26 33 41
11713,2024-04-05,1 7 17 20 22 42
11714,2024-04-05,5 7 23 25 28 37
11715,2024-04-05,4 6 16 37 39 42
11716,2024-04-05,13 15 21 29 31 32
11717,2024-04-05,2 22 32 33 35 39
11718,2024-04-06,16 17 21 24 25 43
11719,2024-04-06,2 3 14 16 26 41
11720,2024-04-06,20 23 30 31 37 41
11721,2024-04-06,4 5 7 13 17 35
11722,2024-04-06,10 22 28 31 39 42
11723,2024-04-06,1 2 8 23 37 42
11724,2024-04-06,6 8 12 13 19 25
11725,2024-04-07,3 13 14 19 25 35
11726,2024-04-07,5 6 14 24 36 43
11727,2024-04-07,2 13 16 19 30 39
11728,2024-04-07,12 17 36 37 38 45
11729,2024-04-07,6 14 23 25 35 36
11730,2024-04-07,17 29 31 33 39 41
11731,2024-04-07,3 7 22 36 37 39
11732,2024-04-08,6 8 14 16 17 23
11733,2024-04-08,5 6 30 35 43 45
11734,2024-04-08,2 12 17 35 42 45
11735,2024-04-08,2 22 23 26 27 44
11736,2024-04-08,13 17 23 32 38 41
11737,2024-04-08,4 7 17 35 40 41
11738,2024-04-08,6 10 32 41 44 45
11739,2024-04-09,8 10 17 38 44 45
11740,2024-04-09,6 20 25 26 30 38
11741,2024-04-09,3 4 5 8 39 45
11742,2024-04-09,8 9 14 17 20 28
11743,2024-04-09,1 22 24 27 32 38
11744,2024-04-09,13 16 18 30 43 45
11745,2024-04-09,5 14 15 19 20 36
11746,2024-04-10,1 12 20 22 30 31
11747,2024-04-10,2 7 8 13 35 45
11748,2024-04-10,10 14 17 20 30 37
11749,2024-04-10,2 19 23 25 28 31
11750,2024-04-10,7 10 30 36 39 45
11751,2024-04-10,6 13 18 22 23 27
11752,2024-04-10,6 10 16 27 35 37
11753,2024-04-11,2 5 10 14 20 33
11754,2024-04-11,14 15 23 26 27 37
11755,2024-04-11,2 23 29 32 34 35
11756,2024-04-11,3 18 28 29 41 43
11757,2024-04-11,1 2 7 22 28 30
11758,2024-04-11,3 9 12 21 37 40
11759,2024-04-11,27 32 33 39 42 45
11760,2024-04-12,3 22 30 31 35 43
11761,2024-04-12,1 7 12 21 26 37
11762,2024-04-12,4 13 26 28 39 40
11763,2024-04-12,11 15 20 27 37 41
11764,2024-04-12,16 18 30 31 44 45
11765,2024-04-12,4 11 28 32 35 37
11766,2024-04-12,4 27 33 35 36 40
11767,2024-04-13,13 19 20 22 42 43
11768,2024-04-13,1 5 16 25 28 32
11769,2024-04-13,10 14 16 30 35 37
11770,2024-04-13,3 8 9 11 26 41
11771,2024-04-13,1 12 22 25 31 44
11772,2024-04-13,3 11 15 18 21 39
11773,2024-04-13,14 16 28 30 37 42
11774,2024-04-14,1 6 23 30 31 37
11775,2024-04-14,6 20 34 38 39 44
11776,2024-04-14,5 15 19 35 38 44
11777,2024-04-14,10 20 23 27 28 33
11778,2024-04-14,5 16 26 32 35 42
11779,2024-04-14,4 9 14 33 35 38
11780,2024-04-14,15 26 30 41 42 44
11781,2024-04-15,2 14 26 27 42 45
11782,2024-04-15,1 5 8 12 20 29
11783,2024-04-15,13 16 18 21 26 31
11784,2024-04-15,14 17 21 22 35 37
11785,2024-04-15,10 24 25 35 39 45
11786,2024-04-15,4 6 9 14 20 21
11787,2024-04-15,7 19 26 27 34 36
11788,2024-04-16,12 18 24 26 36 38
11789,2024-04-16,2 22 28 34 36 38
11790,2024-04-16,7 11 13 26 27 37
11791,2024-04-16,2 10 22 28 33 41
11792,2024-04-16,3 24 26 29 31 43
11793,2024-04-16,11 12 15 23 30 44
11794,2024-04-16,1 2 15 22 37 42
11795,2024-04-17,1 2 29 31 36 41
11796,2024-04-17,1 2 3 19 21 37
11797,2024-04-17,8 9 12 28 29 40
11798,2024-04-17,1 8 11 15 29 35
11799,2024-04-17,10 17 20 33 36 44
11800,2024-04-17,4 12 14 26 31 32
11801,2024-04-17,14 18 20 29 31 44
11802,2024-04-18,10 11 14 27 35 40
11803,2024-04-18,11 16 17 34 36 43
11804,2024-04-18,9 28 33 39 43 44
11805,2024-04-18,7 12 17 22 44 45
11806,2024-04-18,2 6 11 16 24 35
11807,2024-04-18,9 13 17 26 33 41
11808,2024-04-18,3 12 14 26 32 42
11809,2024-04-19,3 18 22 24 34 39
11810,2024-04-19,10 12 18 21 32 33
11811,2024-04-19,17 24 29 32 41 43
11812,2024-04-19,7 20 24 32 33 45
11813,2024-04-19,5 10 15 19 31 32
11814,2024-04-19,3 5 11 19 23 24
11815,2024-04-19,8 25 26 35 38 41
11816,2024-04-20,9 19 22 37 38 39
11817,2024-04-20,3 6 12 26 38 40
11818,2024-04-20,19 28 34 35 36 45
11819,2024-04-20,2 6 36 41 43 45
11820,2024-04-20,6 18 25 38 41 43
11821,2024-04-20,2 21 33 36 38 40
11822,2024-04-20,2 14 26 35 36 38
11823,2024-04-21,1 2 3 5 13 34
11824,2024-04-21,6 14 28 37 40 44
11825,2024-04-21,7 24 30 36 38 45
11826,2024-04-21,18 23 31 32 34 39
11827,2024-04-21,5 10 11 22 23 34
11828,2024-04-21,8 9 17 20 41 42
11829,2024-04-21,17 24 26 28 32 41
11830,2024-04-22,17 18 20 26 31 44
11831,2024-04-22,1 6 17 23 37 44
11832,2024-04-22,5 12 14 25 37 39
11833,2024-04-22,8 16 18 32 43 44
11834,2024-04-22,1 5 12 15 25 28
11835,2024-04-22,1 15 29 34 36 42
11836,2024-04-22,8 10 14 27 31 41
11837,2024-04-23,6 19 30 31 35 40
11838,2024-04-23,5 18 27 29 36 44
11839,2024-04-23,5 12 15 24 29 30
11840,2024-04-23,11 13 16 23 41 44
11841,2024-04-23,14 22 30 34 36 37
11842,2024-04-23,3 9 12 15 26 41
11843,2024-04-23,18 24 33 38 43 44
11844,2024-04-24,6 16 17 24 26 31
11845,2024-04-24,6 11 21 23 36 44
11846,2024-04-24,3 14 18 28 29 41
11847,2024-04-24,16 20 21 30 37 44
11848,2024-04-24,4 9 10 18 22 24
11849,2024-04-24,6 11 29 31 36 42
11850,2024-04-24,13 20 28 36 41 42
11851,2024-04-25,2 11 15 22 23 41
11852,2024-04-25,2 6 13 29 41 42
11853,2024-04-25,2 4 6 7 19 41
11854,2024-04-25,2 4 12 16 25 26
11855,2024-04-25,2 6 7 9 13 15
11856,2024-04-25,5 7 11 14 42 44
11857,2024-04-25,4 9 12 15 24 37
11858,2024-04-26,4 21 23 26 27 43
11859,2024-04-26,6 24 25 29 34 39
11860,2024-04-26,1 22 29 31 35 42
11861,2024-04-26,8 13 17 23 26 37
11862,2024-04-26,23 25 30 41 43 45
11863,2024-04-26,2 5 9 21 24 32
11864,2024-04-26,5 10 23 28 31 33
11865,2024-04-27,1 19 27 31 43 44
11866,2024-04-27,5 12 14 24 36 37
11867,2024-04-27,6 8 11 20 25 37
11868,2024-04-27,10 26 36 37 41 45
11869,2024-04-27,7 13 23 25 27 30
11870,2024-04-27,12 14 27 30 33 35
11871,2024-04-27,1 3 8 12 20 24
11872,2024-04-28,5 12 18 32 38 41
11873,2024-04-28,3 9 24 25 30 38
11874,2024-04-28,1 16 29 34 35 36
11875,2024-04-28,7 22 23 34 35 45
11876,2024-04-28,8 19 22 29 37 39
11877,2024-04-28,9 15 19 33 35 40
11878,2024-04-28,8 11 40 42 43 45
11879,2024-04-29,1 3 29 33 34 38
11880,2024-04-29,5 14 15 19 27 40
11881,2024-04-29,5 18 21 26 32 34
11882,2024-04-29,3 8 9 11 20 40
11883,2024-04-29,5 6 8 37 38 45
11884,2024-04-29,6 14 19 20 25 42
11885,2024-04-29,11 22 28 30 44 45
11886,2024-04-30,5 7 16 23 26 27
11887,2024-04-30,1 5 9 15 20 41
11888,2024-04-30,11 16 20 24 34 40
11889,2024-04-30,5 6 11 30 34 37
11890,2024-04-30,4 9 18 20 21 27
11891,2024-04-30,2 4 15 27 33 37
11892,2024-04-30,22 27 30 32 40 42
11893,2024-05-01,13 15 16 17 24 38
11894,2024-05-01,7 10 14 22 40 43
11895,2024-05-01,21 23 25 29 44 45
11896,2024-05-01,6 11 12 18 19 38
11897,2024-05-01,3 4 15 24 36 42
11898,2024-05-01,14 17 19 20 24 29
11899,2024-05-01,15 20 21 31 39 41
11900,2024-05-02,26 27 29 31 32 44
11901,2024-05-02,21 25 29 31 33 42
11902,2024-05-02,2 4 11 18 34 36
11903,2024-05-02,1 3 6 12 27 35
11904,2024-05-02,8 16 18 20 25 35
11905,2024-05-02,11 13 14 16 23 37
11906,2024-05-02,5 17 39 40 42 43
11907,2024-05-03,1 5 6 8 9 33
11908,2024-05-03,3 4 19 25 30 42
11909,2024-05-03,4 11 14 35 39 42
11910,2024-05-03,6 8 9 28 36 45
11911,2024-05-03,5 16 23 27 29 31
11912,2024-05-03,7 13 23 41 42 45
11913,2024-05-03,1 17 31 36 41 45
11914,2024-05-04,5 14 22 35 36 42
11915,2024-05-04,1 10 16 29 30 37
11916,2024-05-04,5 25 27 39 40 41
11917,2024-05-04,3 10 13 21 26 43
11918,2024-05-04,14 15 22 23 37 43
11919,2024-05-04,1 4 9 16 34 44
11920,2024-05-04,13 25 29 31 33 45
11921,2024-05-05,12 23 28 29 30 43
11922,2024-05-05,9 12 21 23 28 31
11923,2024-05-05,7 13 20 33 35 43
11924,2024-05-05,16 26 30 33 43 45
11925,2024-05-05,1 7 16 18 39 45
11926,2024-05-05,7 8 17 31 39 42
11927,2024-05-05,1 20 21 27 36 40
11928,2024-05-06,4 10 14 21 42 44
11929,2024-05-06,1 7 14 18 25 26
11930,2024-05-06,14 23 26 28 34 38
11931,2024-05-06,5 11 14 25 35 37
11932,2024-05-06,7 9 25 28 43 44
11933,2024-05-06,14 23 25 26 34 35
11934,2024-05-06,16 21 27 32 44 45
11935,2024-05-07,6 10 11 20 28 41
11936,2024-05-07,20 21 22 23 30 45
11937,2024-05-07,2 6 20 27 38 45
11938,2024-05-07,7 9 14 19 30 45
11939,2024-05-07,4 13 24 32 41 44
11940,2024-05-07,1 3 14 16 18 40
11941,2024-05-07,1 3 18 22 41 43
11942,2024-05-08,16 20 26 27 36 37
11943,2024-05-08,7 9 24 25 31 45
11944,2024-05-08,3 4 12 17 36 42
11945,2024-05-08,1 6 8 25 27 28
11946,2024-05-08,5 9 20 26 30 41
11947,2024-05-08,8 10 18 30 35 45
11948,2024-05-08,3 9 14 22 24 42
11949,2024-05-09,1 6 11 29 34 36
11950,2024-05-09,4 8 21 22 27 39
11951,2024-05-09,3 12 14 32 35 41
11952,2024-05-09,2 5 7 8 16 31
11953,2024-05-09,2 19 28 32 33 42
11954,2024-05-09,2 10 15 28 33 40
11955,2024-05-09,5 18 22 35 37 43
11956,2024-05-10,6 7 9 10 12 25
11957,2024-05-10,2 20 25 31 33 34
11958,2024-05-10,4 10 12 27 28 41
11959,2024-05-10,8 17 23 24 39 45
11960,2024-05-10,15 16 25 27 35 38
11961,2024-05-10,3 19 21 40 42 43
11962,2024-05-10,2 5 11 15 37 38
11963,2024-05-11,10 18 24 28 30 40
11964,2024-05-11,9 10 16 21 39 43
11965,2024-05-11,1 4 9 15 17 36
11966,2024-05-11,9 18 22 32 40 42
11967,2024-05-11,7 19 20 21 28 32
11968,2024-05-11,6 14 19 30 35 43
11969,2024-05-11,2 4 25 32 33 35
11970,2024-05-12,4 14 17 18 26 37
11971,2024-05-12,2 4 13 21 22 31
11972,2024-05-12,7 21 25 38 42 45
11973,2024-05-12,1 19 26 27 28 37
11974,2024-05-12,23 27 28 31 40 43
11975,2024-05-12,11 25 31 35 38 45
11976,2024-05-12,5 12 13 27 30 42
11977,2024-05-13,9 12 17 26 33 36
11978,2024-05-13,7 13 14 21 42 45
11979,2024-05-13,15 27 32 34 38 42
11980,2024-05-13,6 8 12 13 30 37
11981,2024-05-13,13 14 15 27 28 43
11982,2024-05-13,2 3 25 32 39 40
11983,2024-05-13,3 5 16 33 44 45
11984,2024-05-14,3 6 15 16 39 42
11985,2024-05-14,3 17 19 20 21 44
11986,2024-05-14,3 5 10 11 18 19
11987,2024-05-14,13 18 19 24 31 39
11988,2024-05-14,2 6 10 12 19 29
11989,2024-05-14,7 9 10 13 28 45
11990,2024-05-14,2 10 20 28 37 40
11991,2024-05-15,5 14 31 37 42 44
11992,2024-05-15,17 25 34 37 38 45
11993,2024-05-15,7 8 24 30 36 45
11994,2024-05-15,1 13 18 21 37 38
11995,2024-05-15,14 23 25 26 31 43
11996,2024-05-15,9 15 16 18 21 27
11997,2024-05-15,1 9 26 30 37 39
11998,2024-05-16,6 19 20 25 28 42
11999,2024-05-16,1 12 20 23 35 40
12000,2024-05-16,22 25 31 33 36 37
12001,2024-05-16,12 27 29 30 43 44
12002,2024-05-16,9 10 20 27 30 42
12003,2024-05-16,3 12 14 30 35 43
12004,2024-05-16,11 24 26 27 31 37
12005,2024-05-17,5 12 13 21 24 39
12006,2024-05-17,5 6 7 8 18 27
12007,2024-05-17,2 3 5 32 37 44
12008,2024-05-17,1 19 22 23 26 30
12009,2024-05-17,1 9 10 14 22 39
12010,2024-05-17,8 21 22 29 33 44
12011,2024-05-17,1 17 23 26 27 35
12012,2024-05-18,3 22 24 26 30 34
12013,2024-05-18,11 28 36 38 41 43
12014,2024-05-18,3 5 9 19 25 39
12015,2024-05-18,2 15 23 27 38 44
12016,2024-05-18,13 20 24 28 30 35
12017,2024-05-18,2 3 8 9 15 31
12018,2024-05-18,1 15 16 18 38 43
12019,2024-05-19,1 2 3 5 32 41
12020,2024-05-19,17 18 23 31 37 38
12021,2024-05-19,4 8 35 40 41 45
12022,2024-05-19,1 21 25 31 38 44
12023,2024-05-19,14 15 18 21 30 42
12024,2024-05-19,1 14 25 28 31 35
12025,2024-05-19,16 22 31 36 38 40
12026,2024-05-20,11 14 20 22 31 37
12027,2024-05-20,16 26 38 39 42 43
12028,2024-05-20,3 7 16 40 41 44
12029,2024-05-20,22 27 28 37 40 41
12030,2024-05-20,2 6 10 12 25 42
12031,2024-05-20,2 5 19 27 31 40
12032,2024-05-20,3 9 12 19 26 32
12033,2024-05-21,22 26 28 38 41 43
12034,2024-05-21,3 5 16 28 34 39
12035,2024-05-21,3 10 18 24 39 40
12036,2024-05-21,3 17 18 39 41 44
12037,2024-05-21,4 5 8 12 33 44
12038,2024-05-21,16 22 24 31 33 36
12039,2024-05-21,11 21 22 34 44 45
12040,2024-05-22,12 19 20 32 33 39
12041,2024-05-22,7 12 13 29 36 45
12042,2024-05-22,5 13 14 22 32 45
12043,2024-05-22,2 14 23 35 39 43
12044,2024-05-22,5 6 9 12 23 39
12045,2024-05-22,3 4 5 29 30 36
12046,2024-05-22,2 6 18 26 28 45
12047,2024-05-23,13 15 21 26 32 44
12048,2024-05-23,7 13 20 21 28 31
12049,2024-05-23,14 28 30 31 32 42
12050,2024-05-23,6 11 20 21 35 38
12051,2024-05-23,8 12 20 26 42 43
12052,2024-05-23,3 15 32 35 44 45
12053,2024-05-23,5 8 16 24 41 43
12054,2024-05-24,9 18 21 32 41 42
12055,2024-05-24,1 25 26 33 37 39
12056,2024-05-24,4 6 12 20 29 45
12057,2024-05-24,10 23 27 35 39 44
12058,2024-05-24,13 24 28 29 36 39
12059,2024-05-24,15 23 29 36 37 42
12060,2024-05-24,2 10 11 24 33 39
12061,2024-05-25,15 19 23 29 37 42
12062,2024-05-25,3 25 33 34 38 40
12063,2024-05-25,20 21 27 36 39 43
12064,2024-05-25,1 3 9 17 37 44
12065,2024-05-25,13 19 25 33 38 41
12066,2024-05-25,3 4 19 30 34 42
12067,2024-05-25,1 6 12 25 39 42
12068,2024-05-26,5 6 7 11 30 43
12069,2024-05-26,1 10 25 36 44 45
12070,2024-05-26,9 21 27 32 35 39
12071,2024-05-26,8 13 18 32 36 44
12072,2024-05-26,7 8 22 25 41 43
12073,2024-05-26,9 13 23 26 27 32
12074,2024-05-26,9 11 14 16 19 35
12075,2024-05-27,1 13 14 20 36 40
12076,2024-05-27,11 17 21 27 32 42
12077,2024-05-27,8 18 33 35 37 44
12078,2024-05-27,6 15 24 29 35 45
12079,2024-05-27,1 5 31 39 40 44
12080,2024-05-27,7 12 26 29 38 42
12081,2024-05-27,3 13 18 22 26 42
12082,2024-05-28,5 15 22 32 34 35
12083,2024-05-28,4 5 13 25 26 35
12084,2024-05-28,14 17 19 32 37 38
12085,2024-05-28,21 27 28 32 41 44
12086,2024-05-28,4 11 18 29 31 34
12087,2024-05-28,6 9 18 32 40 43
12088,2024-05-28,2 3 29 36 37 38
12089,2024-05-29,16 17 19 20 27 33
12090,2024-05-29,9 12 15 23 35 43
12091,2024-05-29,2 9 14 18 24 29
12092,2024-05-29,1 18 20 22 29 42
12093,2024-05-29,22 23 31 34 36 37
12094,2024-05-29,2 8 13 25 29 44
12095,2024-05-29,5 18 19 21 34 37
12096,2024-05-30,3 10 13 31 35 36
12097,2024-05-30,2 7 28 32 38 39
12098,2024-05-30,4 13 15 38 39 44
12099,2024-05-30,6 8 22 23 25 28
12100,2024-05-30,21 22 24 36 41 42
12101,2024-05-30,4 6 11 22 25 38
12102,2024-05-30,3 6 10 16 36 40
12103,2024-05-31,3 20 23 27 38 41
12104,2024-05-31,6 8 10 16 28 32
12105,2024-05-31,11 12 28 31 40 41
12106,2024-05-31,18 26 32 35 38 41
12107,2024-05-31,3 7 28 38 39 42
12108,2024-05-31,18 19 20 23 35 37
12109,2024-05-31,2 18 20 28 32 35
12110,2024-06-01,4 10 13 15 20 32
12111,2024-06-01,14 19 20 30 42 44
12112,2024-06-01,7 8 21 26 37 40
12113,2024-06-01,1 5 12 16 20 21
12114,2024-06-01,12 15 28 30 36 44
12115,2024-06-01,7 13 14 26 41 43
12116,2024-06-01,17 21 36 40 41 43
12117,2024-06-02,5 19 30 35 36 40
12118,2024-06-02,6 21 24 30 36 43
12119,2024-06-02,3 29 32 40 43 44
12120,2024-06-02,2 21 29 35 37 39
12121,2024-06-02,2 7 16 18 39 45
12122,2024-06-02,1 22 28 29 32 37
12123,2024-06-02,1 6 17 18 24 32
12124,2024-06-03,1 3 20 34 35 41
12125,2024-06-03,2 5 13 14 23 30
12126,2024-06-03,10 37 38 40 41 43
12127,2024-06-03,1 12 20 25 41 42
12128,2024-06-03,9 14 17 22 24 26
12129,2024-06-03,22 24 26 31 40 41
12130,2024-06-03,23 27 34 38 43 44
12131,2024-06-04,4 6 24 30 35 37
12132,2024-06-04,5 10 28 34 35 37
12133,2024-06-04,9 14 27 29 39 42
12134,2024-06-04,12 16 21 24 28 33
12135,2024-06-04,1 3 10 11 14 20
12136,2024-06-04,8 24 25 28 33 44
12137,2024-06-04,7 26 32 33 38 41
12138,2024-06-05,17 22 24 37 38 42
12139,2024-06-05,4 18 22 40 41 44
12140,2024-06-05,2 10 12 26 27 29
12141,2024-06-05,4 12 13 24 30 40
12142,2024-06-05,17 21 36 40 44 45
12143,2024-06-05,21 22 27 30 41 43
12144,2024-06-05,2 6 7 31 36 44
12145,2024-06-06,7 10 11 16 35 40
12146,2024-06-06,4 7 25 30 34 43
12147,2024-06-06,8 14 19 27 32 34
12148,2024-06-06,10 13 14 26 32 35
12149,2024-06-06,3 8 11 30 33 36
12150,2024-06-06,3 10 19 24 37 42
12151,2024-06-06,10 24 28 36 37 44
12152,2024-06-07,2 3 7 10 11 41
12153,2024-06-07,8 14 23 26 32 40
12154,2024-06-07,4 9 17 29 31 41
12155,2024-06-07,3 13 23 24 30 44
12156,2024-06-07,6 17 21 28 37 41
12157,2024-06-07,1 6 16 19 31 39
12158,2024-06-07,15 21 27 28 30 37
12159,2024-06-08,9 11 20 21 33 43
12160,2024-06-08,2 3 30 31 38 44
12161,2024-06-08,6 14 15 22 33 35
12162,2024-06-08,4 6 18 34 41 44
12163,2024-06-08,6 17 23 26 29 33
12164,2024-06-08,5 6 8 22 23 30
12165,2024-06-08,9 14 27 28 36 44
12166,2024-06-09,9 12 25 31 38 39
12167,2024-06-09,12 14 22 24 28 29
12168,2024-06-09,8 10 35 36 37 45
12169,2024-06-09,7 24 28 43 44 45
12170,2024-06-09,14 20 22 23 29 42
12171,2024-06-09,1 3 13 21 30 34
12172,2024-06-09,4 12 15 31 42 43
12173,2024-06-10,8 13 18 22 26 44
12174,2024-06-10,11 18 22 34 38 44
12175,2024-06-10,5 9 15 28 43 45
12176,2024-06-10,16 18 27 28 31 44
12177,2024-06-10,2 5 11 31 33 36
12178,2024-06-10,10 16 19 27 28 30
12179,2024-06-10,3 15 22 33 37 43
12180,2024-06-11,15 17 23 34 36 41
12181,2024-06-11,1 6 23 34 35 36
12182,2024-06-11,5 6 7 26 30 45
12183,2024-06-11,6 8 13 17 26 29
12184,2024-06-11,10 18 25 34 35 41
12185,2024-06-11,1 26 33 39 40 45
12186,2024-06-11,5 6 8 25 35 37
12187,2024-06-12,23 25 32 33 34 37
12188,2024-06-12,9 15 20 25 32 45
12189,2024-06-12,9 11 17 28 31 45
12190,2024-06-12,3 10 23 35 36 41
12191,2024-06-12,4 14 21 26 34 42
12192,2024-06-12,1 6 9 12 40 42
12193,2024-06-12,26 28 33 35 36 38
12194,2024-06-13,3 15 27 28 36 43
12195,2024-06-13,8 10 22 36 37 45
12196,2024-06-13,12 14 16 22 28 38
12197,2024-06-13,6 23 27 33 35 40
12198,2024-06-13,7 13 22 30 38 41
12199,2024-06-13,6 7 14 36 38 44
12200,2024-06-13,10 19 33 37 39 44
12201,2024-06-14,3 11 27 36 39 41
12202,2024-06-14,1 6 10 13 17 18
12203,2024-06-14,9 11 14 16 28 33
12204,2024-06-14,2 13 19 30 43 45
12205,2024-06-14,20 21 25 27 28 38
12206,2024-06-14,8 17 22 35 39 45
12207,2024-06-14,11 13 23 29 37 41
12208,2024-06-15,2 3 4 17 26 34
12209,2024-06-15,9 13 14 15 29 36
12210,2024-06-15,25 27 28 33 42 43
12211,2024-06-15,1 2 4 10 13 29
12212,2024-06-15,3 14 20 41 42 44
12213,2024-06-15,1 13 27 33 40 42
12214,2024-06-15,2 4 12 29 30 33
12215,2024-06-16,7 11 17 26 29 45
12216,2024-06-16,1 2 19 37 39 44
12217,2024-06-16,3 6 10 31 34 45
12218,2024-06-16,1 24 32 33 41 43
12219,2024-06-16,10 11 28 29 36 41
12220,2024-06-16,7 26 27 39 42 45
12221,2024-06-16,2 12 19 20 21 33
12222,2024-06-17,5 7 13 32 36 43
12223,2024-06-17,1 22 26 31 33 34
12224,2024-06-17,7 10 15 27 28 30
12225,2024-06-17,7 23 34 39 40 45
12226,2024-06-17,5 8 17 26 28 30
12227,2024-06-17,6 7 16 35 39 41
12228,2024-06-17,1 8 25 26 31 39
12229,2024-06-18,15 21 25 29 31 33
12230,2024-06-18,1 5 7 28 35 41
12231,2024-06-18,1 31 33 34 42 45
12232,2024-06-18,18 20 36 43 44 45
12233,2024-06-18,1 6 7 21 36 37
12234,2024-06-18,8 10 14 16 32 35
12235,2024-06-18,14 17 23 25 27 42
12236,2024-06-19,3 11 12 30 35 42
12237,2024-06-19,3 7 14 18 23 31
12238,2024-06-19,10 13 14 24 29 32
12239,2024-06-19,7 13 14 17 35 43
12240,2024-06-19,3 4 9 27 34 45
12241,2024-06-19,10 22 25 32 41 42
12242,2024-06-19,10 22 23 24 37 41
12243,2024-06-20,3 7 17 23 34 36
12244,2024-06-20,8 17 22 23 33 35
12245,2024-06-20,2 8 22 23 30 31
12246,2024-06-20,6 21 22 31 36 40
12247,2024-06-20,21 25 32 36 38 43
12248,2024-06-20,12 17 19 31 36 42
12249,2024-06-20,7 19 22 35 42 43
12250,2024-06-21,18 19 23 33 36 42
12251,2024-06-21,6 17 20 26 31 38
12252,2024-06-21,10 16 22 25 29 34
12253,2024-06-21,2 6 23 25 28 33
12254,2024-06-21,2 9 25 28 40 41
12255,2024-06-21,2 4 9 29 34 38
12256,2024-06-21,1 2 20 24 29 32
12257,2024-06-22,6 14 25 42 44 45
12258,2024-06-22,2 4 7 18 24 44
12259,2024-06-22,7 13 15 17 26 35
12260,2024-06-22,16 20 24 25 36 41
12261,2024-06-22,17 24 27 28 30 37
12262,2024-06-22,10 13 17 18 34 35
12263,2024-06-22,4 5 9 14 18 23
12264,2024-06-23,1 6 12 18 26 28
12265,2024-06-23,10 12 13 16 24 40
12266,2024-06-23,3 9 11 15 29 31
12267,2024-06-23,1 6 9 25 26 40
12268,2024-06-23,9 11 15 22 27 41
12269,2024-06-23,18 20 23 25 28 42
12270,2024-06-23,23 32 33 38 39 45
12271,2024-06-24,10 12 20 23 24 43
12272,2024-06-24,4 11 21 34 37 41
12273,2024-06-24,5 8 9 17 26 28
12274,2024-06-24,1 12 16 36 38 44
12275,2024-06-24,5 8 11 18 25 28
12276,2024-06-24,2 6 13 19 35 44
12277,2024-06-24,6 13 27 29 33 35
12278,2024-06-25,1 8 26 33 38 42
12279,2024-06-25,2 15 23 30 44 45
12280,2024-06-25,5 12 14 15 27 35
12281,2024-06-25,5 11 20 30 41 42
12282,2024-06-25,7 9 11 23 28 33
12283,2024-06-25,6 9 10 18 23 36
12284,2024-06-25,1 18 23 27 40 43
12285,2024-06-26,1 5 8 30 31 44
12286,2024-06-26,30 32 33 35 36 45
12287,2024-06-26,9 29 31 34 41 44
12288,2024-06-26,3 6 18 29 38 43
12289,2024-06-26,13 28 29 30 35 39
12290,2024-06-26,9 11 18 21 25 36
12291,2024-06-26,4 11 22 25 34 38
12292,2024-06-27,18 19 27 28 35 40
12293,2024-06-27,2 9 10 11 15 19
12294,2024-06-27,2 14 19 32 37 42
12295,2024-06-27,6 13 25 26 30 31
12296,2024-06-27,4 7 18 22 26 31
12297,2024-06-27,4 9 19 26 29 41
12298,2024-06-27,4 17 24 32 35 36
12299,2024-06-28,2 12 13 29 43 45
12300,2024-06-28,13 22 24 25 30 41
12301,2024-06-28,3 4 20 22 33 34
12302,2024-06-28,2 11 20 28 43 45
12303,2024-06-28,6 7 9 14 17 37
12304,2024-06-28,1 18 21 33 35 42
12305,2024-06-28,2 20 29 39 40 43
12306,2024-06-29,3 5 14 22 34 40
12307,2024-06-29,15 28 31 32 40 42
12308,2024-06-29,8 10 12 15 36 43
12309,2024-06-29,1 13 15 19 27 34
12310,2024-06-29,6 14 22 26 43 45
12311,2024-06-29,3 4 10 24 32 34
12312,2024-06-29,1 2 4 12 17 32
12313,2024-06-30,13 16 23 33 35 41
12314,2024-06-30,6 10 20 22 27 43
12315,2024-06-30,6 7 13 23 39 40
12316,2024-06-30,3 8 14 28 34 38
12317,2024-06-30,5 10 14 15 22 24
12318,2024-06-30,8 24 29 33 40 42
12319,2024-06-30,4 12 14 25 33 40
12320,2024-07-01,4 10 14 17 24 36
12321,2024-07-01,9 14 21 24 33 37
12322,2024-07-01,6 9 16 21 24 25
12323,2024-07-01,2 9 18 29 31 34
12324,2024-07-01,7 20 23 25 35 38
12325,2024-07-01,7 9 11 14 21 33
12326,2024-07-01,6 9 18 19 22 32
12327,2024-07-02,24 32 33 34 36 42
12328,2024-07-02,11 22 26 35 42 43
12329,2024-07-02,15 16 23 35 40 42
12330,2024-07-02,16 17 24 29 34 36
12331,2024-07-02,7 16 38 41 43 45
12332,2024-07-02,15 17 22 32 35 38
12333,2024-07-02,4 17 26 35 37 45
12334,2024-07-03,11 14 16 17 23 26
12335,2024-07-03,9 13 16 25 31 43
12336,2024-07-03,2 4 8 25 29 30
12337,2024-07-03,3 6 17 18 24 29
12338,2024-07-03,25 29 31 32 38 42
12339,2024-07-03,14 17 26 39 44 45
12340,2024-07-04,6 8 19 30 35 37
12341,2024-07-04,11 14 15 19 23 38
12342,2024-07-04,1 21 39 43 44 45
12343,2024-07-04,9 12 22 24 28 39
12344,2024-07-04,6 7 10 17 21 33
12345,2024-07-04,4 12 22 28 36 43
12346,2024-07-05,1 12 23 25 34 43
12347,2024-07-05,10 20 21 24 29 40
12348,2024-07-05,5 6 25 33 37 39
12349,2024-07-05,15 16 23 29 36 37
12350,2024-07-05,15 18 19 23 25 41
12351,2024-07-05,1 17 21 22 28 29
12352,2024-07-06,12 19 28 33 40 42
12353,2024-07-06,8 9 23 26 39 45
12354,2024-07-06,2 5 14 18 19 36
12355,2024-07-06,5 10 38 39 41 45
12356,2024-07-06,2 19 24 25 30 36
12357,2024-07-06,7 10 17 18 24 45
12358,2024-07-07,12 18 23 26 29 38
12359,2024-07-07,4 6 15 21 28 34
12360,2024-07-07,7 12 17 19 29 45
12361,2024-07-07,4 23 24 34 40 44
12362,2024-07-07,2 20 21 23 35 41
12363,2024-07-07,8 14 15 23 29 37
12364,2024-07-08,4 7 14 15 22 44
12365,2024-07-08,22 25 26 27 35 38
12366,2024-07-08,8 9 24 31 33 40
12367,2024-07-08,20 23 24 30 38 44
12368,2024-07-08,8 12 24 28 29 42
12369,2024-07-08,1 8 9 13 29 37
12370,2024-07-09,2 10 16 18 26 45
12371,2024-07-09,3 9 13 22 35 45
12372,2024-07-09,3 11 26 30 31 34
12373,2024-07-09,5 26 35 38 41 44
12374,2024-07-14,3 11 16 17 18 22
12375,2024-07-14,5 19 31 36 39 44
12376,2024-07-15,13 30 31 36 37 40
12377,2024-07-15,4 19 29 31 35 45
12378,2024-07-15,23 34 37 40 42 43
12379,2024-07-15,4 6 11 22 25 45
12380,2024-07-15,5 11 22 28 35 45
12381,2024-07-15,5 8 15 26 34 39
12382,2024-07-16,6 8 10 20 22 27
12383,2024-07-16,3 26 31 32 39 40
12384,2024-07-16,4 6 21 23 24 40
12385,2024-07-16,7 17 23 35 42 45
12386,2024-07-16,19 21 24 29 39 44
12387,2024-07-16,6 11 13 25 32 34
12388,2024-07-17,10 23 28 29 33 39
12389,2024-07-17,2 3 6 7 37 38
12390,2024-07-17,6 11 24 25 34 37
12391,2024-07-17,9 10 19 23 40 41
12392,2024-07-17,4 12 14 26 34 39
12393,2024-07-17,8 9 21 25 39 40
12394,2024-07-18,3 4 6 8 18 19
12395,2024-07-18,2 11 18 27 36 41
12396,2024-07-18,5 10 22 34 38 42
12397,2024-07-18,8 19 22 26 31 37
12398,2024-07-18,5 9 21 31 32 34
12399,2024-07-18,2 10 18 31 37 43
12400,2024-07-19,13 18 24 27 34 41
12401,2024-07-19,8 17 29 30 35 44
12402,2024-07-19,1 10 11 15 19 20
12403,2024-07-19,5 19 23 25 39 40
12404,2024-07-19,1 3 12 20 31 38
12405,2024-07-19,16 17 20 21 36 45
12406,2024-07-20,14 26 29 30 31 41
12407,2024-07-20,7 12 16 21 27 44
12408,2024-07-20,5 7 10 13 27 28
12409,2024-07-20,3 24 34 35 40 41
12410,2024-07-20,7 14 20 24 36 37
12411,2024-07-20,3 10 21 33 34 37
12412,2024-07-21,11 25 31 35 39 43
12413,2024-07-21,5 22 30 39 40 43
12414,2024-07-21,1 11 23 24 36 43
12415,2024-07-21,3 8 15 19 21 40
12416,2024-07-21,2 7 23 24 29 35
12417,2024-07-21,18 19 26 32 34 41
12418,2024-07-22,3 4 11 23 37 45
12419,2024-07-22,10 14 30 31 42 43
12420,2024-07-22,16 35 36 38 39 41
12421,2024-07-22,10 18 19 21 31 35
12422,2024-07-22,3 6 12 16 22 27
12423,2024-07-22,1 8 11 17 23 31
12424,2024-07-23,9 15 22 25 30 44
12425,2024-07-23,18 21 26 28 33 43
12426,2024-07-23,15 23 24 34 36 38
12427,2024-07-23,15 17 28 32 36 44
12428,2024-07-23,2 3 6 29 31 42
12429,2024-07-23,6 14 23 24 27 43
12430,2024-07-24,2 15 16 28 31 38
12431,2024-07-24,3 14 16 19 25 42
12432,2024-07-24,18 20 35 36 40 42
12433,2024-07-24,1 5 13 14 27 37
12434,2024-07-24,8 9 11 17 27 38
12435,2024-07-24,4 5 11 25 26 45
12436,2024-07-25,3 4 21 25 36 44
12437,2024-07-25,14 15 24 27 33 42
12438,2024-07-25,5 7 14 18 20 33
12439,2024-07-25,6 10 11 23 41 42
12440,2024-07-25,3 16 20 32 33 41
12441,2024-07-25,11 16 18 27 33 41
12442,2024-07-26,3 11 28 41 42 44
12443,2024-07-26,6 10 28 33 37 41
12444,2024-07-26,1 10 12 25 39 42
12445,2024-07-26,8 10 17 18 21 25
12446,2024-07-26,3 10 22 25 34 35
12447,2024-07-26,6 8 13 18 28 37
12448,2024-07-27,3 22 29 35 40 44
12449,2024-07-27,6 12 14 18 20 26
12450,2024-07-27,8 17 25 27 30 31
12451,2024-07-27,2 5 12 24 30 32
12452,2024-07-27,16 25 26 31 33 40
12453,2024-07-27,5 7 15 19 22 36
12454,2024-07-28,4 13 15 18 24 45
12455,2024-07-28,1 3 4 18 21 24
12456,2024-07-28,15 21 28 38 39 43
12457,2024-07-28,3 6 20 37 38 39
12458,2024-07-28,8 9 13 17 31 42
12459,2024-07-28,5 6 14 16 33 43
12460,2024-07-29,1 2 4 8 30 40
12461,2024-07-29,8 12 13 24 27 45
12462,2024-07-29,10 19 21 23 34 38
12463,2024-07-29,14 16 30 37 41 42
12464,2024-07-29,15 24 29 30 31 40
12465,2024-07-29,3 8 14 35 44 45
12466,2024-07-30,3 7 18 27 31 44
12467,2024-07-30,3 6 10 18 36 41
12468,2024-07-30,10 23 33 34 43 44
12469,2024-07-30,1 7 10 22 24 38
12470,2024-07-30,2 4 20 22 27 31
12471,2024-07-30,2 20 26 39 42 45
12472,2024-07-31,6 24 27 28 32 41
12473,2024-07-31,5 7 21 27 35 36
12474,2024-07-31,1 2 14 27 29 32
12475,2024-07-31,12 21 22 25 37 40
12476,2024-07-31,8 12 20 23 27 30
12477,2024-07-31,6 7 9 25 36 45
12478,2024-08-01,3 10 19 21 29 38
12479,2024-08-01,2 5 10 23 28 37
12480,2024-08-01,7 15 21 26 33 45
12481,2024-08-01,2 7 15 17 42 45
12482,2024-08-01,13 22 23 26 29 45
12483,2024-08-01,7 8 19 21 27 35
12484,2024-08-02,3 5 17 21 40 41
12485,2024-08-02,3 7 15 28 38 44
12486,2024-08-02,7 13 19 22 36 45
12487,2024-08-02,6 10 12 22 36 42
12488,2024-08-02,2 4 9 24 36 44
12489,2024-08-02,3 8 20 34 35 42
12490,2024-08-03,6 12 27 29 39 42
12491,2024-08-03,4 5 7 18 35 41
12492,2024-08-03,4 6 13 15 22 28
12493,2024-08-03,9 17 18 39 43 45
12494,2024-08-03,2 3 12 17 30 36
12495,2024-08-03,8 10 31 33 36 42
12496,2024-08-04,4 9 12 29 30 37
12497,2024-08-04,3 6 8 21 33 41
12498,2024-08-04,3 22 25 31 34 45
12499,2024-08-04,15 20 23 26 42 44
12500,2024-08-04,4 5 12 16 25 35
12501,2024-08-04,13 14 26 37 39 41
12502,2024-08-05,6 9 17 20 30 32
12503,2024-08-05,3 4 23 26 37 40
12504,2024-08-05,9 12 24 25 35 43
12505,2024-08-05,5 6 20 22 28 30
12506,2024-08-05,14 19 24 34 42 43
12507,2024-08-05,2 4 26 28 39 42
12508,2024-08-06,16 17 21 26 28 41
12509,2024-08-06,2 28 29 30 32 38
12510,2024-08-06,6 8 15 18 29 34
12511,2024-08-06,1 3 10 32 43 45
12512,2024-08-06,4 5 6 11 37 40
12513,2024-08-06,2 12 18 32 39 45
12514,2024-08-07,3 6 17 21 23 30
12515,2024-08-07,15 26 33 38 39 42
12516,2024-08-07,1 7 8 13 24 25
12517,2024-08-07,9 15 30 35 42 44
12518,2024-08-07,2 6 7 17 23 35
12519,2024-08-07,1 8 12 26 33 35
12520,2024-08-08,10 12 13 17 32 37
12521,2024-08-08,1 3 4 11 25 28
12522,2024-08-08,5 14 30 41 42 44
12523,2024-08-08,13 16 30 32 37 40
12524,2024-08-08,15 18 19 22 31 38
12525,2024-08-08,8 20 37 38 40 44
12526,2024-08-09,8 20 32 42 43 45
12527,2024-08-09,7 32 36 39 40 45
12528,2024-08-09,2 3 8 23 29 32
12529,2024-08-09,5 10 24 40 41 44
12530,2024-08-09,17 19 23 32 34 45
12531,2024-08-09,4 10 19 25 27 45
12532,2024-08-10,4 6 11 40 41 43
12533,2024-08-10,12 16 19 29 34 39
12534,2024-08-10,11 18 23 29 31 40
12535,2024-08-10,19 20 23 29 31 37
12536,2024-08-10,1 2 4 23 28 34
12537,2024-08-10,4 5 10 16 20 26
12538,2024-08-11,4 11 19 23 27 44
12539,2024-08-11,3 5 21 39 41 43
12540,2024-08-11,5 11 23 25 32 36
12541,2024-08-11,7 22 27 29 34 43
12542,2024-08-11,2 10 23 32 36 42
12543,2024-08-11,12 13 29 37 38 40
12544,2024-08-12,16 20 22 36 37 44
12545,2024-08-12,4 16 25 27 40 43
12546,2024-08-12,6 16 23 31 35 37
12547,2024-08-12,11 32 39 42 43 44
12548,2024-08-12,1 2 9 15 36 44
12549,2024-08-12,3 7 15 23 32 40
12550,2024-08-13,10 22 24 29 34 37
12551,2024-08-13,3 7 14 16 25 39
12552,2024-08-13,3 12 17 33 38 44
12553,2024-08-13,2 11 13 16 31 42
12554,2024-08-13,2 13 22 40 44 45
12555,2024-08-13,6 8 10 14 15 40
12556,2024-08-14,9 18 26 27 35 37
12557,2024-08-14,1 8 13 24 32 40
12558,2024-08-14,14 23 26 30 32 37
12559,2024-08-14,3 8 10 14 15 25
12560,2024-08-14,5 6 20 26 34 36
12561,2024-08-14,5 6 11 14 31 32
12562,2024-08-15,8 12 17 24 25 36
12563,2024-08-15,6 12 15 33 41 42
12564,2024-08-15,9 14 15 22 25 40
12565,2024-08-15,6 20 21 23 24 45
12566,2024-08-15,2 7 9 17 32 40
12567,2024-08-15,7 8 24 28 35 39
12568,2024-08-16,11 25 26 34 37 39
12569,2024-08-16,23 25 29 32 37 39
12570,2024-08-16,19 23 25 39 42 43
12571,2024-08-16,11 12 19 20 24 42
12572,2024-08-16,3 14 17 18 22 28
12573,2024-08-16,14 21 23 28 36 37
12574,2024-08-17,4 6 12 13 23 28
12575,2024-08-17,7 8 11 32 34 36
12576,2024-08-17,1 5 15 17 25 35
12577,2024-08-17,5 9 12 17 23 27
12578,2024-08-17,13 21 22 24 30 44
12579,2024-08-17,3 5 18 19 24 45
12580,2024-08-18,16 20 24 25 28 39
12581,2024-08-18,10 13 25 31 34 39
12582,2024-08-18,7 13 24 27 35 39
12583,2024-08-18,2 12 25 33 34 39
12584,2024-08-18,3 29 33 36 39 44
12585,2024-08-18,3 20 25 36 40 41
12586,2024-08-19,3 13 17 18 30 37
12587,2024-08-19,5 12 23 33 37 45
12588,2024-08-19,11 12 24 29 40 41
12589,2024-08-19,8 14 20 31 41 45
12590,2024-08-19,1 3 4 8 25 37
12591,2024-08-19,2 8 9 24 25 41
12592,2024-08-20,11 15 26 30 33 41
12593,2024-08-20,3 9 20 23 24 33
12594,2024-08-20,20 21 31 37 42 43
12595,2024-08-20,2 10 13 18 32 37
12596,2024-08-20,10 12 29 34 44 45
12597,2024-08-20,11 20 21 24 25 33
12598,2024-08-21,15 17 26 29 42 45
12599,2024-08-21,3 12 15 17 27 35
12600,2024-08-21,2 13 14 22 29 39
12601,2024-08-21,13 19 32 38 39 41
12602,2024-08-21,19 23 26 30 31 41
12603,2024-08-21,10 11 21 30 31 34
12604,2024-08-22,2 22 25 38 42 45
12605,2024-08-22,2 15 28 32 33 40
12606,2024-08-22,4 6 9 22 28 38
12607,2024-08-22,9 13 19 20 22 45
12608,2024-08-22,9 15 28 31 32 40
12609,2024-08-22,18 22 31 36 37 39
12610,2024-08-23,7 21 30 31 38 43
12611,2024-08-23,7 13 19 21 24 37
12612,2024-08-23,5 20 25 40 42 44
12613,2024-08-23,14 28 31 32 36 37
12614,2024-08-23,10 15 18 24 30 45
12615,2024-08-23,5 17 28 32 35 40
12616,2024-08-24,1 24 26 30 31 33
12617,2024-08-24,8 12 26 33 36 39
12618,2024-08-24,8 13 33 41 42 45
12619,2024-08-24,16 24 28 38 43 45
12620,2024-08-24,7 11 28 31 44 45
12621,2024-08-24,8 10 22 26 37 45
12622,2024-08-25,1 7 26 29 33 35
12623,2024-08-25,13 19 27 37 38 43
12624,2024-08-25,5 11 20 23 37 43
12625,2024-08-25,3 7 11 24 37 45
12626,2024-08-25,3 16 23 30 31 41
12627,2024-08-25,3 14 17 20 30 45
12628,2024-08-26,4 15 20 31 40 43
12629,2024-08-26,4 14 19 22 26 33
12630,2024-08-26,3 14 26 27 36 39
12631,2024-08-26,4 5 6 23 30 44
12632,2024-08-26,18 19 28 29 30 35
12633,2024-08-26,5 22 24 29 32 38
12634,2024-08-27,2 10 13 16 35 37
12635,2024-08-27,6 8 9 13 28 45
12636,2024-08-27,10 22 27 32 43 45
12637,2024-08-27,8 23 24 36 42 43
12638,2024-08-27,2 7 13 14 21 28
12639,2024-08-27,5 8 18 20 21 23
12640,2024-08-28,1 4 6 17 31 38
12641,2024-08-28,2 3 8 20 31 35
12642,2024-08-28,8 10 25 29 32 35
12643,2024-08-28,2 9 26 29 30 44
12644,2024-08-28,1 25 33 34 36 40
12645,2024-08-28,1 8 9 17 18 45
12646,2024-08-29,7 14 31 32 34 39
12647,2024-08-29,5 12 13 22 26 39
12648,2024-08-29,2 5 17 19 23 41
12649,2024-08-29,1 15 17 22 36 40
12650,2024-08-29,11 30 32 38 44 45
12651,2024-08-29,1 4 9 12 22 37
12652,2024-08-30,7 16 17 38 39 45
12653,2024-08-30,9 22 25 29 41 43
12654,2024-08-30,4 16 19 33 37 41
12655,2024-08-30,8 14 21 28 34 36
12656,2024-08-30,12 18 23 24 28 38
12657,2024-08-30,4 6 25 29 41 44
12658,2024-08-31,12 18 24 35 36 37
12659,2024-08-31,6 12 23 30 38 40
12660,2024-08-31,18 24 31 33 43 44
12661,2024-08-31,1 6 7 23 31 36
12662,2024-08-31,10 13 18 26 32 42
12663,2024-08-31,8 17 20 21 25 33
12664,2024-09-01,15 27 33 34 36 43
12665,2024-09-01,11 15 32 35 41 42
12666,2024-09-01,3 9 10 23 28 38
12667,2024-09-01,14 20 23 26 40 45
12668,2024-09-01,3 4 18 27 33 37
12669,2024-09-01,9 21 24 25 37 43
12670,2024-09-02,9 14 19 21 22 32
12671,2024-09-02,4 8 11 38 42 44
12672,2024-09-02,8 9 17 21 28 43
12673,2024-09-02,19 23 31 33 37 45
12674,2024-09-02,2 4 8 36 38 41
12675,2024-09-02,2 7 19 25 43 44
12676,2024-09-02,13 15 25 28 44 45
12677,2024-09-03,3 6 18 26 29 41
12678,2024-09-03,4 11 15 18 40 44
12679,2024-09-03,3 4 16 17 26 37
12680,2024-09-03,7 8 29 37 39 43
12681,2024-09-03,7 11 13 27 28 43
12682,2024-09-03,5 13 15 21 40 41
12683,2024-09-03,10 21 27 31 32 33
12684,2024-09-04,7 24 32 35 41 45
12685,2024-09-04,1 10 12 16 19 41
12686,2024-09-04,17 23 25 33 38 45
12687,2024-09-04,1 14 17 19 34 41
12688,2024-09-04,2 6 12 17 33 43
12689,2024-09-04,1 5 24 28 29 38
12690,2024-09-05,3 8 9 32 40 44
12691,2024-09-05,4 6 23 24 25 44
12692,2024-09-05,6 16 21 26 27 31
12693,2024-09-05,20 27 34 36 37 44
12694,2024-09-05,2 8 11 12 30 37
12695,2024-09-05,1 7 14 20 25 33
12696,2024-09-05,6 7 9 22 33 42
12697,2024-09-06,1 2 4 8 27 37
12698,2024-09-06,5 6 12 24 33 41
12699,2024-09-06,5 6 16 35 36 44
12700,2024-09-06,8 19 24 28 44 45
12701,2024-09-06,1 11 15 22 30 43
12702,2024-09-06,5 15 18 26 37 42
12703,2024-09-06,7 9 18 27 28 41
12704,2024-09-07,5 8 14 21 24 40
12705,2024-09-07,7 19 21 25 37 43
12706,2024-09-07,16 18 32 34 35 42
12707,2024-09-07,4 9 11 31 37 40
12708,2024-09-07,4 19 25 27 38 41
12709,2024-09-07,5 10 21 32 38 41
12710,2024-09-07,6 8 10 15 22 37
12711,2024-09-08,3 6 11 15 27 38
12712,2024-09-08,13 15 29 37 38 41
12713,2024-09-08,1 6 17 23 38 45
12714,2024-09-08,1 6 9 13 32 40
12715,2024-09-08,15 26 37 38 41 44
12716,2024-09-08,6 10 13 16 40 42
12717,2024-09-08,4 5 7 13 25 45
12718,2024-09-09,14 21 28 38 40 43
12719,2024-09-09,9 12 30 33 38 40
12720,2024-09-09,7 14 26 28 34 44
12721,2024-09-09,5 6 13 19 29 31
12722,2024-09-09,1 15 17 25 32 44
12723,2024-09-09,3 18 23 37 42 45
12724,2024-09-09,13 25 30 34 39 40
12725,2024-09-10,5 6 17 23 33 34
12726,2024-09-10,4 5 15 23 28 45
12727,2024-09-10,8 9 25 28 37 45
12728,2024-09-10,7 21 25 26 30 31
12729,2024-09-10,6 11 23 29 35 40
12730,2024-09-10,19 30 33 37 41 43
12731,2024-09-10,4 13 26 27 31 38
12732,2024-09-11,3 14 15 26 34 44
12733,2024-09-11,1 12 19 20 25 44
12734,2024-09-11,6 10 22 32 33 39
12735,2024-09-11,3 13 19 21 36 37
12736,2024-09-11,14 15 16 34 39 40
12737,2024-09-11,2 7 8 24 32 38
12738,2024-09-12,3 8 10 11 20 28
12739,2024-09-12,6 29 31 39 43 44
12740,2024-09-12,13 15 21 27 32 34
12741,2024-09-12,8 11 13 17 18 29
12742,2024-09-12,4 11 16 26 31 36
12743,2024-09-12,9 13 27 31 39 42
12744,2024-09-12,9 11 13 28 29 31
12745,2024-09-13,4 22 25 26 34 41
12746,2024-09-13,4 14 17 19 31 45
12747,2024-09-13,4 7 13 18 23 36
12748,2024-09-13,12 15 19 31 34 38
12749,2024-09-13,3 4 9 17 19 32
12750,2024-09-13,8 21 31 32 34 41
12751,2024-09-13,2 12 15 18 27 37
12752,2024-09-14,21 23 24 30 32 41
12753,2024-09-14,2 4 20 36 40 44
12754,2024-09-14,9 21 24 33 42 45
12755,2024-09-14,10 14 22 25 27 42
12756,2024-09-14,8 9 29 30 34 35
12757,2024-09-14,3 5 15 20 44 45
12758,2024-09-14,1 6 20 29 30 34
12759,2024-09-15,10 16 29 30 36 44
12760,2024-09-15,2 7 10 31 35 45
12761,2024-09-15,14 16 24 33 38 39
12762,2024-09-15,3 21 23 26 31 32
12763,2024-09-15,3 6 11 22 28 41
12764,2024-09-15,13 17 19 26 33 42
12765,2024-09-15,4 9 25 28 38 41
12766,2024-09-16,1 2 7 8 17 18
12767,2024-09-16,10 21 27 31 44 45
12768,2024-09-16,1 9 20 25 26 40
12769,2024-09-16,13 19 36 37 38 45
12770,2024-09-16,11 19 23 28 32 35
12771,2024-09-16,2 7 17 20 21 35
12772,2024-09-16,3 21 25 28 34 42
12773,2024-09-17,4 11 30 34 37 40
12774,2024-09-17,1 8 10 21 29 43
12775,2024-09-17,18 24 35 37 43 45
12776,2024-09-17,11 20 21 31 32 39
12777,2024-09-17,6 14 15 32 38 42
12778,2024-09-17,3 19 21 26 33 45
12779,2024-09-17,1 2 9 32 35 43
12780,2024-09-18,8 12 14 16 28 30
12781,2024-09-18,17 27 30 31 38 44
12782,2024-09-18,16 18 21 22 38 39
12783,2024-09-18,7 11 13 23 24 33
12784,2024-09-18,13 28 32 34 35 38
12785,2024-09-18,1 16 38 42 43 44
12786,2024-09-19,2 10 27 32 39 42
12787,2024-09-19,15 31 36 37 38 44
12788,2024-09-19,1 9 10 11 21 27
12789,2024-09-19,2 13 17 27 33 42
12790,2024-09-19,6 19 28 35 37 38
12791,2024-09-19,4 7 8 20 27 29
12792,2024-09-19,7 12 13 26 30 32
12793,2024-09-20,6 21 27 31 36 44
12794,2024-09-20,3 5 11 14 16 29
12795,2024-09-20,2 7 13 29 31 38
12796,2024-09-20,6 13 21 30 35 43
12797,2024-09-20,7 9 32 36 43 45
12798,2024-09-20,5 22 28 32 33 37
12799,2024-09-20,3 9 27 29 31 41
12800,2024-09-21,14 17 21 22 25 36
12801,2024-09-21,5 6 12 29 35 36
12802,2024-09-21,3 5 6 10 15 30
12803,2024-09-21,5 14 16 17 36 45
12804,2024-09-21,6 21 25 30 35 40
12805,2024-09-21,1 4 7 13 31 43
12806,2024-09-21,6 7 10 21 23 27
12807,2024-09-22,9 30 33 37 38 40
12808,2024-09-22,4 11 20 29 40 43
12809,2024-09-22,6 8 10 19 20 34
12810,2024-09-22,6 18 25 28 30 32
12811,2024-09-22,6 35 36 40 41 42
12812,2024-09-22,8 15 18 20 39 45
12813,2024-09-22,3 13 21 24 28 35
12814,2024-09-23,4 18 25 28 31 36
12815,2024-09-23,4 13 20 27 39 43
12816,2024-09-23,6 8 18 26 33 38
12817,2024-09-23,4 9 18 24 27 44
12818,2024-09-23,7 21 24 28 30 40
12819,2024-09-23,4 6 16 26 29 39
12820,2024-09-23,6 11 13 14 17 20
12821,2024-09-24,10 18 20 21 25 29
12822,2024-09-24,4 5 32 34 36 41
12823,2024-09-24,14 23 28 39 43 45
12824,2024-09-24,9 12 34 38 39 43
12825,2024-09-24,2 16 17 27 41 44
12826,2024-09-24,5 8 16 37 43 44
12827,2024-09-24,3 14 17 32 38 44
12828,2024-09-25,11 12 18 23 31 44
12829,2024-09-25,4 8 13 22 25 38
12830,2024-09-25,14 15 18 27 33 45
12831,2024-09-25,5 6 14 39 42 44
12832,2024-09-25,9 11 14 16 39 45
12833,2024-09-25,7 22 26 27 36 42
12834,2024-09-26,7 17 28 31 38 45
12835,2024-09-26,3 11 25 30 36 38
12836,2024-09-26,7 20 23 24 38 43
12837,2024-09-26,4 10 31 33 42 45
12838,2024-09-26,8 14 22 24 31 38
12839,2024-09-26,21 23 26 31 33 44
12840,2024-09-26,17 32 33 39 40 45
12841,2024-09-27,5 15 18 31 37 41
12842,2024-09-27,7 10 28 31 32 44
12843,2024-09-27,3 10 14 21 31 37
12844,2024-09-27,9 16 23 32 40 45
12845,2024-09-27,6 7 10 20 21 37
12846,2024-09-27,4 10 11 22 30 39
12847,2024-09-27,4 15 19 20 23 32
12848,2024-09-28,7 18 21 35 41 44
12849,2024-09-28,28 32 33 35 37 44
12850,2024-09-28,14 21 38 39 40 42
12851,2024-09-28,10 13 25 33 36 45
12852,2024-09-28,2 9 18 26 36 44
12853,2024-09-28,4 8 12 30 35 44
12854,2024-09-28,17 21 23 27 40 45
12855,2024-09-29,5 9 10 19 22 23
12856,2024-09-29,12 13 18 32 41 42
12857,2024-09-29,4 10 20 22 24 26
12858,2024-09-29,7 14 32 35 43 45
12859,2024-09-29,3 5 9 19 28 43
12860,2024-09-29,5 8 17 21 33 39
12861,2024-09-29,1 2 14 30 40 45
12862,2024-09-30,1 5 18 36 42 43
12863,2024-09-30,7 10 23 31 37 40
12864,2024-09-30,9 18 20 33 44 45
12865,2024-09-30,19 20 25 27 28 32
12866,2024-09-30,13 15 30 31 35 41
12867,2024-09-30,9 11 15 23 30 42
12868,2024-09-30,6 22 31 40 43 45
12869,2024-10-01,4 9 20 29 36 45
12870,2024-10-01,5 10 15 19 20 29
12871,2024-10-01,1 2 12 16 23 35
12872,2024-10-01,6 9 20 32 40 45
12873,2024-10-01,5 16 17 19 34 39
12874,2024-10-01,1 5 13 17 19 29
12875,2024-10-01,13 18 19 20 27 28
12876,2024-10-02,6 7 24 26 29 41
12877,2024-10-02,5 12 15 18 21 36
12878,2024-10-02,8 11 22 23 24 32
12879,2024-10-02,12 20 31 34 36 37
12880,2024-10-02,1 2 12 15 29 34
12881,2024-10-02,14 15 18 20 23 39
12882,2024-10-03,15 26 27 31 36 45
12883,2024-10-03,13 18 24 26 39 40
12884,2024-10-03,3 6 15 33 38 45
12885,2024-10-03,11 13 14 15 23 28
12886,2024-10-03,2 4 7 9 19 44
12887,2024-10-03,3 27 35 37 38 45
12888,2024-10-03,2 12 20 28 38 43
12889,2024-10-04,3 15 24 26 42 45
12890,2024-10-04,6 10 12 35 37 45
12891,2024-10-04,2 7 18 23 27 33
12892,2024-10-04,4 8 10 12 22 41
12893,2024-10-04,13 14 22 28 35 42
12894,2024-10-04,20 21 27 34 37 38
12895,2024-10-04,4 7 12 20 27 32
12896,2024-10-05,13 23 24 29 33 45
12897,2024-10-05,4 10 16 17 25 42
12898,2024-10-05,2 4 18 24 26 43
12899,2024-10-05,11 23 27 29 30 34
12900,2024-10-05,4 10 11 25 26 34
12901,2024-10-05,9 13 24 25 29 39
12902,2024-10-05,3 14 15 21 31 40
12903,2024-10-06,6 10 27 35 39 40
12904,2024-10-06,12 14 20 26 38 45
12905,2024-10-06,3 8 15 28 29 37
12906,2024-10-06,1 8 23 26 29 35
12907,2024-10-06,10 12 19 26 31 34
12908,2024-10-06,3 6 7 8 19 41
12909,2024-10-06,5 19 26 28 37 44
12910,2024-10-07,6 26 30 38 42 44
12911,2024-10-07,9 10 19 27 29 35
12912,2024-10-07,19 20 21 25 26 32
12913,2024-10-07,4 10 17 18 36 39
12914,2024-10-07,9 15 21 37 39 44
12915,2024-10-07,20 23 28 29 40 44
12916,2024-10-07,5 8 12 22 26 32
12917,2024-10-08,14 15 30 38 41 44
12918,2024-10-08,1 8 14 33 35 42
12919,2024-10-08,20 38 40 42 43 44
12920,2024-10-08,4 24 29 40 43 44
12921,2024-10-08,7 10 20 22 25 36
12922,2024-10-08,5 23 24 35 39 45
12923,2024-10-08,4 21 27 28 32 36
12924,2024-10-09,6 12 28 36 38 44
12925,2024-10-09,12 13 22 28 37 40
12926,2024-10-09,10 17 25 32 34 43
12927,2024-10-09,9 10 19 25 26 29
12928,2024-10-09,5 19 23 27 30 42
12929,2024-10-09,2 10 14 27 34 35
12930,2024-10-10,5 10 14 37 38 40
12931,2024-10-10,18 23 28 29 42 45
12932,2024-10-10,2 3 17 22 30 33
12933,2024-10-10,3 20 29 30 39 41
12934,2024-10-10,3 18 23 25 33 39
12935,2024-10-10,11 14 20 34 35 44
12936,2024-10-10,2 11 15 22 33 44
12937,2024-10-11,5 7 23 27 37 43
12938,2024-10-11,7 11 14 21 29 37
12939,2024-10-11,5 7 9 12 17 24
12940,2024-10-11,3 16 25 33 34 39
12941,2024-10-11,4 8 19 22 35 40
12942,2024-10-11,5 19 28 37 40 43
12943,2024-10-11,8 24 29 36 39 42
12944,2024-10-12,2 7 15 32 38 45
12945,2024-10-12,9 12 19 22 32 34
12946,2024-10-12,6 14 36 38 41 44
12947,2024-10-12,4 5 10 26 38 44
12948,2024-10-12,3 5 13 14 20 21
12949,2024-10-12,4 13 18 28 30 31
12950,2024-10-12,1 7 8 15 17 34
12951,2024-10-13,1 6 14 21 26 35
12952,2024-10-13,2 3 9 10 14 32
12953,2024-10-13,16 19 24 34 38 39
12954,2024-10-13,2 8 11 23 27 41
12955,2024-10-13,12 20 25 33 36 37
12956,2024-10-13,9 17 23 26 39 44
12957,2024-10-13,19 20 26 31 40 43
12958,2024-10-14,3 22 28 30 41 42
12959,2024-10-14,2 3 4 6 37 42
12960,2024-10-14,14 17 23 27 29 37
12961,2024-10-14,7 16 31 35 37 41
12962,2024-10-14,7 15 29 30 36 42
12963,2024-10-14,19 21 22 25 32 34
12964,2024-10-14,1 2 12 15 17 27
12965,2024-10-15,6 12 13 18 32 35
12966,2024-10-15,2 9 16 23 27 30
12967,2024-10-15,6 9 22 25 28 45
12968,2024-10-15,5 7 13 31 32 43
12969,2024-10-15,2 10 20 22 28 29
12970,2024-10-15,6 16 18 26 27 44
12971,2024-10-15,6 18 20 25 42 44
12972,2024-10-16,2 3 12 36 39 40
12973,2024-10-16,5 11 25 26 36 38
12974,2024-10-16,11 14 23 25 44 45
12975,2024-10-16,3 5 6 14 22 25
12976,2024-10-16,5 23 26 31 37 43
12977,2024-10-16,1 12 14 24 38 44
12978,2024-10-17,15 18 22 25 26 35
12979,2024-10-17,7 18 19 20 41 43
12980,2024-10-17,5 6 9 14 23 45
12981,2024-10-17,2 20 28 30 32 41
12982,2024-10-17,3 7 10 16 34 38
12983,2024-10-17,17 21 24 30 31 36
12984,2024-10-17,4 14 21 35 44 45
12985,2024-10-18,4 14 17 28 35 37
12986,2024-10-18,7 21 30 34 38 39
12987,2024-10-18,4 21 24 28 34 42
12988,2024-10-18,2 3 20 29 31 32
12989,2024-10-18,1 26 30 36 42 43
12990,2024-10-18,1 8 10 21 29 38
12991,2024-10-18,20 22 23 33 36 45
12992,2024-10-19,2 5 13 16 19 35
12993,2024-10-19,8 9 18 22 23 44
12994,2024-10-19,5 12 16 27 33 37
12995,2024-10-19,2 6 17 23 35 40
12996,2024-10-19,9 11 37 40 42 43
12997,2024-10-19,10 14 16 18 35 43
12998,2024-10-19,10 13 16 29 33 38
12999,2024-10-20,4 9 21 24 29 43
13000,2024-10-20,7 26 27 28 32 33
13001,2024-10-20,7 9 36 37 39 41
13002,2024-10-20,17 20 24 41 43 44
13003,2024-10-20,2 4 14 18 22 29
13004,2024-10-20,9 13 14 23 31 43
13005,2024-10-20,10 15 27 31 34 41
13006,2024-10-21,3 6 12 19 40 43
13007,2024-10-21,7 10 19 27 33 44
13008,2024-10-21,1 3 14 22 23 44
13009,2024-10-21,17 18 22 34 35 41
13010,2024-10-21,5 11 27 31 33 38
13011,2024-10-21,6 8 11 15 21 34
13012,2024-10-21,7 8 11 13 19 23
13013,2024-10-22,2 13 16 23 30 41
13014,2024-10-22,16 17 24 38 42 43
13015,2024-10-22,12 14 19 24 27 32
13016,2024-10-22,4 20 21 24 29 32
13017,2024-10-22,3 5 18 19 31 33
13018,2024-10-22,1 12 19 20 23 39
13019,2024-10-22,3 16 20 34 38 42
13020,2024-10-23,1 19 35 36 41 43
13021,2024-10-23,17 18 23 36 44 45
13022,2024-10-23,2 4 11 13 16 19
13023,2024-10-23,1 14 19 33 34 36
13024,2024-10-23,1 12 15 27 29 31
13025,2024-10-23,8 14 17 21 35 38
13026,2024-10-24,4 11 14 20 26 33
13027,2024-10-24,6 18 22 28 33 43
13028,2024-10-24,1 11 18 20 38 41
13029,2024-10-24,9 15 33 35 42 45
13030,2024-10-24,6 14 22 25 32 38
13031,2024-10-24,1 3 18 34 35 38
13032,2024-10-24,6 12 18 30 33 41
13033,2024-10-25,2 5 7 14 38 44
13034,2024-10-25,1 17 20 22 25 36
13035,2024-10-25,3 6 12 29 31 38
13036,2024-10-25,15 17 37 38 42 44
13037,2024-10-25,10 12 22 24 26 45
13038,2024-10-25,9 15 33 36 42 44
13039,2024-10-25,5 25 30 31 43 45
13040,2024-10-26,1 2 5 17 24 41
13041,2024-10-26,3 19 20 32 35 45
13042,2024-10-26,8 24 25 28 44 45
13043,2024-10-26,3 19 26 31 33 45
13044,2024-10-26,1 11 29 36 38 43
13045,2024-10-26,4 9 11 26 41 44
13046,2024-10-26,5 10 16 21 30 36
13047,2024-10-27,10 25 26 31 34 42
13048,2024-10-27,5 14 25 28 33 38
13049,2024-10-27,7 10 20 26 39 41
13050,2024-10-27,9 10 15 29 35 45
13051,2024-10-27,1 20 23 24 34 43
13052,2024-10-27,1 12 17 24 28 34
13053,2024-10-27,13 14 18 23 24 41
13054,2024-10-28,4 17 21 27 31 45
13055,2024-10-28,1 5 13 20 21 41
13056,2024-10-28,2 6 9 11 20 42
13057,2024-10-28,2 5 20 25 32 35
13058,2024-10-28,2 7 9 12 19 39
13059,2024-10-28,19 20 27 32 36 37
13060,2024-10-28,17 20 23 25 37 43
13061,2024-10-29,9 10 15 23 26 32
13062,2024-10-29,9 21 26 36 40 43
13063,2024-10-29,3 8 16 32 33 42
13064,2024-10-29,9 10 25 31 38 45
13065,2024-10-29,15 24 27 28 39 40
13066,2024-10-29,1 6 7 25 31 36
13067,2024-10-29,2 23 32 38 43 44
13068,2024-10-30,16 17 24 36 39 43
13069,2024-10-30,3 16 20 21 24 26
13070,2024-10-30,3 4 25 28 36 42
13071,2024-10-30,7 19 27 28 30 34
13072,2024-10-30,2 10 16 19 40 44
13073,2024-10-30,3 10 11 14 18 21
13074,2024-10-31,2 6 8 15 31 37
13075,2024-10-31,6 7 12 32 39 43
13076,2024-10-31,2 4 7 12 35 39
13077,2024-10-31,10 12 17 22 31 45
13078,2024-10-31,11 16 27 32 36 43
13079,2024-10-31,3 14 16 17 29 39
13080,2024-10-31,1 7 19 28 36 38
13081,2024-11-01,8 17 21 31 36 44
13082,2024-11-01,1 6 15 17 39 40
13083,2024-11-01,9 17 18 31 33 41
13084,2024-11-01,4 6 9 11 15 19
13085,2024-11-01,2 11 15 18 32 38
13086,2024-11-01,2 5 13 25 32 41
13087,2024-11-01,4 8 9 19 23 33
13088,2024-11-02,11 14 15 20 29 33
13089,2024-11-02,1 9 18 34 38 45
13090,2024-11-02,3 8 26 40 42 44
13091,2024-11-02,5 8 16 21 33 38
13092,2024-11-02,2 7 9 13 23 32
13093,2024-11-02,8 14 28 33 35 41
13094,2024-11-02,8 12 18 26 27 39
13095,2024-11-03,2 21 25 35 43 45
13096,2024-11-03,2 3 8 24 29 36
13097,2024-11-03,9 10 11 12 15 26
13098,2024-11-03,2 12 28 31 35 39
13099,2024-11-03,3 9 11 16 17 37
13100,2024-11-03,3 12 16 25 32 43
13101,2024-11-03,4 7 8 17 23 28
13102,2024-11-04,2 13 19 33 36 40
13103,2024-11-04,6 10 12 29 31 34
13104,2024-11-04,5 9 10 16 18 39
13105,2024-11-04,7 21 33 36 39 41
13106,2024-11-04,16 19 20 21 39 45
13107,2024-11-04,10 14 29 38 44 45
13108,2024-11-04,2 12 14 15 30 41
13109,2024-11-05,2 7 17 27 38 45
13110,2024-11-05,3 10 21 22 29 31
13111,2024-11-05,5 10 20 33 39 40
13112,2024-11-05,1 13 15 17 24 29
13113,2024-11-05,8 13 22 24 38 43
13114,2024-11-05,2 23 37 38 41 42
13115,2024-11-05,3 11 22 29 31 41
13116,2024-11-06,1 5 10 23 30 34
13117,2024-11-06,7 12 13 23 25 30
13118,2024-11-06,2 3 9 35 36 37
13119,2024-11-06,4 9 11 15 16 20
13120,2024-11-06,9 16 22 29 39 45
13121,2024-11-06,15 16 20 28 33 44
13122,2024-11-07,9 21 26 30 31 43
13123,2024-11-07,4 10 32 35 37 45
13124,2024-11-07,7 14 18 21 25 39
13125,2024-11-07,4 6 15 36 38 44
13126,2024-11-07,4 11 12 14 15 36
13127,2024-11-07,2 9 13 19 24 42
13128,2024-11-07,1 15 30 33 42 44
13129,2024-11-08,8 10 14 18 34 45
13130,2024-11-08,2 6 16 17 36 45
13131,2024-11-08,18 20 28 36 37 40
13132,2024-11-08,4 10 17 26 30 42
13133,2024-11-08,1 3 4 17 30 44
13134,2024-11-08,4 9 30 31 38 42
13135,2024-11-08,3 6 13 21 26 30
13136,2024-11-09,10 12 17 23 37 43
13137,2024-11-09,20 21 22 36 37 41
13138,2024-11-09,6 10 29 30 34 41
13139,2024-11-09,9 12 16 18 31 36
13140,2024-11-09,20 23 32 33 37 45
13141,2024-11-09,3 14 17 19 28 43
13142,2024-11-09,2 20 27 33 36 40
13143,2024-11-10,11 13 19 21 40 44
13144,2024-11-10,6 12 21 29 30 37
13145,2024-11-10,28 32 35 39 40 41
13146,2024-11-10,5 8 18 26 28 29
13147,2024-11-10,24 34 36 39 42 44
13148,2024-11-10,8 10 11 17 24 33
13149,2024-11-10,9 12 22 23 25 30
13150,2024-11-11,7 10 14 23 28 36
13151,2024-11-11,15 21 25 27 38 44
13152,2024-11-11,1 9 19 37 42 43
13153,2024-11-11,5 6 7 9 14 39
13154,2024-11-11,2 11 12 20 38 41
13155,2024-11-11,16 17 18 19 23 44
13156,2024-11-11,7 25 27 28 34 44
13157,2024-11-12,7 8 13 25 27 45
13158,2024-11-12,11 21 30 31 32 40
13159,2024-11-12,5 15 18 21 32 37
13160,2024-11-12,5 8 12 21 28 39
13161,2024-11-12,12 15 21 22 35 44
13162,2024-11-12,3 6 25 32 42 45
13163,2024-11-12,1 8 10 29 37 38
13164,2024-11-13,9 19 23 31 32 43
13165,2024-11-13,1 21 27 31 38 39
13166,2024-11-13,2 3 8 29 31 34
13167,2024-11-13,18 20 23 29 38 45
13168,2024-11-13,4 11 12 14 30 32
13169,2024-11-13,1 16 18 25 31 32
13170,2024-11-14,6 23 25 26 37 40
13171,2024-11-14,2 6 20 22 35 37
13172,2024-11-14,14 20 33 35 37 40
13173,2024-11-14,1 2 36 39 41 42
13174,2024-11-14,2 13 16 34 37 42
13175,2024-11-14,11 21 25 30 34 39
13176,2024-11-14,3 7 17 24 30 34
13177,2024-11-15,1 2 5 13 26 33
13178,2024-11-15,2 7 14 16 29 39
13179,2024-11-15,6 14 17 24 35 39
13180,2024-11-15,14 16 31 39 44 45
13181,2024-11-15,4 6 16 38 41 42
13182,2024-11-15,6 8 18 21 36 39
13183,2024-11-15,7 9 12 23 37 42
13184,2024-11-16,19 23 28 29 32 45
13185,2024-11-16,11 18 25 31 33 39
13186,2024-11-16,3 8 23 25 36 43
13187,2024-11-16,3 9 16 27 31 36
13188,2024-11-16,1 2 4 14 23 35
13189,2024-11-16,19 22 25 28 33 42
13190,2024-11-16,1 2 6 35 36 41
13191,2024-11-17,8 22 25 35 36 45
13192,2024-11-17,8 13 28 32 41 42
13193,2024-11-17,3 15 23 40 42 43
13194,2024-11-17,7 8 19 29 37 40
13195,2024-11-17,1 9 19 21 24 37
13196,2024-11-17,3 11 27 30 35 45
13197,2024-11-17,4 9 13 35 40 42
13198,2024-11-18,18 20 22 29 36 45
13199,2024-11-18,3 4 11 13 21 38
13200,2024-11-18,10 20 27 31 32 38
13201,2024-11-18,3 8 11 16 19 41
13202,2024-11-18,5 6 11 16 27 37
13203,2024-11-18,1 5 9 10 25 39
13204,2024-11-18,13 25 27 29 37 42
13205,2024-11-19,19 21 25 27 29 39
13206,2024-11-19,2 4 14 20 30 38
13207,2024-11-19,2 3 10 12 18 30
13208,2024-11-19,17 22 25 31 35 38
13209,2024-11-19,15 26 29 35 40 41
13210,2024-11-19,10 11 18 27 38 42
13211,2024-11-19,10 24 25 34 36 44
13212,2024-11-20,5 8 16 20 25 44
13213,2024-11-20,5 13 16 25 26 31
13214,2024-11-20,4 12 16 21 39 42
13215,2024-11-20,2 4 7 41 43 44
13216,2024-11-20,5 11 16 26 33 38
13217,2024-11-20,8 14 23 24 31 43
13218,2024-11-21,16 21 26 27 31 42
13219,2024-11-21,5 9 19 25 29 32
13220,2024-11-21,13 28 29 30 31 36
13221,2024-11-21,15 29 32 35 40 41
13222,2024-11-21,2 10 16 30 39 44
13223,2024-11-21,20 24 32 34 39 41
13224,2024-11-21,5 14 21 26 35 39
13225,2024-11-22,2 7 13 32 43 45
13226,2024-11-22,10 11 24 27 32 40
13227,2024-11-22,2 11 28 35 36 41
13228,2024-11-22,1 6 18 29 38 44
13229,2024-11-22,1 6 14 26 34 36
13230,2024-11-22,24 27 30 36 40 42
13231,2024-11-22,7 12 21 29 30 37
13232,2024-11-23,10 11 35 37 40 41
13233,2024-11-23,2 7 15 20 29 30
13234,2024-11-23,18 20 22 30 32 41
13235,2024-11-23,1 2 15 22 23 26
13236,2024-11-23,6 24 29 31 34 36
13237,2024-11-23,7 13 26 27 38 44
13238,2024-11-23,7 17 18 27 30 37
13239,2024-11-24,6 8 21 25 29 37
13240,2024-11-24,2 5 10 24 34 41
13241,2024-11-24,5 12 16 21 31 34
13242,2024-11-24,18 21 31 37 41 44
13243,2024-11-24,10 16 21 24 37 38
13244,2024-11-24,1 10 31 32 33 38
13245,2024-11-24,1 5 40 41 42 43
13246,2024-11-25,12 20 29 38 39 44
13247,2024-11-25,11 27 31 37 39 41
13248,2024-11-25,18 21 28 29 35 39
13249,2024-11-25,4 5 11 20 36 45
13250,2024-11-25,2 9 16 18 26 27
13251,2024-11-25,7 9 10 36 42 45
13252,2024-11-25,9 18 27 43 44 45
13253,2024-11-26,6 11 22 24 31 35
13254,2024-11-26,13 20 31 37 40 43
13255,2024-11-26,5 15 30 31 35 39
13256,2024-11-26,6 18 24 28 36 43
13257,2024-11-26,3 13 27 28 36 42
13258,2024-11-26,1 7 23 30 32 35
13259,2024-11-26,2 11 15 37 38 44
13260,2024-11-27,1 3 7 18 23 45
13261,2024-11-27,9 16 34 35 43 44
13262,2024-11-27,6 8 13 18 23 28
13263,2024-11-27,3 9 12 16 32 42
13264,2024-11-27,8 12 15 24 30 38
13265,2024-11-27,8 9 19 23 30 34
13266,2024-11-28,10 11 15 26 32 43
13267,2024-11-28,4 27 28 36 40 43
13268,2024-11-28,8 12 18 25 27 41
13269,2024-11-28,6 12 15 18 19 36
13270,2024-11-28,18 23 41 43 44 45
13271,2024-11-28,7 14 18 19 27 39
13272,2024-11-28,1 7 20 30 37 40
13273,2024-11-29,1 13 14 22 31 40
13274,2024-11-29,1 4 14 23 24 25
13275,2024-11-29,3 6 7 12 23 33
13276,2024-11-29,4 6 16 37 42 44
13277,2024-11-29,12 21 25 28 31 33
13278,2024-11-29,10 19 23 27 28 45
13279,2024-11-29,2 8 13 29 35 41
13280,2024-11-30,5 7 10 19 29 30
13281,2024-11-30,11 27 29 33 41 45
13282,2024-11-30,13 16 23 33 39 41
13283,2024-11-30,1 4 19 29 30 42
13284,2024-11-30,6 7 13 25 33 44
13285,2024-11-30,1 9 19 20 33 35
13286,2024-11-30,15 17 19 32 35 44
13287,2024-12-01,1 18 27 31 39 41
13288,2024-12-01,9 27 28 30 36 37
13289,2024-12-01,12 20 23 29 36 37
13290,2024-12-01,2 12 15 29 30 38
13291,2024-12-01,19 30 31 36 38 44
13292,2024-12-01,14 16 17 20 22 26
13293,2024-12-01,7 10 11 22 27 29
13294,2024-12-02,3 18 28 30 38 42
13295,2024-12-02,6 17 18 36 41 42
13296,2024-12-02,8 12 13 31 32 33
13297,2024-12-02,8 20 31 34 40 44
13298,2024-12-02,15 20 22 23 36 42
13299,2024-12-02,8 18 21 34 38 44
13300,2024-12-02,9 24 26 33 43 45
13301,2024-12-03,2 15 21 28 36 37
13302,2024-12-03,7 9 18 30 35 43
13303,2024-12-03,4 5 7 10 38 39
13304,2024-12-03,13 16 24 25 42 44
13305,2024-12-03,7 9 16 26 31 44
13306,2024-12-03,10 15 22 24 27 38
13307,2024-12-03,4 19 22 25 28 40
13308,2024-12-04,3 5 10 14 39 41
13309,2024-12-04,10 13 25 30 31 35
13310,2024-12-04,21 32 33 34 38 45
13311,2024-12-04,6 10 15 21 28 37
13312,2024-12-04,4 23 26 34 40 42
13313,2024-12-04,5 15 18 20 23 32
13314,2024-12-05,4 9 10 24 25 34
13315,2024-12-05,5 8 20 30 43 45
13316,2024-12-05,5 8 20 28 30 31
13317,2024-12-05,1 14 32 35 36 37
13318,2024-12-05,1 14 15 17 32 43
13319,2024-12-05,13 22 27 30 39 43
13320,2024-12-05,5 19 27 34 36 45
13321,2024-12-06,2 7 13 18 33 39
13322,2024-12-06,19 22 24 28 29 34
13323,2024-12-06,2 10 16 22 25 34
13324,2024-12-06,12 21 24 29 30 41
13325,2024-12-06,15 17 22 34 36 44
13326,2024-12-06,7 17 25 32 34 43
13327,2024-12-06,7 15 31 38 43 45
13328,2024-12-07,8 19 22 27 37 40
13329,2024-12-07,6 8 26 29 31 33
13330,2024-12-07,1 7 28 29 32 44
13331,2024-12-07,2 5 20 21 24 40
13332,2024-12-07,9 16 25 28 37 39
13333,2024-12-07,14 16 19 25 28 42
13334,2024-12-07,8 16 25 28 34 35
13335,2024-12-08,1 5 24 26 28 36
13336,2024-12-08,23 32 33 36 39 44
13337,2024-12-08,7 13 20 29 38 39
13338,2024-12-08,2 4 5 21 30 36
13339,2024-12-08,7 9 22 30 40 41
13340,2024-12-08,4 8 14 18 21 44
13341,2024-12-08,8 13 14 16 34 45
13342,2024-12-09,8 10 13 24 30 34
13343,2024-12-09,11 18 22 29 32 40
13344,2024-12-09,4 22 23 35 36 37
13345,2024-12-09,20 21 23 31 43 44
13346,2024-12-09,3 14 16 23 24 37
13347,2024-12-09,4 11 12 16 19 27
13348,2024-12-09,3 8 10 16 25 33
13349,2024-12-10,11 13 20 33 34 41
13350,2024-12-10,2 10 14 20 27 30
13351,2024-12-10,4 18 21 26 39 42
13352,2024-12-10,4 9 10 24 28 33
13353,2024-12-10,2 19 29 33 35 45
13354,2024-12-10,5 15 23 28 31 37
13355,2024-12-10,3 11 22 37 41 45
13356,2024-12-11,5 7 8 10 20 31
13357,2024-12-11,2 4 13 24 26 35
13358,2024-12-11,3 4 12 36 37 42
13359,2024-12-11,13 15 20 21 41 42
13360,2024-12-11,11 19 20 28 41 42
13361,2024-12-11,9 22 26 27 30 35
13362,2024-12-12,5 9 16 17 19 40
13363,2024-12-12,2 7 20 27 28 41
13364,2024-12-12,13 14 16 18 21 23
13365,2024-12-12,8 14 22 24 31 45
13366,2024-12-12,10 17 23 28 33 37
13367,2024-12-12,1 16 26 28 30 40
13368,2024-12-12,7 16 35 38 39 42
13369,2024-12-13,2 4 9 14 30 44
13370,2024-12-13,2 8 23 29 33 39
13371,2024-12-13,2 11 13 31 35 39
13372,2024-12-13,8 12 29 31 33 35
13373,2024-12-13,1 8 13 26 41 44
13374,2024-12-13,8 11 20 22 25 45
13375,2024-12-13,1 6 9 35 37 42
13376,2024-12-14,2 9 19 24 29 42
13377,2024-12-14,17 23 24 28 33 45
13378,2024-12-14,2 6 17 18 24 26
13379,2024-12-14,3 9 11 24 31 33
13380,2024-12-14,2 8 21 35 37 39
13381,2024-12-14,7 13 17 24 33 44
13382,2024-12-14,3 5 7 8 13 16
13383,2024-12-15,4 9 11 30 32 39
13384,2024-12-15,13 26 29 32 35 40
13385,2024-12-15,1 2 3 27 29 43
13386,2024-12-15,5 7 28 36 38 41
13387,2024-12-15,4 12 31 32 42 44
13388,2024-12-15,2 4 8 18 28 29
13389,2024-12-15,8 10 14 18 24 37
13390,2024-12-16,21 27 31 41 44 45
13391,2024-12-16,8 12 15 24 36 37
13392,2024-12-16,4 9 30 37 40 45
13393,2024-12-16,4 9 14 29 35 44
13394,2024-12-16,2 5 9 21 36 41
13395,2024-12-16,14 18 34 35 38 45
13396,2024-12-16,3 14 27 28 33 44
13397,2024-12-17,2 15 29 37 39 40
13398,2024-12-17,2 18 32 33 37 43
13399,2024-12-17,1 5 11 19 26 42
13400,2024-12-17,13 17 21 26 29 41
13401,2024-12-17,3 6 30 35 36 43
13402,2024-12-17,2 24 27 28 35 37
13403,2024-12-17,9 17 38 40 42 43
13404,2024-12-18,13 26 29 32 34 41
13405,2024-12-18,1 3 11 21 22 39
13406,2024-12-18,6 15 17 18 26 36
13407,2024-12-18,5 7 14 16 38 44
13408,2024-12-18,3 19 22 30 40 41
13409,2024-12-18,6 9 15 23 24 43
13410,2024-12-19,2 10 17 28 33 42
13411,2024-12-19,4 6 12 14 38 42
13412,2024-12-19,10 17 28 31 41 43
13413,2024-12-19,1 9 18 23 31 38
13414,2024-12-19,4 7 12 25 33 39
13415,2024-12-19,3 4 5 22 28 32
13416,2024-12-19,1 15 20 43 44 45
13417,2024-12-20,3 24 25 27 30 37
13418,2024-12-20,2 21 26 35 38 41
13419,2024-12-20,14 21 22 31 36 37
13420,2024-12-20,13 21 23 25 42 44
13421,2024-12-20,8 14 18 28 35 37
13422,2024-12-20,19 20 23 33 39 41
13423,2024-12-20,7 8 12 30 39 44
13424,2024-12-21,16 21 27 34 36 40
13425,2024-12-21,8 22 25 31 32 45
13426,2024-12-21,4 11 15 20 26 43
13427,2024-12-21,16 20 24 28 31 33
13428,2024-12-21,8 10 35 37 38 43
13429,2024-12-21,7 11 14 26 31 40
13430,2024-12-21,1 2 15 17 33 38
13431,2024-12-22,25 30 34 36 38 40
13432,2024-12-22,4 11 19 29 40 43
13433,2024-12-22,5 10 12 37 38 44
13434,2024-12-22,7 17 34 35 43 45
13435,2024-12-22,4 6 18 22 29 40
13436,2024-12-22,7 13 14 15 35 41
13437,2024-12-22,1 16 33 35 36 43
13438,2024-12-23,2 3 11 14 21 37
13439,2024-12-23,3 6 16 21 36 42
13440,2024-12-23,4 13 26 36 39 42
13441,2024-12-23,2 12 18 19 28 38
13442,2024-12-23,6 17 18 20 22 23
13443,2024-12-23,1 6 18 22 36 42
13444,2024-12-23,8 10 18 20 23 29
13445,2024-12-24,5 7 9 38 42 43
13446,2024-12-24,14 19 27 28 42 44
13447,2024-12-24,13 28 29 41 42 45
13448,2024-12-24,1 13 19 20 28 37
13449,2024-12-24,1 2 8 25 31 35
13450,2024-12-24,9 19 22 34 42 45
13451,2024-12-24,2 3 12 13 22 23
13452,2024-12-25,6 22 29 37 39 40
13453,2024-12-25,22 28 30 34 36 45
13454,2024-12-25,1 2 10 32 41 43
13455,2024-12-25,12 20 25 36 38 43
13456,2024-12-25,11 25 32 34 38 41
13457,2024-12-25,7 9 20 26 39 41
13458,2024-12-26,6 13 19 25 30 36
13459,2024-12-26,6 9 14 28 33 42
13460,2024-12-26,19 21 27 31 32 35
13461,2024-12-26,16 18 23 30 32 40
13462,2024-12-26,1 16 19 22 29 40
13463,2024-12-26,13 20 24 25 29 43
13464,2024-12-26,2 4 11 17 28 32
13465,2024-12-27,11 12 14 17 27 45
13466,2024-12-27,9 12 13 25 36 41
13467,2024-12-27,11 12 22 24 34 44
13468,2024-12-27,6 11 19 21 24 27
13469,2024-12-27,2 3 16 20 29 30
13470,2024-12-27,2 4 6 19 22 38
13471,2024-12-27,10 11 23 32 41 45
13472,2024-12-28,3 6 22 36 37 44
13473,2024-12-28,10 17 25 35 41 42
13474,2024-12-28,17 18 19 23 34 45
13475,2024-12-28,9 21 24 32 38 41
13476,2024-12-28,1 2 8 9 26 31
13477,2024-12-28,4 5 6 11 28 44
13478,2024-12-28,13 23 26 30 41 43
13479,2024-12-29,2 9 32 33 34 43
13480,2024-12-29,8 12 15 16 21 26
13481,2024-12-29,9 11 16 17 23 27
13482,2024-12-29,3 11 28 30 36 43
13483,2024-12-29,7 17 23 24 33 36
13484,2024-12-29,2 3 9 33 38 43
13485,2024-12-29,19 26 29 37 41 43
13486,2024-12-30,5 7 13 21 24 29
13487,2024-12-30,10 22 26 27 41 43
13488,2024-12-30,6 14 22 30 32 42
13489,2024-12-30,1 3 11 21 23 33
13490,2024-12-30,2 8 18 21 26 43
13491,2024-12-30,23 25 27 31 35 44
13492,2024-12-30,1 12 24 31 40 41
13493,2024-12-31,10 12 21 25 26 40
13494,2024-12-31,4 5 30 33 39 43
13495,2024-12-31,9 17 29 35 41 42
13496,2024-12-31,14 23 24 26 32 42
13497,2024-12-31,4 22 24 38 40 43
13498,2024-12-31,1 4 10 29 36 39
13499,2024-12-31,1 6 11 21 38 45
13500,2025-01-01,14 27 28 29 38 45
13501,2025-01-01,10 18 25 33 36 37
13502,2025-01-01,11 13 38 39 40 42
13503,2025-01-01,4 15 17 18 36 37
13504,2025-01-01,14 19 30 33 40 41
13505,2025-01-01,14 17 25 31 42 43
13506,2025-01-02,8 10 21 24 27 44
13507,2025-01-02,6 9 10 12 21 28
13508,2025-01-02,2 6 17 25 30 36
13509,2025-01-02,8 17 23 26 34 41
13510,2025-01-02,6 20 22 32 42 44
13511,2025-01-02,17 18 26 33 40 43
13512,2025-01-02,1 4 27 28 32 42
13513,2025-01-03,3 10 16 32 36 39
13514,2025-01-03,1 7 8 10 38 39
13515,2025-01-03,2 7 8 23 25 29
13516,2025-01-03,15 23 30 34 39 41
13517,2025-01-03,12 23 25 30 36 44
13518,2025-01-03,1 11 37 43 44 45
13519,2025-01-03,10 12 15 18 30 36
13520,2025-01-04,1 11 15 17 18 36
13521,2025-01-04,7 28 30 40 41 43
13522,2025-01-04,2 8 12 13 21 44
13523,2025-01-04,7 21 23 29 35 44
13524,2025-01-04,25 30 33 42 43 44
13525,2025-01-04,13 17 20 22 30 41
13526,2025-01-04,3 5 15 18 29 39
13527,2025-01-05,1 7 25 34 36 44
13528,2025-01-05,15 16 19 20 27 38
13529,2025-01-05,2 12 16 30 36 45
13530,2025-01-05,5 11 27 33 36 38
13531,2025-01-05,2 7 11 15 22 32
13532,2025-01-05,15 16 17 25 37 38
13533,2025-01-05,2 9 12 21 24 31
13534,2025-01-06,2 8 15 23 24 27
13535,2025-01-06,10 25 28 36 38 44
13536,2025-01-06,6 21 25 31 32 37
13537,2025-01-06,19 39 40 41 42 43
13538,2025-01-06,9 10 20 21 22 38
13539,2025-01-06,28 30 37 38 44 45
13540,2025-01-06,7 14 24 26 37 43
13541,2025-01-07,1 4 6 26 32 39
13542,2025-01-07,4 6 13 16 19 36
13543,2025-01-07,8 17 22 23 34 40
13544,2025-01-07,3 6 9 20 24 39
13545,2025-01-07,15 22 30 32 35 42
13546,2025-01-07,4 22 23 29 34 37
13547,2025-01-07,5 13 14 21 34 45
13548,2025-01-08,13 24 29 30 36 44
13549,2025-01-08,2 3 19 31 32 43
13550,2025-01-08,2 4 9 12 21 26
13551,2025-01-08,2 9 10 19 21 41
13552,2025-01-08,1 6 13 17 32 42
13553,2025-01-08,6 16 32 38 44 45
13554,2025-01-09,3 9 14 22 25 33
13555,2025-01-09,5 11 28 34 43 45
13556,2025-01-09,5 31 39 40 43 44
13557,2025-01-09,3 6 18 23 35 44
13558,2025-01-09,3 14 21 30 33 41
13559,2025-01-09,1 8 21 25 28 43
13560,2025-01-09,10 15 16 26 38 40
13561,2025-01-10,1 17 23 30 36 37
13562,2025-01-10,13 20 24 25 32 39
13563,2025-01-10,11 16 19 28 30 35
13564,2025-01-10,7 11 13 19 21 30
13565,2025-01-10,5 12 24 26 29 30
13566,2025-01-10,5 9 22 23 26 40
13567,2025-01-10,18 20 22 24 30 41
13568,2025-01-11,3 5 11 19 21 39
13569,2025-01-11,4 21 26 34 36 43
13570,2025-01-11,6 8 9 26 43 45
13571,2025-01-11,6 18 21 22 24 31
13572,2025-01-11,4 8 9 26 36 43
13573,2025-01-11,11 18 19 37 40 41
13574,2025-01-11,3 12 14 26 30 43
13575,2025-01-12,3 8 11 22 37 41
13576,2025-01-12,12 15 19 38 40 43
13577,2025-01-12,1 9 11 23 38 39
13578,2025-01-12,5 10 29 38 39 45
13579,2025-01-12,3 14 26 35 37 45
13580,2025-01-12,15 21 29 36 41 45
13581,2025-01-12,6 26 31 35 41 43
13582,2025-01-13,8 18 28 34 35 44
13583,2025-01-13,7 17 22 26 33 42
13584,2025-01-13,11 22 29 30 40 43
13585,2025-01-13,12 14 20 30 35 37
13586,2025-01-13,9 10 25 35 40 42
13587,2025-01-13,1 2 3 23 35 40
13588,2025-01-13,12 23 25 34 40 45
13589,2025-01-14,5 11 28 32 41 45
13590,2025-01-14,1 3 11 19 25 43
13591,2025-01-14,2 6 9 11 20 29
13592,2025-01-14,2 6 12 31 40 45
13593,2025-01-14,2 10 11 16 17 34
13594,2025-01-14,14 15 24 33 36 40
13595,2025-01-14,8 24 27 37 39 40
13596,2025-01-15,6 19 29 32 36 45
13597,2025-01-15,5 8 10 21 26 36
13598,2025-01-15,14 29 31 33 35 43
13599,2025-01-15,13 18 26 27 44 45
13600,2025-01-15,6 8 10 34 41 42
13601,2025-01-15,1 5 9 11 29 30
13602,2025-01-16,2 10 12 16 36 37
13603,2025-01-16,4 29 31 43 44 45
13604,2025-01-16,3 11 16 19 38 40
13605,2025-01-16,6 20 21 30 37 40
13606,2025-01-16,8 15 22 23 37 39
13607,2025-01-16,17 22 32 38 39 40
13608,2025-01-16,2 3 13 19 34 36
13609,2025-01-17,3 8 15 24 25 35
13610,2025-01-17,1 3 4 16 26 32
13611,2025-01-17,3 21 24 26 34 43
13612,2025-01-17,10 17 18 20 23 45
13613,2025-01-17,12 16 21 31 37 42
13614,2025-01-17,5 13 14 25 28 35
13615,2025-01-17,9 17 24 28 38 39
13616,2025-01-18,5 6 23 35 42 44
13617,2025-01-18,18 19 20 21 30 39
13618,2025-01-18,3 13 14 27 36 38
13619,2025-01-18,3 10 12 17 37 43
13620,2025-01-18,19 24 31 39 40 42
13621,2025-01-18,2 3 9 11 15 18
13622,2025-01-18,2 6 13 25 32 45
13623,2025-01-19,4 7 9 29 39 45
13624,2025-01-19,7 15 29 30 36 37
13625,2025-01-19,5 10 19 24 25 38
13626,2025-01-19,3 19 22 24 27 29
13627,2025-01-19,2 11 16 30 32 45
13628,2025-01-19,3 14 18 24 34 37
13629,2025-01-19,19 20 21 27 32 36
13630,2025-01-20,1 2 29 34 36 44
13631,2025-01-20,9 10 12 20 21 26
13632,2025-01-20,26 31 33 34 41 43
13633,2025-01-20,10 19 23 24 42 45
13634,2025-01-20,1 7 10 12 22 34
13635,2025-01-20,7 17 20 23 36 38
13636,2025-01-20,2 4 13 42 43 45
13637,2025-01-21,1 8 19 21 23 43
13638,2025-01-21,1 7 22 23 26 42
13639,2025-01-21,13 15 18 22 23 38
13640,2025-01-21,9 10 20 35 36 38
13641,2025-01-21,3 17 33 38 39 44
13642,2025-01-21,2 6 26 27 28 37
13643,2025-01-21,19 24 25 33 39 42
13644,2025-01-22,3 8 11 16 28 31
13645,2025-01-22,9 20 30 32 33 45
13646,2025-01-22,4 19 21 30 42 43
13647,2025-01-22,4 7 8 10 13 35
13648,2025-01-22,8 12 18 24 40 45
13649,2025-01-22,1 2 10 18 20 21
13650,2025-01-23,2 8 17 23 29 45
13651,2025-01-23,13 15 18 19 21 43
13652,2025-01-23,25 27 32 42 44 45
13653,2025-01-23,4 9 10 11 23 35
13654,2025-01-23,4 8 22 27 28 43
13655,2025-01-23,4 5 28 34 36 37
13656,2025-01-23,15 18 19 21 29 42
13657,2025-01-24,5 10 23 25 33 41
13658,2025-01-24,5 23 26 28 30 38
13659,2025-01-24,9 11 20 21 27 40
13660,2025-01-24,3 13 15 22 34 44
13661,2025-01-24,19 21 22 26 28 43
13662,2025-01-24,4 12 17 37 39 44
13663,2025-01-24,2 7 12 16 40 43
13664,2025-01-25,1 5 6 32 38 40
13665,2025-01-25,1 10 11 15 37 43
13666,2025-01-25,11 23 30 33 36 41
13667,2025-01-25,5 16 19 21 30 37
13668,2025-01-25,7 9 24 32 34 39
13669,2025-01-25,14 17 27 28 34 43
13670,2025-01-25,1 4 5 13 22 36
13671,2025-01-26,6 18 20 21 26 34
13672,2025-01-26,9 13 19 20 24 44
13673,2025-01-26,1 2 8 19 26 45
13674,2025-01-26,2 8 12 16 24 30
13675,2025-01-26,4 10 22 28 38 40
13676,2025-01-26,5 17 31 32 40 42
13677,2025-01-26,12 16 37 43 44 45
13678,2025-01-27,8 12 13 16 25 30
13679,2025-01-27,14 16 22 29 34 36
13680,2025-01-27,1 13 15 18 23 38
13681,2025-01-27,1 18 33 38 39 40
13682,2025-01-27,6 7 8 10 27 35
13683,2025-01-27,7 8 11 32 41 42
13684,2025-01-27,9 30 32 37 38 39
13685,2025-01-28,6 12 18 19 21 39
13686,2025-01-28,8 9 13 35 38 39
13687,2025-01-28,2 16 20 21 29 31
13688,2025-01-28,2 17 21 34 39 43
13689,2025-01-28,6 19 23 36 42 45
13690,2025-01-28,4 6 15 17 20 29
13691,2025-01-28,4 7 14 18 22 29
13692,2025-01-29,3 5 8 9 25 30
13693,2025-01-29,7 8 17 25 30 33
13694,2025-01-29,9 13 20 24 34 39
13695,2025-01-29,7 8 38 41 42 43
13696,2025-01-29,3 6 13 27 29 34
13697,2025-01-29,2 11 13 37 39 42
13698,2025-01-30,1 5 8 15 28 34
13699,2025-01-30,5 9 21 26 34 37
13700,2025-01-30,7 14 16 32 36 42
13701,2025-01-30,5 8 21 25 26 43
13702,2025-01-30,8 18 20 23 34 35
13703,2025-01-30,21 31 32 33 40 42
13704,2025-01-30,7 12 19 41 42 44
13705,2025-01-31,4 5 6 22 34 38
13706,2025-01-31,4 5 21 38 39 43
13707,2025-01-31,1 2 12 17 38 43
13708,2025-01-31,8 11 17 21 26 43
13709,2025-01-31,4 13 15 21 32 41
13710,2025-01-31,3 8 12 13 30 39
13711,2025-01-31,1 4 9 13 15 38
13712,2025-02-01,19 22 32 33 42 43
13713,2025-02-01,15 33 34 35 36 40
13714,2025-02-01,6 11 12 25 34 39
13715,2025-02-01,17 22 23 25 41 44
13716,2025-02-01,3 8 23 30 35 42
13717,2025-02-01,5 17 33 36 40 43
13718,2025-02-01,3 21 23 24 34 41
13719,2025-02-02,10 13 17 29 42 43
13720,2025-02-02,7 19 27 30 34 43
13721,2025-02-02,2 5 34 39 40 42
13722,2025-02-02,5 10 15 18 25 39
13723,2025-02-02,5 16 18 24 25 37
13724,2025-02-02,13 15 33 37 39 41
13725,2025-02-02,1 13 15 19 28 37
13726,2025-02-03,1 3 17 28 37 38
13727,2025-02-03,12 14 15 24 28 31
13728,2025-02-03,2 4 10 13 24 29
13729,2025-02-03,6 16 27 32 33 40
13730,2025-02-03,3 5 14 20 33 34
13731,2025-02-03,8 22 27 33 40 44
13732,2025-02-03,6 10 16 18 31 42
13733,2025-02-04,3 15 18 21 41 44
13734,2025-02-04,2 3 7 18 20 44
13735,2025-02-04,14 32 33 40 42 45
13736,2025-02-04,8 12 14 16 30 37
13737,2025-02-04,6 7 12 14 16 32
13738,2025-02-04,10 13 16 17 35 36
13739,2025-02-04,4 5 15 28 36 43
13740,2025-02-05,4 8 16 18 21 27
13741,2025-02-05,6 10 21 25 32 34
13742,2025-02-05,6 11 25 28 39 42
13743,2025-02-05,3 7 20 23 28 33
13744,2025-02-05,7 8 11 20 24 27
13745,2025-02-05,19 20 22 33 37 45
13746,2025-02-06,1 2 11 24 30 33
13747,2025-02-06,20 24 29 37 38 43
13748,2025-02-06,2 5 19 25 27 39
13749,2025-02-06,23 24 25 38 40 41
13750,2025-02-06,3 8 18 27 31 40
13751,2025-02-06,6 20 26 31 35 42
13752,2025-02-06,1 12 20 33 44 45
13753,2025-02-07,4 13 21 31 40 41
13754,2025-02-07,1 8 11 24 30 39
13755,2025-02-07,8 11 21 23 27 45
13756,2025-02-07,4 10 11 16 39 44
13757,2025-02-07,16 17 19 33 37 42
13758,2025-02-07,5 14 28 31 34 39
13759,2025-02-07,2 3 4 15 29 44
13760,2025-02-08,4 19 28 40 42 43
13761,2025-02-08,2 14 20 33 34 44
13762,2025-02-08,7 18 22 25 29 32
13763,2025-02-08,5 10 11 39 40 44
13764,2025-02-08,2 11 12 19 21 41
13765,2025-02-08,2 4 7 15 29 42
13766,2025-02-08,1 7 11 16 18 29
13767,2025-02-09,2 18 22 24 27 44
13768,2025-02-09,3 9 12 17 29 37
13769,2025-02-09,3 6 8 19 26 28
13770,2025-02-09,2 7 17 25 34 36
13771,2025-02-09,2 4 19 24 26 34
13772,2025-02-09,12 20 26 30 40 43
13773,2025-02-09,3 9 23 34 38 42
13774,2025-02-10,1 2 3 18 25 40
13775,2025-02-10,15 20 22 23 25 36
13776,2025-02-10,3 5 10 11 14 33
13777,2025-02-10,4 18 26 39 41 44
13778,2025-02-10,1 20 22 23 39 41
13779,2025-02-10,1 2 24 28 31 34
13780,2025-02-10,17 26 32 35 39 41
13781,2025-02-11,2 4 15 22 25 38
13782,2025-02-11,13 26 27 29 35 40
13783,2025-02-11,3 12 18 31 38 45
13784,2025-02-11,1 3 4 23 33 38
13785,2025-02-11,2 3 5 7 34 45
13786,2025-02-11,7 16 21 28 29 42
13787,2025-02-11,4 17 21 22 33 34
13788,2025-02-12,1 6 12 14 33 40
13789,2025-02-12,3 10 14 27 28 42
13790,2025-02-12,6 8 9 13 18 37
13791,2025-02-12,1 4 6 17 31 45
13792,2025-02-12,2 7 10 12 16 41
13793,2025-02-12,4 10 13 27 28 36
13794,2025-02-13,13 17 24 39 41 42
13795,2025-02-13,3 12 28 35 42 43
13796,2025-02-13,1 26 28 30 40 42
13797,2025-02-13,2 5 7 23 24 44
13798,2025-02-13,2 26 31 34 39 40
13799,2025-02-13,13 18 23 36 41 42
13800,2025-02-13,6 13 15 22 33 41
13801,2025-02-14,11 22 23 35 39 41
13802,2025-02-14,1 14 16 27 31 35
13803,2025-02-14,3 6 9 22 26 43
13804,2025-02-14,2 12 16 34 37 42
13805,2025-02-14,4 12 15 21 26 36
13806,2025-02-14,6 8 31 38 39 40
13807,2025-02-14,1 21 26 27 41 45
13808,2025-02-15,3 6 21 27 30 39
13809,2025-02-15,8 12 27 28 29 41
13810,2025-02-15,2 4 6 9 31 32
13811,2025-02-15,9 18 32 39 43 45
13812,2025-02-15,7 14 23 29 34 40
13813,2025-02-15,6 8 33 37 39 44
13814,2025-02-15,10 24 25 26 35 38
13815,2025-02-16,2 8 16 28 29 39
13816,2025-02-16,8 15 20 23 41 43
13817,2025-02-16,4 6 18 25 34 36
13818,2025-02-16,3 12 17 18 28 45
13819,2025-02-16,10 12 18 28 31 44
13820,2025-02-16,2 3 4 23 39 40
13821,2025-02-16,7 12 22 27 38 41
13822,2025-02-17,1 12 13 29 32 44
13823,2025-02-17,6 24 27 37 39 43
13824,2025-02-17,1 17 24 39 41 44
13825,2025-02-17,6 14 17 28 32 44
13826,2025-02-17,9 14 17 19 24 43
13827,2025-02-17,6 8 12 14 39 41
13828,2025-02-17,6 16 29 34 39 41
13829,2025-02-18,2 14 16 34 39 45
13830,2025-02-18,11 13 26 32 38 44
13831,2025-02-18,4 7 14 15 28 44
13832,2025-02-18,7 8 22 29 31 32
13833,2025-02-18,10 18 19 29 42 43
13834,2025-02-18,1 4 7 18 35 43
13835,2025-02-18,3 8 26 28 40 42
13836,2025-02-19,4 8 10 29 30 44
13837,2025-02-19,8 12 15 16 29 36
13838,2025-02-19,6 26 31 38 39 40
13839,2025-02-19,9 14 15 22 31 34
13840,2025-02-19,4 11 12 17 33 39
13841,2025-02-19,6 10 13 25 37 43
13842,2025-02-20,1 8 19 34 40 45
13843,2025-02-20,5 8 12 23 27 45
13844,2025-02-20,19 22 28 33 36 40
13845,2025-02-20,9 11 31 38 39 45
13846,2025-02-20,5 19 37 39 41 42
13847,2025-02-20,2 10 19 27 29 32
13848,2025-02-20,6 10 16 18 32 33
13849,2025-02-21,8 15 25 30 31 45
13850,2025-02-21,6 17 18 19 34 43
13851,2025-02-21,6 12 21 23 31 42
13852,2025-02-21,9 21 23 35 42 45
13853,2025-02-21,1 4 17 18 36 40
13854,2025-02-21,5 12 16 19 28 34
13855,2025-02-21,26 30 32 36 42 44
13856,2025-02-22,2 4 14 24 44 45
13857,2025-02-22,2 11 21 27 41 43
13858,2025-02-22,7 11 30 35 39 40
13859,2025-02-22,8 18 26 31 37 38
13860,2025-02-22,3 9 12 20 31 43
13861,2025-02-22,1 5 6 17 18 32
13862,2025-02-22,1 6 23 24 32 36
13863,2025-02-23,3 6 8 10 23 34
13864,2025-02-23,1 4 16 18 23 31
13865,2025-02-23,13 20 26 28 35 39
13866,2025-02-23,6 9 11 17 18 28
13867,2025-02-23,7 10 16 17 42 43
13868,2025-02-23,1 6 20 25 40 43
13869,2025-02-23,2 14 18 31 37 44
13870,2025-02-24,5 6 10 13 27 30
13871,2025-02-24,4 13 18 26 31 43
13872,2025-02-24,11 14 15 34 39 41
13873,2025-02-24,7 12 15 18 43 44
13874,2025-02-24,16 24 27 28 36 43
13875,2025-02-24,8 16 18 25 26 38
13876,2025-02-24,2 3 4 16 22 40
13877,2025-02-25,5 20 32 37 40 43
13878,2025-02-25,4 22 29 30 34 45
13879,2025-02-25,4 22 25 33 35 45
13880,2025-02-25,7 22 25 34 37 43
13881,2025-02-25,1 7 10 12 20 37
13882,2025-02-25,1 12 21 30 36 39
13883,2025-02-25,10 19 29 30 33 36
13884,2025-02-26,11 15 24 27 33 41
13885,2025-02-26,2 15 18 23 35 45
13886,2025-02-26,5 7 12 15 18 38
13887,2025-02-26,9 13 21 26 37 38
13888,2025-02-26,5 18 19 22 34 43
13889,2025-02-26,2 6 8 10 12 39
13890,2025-02-27,1 13 21 31 32 37
13891,2025-02-27,9 20 27 29 41 44
13892,2025-02-27,6 7 30 34 36 38
13893,2025-02-27,13 15 19 27 33 45
13894,2025-02-27,4 21 27 36 43 44
13895,2025-02-27,2 5 8 26 29 43
13896,2025-02-27,4 11 23 28 33 36
13897,2025-02-28,1 7 10 11 22 27
13898,2025-02-28,5 15 19 31 32 40
13899,2025-02-28,1 7 11 24 29 42
13900,2025-02-28,13 18 26 31 34 41
13901,2025-02-28,6 10 16 27 36 40
13902,2025-02-28,9 17 22 25 35 43
13903,2025-02-28,7 14 35 36 42 45
13904,2025-03-01,8 14 17 39 43 45
13905,2025-03-01,2 5 24 26 29 34
13906,2025-03-01,7 8 15 21 35 38
13907,2025-03-01,5 19 26 32 43 44
13908,2025-03-01,7 9 11 32 33 38
13909,2025-03-01,1 8 13 21 31 45
13910,2025-03-01,2 3 12 28 30 44
13911,2025-03-02,4 6 29 32 39 45
13912,2025-03-02,3 8 27 36 37 39
13913,2025-03-02,12 13 19 23 24 45
13914,2025-03-02,6 14 15 17 24 30
13915,2025-03-02,2 4 10 15 22 45
13916,2025-03-02,3 18 19 26 34 37
13917,2025-03-02,6 21 28 35 36 42
13918,2025-03-03,5 9 27 30 31 45
13919,2025-03-03,3 4 9 15 35 38
13920,2025-03-03,5 8 21 35 41 42
13921,2025-03-03,5 17 19 31 39 43
13922,2025-03-03,2 7 9 26 30 45
13923,2025-03-03,8 9 21 24 28 34
13924,2025-03-03,2 7 10 15 23 32
13925,2025-03-04,4 7 12 20 30 37
13926,2025-03-04,2 6 12 26 32 35
13927,2025-03-04,5 9 19 21 25 29
13928,2025-03-04,4 10 15 24 40 44
13929,2025-03-04,5 10 17 20 24 42
13930,2025-03-04,3 11 32 34 37 44
13931,2025-03-04,2 24 27 28 38 39
13932,2025-03-05,7 21 27 29 32 37
13933,2025-03-05,12 20 28 32 39 42
13934,2025-03-05,7 19 22 26 41 45
13935,2025-03-05,1 9 13 15 21 33
13936,2025-03-05,3 18 26 29 30 34
13937,2025-03-05,3 26 32 36 39 43
13938,2025-03-06,18 27 29 35 37 41
13939,2025-03-06,22 24 26 35 36 44
13940,2025-03-06,7 10 12 27 33 35
13941,2025-03-06,1 2 22 25 27 38
13942,2025-03-06,9 23 28 31 36 40
13943,2025-03-06,9 11 17 32 44 45
13944,2025-03-06,1 5 10 11 33 39
13945,2025-03-07,8 13 22 27 29 31
13946,2025-03-07,1 12 27 29 38 40
13947,2025-03-07,7 10 12 16 27 42
13948,2025-03-07,4 7 33 34 38 45
13949,2025-03-07,11 14 24 36 41 44
13950,2025-03-07,4 9 19 24 36 44
13951,2025-03-07,15 22 28 29 32 45
13952,2025-03-08,4 5 11 17 32 41
13953,2025-03-08,8 15 18 33 34 39
13954,2025-03-08,2 13 16 22 36 39
13955,2025-03-08,5 6 25 26 28 39
13956,2025-03-08,15 19 23 30 31 37
13957,2025-03-08,6 11 25 31 39 42
13958,2025-03-08,4 15 21 23 39 45
13959,2025-03-09,3 7 16 23 27 40
13960,2025-03-09,2 9 10 20 24 40
13961,2025-03-09,7 17 21 30 34 36
13962,2025-03-09,5 15 16 17 18 27
13963,2025-03-09,2 8 9 18 22 25
13964,2025-03-09,1 3 5 11 13 43
13965,2025-03-09,4 5 11 19 22 32
13966,2025-03-10,2 23 26 27 34 44
13967,2025-03-10,3 19 26 35 44 45
13968,2025-03-10,10 16 17 29 38 45
13969,2025-03-10,3 11 13 34 38 40
13970,2025-03-10,2 8 18 33 34 39
13971,2025-03-10,6 18 20 22 30 31
13972,2025-03-10,11 22 26 27 32 43
13973,2025-03-11,4 15 28 29 38 42
13974,2025-03-11,12 19 21 25 26 41
13975,2025-03-11,12 26 30 37 42 44
13976,2025-03-11,2 4 7 15 16 34
13977,2025-03-11,2 15 21 28 33 43
13978,2025-03-11,2 10 17 19 24 38
13979,2025-03-11,5 9 12 13 28 44
13980,2025-03-12,6 20 25 35 41 43
13981,2025-03-12,1 9 11 30 39 40
13982,2025-03-12,3 7 16 25 41 45
13983,2025-03-12,5 9 14 16 20 29
13984,2025-03-12,1 3 7 20 29 34
13985,2025-03-12,1 22 28 33 37 41
13986,2025-03-13,2 23 30 38 40 41
13987,2025-03-13,1 7 12 18 20 42
13988,2025-03-13,3 7 16 29 30 37
13989,2025-03-13,9 10 13 31 32 34
13990,2025-03-13,4 6 12 26 38 45
13991,2025-03-13,1 5 7 13 21 31
13992,2025-03-13,4 18 26 31 32 41
13993,2025-03-14,2 5 9 24 32 37
13994,2025-03-14,8 25 36 41 43 44
13995,2025-03-14,2 4 6 14 25 41
13996,2025-03-14,7 10 12 17 23 43
13997,2025-03-14,17 21 23 24 32 43
13998,2025-03-14,4 9 17 21 24 33
13999,2025-03-14,4 16 17 19 21 35
14000,2025-03-15,2 6 11 23 31 37
14001,2025-03-15,7 8 14 23 39 43
14002,2025-03-15,2 15 18 34 40 42
14003,2025-03-15,12 14 27 36 41 42
14004,2025-03-15,7 11 12 22 24 35
14005,2025-03-15,2 5 6 8 13 22
14006,2025-03-15,6 10 22 30 37 44
14007,2025-03-16,5 6 7 13 40 44
14008,2025-03-16,4 13 31 33 34 39
14009,2025-03-16,3 5 6 17 32 34
14010,2025-03-16,3 6 19 23 30 33
14011,2025-03-16,7 13 27 29 40 42
14012,2025-03-16,2 19 21 32 33 34
14013,2025-03-16,7 13 22 39 43 45
14014,2025-03-17,8 9 23 25 35 44
14015,2025-03-17,5 21 29 36 39 43
14016,2025-03-17,8 9 11 18 19 32
14017,2025-03-17,18 25 27 36 41 43
14018,2025-03-17,3 4 26 29 30 40
14019,2025-03-17,3 4 21 27 33 38
14020,2025-03-17,1 20 21 28 38 41
14021,2025-03-18,7 18 20 24 35 43
14022,2025-03-18,1 7 14 16 22 34
14023,2025-03-18,2 5 6 24 34 36
14024,2025-03-18,4 6 7 12 17 31
14025,2025-03-18,4 5 21 36 44 45
14026,2025-03-18,11 17 25 32 40 44
14027,2025-03-18,2 9 10 11 20 37
14028,2025-03-19,4 12 20 32 36 44
14029,2025-03-19,15 21 22 29 30 45
14030,2025-03-19,4 8 13 17 40 42
14031,2025-03-19,1 6 13 30 40 43
14032,2025-03-19,10 11 17 21 27 29
14033,2025-03-19,12 25 26 36 40 41
14034,2025-03-20,3 8 10 32 35 42
14035,2025-03-20,3 4 24 26 31 35
14036,2025-03-20,2 6 12 29 30 40
14037,2025-03-20,1 12 15 28 35 42
14038,2025-03-20,4 14 30 33 36 37
14039,2025-03-20,6 15 23 38 40 44
14040,2025-03-20,11 22 24 36 38 40
14041,2025-03-21,7 10 16 17 26 37
14042,2025-03-21,5 11 16 17 30 36
14043,2025-03-21,6 7 26 34 39 40
14044,2025-03-21,2 3 12 17 26 27
14045,2025-03-21,8 13 19 30 37 45
14046,2025-03-21,6 8 15 27 28 45
14047,2025-03-21,3 4 9 14 16 30
14048,2025-03-22,8 9 38 42 43 44
14049,2025-03-22,8 10 11 24 38 40
14050,2025-03-22,1 9 18 20 29 44
14051,2025-03-22,10 11 12 13 23 41
14052,2025-03-22,1 21 23 24 38 44
14053,2025-03-22,8 9 12 29 37 42
14054,2025-03-22,17 20 30 32 39 44
14055,2025-03-23,2 8 18 20 27 36
14056,2025-03-23,13 16 22 27 30 37
14057,2025-03-23,2 13 18 39 43 45
14058,2025-03-23,1 10 12 24 27 32
14059,2025-03-23,14 15 21 23 29 44
14060,2025-03-23,3 16 33 41 43 45
14061,2025-03-23,8 19 21 28 37 38
14062,2025-03-24,2 10 12 17 18 34
14063,2025-03-24,1 6 22 34 40 42
14064,2025-03-24,4 8 16 17 21 43
14065,2025-03-24,7 10 14 23 24 43
14066,2025-03-24,4 7 23 29 36 42
14067,2025-03-24,10 16 17 21 39 40
14068,2025-03-24,2 16 23 29 32 45
14069,2025-03-25,2 5 10 11 43 44
14070,2025-03-25,3 16 19 20 26 34
14071,2025-03-25,16 19 20 21 40 42
14072,2025-03-25,8 23 30 39 40 45
14073,2025-03-25,8 16 24 27 34 42
14074,2025-03-25,10 11 25 35 36 38
14075,2025-03-25,2 12 14 17 27 31
14076,2025-03-26,5 16 17 22 35 40
14077,2025-03-26,5 17 29 31 33 41
14078,2025-03-26,14 20 22 28 42 45
14079,2025-03-26,6 9 14 37 43 45
14080,2025-03-26,1 2 16 18 25 26
14081,2025-03-26,3 23 32 34 35 37
14082,2025-03-27,1 3 12 25 29 30
14083,2025-03-27,12 14 16 23 32 38
14084,2025-03-27,7 9 26 27 28 36
14085,2025-03-27,13 14 18 22 30 45
14086,2025-03-27,4 5 11 18 30 43
14087,2025-03-27,8 13 19 28 41 45
14088,2025-03-27,10 16 17 37 40 45
14089,2025-03-28,2 4 7 26 28 38
14090,2025-03-28,1 2 6 10 30 41
14091,2025-03-28,17 26 31 38 42 44
14092,2025-03-28,2 6 13 26 30 42
14093,2025-03-28,9 17 27 35 36 41
14094,2025-03-28,5 12 15 21 37 41
14095,2025-03-28,16 18 28 29 38 40
14096,2025-03-29,7 20 24 25 34 42
14097,2025-03-29,18 22 27 35 39 44
14098,2025-03-29,5 8 13 19 28 32
14099,2025-03-29,1 5 13 24 26 43
14100,2025-03-29,13 22 24 26 32 34
14101,2025-03-29,3 4 14 16 42 43
14102,2025-03-29,13 14 23 24 27 30
14103,2025-03-30,10 21 31 33 38 40
14104,2025-03-30,6 15 17 26 30 36
14105,2025-03-30,3 24 28 35 38 45
14106,2025-03-30,11 14 18 34 36 43
14107,2025-03-30,3 6 15 23 28 41
14108,2025-03-30,21 27 30 32 36 41
14109,2025-03-30,6 14 17 18 27 38
14110,2025-03-31,3 5 19 35 36 44
14111,2025-03-31,7 11 15 16 43 44
14112,2025-03-31,9 19 22 33 40 42
14113,2025-03-31,1 6 29 32 34 35
14114,2025-03-31,2 16 20 24 33 36
14115,2025-03-31,8 11 16 21 32 43
14116,2025-03-31,2 10 21 24 26 40
14117,2025-04-01,1 5 16 22 31 35
14118,2025-04-01,12 14 16 22 34 42
14119,2025-04-01,5 6 23 30 31 38
14120,2025-04-01,4 6 13 15 28 38
14121,2025-04-01,1 13 22 27 36 37
14122,2025-04-01,15 17 30 37 38 40
14123,2025-04-01,8 10 23 28 32 44
14124,2025-04-02,3 10 19 42 43 45
14125,2025-04-02,24 28 31 38 40 45
14126,2025-04-02,2 4 12 14 41 44
14127,2025-04-02,4 20 22 34 40 44
14128,2025-04-02,1 15 19 25 38 43
14129,2025-04-02,3 15 23 27 30 40
14130,2025-04-03,16 24 25 26 29 37
14131,2025-04-03,4 15 28 37 40 41
14132,2025-04-03,15 17 26 28 31 45
14133,2025-04-03,8 9 11 18 23 45
14134,2025-04-03,1 5 16 17 23 38
14135,2025-04-03,1 11 20 27 31 43
14136,2025-04-03,10 11 12 22 33 35
14137,2025-04-04,1 7 8 11 18 41
14138,2025-04-04,12 17 21 33 40 44
14139,2025-04-04,3 13 15 17 32 41
14140,2025-04-04,11 16 19 26 35 36
14141,2025-04-04,3 6 8 29 32 41
14142,2025-04-04,5 8 14 16 36 38
14143,2025-04-04,2 14 32 33 38 41
14144,2025-04-05,6 9 19 23 24 26
14145,2025-04-05,2 5 7 27 38 39
14146,2025-04-05,6 17 18 35 38 41
14147,2025-04-05,1 4 6 31 37 43
14148,2025-04-05,1 6 19 24 42 43
14149,2025-04-05,4 10 18 19 20 43
14150,2025-04-05,4 7 9 15 16 32
14151,2025-04-06,3 5 14 17 29 44
14152,2025-04-06,3 10 16 17 23 39
14153,2025-04-06,1 13 15 25 27 41
14154,2025-04-06,6 15 26 34 44 45
14155,2025-04-06,4 5 7 12 13 22
14156,2025-04-06,7 14 20 26 34 37
14157,2025-04-06,6 15 18 23 24 45
14158,2025-04-07,5 9 25 30 36 41
14159,2025-04-07,3 4 7 12 32 44
14160,2025-04-07,8 9 15 20 23 38
14161,2025-04-07,5 14 28 33 41 44
14162,2025-04-07,5 6 23 37 42 43
14163,2025-04-07,12 13 15 27 37 40
14164,2025-04-07,2 5 6 28 40 43
14165,2025-04-08,10 24 33 34 36 39
14166,2025-04-08,10 11 25 35 43 44
14167,2025-04-08,13 17 20 25 31 32
14168,2025-04-08,12 18 33 35 38 44
14169,2025-04-08,5 15 17 29 32 35
14170,2025-04-08,2 6 12 17 42 44
14171,2025-04-08,4 12 15 22 29 45
14172,2025-04-09,1 6 13 29 30 45
14173,2025-04-09,7 10 20 26 33 43
14174,2025-04-09,5 8 15 26 37 44
14175,2025-04-09,5 25 28 29 31 40
14176,2025-04-09,1 6 12 26 35 44
14177,2025-04-09,8 9 20 24 29 34
14178,2025-04-10,11 13 20 21 25 26
14179,2025-04-10,1 6 7 20 36 42
14180,2025-04-10,4 6 21 30 40 41
14181,2025-04-10,4 5 8 22 26 37
14182,2025-04-10,8 20 29 30 33 36
14183,2025-04-10,16 20 22 26 38 41
14184,2025-04-10,3 15 16 18 37 45
14185,2025-04-11,2 6 13 22 31 37
14186,2025-04-11,6 17 26 32 37 43
14187,2025-04-11,1 5 21 22 27 33
14188,2025-04-11,3 4 8 12 17 38
14189,2025-04-11,16 17 20 26 28 34
14190,2025-04-11,1 14 20 26 31 41
14191,2025-04-11,1 19 21 23 25 28
14192,2025-04-12,13 17 25 35 40 41
14193,2025-04-12,4 9 23 31 38 44
14194,2025-04-12,9 11 22 27 33 41
14195,2025-04-12,7 11 22 29 38 40
14196,2025-04-12,2 3 10 13 18 33
14197,2025-04-12,4 22 24 26 37 43
14198,2025-04-12,16 22 30 34 35 40
14199,2025-04-13,7 9 20 34 38 43
14200,2025-04-13,4 6 10 22 29 38
14201,2025-04-13,4 22 30 33 43 45
14202,2025-04-13,5 19 22 29 37 45
14203,2025-04-13,20 28 29 33 38 44
14204,2025-04-13,9 11 26 29 42 44
14205,2025-04-13,4 9 12 33 35 36
14206,2025-04-14,2 8 10 11 18 36
14207,2025-04-14,1 3 5 15 16 31
14208,2025-04-14,5 20 29 31 32 44
14209,2025-04-14,2 8 15 21 26 41
14210,2025-04-14,3 9 10 11 15 25
14211,2025-04-14,1 4 15 19 43 44
14212,2025-04-14,10 24 26 37 42 43
14213,2025-04-15,4 11 25 30 32 42
14214,2025-04-15,2 4 6 19 35 42
14215,2025-04-15,15 22 29 36 39 41
14216,2025-04-15,2 16 17 18 42 45
14217,2025-04-15,11 12 13 14 41 42
14218,2025-04-15,4 10 26 28 38 43
14219,2025-04-15,3 7 18 26 28 30
14220,2025-04-16,8 9 13 19 21 24
14221,2025-04-16,7 9 26 27 38 43
14222,2025-04-16,3 13 22 26 33 38
14223,2025-04-16,3 4 7 19 33 43
14224,2025-04-16,9 12 24 36 38 42
14225,2025-04-16,8 13 17 19 23 33
14226,2025-04-17,7 21 25 29 37 42
14227,2025-04-17,5 14 17 21 22 40
14228,2025-04-17,8 13 31 34 36 42
14229,2025-04-17,1 9 22 26 31 35
14230,2025-04-17,7 13 18 22 31 39
14231,2025-04-17,3 13 14 26 39 43
14232,2025-04-17,1 5 14 15 18 41
14233,2025-04-18,11 14 26 29 35 45
14234,2025-04-18,17 25 27 31 38 43
14235,2025-04-18,5 8 10 14 21 40
14236,2025-04-18,1 12 17 19 33 37
14237,2025-04-18,16 20 21 28 30 35
14238,2025-04-18,7 8 17 18 23 34
14239,2025-04-18,1 11 15 18 21 43
14240,2025-04-19,9 15 17 19 30 32
14241,2025-04-19,21 26 32 33 34 40
14242,2025-04-19,2 9 11 13 15 17
14243,2025-04-19,9 23 24 26 40 42
14244,2025-04-19,2 8 22 24 38 41
14245,2025-04-19,3 10 22 29 42 43
14246,2025-04-19,3 6 17 23 29 38
14247,2025-04-20,1 10 16 27 30 31
14248,2025-04-20,7 9 26 29 39 40
14249,2025-04-20,2 13 15 35 39 42
14250,2025-04-20,1 6 10 22 32 45
14251,2025-04-20,3 8 17 22 31 36
14252,2025-04-20,5 18 20 21 40 42
14253,2025-04-20,1 9 18 36 39 40
14254,2025-04-21,14 20 26 34 36 38
14255,2025-04-21,3 17 30 34 35 36
14256,2025-04-21,8 12 30 33 34 41
14257,2025-04-21,11 14 21 35 40 43
14258,2025-04-21,6 8 17 20 33 41
14259,2025-04-21,5 9 26 32 42 43
14260,2025-04-21,4 8 10 15 31 43
14261,2025-04-22,18 29 31 33 42 44
14262,2025-04-22,5 23 31 32 34 45
14263,2025-04-22,11 22 29 30 35 42
14264,2025-04-22,3 4 10 17 42 43
14265,2025-04-22,1 2 19 25 31 33
14266,2025-04-22,1 4 14 24 39 40
14267,2025-04-22,13 15 16 19 33 38
14268,2025-04-23,1 2 6 9 24 45
14269,2025-04-23,12 15 32 37 38 44
14270,2025-04-23,3 5 12 22 28 36
14271,2025-04-23,1 14 19 20 36 42
14272,2025-04-23,5 7 13 19 23 34
14273,2025-04-23,2 3 18 23 30 42
14274,2025-04-24,9 21 24 33 39 40
14275,2025-04-24,3 7 18 39 41 44
14276,2025-04-24,2 11 26 27 35 42
14277,2025-04-24,10 18 20 28 30 36
14278,2025-04-24,5 7 13 25 26 41
14279,2025-04-24,6 10 20 40 43 44
14280,2025-04-24,12 24 27 35 43 45
14281,2025-04-25,5 10 32 40 41 45
14282,2025-04-25,4 9 20 22 36 44
14283,2025-04-25,6 8 21 28 33 36
14284,2025-04-25,4 5 13 29 31 41
14285,2025-04-25,2 23 24 36 39 42
14286,2025-04-25,25 26 31 36 38 45
14287,2025-04-25,1 4 8 16 32 42
14288,2025-04-26,3 11 21 23 30 43
14289,2025-04-26,5 9 28 29 41 44
14290,2025-04-26,1 4 10 34 37 38
14291,2025-04-26,1 7 9 11 15 35
14292,2025-04-26,10 11 21 24 26 41
14293,2025-04-26,5 6 33 35 36 39
14294,2025-04-26,6 13 20 24 29 37
14295,2025-04-27,6 13 15 16 24 41
14296,2025-04-27,2 11 12 22 34 39
14297,2025-04-27,2 10 13 18 22 41
14298,2025-04-27,3 6 7 18 39 40
14299,2025-04-27,9 12 22 23 32 37
14300,2025-04-27,5 6 19 20 37 38
14301,2025-04-27,1 6 11 20 23 26
14302,2025-04-28,11 15 21 22 27 30
14303,2025-04-28,2 19 23 29 39 40
14304,2025-04-28,7 18 23 24 27 32
14305,2025-04-28,1 9 17 21 37 39
14306,2025-04-28,5 10 11 13 26 27
14307,2025-04-28,1 6 10 30 31 36
14308,2025-04-28,5 6 13 19 21 43
14309,2025-04-29,11 16 18 39 41 43
14310,2025-04-29,4 10 11 18 19 38
14311,2025-04-29,13 20 27 30 33 44
14312,2025-04-29,10 16 17 39 41 44
14313,2025-04-29,1 3 22 27 32 33
14314,2025-04-29,1 17 20 26 35 37
14315,2025-04-29,3 5 13 17 19 24
14316,2025-04-30,10 13 28 32 38 40
14317,2025-04-30,6 10 20 23 41 43
14318,2025-04-30,2 15 19 36 44 45
14319,2025-04-30,20 23 28 29 32 45
14320,2025-04-30,1 9 13 34 39 43
14321,2025-04-30,7 20 21 27 33 41
14322,2025-05-01,2 8 12 26 29 36
14323,2025-05-01,6 18 21 31 32 34
14324,2025-05-01,3 10 19 26 29 36
14325,2025-05-01,9 12 20 27 32 33
14326,2025-05-01,1 5 19 22 30 36
14327,2025-05-01,4 5 22 28 32 42
14328,2025-05-01,4 11 14 26 35 42
14329,2025-05-02,9 10 18 25 32 41
14330,2025-05-02,2 15 37 40 43 44
14331,2025-05-02,4 26 28 37 41 43
14332,2025-05-02,2 5 9 25 35 39
14333,2025-05-02,1 4 19 22 34 41
14334,2025-05-02,2 4 12 22 26 44
14335,2025-05-02,5 13 14 19 26 31
14336,2025-05-03,9 14 15 29 39 41
14337,2025-05-03,3 4 17 23 26 35
14338,2025-05-03,1 15 28 31 34 42
14339,2025-05-03,17 21 28 30 32 38
14340,2025-05-03,1 7 10 25 33 45
14341,2025-05-03,1 5 6 8 29 37
14342,2025-05-03,4 5 9 12 16 28
14343,2025-05-04,3 6 17 36 37 45
14344,2025-05-04,16 19 20 25 39 44
14345,2025-05-04,2 6 13 27 32 35
14346,2025-05-04,1 7 13 21 22 25
14347,2025-05-04,9 21 26 31 37 38
14348,2025-05-04,4 5 21 31 33 43
14349,2025-05-04,2 7 18 25 35 36
14350,2025-05-05,4 11 15 25 43 44
14351,2025-05-05,19 21 34 41 42 45
14352,2025-05-05,4 8 30 39 40 45
14353,2025-05-05,3 4 5 8 21 33
14354,2025-05-05,4 5 11 30 34 41
14355,2025-05-05,5 8 9 35 40 43
14356,2025-05-05,7 13 20 29 39 40
14357,2025-05-06,2 3 7 9 13 29
14358,2025-05-06,9 14 19 23 29 37
14359,2025-05-06,2 3 11 12 44 45
14360,2025-05-06,19 20 30 31 36 39
14361,2025-05-06,14 20 22 27 36 41
14362,2025-05-06,2 5 26 29 34 38
14363,2025-05-06,3 8 21 40 41 43
14364,2025-05-07,1 3 8 18 22 45
14365,2025-05-07,3 17 32 33 35 40
14366,2025-05-07,4 12 20 34 37 38
14367,2025-05-07,12 20 26 30 42 45
14368,2025-05-07,2 3 23 28 33 43
14369,2025-05-07,2 11 13 27 33 40
14370,2025-05-08,1 13 14 18 30 43
14371,2025-05-08,2 5 15 20 26 33
14372,2025-05-08,4 7 9 16 21 41
14373,2025-05-08,2 5 8 18 25 39
14374,2025-05-08,22 31 33 35 40 44
14375,2025-05-08,5 15 20 22 36 44
14376,2025-05-08,17 20 21 24 27 31
14377,2025-05-09,20 25 31 39 43 44
14378,2025-05-09,6 8 17 24 31 33
14379,2025-05-09,9 18 24 34 41 44
14380,2025-05-09,7 8 10 19 21 33
14381,2025-05-09,1 9 20 33 34 42
14382,2025-05-09,12 14 24 31 41 42
14383,2025-05-09,1 10 28 34 35 44
14384,2025-05-10,5 16 20 29 34 45
14385,2025-05-10,8 22 29 38 39 40
14386,2025-05-10,10 20 22 25 37 40
14387,2025-05-10,6 12 21 23 28 41
14388,2025-05-10,1 9 16 19 28 45
14389,2025-05-10,17 19 37 42 43 45
14390,2025-05-10,8 15 32 35 36 43
14391,2025-05-11,2 3 24 30 31 42
14392,2025-05-11,13 20 29 38 39 40
14393,2025-05-11,10 14 25 28 29 40
14394,2025-05-11,1 14 17 24 36 44
14395,2025-05-11,4 5 23 25 38 44
14396,2025-05-11,1 7 11 39 40 44
14397,2025-05-11,11 21 27 30 35 44
14398,2025-05-12,6 12 14 22 37 44
14399,2025-05-12,10 11 18 28 29 37
14400,2025-05-12,1 3 21 22 32 36
14401,2025-05-12,9 11 26 30 33 40
14402,2025-05-12,1 9 20 26 31 33
14403,2025-05-12,4 7 10 11 17 34
14404,2025-05-12,8 9 17 35 37 45
14405,2025-05-13,3 10 12 16 24 30
14406,2025-05-13,2 4 5 7 14 31
14407,2025-05-13,8 12 31 36 40 45
14408,2025-05-13,5 12 15 39 42 43
14409,2025-05-13,2 5 19 23 35 37
14410,2025-05-13,8 11 13 30 31 36
14411,2025-05-13,12 19 29 30 35 45
14412,2025-05-14,7 9 12 18 35 37
14413,2025-05-14,2 10 13 20 37 45
14414,2025-05-14,6 12 26 32 33 38
14415,2025-05-14,6 24 26 27 38 44
14416,2025-05-14,11 18 23 28 37 39
14417,2025-05-14,9 31 38 39 41 42
14418,2025-05-15,1 16 23 25 41 45
14419,2025-05-15,10 14 16 22 31 43
14420,2025-05-15,9 10 16 18 20 44
14421,2025-05-15,5 9 30 31 36 43
14422,2025-05-15,6 11 25 26 32 45
14423,2025-05-15,6 16 17 19 38 40
14424,2025-05-15,7 9 19 24 28 40
14425,2025-05-16,1 20 27 29 38 43
14426,2025-05-16,7 9 12 23 24 43
14427,2025-05-16,1 23 25 29 34 35
14428,2025-05-16,1 5 7 10 21 39
14429,2025-05-16,1 4 18 20 39 42
14430,2025-05-16,7 16 20 35 36 44
14431,2025-05-16,1 5 7 21 26 32
14432,2025-05-17,2 4 8 9 14 27
14433,2025-05-17,23 27 30 34 38 45
14434,2025-05-17,3 9 12 13 19 29
14435,2025-05-17,28 32 33 36 40 43
14436,2025-05-17,7 12 15 18 30 39
14437,2025-05-17,10 11 15 18 23 45
14438,2025-05-17,7 10 11 14 17 18
14439,2025-05-18,7 19 35 37 43 44
14440,2025-05-18,5 6 7 9 37 42
14441,2025-05-18,3 6 8 19 30 43
14442,2025-05-18,9 18 21 28 34 35
14443,2025-05-18,3 31 34 36 37 45
14444,2025-05-18,13 16 17 24 28 30
14445,2025-05-18,1 2 4 6 23 28
14446,2025-05-19,8 20 23 26 28 43
14447,2025-05-19,2 11 18 25 38 39
14448,2025-05-19,2 17 26 29 31 33
14449,2025-05-19,11 14 18 30 37 45
14450,2025-05-19,19 24 27 31 34 42
14451,2025-05-19,2 15 28 33 36 41
14452,2025-05-19,2 4 17 25 37 45
14453,2025-05-20,15 16 23 27 36 43
14454,2025-05-20,4 7 15 33 37 44
14455,2025-05-20,12 13 17 21 29 34
14456,2025-05-20,3 5 8 28 29 40
14457,2025-05-20,2 10 24 26 32 42
14458,2025-05-20,12 14 18 22 28 43
14459,2025-05-20,5 6 21 23 31 45
14460,2025-05-21,3 10 20 21 30 35
14461,2025-05-21,16 19 21 35 38 40
14462,2025-05-21,10 12 14 19 27 39
14463,2025-05-21,1 7 11 24 33 34
14464,2025-05-21,2 3 5 11 22 34
14465,2025-05-21,5 14 16 25 26 44
14466,2025-05-22,12 14 17 24 26 43
14467,2025-05-22,1 7 19 22 32 42
14468,2025-05-22,2 4 14 22 23 44
14469,2025-05-22,14 20 23 36 40 45
14470,2025-05-22,15 19 29 36 38 41
14471,2025-05-22,1 7 32 37 39 45
14472,2025-05-22,3 18 22 30 33 40
14473,2025-05-23,3 8 17 19 28 43
14474,2025-05-23,14 22 30 31 35 41
14475,2025-05-23,7 9 24 27 33 38
14476,2025-05-23,12 22 30 37 38 40
14477,2025-05-23,6 15 26 28 30 39
14478,2025-05-23,17 30 36 39 42 44
14479,2025-05-23,9 21 22 24 26 34
14480,2025-05-24,20 26 32 35 36 40
14481,2025-05-24,10 17 18 21 40 43
14482,2025-05-24,3 6 8 15 22 32
14483,2025-05-24,11 15 23 34 37 40
14484,2025-05-24,2 16 19 24 29 40
14485,2025-05-24,2 14 15 24 26 42
14486,2025-05-24,11 12 15 16 30 32
14487,2025-05-25,2 3 4 20 24 30
14488,2025-05-25,3 4 10 33 39 42
14489,2025-05-25,2 8 11 16 18 37
14490,2025-05-25,4 17 21 26 40 44
14491,2025-05-25,5 15 16 17 33 43
14492,2025-05-25,1 2 7 17 28 38
14493,2025-05-25,20 22 23 26 42 43
14494,2025-05-26,4 5 18 19 21 44
14495,2025-05-26,6 7 10 12 23 28
14496,2025-05-26,7 16 17 21 36 40
14497,2025-05-26,1 3 10 29 30 45
14498,2025-05-26,2 3 9 16 27 43
14499,2025-05-26,4 6 24 32 33 41
14500,2025-05-26,15 19 25 29 32 45
14501,2025-05-27,5 8 20 25 30 45
14502,2025-05-27,3 15 16 25 36 37
14503,2025-05-27,5 8 13 32 39 42
14504,2025-05-27,2 4 7 23 32 43
14505,2025-05-27,2 5 12 17 19 37
14506,2025-05-27,14 16 23 30 31 42
14507,2025-05-27,11 12 20 24 29 32
14508,2025-05-28,1 5 21 26 28 41
14509,2025-05-28,9 25 33 35 42 44
14510,2025-05-28,1 13 22 25 28 37
14511,2025-05-28,13 15 24 27 38 41
14512,2025-05-28,3 4 5 7 8 18
14513,2025-05-28,5 25 27 31 32 33
14514,2025-05-29,2 12 29 30 40 42
14515,2025-05-29,5 15 25 27 31 32
14516,2025-05-29,8 15 24 30 34 35
14517,2025-05-29,2 6 18 21 34 43
14518,2025-05-29,18 23 29 30 40 45
14519,2025-05-29,11 12 20 30 32 43
14520,2025-05-29,7 13 18 23 24 43
14521,2025-05-30,1 12 22 28 34 38
14522,2025-05-30,13 14 22 25 26 30
14523,2025-05-30,1 2 5 17 28 41
14524,2025-05-30,7 17 21 25 27 43
14525,2025-05-30,1 7 11 28 30 44
14526,2025-05-30,9 13 15 37 41 42
14527,2025-05-30,5 17 30 36 40 44
14528,2025-05-31,1 9 14 19 20 41
14529,2025-05-31,10 24 25 32 41 43
14530,2025-05-31,7 9 15 21 26 28
14531,2025-05-31,6 20 26 35 41 44
14532,2025-05-31,3 12 13 16 29 44
14533,2025-05-31,10 12 13 24 34 43
14534,2025-05-31,1 2 14 21 24 28
14535,2025-06-01,4 17 21 34 40 41
14536,2025-06-01,10 13 16 21 30 44
14537,2025-06-01,3 6 20 33 37 43
14538,2025-06-01,11 12 15 24 42 43
14539,2025-06-01,3 16 24 32 35 43
14540,2025-06-01,2 5 9 14 31 39
14541,2025-06-01,1 11 14 19 20 35
14542,2025-06-02,1 25 29 31 34 36
14543,2025-06-02,4 10 12 19 37 41
14544,2025-06-02,4 15 18 27 33 38
14545,2025-06-02,4 30 32 33 38 45
14546,2025-06-02,6 8 12 13 35 41
14547,2025-06-02,13 15 21 28 34 42
14548,2025-06-02,5 9 15 17 29 38
14549,2025-06-03,8 15 16 29 30 32
14550,2025-06-03,3 7 17 30 34 43
14551,2025-06-03,7 18 24 31 34 43
14552,2025-06-03,14 16 23 33 37 40
14553,2025-06-03,3 8 21 24 28 37
14554,2025-06-03,3 18 25 32 37 41
14555,2025-06-03,20 28 30 31 33 38
14556,2025-06-04,5 6 7 11 22 42
14557,2025-06-04,12 14 27 29 31 36
14558,2025-06-04,16 23 31 38 43 44
14559,2025-06-04,16 31 32 35 37 41
14560,2025-06-04,3 8 9 15 24 33
14561,2025-06-04,14 21 27 30 35 44
14562,2025-06-05,19 38 39 41 42 45
14563,2025-06-05,10 13 21 36 38 44
14564,2025-06-05,2 6 8 24 27 37
14565,2025-06-05,2 6 9 28 33 39
14566,2025-06-05,9 12 13 23 33 36
14567,2025-06-05,1 4 30 36 37 42
14568,2025-06-05,3 17 23 29 37 38
14569,2025-06-06,3 13 16 36 43 44
14570,2025-06-06,3 15 27 31 34 43
14571,2025-06-06,4 8 12 26 28 43
14572,2025-06-06,6 9 15 30 32 44
14573,2025-06-06,1 4 17 28 29 35
14574,2025-06-06,8 17 25 32 33 38
14575,2025-06-06,1 12 14 27 30 39
14576,2025-06-07,2 10 29 30 43 45
14577,2025-06-07,3 7 10 11 12 31
14578,2025-06-07,2 3 5 6 22 32
14579,2025-06-07,3 4 25 28 31 39
14580,2025-06-07,2 8 10 21 28 43
14581,2025-06-07,5 6 8 18 22 32
14582,2025-06-07,6 11 14 15 43 45
14583,2025-06-08,2 6 8 13 31 38
14584,2025-06-08,3 19 25 42 43 45
14585,2025-06-08,12 14 15 28 32 45
14586,2025-06-08,6 16 32 33 35 43
14587,2025-06-08,12 18 24 36 38 43
14588,2025-06-08,2 3 15 26 34 38
14589,2025-06-08,4 16 28 29 40 44
14590,2025-06-09,2 8 17 18 28 45
14591,2025-06-09,4 21 28 32 39 41
14592,2025-06-09,11 12 16 19 36 45
14593,2025-06-09,2 3 22 33 40 43
14594,2025-06-09,4 8 23 28 30 38
14595,2025-06-09,2 3 9 11 19 40
14596,2025-06-09,7 13 19 22 32 35
14597,2025-06-10,4 5 15 18 19 45
14598,2025-06-10,10 18 19 25 27 32
14599,2025-06-10,4 5 10 12 30 38
14600,2025-06-10,2 8 23 37 40 42
14601,2025-06-10,10 13 23 25 26 44
14602,2025-06-10,30 33 34 35 38 43
14603,2025-06-10,10 14 19 21 40 41
14604,2025-06-11,3 6 11 17 24 38
14605,2025-06-11,2 16 22 23 25 44
14606,2025-06-11,4 7 31 32 34 45
14607,2025-06-11,3 24 28 33 35 37
14608,2025-06-11,8 14 20 26 39 44
14609,2025-06-11,1 11 28 38 39 41
14610,2025-06-12,5 7 16 18 40 43
14611,2025-06-12,1 3 8 26 30 35
14612,2025-06-12,1 7 15 24 35 39
14613,2025-06-12,12 23 25 30 37 38
14614,2025-06-12,8 13 20 33 35 39
14615,2025-06-12,2 25 30 38 42 44
14616,2025-06-12,8 15 17 35 37 41
14617,2025-06-13,16 18 26 33 35 40
14618,2025-06-13,3 8 15 18 33 41
14619,2025-06-13,7 8 25 33 43 45
14620,2025-06-13,5 14 22 24 25 41
14621,2025-06-13,8 26 29 30 31 45
14622,2025-06-13,2 19 20 29 34 39
14623,2025-06-13,12 20 34 36 40 45
14624,2025-06-14,7 11 30 41 44 45
14625,2025-06-14,2 19 23 28 31 38
14626,2025-06-14,12 13 17 21 24 43
14627,2025-06-14,2 6 29 31 33 44
14628,2025-06-14,2 15 19 24 39 45
14629,2025-06-14,7 9 33 37 40 42
14630,2025-06-14,1 6 25 27 28 35
14631,2025-06-15,1 5 15 19 24 29
14632,2025-06-15,4 8 11 37 40 41
14633,2025-06-15,1 4 19 26 29 34
14634,2025-06-15,5 21 35 37 38 44
14635,2025-06-15,9 13 20 35 39 42
14636,2025-06-15,20 32 35 36 41 45
14637,2025-06-15,4 5 25 36 37 42
14638,2025-06-16,1 3 9 23 30 42
14639,2025-06-16,5 15 16 20 25 31
14640,2025-06-16,9 20 32 35 36 42
14641,2025-06-16,13 14 30 32 36 43
14642,2025-06-16,2 18 27 32 34 35
14643,2025-06-16,3 12 14 19 28 32
14644,2025-06-16,24 25 33 40 42 45
14645,2025-06-17,6 17 28 36 37 44
14646,2025-06-17,7 27 32 34 40 41
14647,2025-06-17,4 11 17 27 39 42
14648,2025-06-17,3 11 19 23 41 44
14649,2025-06-17,1 9 23 29 37 42
14650,2025-06-17,6 9 11 28 32 44
14651,2025-06-17,3 5 12 13 38 42
14652,2025-06-18,3 12 29 32 35 36
14653,2025-06-18,16 18 26 29 32 35
14654,2025-06-18,8 12 20 25 26 31
14655,2025-06-18,3 8 18 29 39 40
14656,2025-06-18,9 11 12 26 30 41
14657,2025-06-18,1 2 7 10 23 43
14658,2025-06-19,13 16 19 35 42 43
14659,2025-06-19,1 5 10 11 16 35
14660,2025-06-19,3 15 19 27 33 44
14661,2025-06-19,3 14 22 25 38 42
14662,2025-06-19,3 13 14 20 22 35
14663,2025-06-19,4 8 9 13 27 36
14664,2025-06-19,2 15 23 24 30 44
14665,2025-06-20,16 17 21 29 30 45
14666,2025-06-20,5 14 15 16 27 40
14667,2025-06-20,6 8 11 12 20 45
14668,2025-06-20,2 6 15 24 36 41
14669,2025-06-20,1 2 25 26 40 42
14670,2025-06-20,2 7 12 13 35 41
14671,2025-06-20,1 16 24 26 29 43
14672,2025-06-21,3 15 26 29 30 31
14673,2025-06-21,18 19 22 24 28 42
14674,2025-06-21,1 7 19 28 34 42
14675,2025-06-21,1 3 7 15 16 29
14676,2025-06-21,6 24 27 31 38 41
14677,2025-06-21,1 7 8 29 30 44
14678,2025-06-21,26 31 33 35 38 44
14679,2025-06-22,10 11 19 27 32 35
14680,2025-06-22,9 14 24 28 33 36
14681,2025-06-22,2 5 16 18 31 37
14682,2025-06-22,10 15 20 25 29 41
14683,2025-06-22,4 19 20 23 32 36
14684,2025-06-22,8 17 21 22 34 45
14685,2025-06-22,23 24 27 28 32 44
14686,2025-06-23,3 9 17 30 38 45
14687,2025-06-23,13 15 16 29 36 40
14688,2025-06-23,7 8 10 13 31 45
14689,2025-06-23,2 3 14 17 38 43
14690,2025-06-23,4 7 16 17 29 37
14691,2025-06-23,2 9 12 19 20 33
14692,2025-06-23,2 10 15 34 37 45
14693,2025-06-24,1 12 21 29 31 38
14694,2025-06-24,3 4 10 19 43 45
14695,2025-06-24,2 17 21 22 31 44
14696,2025-06-24,2 6 8 11 14 31
14697,2025-06-24,1 17 20 23 30 43
14698,2025-06-24,15 18 22 26 32 35
14699,2025-06-24,6 9 11 12 13 26
14700,2025-06-25,4 24 32 33 36 45
14701,2025-06-25,16 19 23 30 33 35
14702,2025-06-25,6 14 22 30 35 41
14703,2025-06-25,1 10 14 17 35 43
14704,2025-06-25,2 3 5 9 11 26
14705,2025-06-25,1 11 15 18 42 44
14706,2025-06-26,6 8 20 31 34 37
14707,2025-06-26,9 17 25 32 41 42
14708,2025-06-26,1 6 26 29 40 42
14709,2025-06-26,5 7 10 11 14 31
14710,2025-06-26,8 11 17 18 31 33
14711,2025-06-26,7 13 17 27 37 41
14712,2025-06-26,4 13 17 28 29 43
14713,2025-06-27,1 16 36 37 42 43
14714,2025-06-27,6 10 12 14 20 32
14715,2025-06-27,2 6 12 18 27 31
14716,2025-06-27,6 8 35 36 37 42
14717,2025-06-27,10 13 17 26 32 40
14718,2025-06-27,5 7 9 16 31 43
14719,2025-06-27,10 21 23 35 36 40
14720,2025-06-28,1 22 26 34 36 42
14721,2025-06-28,2 12 31 35 38 43
14722,2025-06-28,1 12 17 35 38 41
14723,2025-06-28,1 7 34 36 37 45
14724,2025-06-28,27 28 30 33 37 41
14725,2025-06-28,10 24 26 33 35 44
14726,2025-06-28,9 19 20 22 28 29
14727,2025-06-29,19 28 29 33 39 45
14728,2025-06-29,15 24 30 31 43 45
14729,2025-06-29,3 6 17 20 23 26
14730,2025-06-29,10 20 23 32 34 35
14731,2025-06-29,2 3 19 23 28 42
14732,2025-06-29,5 12 23 34 38 41
14733,2025-06-29,1 2 16 27 39 42
14734,2025-06-30,2 6 7 9 17 45
14735,2025-06-30,18 34 37 38 42 44
14736,2025-06-30,1 4 8 15 42 44
14737,2025-06-30,1 3 6 24 25 26
14738,2025-06-30,2 6 7 32 41 42
14739,2025-06-30,12 15 20 21 24 33
14740,2025-06-30,4 10 28 37 38 43
14741,2025-07-01,7 11 17 22 26 37
14742,2025-07-01,1 7 10 19 31 44
14743,2025-07-01,25 28 29 34 40 43
14744,2025-07-01,4 10 15 19 36 43
14745,2025-07-01,4 12 23 29 34 40
14746,2025-07-01,1 4 8 18 30 35
14747,2025-07-01,5 6 8 25 33 34
14748,2025-07-02,7 12 18 19 23 32
14749,2025-07-02,3 9 23 25 27 42
14750,2025-07-02,2 15 35 41 43 45
14751,2025-07-02,8 18 28 29 30 43
14752,2025-07-02,11 15 32 34 36 42
14753,2025-07-02,3 6 22 28 30 35
14754,2025-07-03,4 18 32 34 38 45
14755,2025-07-03,10 21 26 29 30 35
14756,2025-07-03,4 20 28 34 35 37
14757,2025-07-03,8 9 21 25 39 42
14758,2025-07-03,8 9 15 19 23 28
14759,2025-07-03,2 15 19 35 40 42
14760,2025-07-03,2 3 7 12 24 25
14761,2025-07-04,4 6 26 36 42 44
14762,2025-07-04,1 15 18 26 30 33
14763,2025-07-04,3 17 26 28 36 40
14764,2025-07-04,19 21 26 27 34 43
14765,2025-07-04,6 7 12 24 34 43
14766,2025-07-04,9 11 15 37 40 44
14767,2025-07-04,5 6 21 23 27 36
14768,2025-07-05,1 10 12 35 38 40
14769,2025-07-05,8 17 25 27 30 40
14770,2025-07-05,1 9 15 20 27 42
14771,2025-07-05,1 11 12 17 28 38
14772,2025-07-05,1 18 20 22 26 34
14773,2025-07-05,3 11 26 37 38 43
14774,2025-07-05,4 9 16 32 41 43
14775,2025-07-06,4 15 16 20 23 40
14776,2025-07-06,14 19 29 34 36 39
14777,2025-07-06,5 16 18 24 41 44
14778,2025-07-06,8 18 19 24 33 37
14779,2025-07-06,5 23 24 25 26 35
14780,2025-07-06,8 15 26 27 33 39
14781,2025-07-06,8 13 14 21 26 30
14782,2025-07-07,1 3 6 13 19 32
14783,2025-07-07,3 25 34 35 43 44
14784,2025-07-07,1 2 6 28 34 39
14785,2025-07-07,5 7 8 18 22 33
14786,2025-07-07,8 13 16 24 28 35
14787,2025-07-07,6 8 11 13 23 41
14788,2025-07-07,4 29 32 35 38 39
14789,2025-07-08,6 17 22 40 42 45
14790,2025-07-08,10 15 25 26 30 41
14791,2025-07-08,3 6 14 20 29 39
14792,2025-07-08,7 11 13 34 40 42
14793,2025-07-08,7 14 15 28 32 37
14794,2025-07-08,5 8 16 19 24 32
14795,2025-07-08,10 12 15 21 23 37
14796,2025-07-09,12 29 31 34 39 44
14797,2025-07-09,7 11 19 28 29 33
14798,2025-07-09,8 12 21 36 38 43
14799,2025-07-09,12 14 17 38 43 44
14800,2025-07-09,21 23 33 34 40 41
14801,2025-07-09,5 7 13 21 28 33
14802,2025-07-10,1 5 6 13 29 44
14803,2025-07-10,2 4 10 14 18 41
14804,2025-07-10,13 15 16 26 30 35
14805,2025-07-10,8 12 33 36 38 39
14806,2025-07-10,13 18 23 27 28 37
14807,2025-07-10,4 13 14 22 39 43
14808,2025-07-10,6 7 12 19 36 45
14809,2025-07-11,3 22 26 35 40 43
14810,2025-07-11,9 15 20 29 36 43
14811,2025-07-11,4 10 13 24 30 40
14812,2025-07-11,10 19 26 33 36 43
14813,2025-07-11,3 8 23 24 35 45
14814,2025-07-11,26 30 31 33 35 37
14815,2025-07-11,1 15 17 22 30 44
14816,2025-07-12,11 12 13 16 32 43
14817,2025-07-12,6 9 13 17 26 36
14818,2025-07-12,8 17 18 27 30 33
14819,2025-07-12,3 10 16 17 22 43
14820,2025-07-12,18 20 24 31 33 37
14821,2025-07-12,7 8 11 13 28 33
14822,2025-07-12,1 5 14 31 33 42
14823,2025-07-13,6 12 15 17 19 29
14824,2025-07-13,9 10 17 26 36 39
14825,2025-07-13,7 11 20 25 33 44
14826,2025-07-13,11 19 20 36 38 40
14827,2025-07-13,14 17 31 35 37 41
14828,2025-07-13,12 17 20 25 29 30
14829,2025-07-13,8 17 21 22 28 29
14830,2025-07-14,3 15 29 38 39 44
14831,2025-07-14,5 10 13 28 43 44
14832,2025-07-14,4 11 27 28 36 40
14833,2025-07-14,2 4 10 24 28 38
14834,2025-07-14,7 12 31 38 40 41
14835,2025-07-14,6 9 19 20 26 43
14836,2025-07-14,15 17 20 27 31 42
14837,2025-07-15,5 9 14 17 20 22
14838,2025-07-15,9 26 32 38 40 45
14839,2025-07-15,8 17 21 26 33 42
14840,2025-07-15,10 11 15 18 27 32
14841,2025-07-15,6 21 22 23 31 39
14842,2025-07-15,7 9 19 24 29 38
14843,2025-07-15,8 9 12 16 32 39
14844,2025-07-16,1 11 18 19 22 41
14845,2025-07-16,12 18 22 27 33 45
14846,2025-07-16,13 19 28 32 42 44
14847,2025-07-16,7 8 11 18 22 30
14848,2025-07-16,20 23 25 26 30 32
14849,2025-07-16,1 6 14 33 36 45
14850,2025-07-17,11 17 21 28 42 45
14851,2025-07-17,6 8 24 32 34 40
14852,2025-07-17,7 10 13 25 36 44
14853,2025-07-17,1 4 10 18 36 38
14854,2025-07-17,4 6 16 24 31 33
14855,2025-07-17,1 9 15 29 32 33
14856,2025-07-17,1 7 10 14 25 38
14857,2025-07-18,2 19 25 30 34 43
14858,2025-07-18,2 5 22 31 38 39
14859,2025-07-18,18 26 30 31 37 40
14860,2025-07-18,7 15 16 18 36 37
14861,2025-07-18,1 4 21 24 37 40
14862,2025-07-18,4 6 16 26 35 42
14863,2025-07-18,23 28 32 35 40 44
14864,2025-07-19,8 29 35 37 40 45
14865,2025-07-19,5 10 31 37 41 45
14866,2025-07-19,15 31 32 38 39 43
14867,2025-07-19,2 4 19 20 23 44
14868,2025-07-19,1 22 24 27 28 39
14869,2025-07-19,6 10 11 13 29 41
14870,2025-07-19,3 24 33 36 37 43
14871,2025-07-20,7 14 18 38 43 45
14872,2025-07-20,8 10 11 26 41 43
14873,2025-07-20,12 16 18 20 35 40
14874,2025-07-20,5 21 25 27 36 44
14875,2025-07-20,5 7 10 24 33 40
14876,2025-07-20,4 5 9 13 17 27
14877,2025-07-20,26 27 29 32 39 43
14878,2025-07-21,6 15 22 23 29 41
14879,2025-07-21,3 19 28 29 38 41
14880,2025-07-21,6 9 22 25 33 34
14881,2025-07-21,3 4 22 30 31 42
14882,2025-07-21,2 4 10 31 37 42
14883,2025-07-21,4 5 14 16 24 27
14884,2025-07-21,2 9 16 21 22 40
14885,2025-07-22,8 19 24 28 37 45
14886,2025-07-22,5 11 20 25 27 29
14887,2025-07-22,8 27 31 42 43 44
14888,2025-07-22,10 14 23 31 32 39
14889,2025-07-22,7 29 30 34 37 39
14890,2025-07-22,1 7 10 24 38 43
14891,2025-07-22,3 15 16 27 35 45
14892,2025-07-23,3 12 16 22 40 43
14893,2025-07-23,9 13 15 34 36 45
14894,2025-07-23,12 18 19 25 41 44
14895,2025-07-23,17 18 25 28 31 37
14896,2025-07-23,2 13 22 34 39 45
14897,2025-07-23,4 12 24 25 29 34
14898,2025-07-24,5 7 17 19 28 38
14899,2025-07-24,1 3 9 22 36 40
14900,2025-07-24,2 12 22 25 32 34
14901,2025-07-24,12 31 34 40 42 45
14902,2025-07-24,15 16 17 24 27 41
14903,2025-07-24,16 22 30 33 34 36
14904,2025-07-24,12 18 19 23 32 39
14905,2025-07-25,1 11 12 21 28 31
14906,2025-07-25,7 12 14 19 29 36
14907,2025-07-25,1 3 17 25 34 37
14908,2025-07-25,6 12 23 24 35 44
14909,2025-07-25,4 7 15 29 33 39
14910,2025-07-25,3 8 15 19 23 34
14911,2025-07-25,16 19 35 41 43 44
14912,2025-07-26,10 20 24 33 34 41
14913,2025-07-26,25 31 33 34 35 43
14914,2025-07-26,3 9 19 23 26 41
14915,2025-07-26,10 14 20 25 30 34
14916,2025-07-26,1 11 21 25 34 37
14917,2025-07-26,6 21 28 35 37 43
14918,2025-07-26,1 2 15 23 37 38
14919,2025-07-27,4 5 11 23 26 29
14920,2025-07-27,13 15 20 39 43 44
14921,2025-07-27,9 21 31 32 35 43
14922,2025-07-27,2 19 26 37 40 41
14923,2025-07-27,11 18 28 31 34 39
14924,2025-07-27,7 17 20 21 22 30
14925,2025-07-27,4 10 20 31 44 45
14926,2025-07-28,4 11 17 22 23 41
14927,2025-07-28,17 18 24 30 41 43
14928,2025-07-28,6 12 13 14 24 39
14929,2025-07-28,13 23 26 38 39 42
14930,2025-07-28,1 3 8 10 12 23
14931,2025-07-28,5 8 14 17 22 44
14932,2025-07-28,2 9 10 24 27 30
14933,2025-07-29,4 5 15 20 23 31
14934,2025-07-29,5 21 23 42 43 45
14935,2025-07-29,4 8 15 28 40 44
14936,2025-07-29,15 22 25 36 43 44
14937,2025-07-29,11 15 17 21 22 40
14938,2025-07-29,2 8 11 17 37 45
14939,2025-07-29,3 7 12 21 22 45
14940,2025-07-30,3 4 5 7 11 28
14941,2025-07-30,10 12 19 26 36 37
14942,2025-07-30,12 13 14 30 41 43
14943,2025-07-30,1 14 23 34 38 41
14944,2025-07-30,2 9 20 29 33 42
14945,2025-07-30,6 22 24 25 39 41
14946,2025-07-31,2 6 10 19 22 43
14947,2025-07-31,1 8 23 27 31 45
14948,2025-07-31,5 21 28 35 38 40
14949,2025-07-31,1 4 11 21 30 42
14950,2025-07-31,2 7 26 28 37 44
14951,2025-07-31,9 12 20 35 36 38
14952,2025-07-31,3 12 13 29 31 41
14953,2025-08-01,5 7 8 17 27 44
14954,2025-08-01,3 14 25 27 34 36
14955,2025-08-01,7 11 22 24 31 41
14956,2025-08-01,5 14 15 19 41 45
14957,2025-08-01,3 6 18 19 23 29
14958,2025-08-01,9 22 26 31 39 41
14959,2025-08-01,8 9 18 38 41 44
14960,2025-08-02,5 10 20 24 26 31
14961,2025-08-02,1 2 14 15 37 45
14962,2025-08-02,2 11 21 23 25 30
14963,2025-08-02,7 10 16 23 26 40
14964,2025-08-02,15 18 19 29 32 35
14965,2025-08-02,4 12 16 26 33 34
14966,2025-08-02,11 29 37 38 40 41
14967,2025-08-03,1 6 22 24 29 31
14968,2025-08-03,2 4 7 14 27 45
14969,2025-08-03,8 9 13 17 18 22
14970,2025-08-03,3 4 12 16 34 40
14971,2025-08-03,2 10 17 31 33 43
14972,2025-08-03,18 19 24 25 38 43
14973,2025-08-03,10 14 27 28 36 44
14974,2025-08-04,7 8 9 12 19 40
14975,2025-08-04,9 21 25 27 29 45
14976,2025-08-04,5 10 12 36 38 41
14977,2025-08-04,5 13 17 21 39 42
14978,2025-08-04,6 13 20 38 40 42
14979,2025-08-04,2 18 20 26 40 43
14980,2025-08-04,14 18 20 21 26 45
14981,2025-08-05,7 8 18 21 28 42
14982,2025-08-05,9 15 24 36 41 43
14983,2025-08-05,3 4 12 13 29 44
14984,2025-08-05,11 29 31 34 36 42
14985,2025-08-05,5 7 25 26 30 34
14986,2025-08-05,12 16 33 35 38 44
14987,2025-08-05,14 22 28 37 38 39
14988,2025-08-06,12 15 33 35 38 40
14989,2025-08-06,5 8 10 29 42 45
14990,2025-08-06,5 8 13 25 26 28
14991,2025-08-06,5 8 16 18 32 35
14992,2025-08-06,5 8 17 30 34 45
14993,2025-08-06,2 25 32 40 42 44
14994,2025-08-07,12 23 26 28 30 41
14995,2025-08-07,8 29 34 38 43 45
14996,2025-08-07,8 19 26 31 42 44
14997,2025-08-07,8 9 10 25 30 31
14998,2025-08-07,8 9 25 36 39 43
14999,2025-08-07,1 3 21 29 31 32
15000,2025-08-07,5 13 17 20 33 39
15001,2025-08-08,6 11 17 21 41 43
15002,2025-08-08,6 19 23 37 39 40
15003,2025-08-08,1 3 10 12 16 29
15004,2025-08-08,12 16 31 34 36 40
15005,2025-08-08,2 3 6 25 41 43
15006,2025-08-08,8 27 28 35 40 41
15007,2025-08-08,10 15 18 29 39 45
15008,2025-08-09,4 9 20 22 23 31
15009,2025-08-09,1 8 11 16 32 35
15010,2025-08-09,2 4 6 23 40 41
15011,2025-08-09,11 28 30 33 37 42
15012,2025-08-09,10 11 18 31 33 41
15013,2025-08-09,3 9 14 34 35 45
15014,2025-08-09,4 15 19 25 34 40
15015,2025-08-10,1 3 10 15 34 38
15016,2025-08-10,13 24 25 29 30 39
15017,2025-08-10,2 17 18 23 28 44
15018,2025-08-10,12 13 21 22 27 36
15019,2025-08-10,14 18 19 22 27 29
15020,2025-08-10,6 7 19 34 37 45
15021,2025-08-10,7 19 30 36 39 41
15022,2025-08-11,3 20 21 25 30 32
15023,2025-08-11,1 8 25 32 41 42
15024,2025-08-11,12 18 21 32 36 44
15025,2025-08-11,5 17 20 21 26 27
15026,2025-08-11,4 9 14 18 32 45
15027,2025-08-11,2 5 8 17 26 40
15028,2025-08-11,6 28 30 31 38 45
15029,2025-08-12,5 7 15 18 23 41
15030,2025-08-12,7 13 17 22 36 41
15031,2025-08-12,18 24 29 34 35 39
15032,2025-08-12,2 5 16 20 36 41
15033,2025-08-12,10 30 34 36 42 43
15034,2025-08-12,6 7 23 28 41 42
15035,2025-08-12,2 6 9 22 38 39
15036,2025-08-13,14 18 39 40 42 45
15037,2025-08-13,3 4 20 28 30 42
15038,2025-08-13,4 6 12 17 25 34
15039,2025-08-13,5 11 35 41 44 45
15040,2025-08-13,3 15 19 20 26 38
15041,2025-08-13,14 17 19 41 42 44
15042,2025-08-14,7 9 15 16 21 24
15043,2025-08-14,1 4 20 23 25 44
15044,2025-08-14,7 8 9 12 24 27
15045,2025-08-14,6 12 13 36 38 44
15046,2025-08-14,7 11 14 15 40 41
15047,2025-08-14,1 8 11 27 28 29
15048,2025-08-14,4 11 17 18 33 37
15049,2025-08-15,13 22 30 31 35 43
15050,2025-08-15,1 20 31 33 44 45
15051,2025-08-15,4 15 17 18 19 23
15052,2025-08-15,8 14 23 25 26 38
15053,2025-08-15,4 8 31 39 41 43
15054,2025-08-15,7 12 14 20 36 41
15055,2025-08-15,9 15 18 22 25 39
15056,2025-08-16,2 7 25 27 31 37
15057,2025-08-16,4 5 7 17 18 25
15058,2025-08-16,1 2 14 23 27 37
15059,2025-08-16,3 7 8 9 17 32
15060,2025-08-16,6 11 16 22 31 37
15061,2025-08-16,1 4 13 17 24 32
15062,2025-08-16,7 15 16 17 38 41
15063,2025-08-17,15 20 25 30 32 35
15064,2025-08-17,6 11 13 17 22 25
15065,2025-08-17,2 8 20 28 35 40
15066,2025-08-17,6 12 36 37 39 44
15067,2025-08-17,1 20 22 33 34 37
15068,2025-08-17,3 9 13 33 41 44
15069,2025-08-17,10 15 16 19 31 32
15070,2025-08-18,7 10 14 20 24 43
15071,2025-08-18,9 12 26 33 44 45
15072,2025-08-18,8 10 11 15 16 45
15073,2025-08-18,2 15 16 25 29 37
15074,2025-08-18,2 5 30 40 42 44
15075,2025-08-18,6 8 16 18 27 31
15076,2025-08-18,8 14 15 37 38 45
15077,2025-08-19,2 5 7 25 29 41
15078,2025-08-19,2 6 7 16 32 35
15079,2025-08-19,1 8 16 26 30 45
15080,2025-08-19,3 5 14 17 32 44
15081,2025-08-19,1 22 31 34 41 43
15082,2025-08-19,2 15 17 19 33 37
15083,2025-08-19,7 19 25 37 38 43
15084,2025-08-20,6 16 20 25 37 40
15085,2025-08-20,7 8 9 14 28 29
15086,2025-08-20,2 10 21 28 32 40
15087,2025-08-20,2 4 6 10 14 26
15088,2025-08-20,1 13 18 25 29 32
15089,2025-08-20,8 11 27 30 39 40
15090,2025-08-21,2 4 11 12 33 40
15091,2025-08-21,2 24 30 31 32 43
15092,2025-08-21,8 11 31 39 43 44
15093,2025-08-21,2 10 18 33 43 44
15094,2025-08-21,4 12 22 35 40 43
15095,2025-08-21,2 6 8 14 32 38
15096,2025-08-21,1 9 11 23 25 32
15097,2025-08-22,10 20 33 34 35 45
15098,2025-08-22,5 20 26 27 32 33
15099,2025-08-22,3 14 15 22 30 36
15100,2025-08-22,7 9 14 16 17 39
15101,2025-08-22,12 14 18 23 24 36
15102,2025-08-22,4 5 14 30 37 39
15103,2025-08-22,1 14 21 24 38 45
15104,2025-08-23,3 12 17 24 32 43
15105,2025-08-23,1 7 8 12 23 26
15106,2025-08-23,1 3 20 24 28 31
15107,2025-08-23,3 4 23 24 28 39
15108,2025-08-23,2 9 12 19 40 45
15109,2025-08-23,16 17 24 25 26 44
15110,2025-08-23,1 2 12 26 31 40
15111,2025-08-24,8 13 16 24 30 45
15112,2025-08-24,2 3 15 20 21 23
15113,2025-08-24,4 6 16 28 30 34
15114,2025-08-24,4 13 21 26 28 29
15115,2025-08-24,7 14 25 33 43 45
15116,2025-08-24,8 11 17 24 40 45
15117,2025-08-24,9 17 22 27 38 40
15118,2025-08-25,8 12 17 25 36 41
15119,2025-08-25,1 10 12 14 20 22
15120,2025-08-25,2 10 15 23 33 44
15121,2025-08-25,1 14 32 36 37 43
15122,2025-08-25,4 18 34 39 40 43
15123,2025-08-25,12 17 25 29 42 43
15124,2025-08-25,8 20 31 35 37 40
15125,2025-08-26,4 28 32 35 39 43
15126,2025-08-26,3 13 19 21 35 40
15127,2025-08-26,2 8 11 30 39 41
15128,2025-08-26,2 4 7 8 17 20
15129,2025-08-26,2 25 28 39 40 43
15130,2025-08-26,3 18 27 34 40 45
15131,2025-08-26,3 6 15 17 28 31
15132,2025-08-27,5 11 14 19 32 41
15133,2025-08-27,2 13 24 26 28 41
15134,2025-08-27,15 18 24 25 35 40
15135,2025-08-27,3 9 15 26 37 39
15136,2025-08-27,9 18 21 22 35 41
15137,2025-08-27,2 4 26 28 31 32
15138,2025-08-28,6 20 21 26 32 35
15139,2025-08-28,12 16 19 28 30 32
15140,2025-08-28,2 5 19 22 40 43
15141,2025-08-28,5 19 20 21 37 39
15142,2025-08-28,11 20 24 25 33 37
15143,2025-08-28,1 15 16 17 20 38
15144,2025-08-28,1 10 22 30 41 43
15145,2025-08-29,3 7 16 25 29 37
15146,2025-08-29,1 5 23 26 27 28
15147,2025-08-29,7 9 13 16 20 23
15148,2025-08-29,6 11 17 23 36 38
15149,2025-08-29,2 3 14 41 43 44
15150,2025-08-29,6 11 18 23 30 34
15151,2025-08-29,7 17 19 28 42 43
15152,2025-08-30,10 17 27 30 37 40
15153,2025-08-30,23 26 28 30 37 39
15154,2025-08-30,10 11 16 20 22 27
15155,2025-08-30,13 16 20 30 39 42
15156,2025-08-30,4 21 23 29 34 43
15157,2025-08-30,10 11 19 23 28 34
15158,2025-08-30,12 13 19 20 21 41
15159,2025-08-31,2 19 33 37 41 45
15160,2025-08-31,2 8 16 26 34 43
15161,2025-08-31,5 13 24 26 37 40
15162,2025-08-31,16 23 24 40 42 43
15163,2025-08-31,16 19 20 22 33 34
15164,2025-08-31,6 8 13 26 34 39
15165,2025-08-31,2 10 18 27 36 40
15166,2025-09-01,8 13 16 26 39 45
15167,2025-09-01,9 28 35 36 37 39
15168,2025-09-01,8 18 23 28 39 42
15169,2025-09-01,3 14 33 36 37 38
15170,2025-09-01,20 23 25 27 35 37
15171,2025-09-01,10 11 17 18 22 40
15172,2025-09-01,1 11 15 23 30 32
15173,2025-09-02,8 16 31 33 36 39
15174,2025-09-02,16 18 24 29 30 38
15175,2025-09-02,4 7 13 14 36 45
15176,2025-09-02,1 6 12 17 25 42
15177,2025-09-02,2 23 33 36 38 44
15178,2025-09-02,13 14 17 34 37 40
15179,2025-09-02,1 13 14 18 27 44
15180,2025-09-03,2 6 22 25 34 36
15181,2025-09-03,8 10 13 23 27 42
15182,2025-09-03,7 11 16 20 28 31
15183,2025-09-03,4 25 26 30 33 38
15184,2025-09-03,9 11 14 21 26 32
15185,2025-09-03,1 16 18 30 42 44
15186,2025-09-04,12 31 32 34 38 45
15187,2025-09-04,12 17 20 21 26 40
15188,2025-09-04,16 24 28 35 38 40
15189,2025-09-04,4 6 8 24 37 41
15190,2025-09-04,17 18 23 28 34 37
15191,2025-09-04,14 20 22 28 31 37
15192,2025-09-04,7 22 29 32 35 44
15193,2025-09-05,3 6 18 22 33 44
15194,2025-09-05,4 10 18 21 28 43
15195,2025-09-05,7 10 24 25 38 41
15196,2025-09-05,2 4 7 14 20 34
15197,2025-09-05,1 18 27 31 36 42
15198,2025-09-05,9 10 27 34 35 37
15199,2025-09-05,9 13 26 28 41 43
15200,2025-09-06,3 16 18 21 30 33
15201,2025-09-06,9 10 17 32 36 40
15202,2025-09-06,7 9 28 31 35 38
15203,2025-09-06,11 14 27 29 36 44
15204,2025-09-06,6 15 22 24 32 35
15205,2025-09-06,22 30 34 37 39 44
15206,2025-09-06,4 11 16 27 29 32
15207,2025-09-07,1 9 14 25 35 36
15208,2025-09-07,2 5 9 22 39 42
15209,2025-09-07,9 14 22 30 36 45
15210,2025-09-07,5 10 12 19 24 35
15211,2025-09-07,8 9 11 19 30 32
15212,2025-09-07,1 8 12 20 23 39
15213,2025-09-07,4 26 27 34 38 43
15214,2025-09-08,1 13 15 17 36 43
15215,2025-09-08,9 10 14 26 29 39
15216,2025-09-08,4 8 23 32 35 44
15217,2025-09-08,6 9 10 17 18 41
15218,2025-09-08,5 18 28 31 32 36
15219,2025-09-08,9 10 14 17 25 40
15220,2025-09-08,11 12 18 28 30 41
15221,2025-09-09,5 7 17 31 37 42
15222,2025-09-09,1 22 30 32 34 44
15223,2025-09-09,8 14 20 24 28 33
15224,2025-09-09,1 2 9 10 24 40
15225,2025-09-09,5 7 9 20 23 30
15226,2025-09-09,5 8 10 21 30 34
15227,2025-09-09,7 13 27 34 39 41
15228,2025-09-10,4 5 28 31 43 45
15229,2025-09-10,2 4 7 14 21 26
15230,2025-09-10,4 9 11 16 34 45
15231,2025-09-10,4 7 33 40 44 45
15232,2025-09-10,2 9 18 31 37 45
15233,2025-09-10,2 4 5 12 39 43
15234,2025-09-11,3 6 9 12 25 35
15235,2025-09-11,3 8 9 10 18 26
15236,2025-09-11,1 14 19 22 24 43
15237,2025-09-11,14 21 25 33 38 42
15238,2025-09-11,2 6 11 16 32 41
15239,2025-09-11,7 16 17 18 24 41
15240,2025-09-11,4 5 6 15 28 43
15241,2025-09-12,4 7 8 18 21 29
15242,2025-09-12,2 7 8 17 30 38
15243,2025-09-12,2 8 14 34 38 40
15244,2025-09-12,1 13 20 39 43 45
15245,2025-09-12,11 16 19 20 24 33
15246,2025-09-12,2 7 16 31 38 41
15247,2025-09-12,9 10 17 25 26 33
15248,2025-09-13,5 10 13 17 19 25
15249,2025-09-13,17 22 23 33 37 40
15250,2025-09-13,3 12 20 21 39 45
15251,2025-09-13,2 11 21 29 38 39
15252,2025-09-13,15 21 23 31 38 42
15253,2025-09-13,18 27 30 32 41 42
15254,2025-09-13,11 12 19 29 34 37
15255,2025-09-14,8 13 14 18 23 36
15256,2025-09-14,11 12 18 36 40 42
15257,2025-09-14,6 21 23 28 40 43
15258,2025-09-14,2 10 26 28 29 33
15259,2025-09-14,3 17 19 20 30 43
15260,2025-09-14,8 13 15 20 35 44
15261,2025-09-14,10 13 17 32 39 40
15262,2025-09-15,6 28 29 32 38 42
15263,2025-09-15,1 3 10 14 40 41
15264,2025-09-15,6 15 21 24 25 27
15265,2025-09-15,2 15 24 32 34 40
15266,2025-09-15,3 14 27 28 29 37
15267,2025-09-15,12 14 15 30 34 38
15268,2025-09-15,3 5 9 10 19 24
15269,2025-09-16,2 18 19 22 31 37
15270,2025-09-16,22 24 26 28 33 45
15271,2025-09-16,10 16 17 24 29 32
15272,2025-09-16,7 12 14 21 22 41
15273,2025-09-16,12 20 25 36 44 45
15274,2025-09-16,5 10 13 21 30 37
15275,2025-09-16,1 5 19 26 27 45
15276,2025-09-17,4 5 20 24 27 39
15277,2025-09-17,1 2 15 33 40 42
15278,2025-09-17,14 16 18 34 39 41
15279,2025-09-17,7 25 31 36 40 43
15280,2025-09-17,7 13 14 20 26 40
15281,2025-09-17,12 14 22 29 41 43
15282,2025-09-18,8 22 25 31 35 44
15283,2025-09-18,4 8 28 38 39 42
15284,2025-09-18,1 13 18 23 27 45
15285,2025-09-18,12 13 16 22 41 43
15286,2025-09-18,4 6 19 21 26 30
15287,2025-09-18,8 13 20 25 28 29
15288,2025-09-18,21 22 25 26 30 34
15289,2025-09-19,3 10 19 20 29 44
15290,2025-09-19,15 17 18 20 22 34
15291,2025-09-19,5 11 15 24 26 40
15292,2025-09-19,5 19 23 28 30 37
15293,2025-09-19,14 16 21 37 39 40
15294,2025-09-19,18 21 22 27 29 33
15295,2025-09-19,4 6 14 16 17 23
15296,2025-09-20,1 7 8 14 17 41
15297,2025-09-20,3 14 22 25 27 45
15298,2025-09-20,1 3 18 25 36 38
15299,2025-09-20,1 10 22 28 34 45
15300,2025-09-20,22 25 31 32 36 41
15301,2025-09-20,14 18 20 25 40 45
15302,2025-09-20,3 4 7 10 14 40
15303,2025-09-21,23 30 31 33 39 40
15304,2025-09-21,3 7 9 18 33 34
15305,2025-09-21,15 30 35 37 38 39
15306,2025-09-21,18 26 34 37 42 45
15307,2025-09-21,6 12 32 34 37 40
15308,2025-09-21,1 22 24 25 33 34
15309,2025-09-21,9 19 25 28 37 43
15310,2025-09-22,11 12 26 33 35 38
15311,2025-09-22,6 29 32 36 37 42
15312,2025-09-22,3 11 12 16 21 29
15313,2025-09-22,4 13 16 21 23 41
15314,2025-09-22,8 12 16 26 31 39
15315,2025-09-22,7 20 26 27 31 37
15316,2025-09-22,2 8 28 31 32 43
15317,2025-09-23,10 12 23 25 31 37
15318,2025-09-23,4 7 12 20 28 39
15319,2025-09-23,6 8 22 26 32 41
15320,2025-09-23,5 13 18 21 33 43
15321,2025-09-23,5 9 15 36 39 45
15322,2025-09-23,8 10 17 25 26 28
15323,2025-09-23,23 24 25 33 35 44
15324,2025-09-24,1 3 7 10 14 20
15325,2025-09-24,3 12 16 26 32 33
15326,2025-09-24,1 2 3 9 30 38
15327,2025-09-24,6 12 13 20 31 34
15328,2025-09-24,4 7 15 18 20 38
15329,2025-09-24,2 14 19 20 22 30
15330,2025-09-25,2 6 14 28 30 32
15331,2025-09-25,1 2 4 6 10 18
15332,2025-09-25,2 9 27 29 33 44
15333,2025-09-25,17 18 21 23 36 45
15334,2025-09-25,18 19 24 31 40 43
15335,2025-09-25,12 20 21 26 31 34
15336,2025-09-25,4 10 13 33 35 43
15337,2025-09-26,10 23 28 33 42 44
15338,2025-09-26,5 15 19 23 36 37
15339,2025-09-26,3 9 19 25 31 37
15340,2025-09-26,10 30 31 35 37 39
15341,2025-09-26,12 13 19 23 30 39
15342,2025-09-26,9 14 17 35 40 45
15343,2025-09-26,1 5 7 21 32 36
15344,2025-09-27,1 2 6 15 24 42
15345,2025-09-27,1 3 10 14 28 30
15346,2025-09-27,7 17 30 33 35 37
15347,2025-09-27,22 24 31 34 43 44
15348,2025-09-27,4 17 21 26 27 30
15349,2025-09-27,7 32 34 35 37 44
15350,2025-09-27,11 18 25 26 40 43
15351,2025-09-28,1 8 11 31 42 43
15352,2025-09-28,3 16 20 33 43 45
15353,2025-09-28,5 8 14 19 25 41
15354,2025-09-28,13 15 22 29 33 36
15355,2025-09-28,12 14 29 34 42 44
15356,2025-09-28,7 12 14 15 17 22
15357,2025-09-28,2 4 14 29 39 45
15358,2025-09-29,4 6 11 15 31 43
15359,2025-09-29,6 9 18 26 35 43
15360,2025-09-29,9 14 15 16 42 43
15361,2025-09-29,2 3 27 34 42 44
15362,2025-09-29,3 8 10 27 34 42
15363,2025-09-29,4 5 15 32 37 40
15364,2025-09-29,13 22 25 27 32 44
15365,2025-09-30,14 22 25 41 44 45
15366,2025-09-30,10 18 24 30 32 37
15367,2025-09-30,2 8 13 15 19 40
15368,2025-09-30,6 17 18 33 35 40
15369,2025-09-30,8 9 11 16 19 34
15370,2025-09-30,22 23 24 33 35 36
15371,2025-09-30,7 31 37 41 42 44
15372,2025-10-01,5 9 19 28 38 39
15373,2025-10-01,8 12 34 36 37 38
15374,2025-10-01,14 19 20 23 36 45
15375,2025-10-01,3 6 18 19 29 37
15376,2025-10-01,7 11 14 25 37 45
15377,2025-10-01,14 16 32 40 42 45
15378,2025-10-02,12 17 22 30 41 43
15379,2025-10-02,8 9 12 16 38 45
15380,2025-10-02,12 14 16 25 32 43
15381,2025-10-02,2 3 15 22 23 42
15382,2025-10-02,7 9 11 12 30 42
15383,2025-10-02,2 8 15 16 23 42
15384,2025-10-02,3 5 13 19 23 40
15385,2025-10-03,19 21 28 36 38 43
15386,2025-10-03,4 7 10 15 31 33
15387,2025-10-03,8 10 17 22 35 37
15388,2025-10-03,4 8 12 25 28 41
15389,2025-10-03,2 8 33 38 40 41
15390,2025-10-03,7 23 25 26 34 44
15391,2025-10-03,5 8 22 23 32 35
15392,2025-10-04,4 8 21 29 30 39
15393,2025-10-04,4 13 24 32 34 43
15394,2025-10-04,25 26 29 31 34 36
15395,2025-10-04,8 9 12 13 28 34
15396,2025-10-04,11 19 31 34 37 38
15397,2025-10-04,5 15 25 29 30 35
15398,2025-10-04,1 9 13 21 28 39
15399,2025-10-05,17 18 21 22 23 29
15400,2025-10-05,2 9 10 25 40 45
15401,2025-10-05,6 11 13 30 43 44
15402,2025-10-05,6 9 19 22 42 45
15403,2025-10-05,4 6 9 10 21 43
15404,2025-10-05,10 26 28 30 33 45
15405,2025-10-05,8 24 29 38 39 41
15406,2025-10-06,4 15 19 30 33 37
15407,2025-10-06,5 8 13 19 26 28
15408,2025-10-06,7 10 15 25 28 38
15409,2025-10-06,5 17 22 32 36 43
15410,2025-10-06,3 14 17 24 26 38
15411,2025-10-06,2 4 17 24 25 45
15412,2025-10-06,1 2 3 14 31 45
15413,2025-10-07,7 12 25 35 36 38
15414,2025-10-07,12 22 24 31 32 35
15415,2025-10-07,15 22 28 31 38 45
15416,2025-10-07,2 7 8 13 15 19
15417,2025-10-07,3 14 18 21 24 38
15418,2025-10-07,22 24 33 35 36 42
15419,2025-10-07,3 20 25 32 40 43
15420,2025-10-08,10 24 25 37 41 42
15421,2025-10-08,3 10 12 28 32 43
15422,2025-10-08,6 8 9 20 31 34
15423,2025-10-08,3 16 18 25 30 33
15424,2025-10-08,12 25 26 31 32 39
15425,2025-10-08,1 17 21 22 27 40
15426,2025-10-09,6 28 31 36 37 43
15427,2025-10-09,19 29 30 33 38 43
15428,2025-10-09,1 7 11 16 18 22
15429,2025-10-09,16 31 32 34 39 40
15430,2025-10-09,5 6 10 18 21 27
15431,2025-10-09,8 9 12 22 29 34
15432,2025-10-09,18 19 35 37 39 43
15433,2025-10-10,1 8 13 21 22 37
15434,2025-10-10,6 11 12 18 28 40
15435,2025-10-10,18 20 23 35 37 38
15436,2025-10-10,9 22 30 42 43 44
15437,2025-10-10,1 12 16 24 31 38
15438,2025-10-10,6 12 16 20 22 25
15439,2025-10-10,13 18 25 27 40 44
15440,2025-10-11,7 11 14 30 32 43
15441,2025-10-11,3 22 28 29 39 42
15442,2025-10-11,1 10 25 27 30 45
15443,2025-10-11,3 6 9 16 18 27
15444,2025-10-11,5 18 24 28 42 43
15445,2025-10-11,2 14 28 31 35 43
15446,2025-10-11,2 10 18 36 37 39
15447,2025-10-12,4 8 15 32 34 45
15448,2025-10-12,6 8 10 15 33 42
15449,2025-10-12,15 21 23 30 32 43
15450,2025-10-12,10 11 23 34 39 40
15451,2025-10-12,1 2 27 33 35 45
15452,2025-10-12,5 15 20 30 31 34
15453,2025-10-12,5 8 14 17 21 23
15454,2025-10-13,10 23 24 35 38 43
15455,2025-10-13,12 17 20 29 31 33
15456,2025-10-13,8 9 11 31 35 42
15457,2025-10-13,1 20 28 31 34 40
15458,2025-10-13,5 6 7 12 23 29
15459,2025-10-13,1 2 9 25 36 41
15460,2025-10-13,3 9 13 22 36 44
15461,2025-10-14,22 24 30 32 34 35
15462,2025-10-14,11 17 30 33 37 40
15463,2025-10-14,9 15 22 31 38 45
15464,2025-10-14,2 3 7 21 24 26
15465,2025-10-14,3 5 8 12 33 37
15466,2025-10-14,4 13 24 30 31 35
15467,2025-10-14,3 16 25 28 35 39
15468,2025-10-15,1 11 12 17 23 38
15469,2025-10-15,7 13 15 18 37 38
15470,2025-10-15,5 10 11 16 21 30
15471,2025-10-15,3 5 17 18 20 37
15472,2025-10-15,2 27 28 34 40 45
15473,2025-10-15,3 4 11 21 34 37
15474,2025-10-16,18 35 37 41 43 45
15475,2025-10-16,1 2 6 13 25 31
15476,2025-10-16,3 17 22 28 31 44
15477,2025-10-16,7 11 14 25 31 32
15478,2025-10-16,17 19 25 30 38 39
15479,2025-10-16,19 26 29 37 42 45
15480,2025-10-16,1 4 9 16 37 45
15481,2025-10-17,2 8 10 14 32 34
15482,2025-10-17,2 7 23 26 29 41
15483,2025-10-17,7 10 21 37 38 45
15484,2025-10-17,2 13 22 25 33 34
15485,2025-10-17,17 20 33 35 39 40
15486,2025-10-17,1 11 16 17 18 21
15487,2025-10-17,4 11 15 20 21 35
15488,2025-10-18,15 17 18 19 22 33
15489,2025-10-18,8 17 20 24 25 35
15490,2025-10-18,22 23 28 31 41 42
15491,2025-10-18,9 11 23 31 35 37
15492,2025-10-18,10 11 14 25 40 44
15493,2025-10-18,2 22 23 33 34 38
15494,2025-10-18,4 10 17 27 34 36
15495,2025-10-19,1 8 15 25 28 29
15496,2025-10-19,4 13 16 19 40 43
15497,2025-10-19,7 10 22 23 30 44
15498,2025-10-19,11 20 25 28 36 42
15499,2025-10-19,1 10 15 20 21 45
15500,2025-10-19,20 26 28 29 37 40
15501,2025-10-19,3 7 12 24 25 35
15502,2025-10-20,3 5 16 20 29 40
15503,2025-10-20,5 6 7 19 30 32
15504,2025-10-20,3 6 8 10 12 34
15505,2025-10-20,3 18 28 34 36 40
15506,2025-10-20,1 9 12 13 21 38
15507,2025-10-20,5 23 31 33 42 44
15508,2025-10-20,6 20 30 43 44 45
15509,2025-10-21,5 22 25 27 31 39
15510,2025-10-21,11 16 22 31 32 36
15511,2025-10-21,1 6 25 28 35 42
15512,2025-10-21,21 25 27 28 42 43
15513,2025-10-21,4 11 14 22 34 38
15514,2025-10-21,9 12 15 34 35 42
15515,2025-10-21,10 14 17 24 28 34
15516,2025-10-22,2 30 34 36 42 43
15517,2025-10-22,1 8 15 34 35 42
15518,2025-10-22,7 21 22 26 27 39
15519,2025-10-22,3 21 28 32 36 42
15520,2025-10-22,2 21 31 40 41 42
15521,2025-10-22,14 15 30 38 40 45
15522,2025-10-23,2 3 6 15 25 30
15523,2025-10-23,2 5 11 18 29 37
15524,2025-10-23,21 30 32 33 37 44
15525,2025-10-23,11 16 17 20 22 43
15526,2025-10-23,2 8 22 27 36 43
15527,2025-10-23,1 7 38 39 41 44
15528,2025-10-23,5 15 20 29 34 42
15529,2025-10-24,9 17 22 24 36 45
15530,2025-10-24,3 9 15 29 34 43
15531,2025-10-24,1 16 25 35 36 37
15532,2025-10-24,11 16 17 18 23 34
15533,2025-10-24,1 3 10 11 14 26
15534,2025-10-24,9 10 15 16 37 39
15535,2025-10-24,7 8 9 13 25 32
15536,2025-10-25,3 5 21 32 40 43
15537,2025-10-25,2 16 23 24 33 43
15538,2025-10-25,8 15 25 26 34 43
15539,2025-10-25,22 26 30 34 35 36
15540,2025-10-25,15 19 23 28 33 43
15541,2025-10-25,10 26 28 29 38 43
15542,2025-10-25,1 2 5 22 25 29
15543,2025-10-26,7 11 18 32 33 41
15544,2025-10-26,2 5 10 16 25 36
15545,2025-10-26,4 5 17 27 34 37
15546,2025-10-26,19 30 35 37 42 44
15547,2025-10-26,14 21 22 35 36 38
15548,2025-10-26,1 9 27 29 41 45
15549,2025-10-26,1 3 11 14 30 41
15550,2025-10-27,5 7 20 33 38 44
15551,2025-10-27,3 8 15 36 37 40
15552,2025-10-27,4 6 22 28 39 40
15553,2025-10-27,7 12 18 25 29 32
15554,2025-10-27,2 4 20 25 36 42
15555,2025-10-27,10 11 22 25 28 40
15556,2025-10-27,11 14 25 27 32 44
15557,2025-10-28,7 9 11 18 28 34
15558,2025-10-28,2 9 17 19 29 30
15559,2025-10-28,4 5 13 18 20 29
15560,2025-10-28,5 6 10 15 22 24
15561,2025-10-28,3 7 23 29 34 39
15562,2025-10-28,1 4 16 20 24 42
15563,2025-10-28,10 17 31 33 36 42
15564,2025-10-29,6 7 33 34 38 39
15565,2025-10-29,16 22 23 29 33 35
15566,2025-10-29,2 3 5 7 36 37
15567,2025-10-29,16 17 23 33 41 43
15568,2025-10-29,12 16 22 23 26 41
15569,2025-10-29,1 3 16 37 38 43
15570,2025-10-30,13 22 27 28 31 37
15571,2025-10-30,5 10 19 20 25 34
15572,2025-10-30,9 10 23 28 39 40
15573,2025-10-30,3 14 24 27 28 29
15574,2025-10-30,1 14 17 23 28 34
15575,2025-10-30,10 15 24 25 33 43
15576,2025-10-30,7 12 29 35 37 39
15577,2025-10-31,7 16 17 22 33 43
15578,2025-10-31,11 17 21 22 26 39
15579,2025-10-31,3 8 24 34 35 38
15580,2025-10-31,7 27 33 34 38 40
15581,2025-10-31,8 16 29 30 38 40
15582,2025-10-31,2 5 7 14 24 36
15583,2025-10-31,5 6 11 15 40 45
15584,2025-11-01,4 15 18 19 25 38
15585,2025-11-01,2 16 24 26 30 39
15586,2025-11-01,11 16 25 26 41 42
15587,2025-11-01,5 12 16 27 37 42
15588,2025-11-01,1 3 10 14 29 32
15589,2025-11-01,6 15 16 21 41 44
15590,2025-11-01,15 18 19 20 36 37
15591,2025-11-02,16 19 23 34 36 40
15592,2025-11-02,5 6 19 20 21 45
15593,2025-11-02,11 18 23 28 36 45
15594,2025-11-02,2 24 29 35 36 43
15595,2025-11-02,4 5 8 18 24 26
15596,2025-11-02,5 16 18 26 32 39
15597,2025-11-02,22 28 39 41 42 44
15598,2025-11-03,9 17 34 39 41 43
15599,2025-11-03,13 17 20 23 30 37
15600,2025-11-03,9 16 24 31 39 41
15601,2025-11-03,3 5 18 25 37 42
15602,2025-11-03,7 22 23 24 30 42
15603,2025-11-03,6 24 38 40 43 44
15604,2025-11-03,1 3 4 18 22 24
15605,2025-11-04,3 16 17 27 39 40
15606,2025-11-04,4 7 9 12 15 42
15607,2025-11-04,11 17 20 32 42 45
15608,2025-11-04,12 21 30 39 42 45
15609,2025-11-04,8 9 12 26 33 40
15610,2025-11-04,11 12 21 27 37 42
15611,2025-11-04,13 24 31 35 39 41
15612,2025-11-05,4 12 15 35 42 45
15613,2025-11-05,9 11 24 34 38 41
15614,2025-11-05,3 9 10 22 38 42
15615,2025-11-05,14 22 30 32 37 40
15616,2025-11-05,3 9 13 25 39 43
15617,2025-11-05,6 15 21 33 34 42
15618,2025-11-06,19 22 27 28 40 42
15619,2025-11-06,8 12 22 25 33 38
15620,2025-11-06,7 8 15 22 30 44
15621,2025-11-06,15 23 24 27 29 30
15622,2025-11-06,2 3 22 31 34 35
15623,2025-11-06,11 18 21 25 37 42
15624,2025-11-06,4 12 15 19 25 42
15625,2025-11-07,2 4 10 25 31 35
15626,2025-11-07,14 23 26 27 37 40
15627,2025-11-07,13 18 21 26 28 44
15628,2025-11-07,8 11 17 29 39 42
15629,2025-11-07,1 18 23 33 35 41
15630,2025-11-07,6 8 15 21 33 41
15631,2025-11-07,13 14 32 34 43 45
15632,2025-11-08,20 30 33 34 35 40
15633,2025-11-08,6 8 13 15 16 27
15634,2025-11-08,1 2 10 19 38 44
15635,2025-11-08,4 9 14 22 24 35
15636,2025-11-08,6 9 28 31 32 35
15637,2025-11-08,2 16 18 22 24 41
15638,2025-11-08,5 6 21 30 39 45
15639,2025-11-09,2 12 33 35 38 45
15640,2025-11-09,3 11 15 16 35 39
15641,2025-11-09,7 17 21 22 27 29
15642,2025-11-09,4 20 26 36 41 43
15643,2025-11-09,3 9 18 25 26 44
15644,2025-11-09,5 14 18 22 30 31
15645,2025-11-09,2 3 7 26 35 36
15646,2025-11-10,4 8 13 14 18 22
15647,2025-11-10,1 24 27 30 35 37
15648,2025-11-10,18 23 30 32 36 37
15649,2025-11-10,7 12 34 35 37 39
15650,2025-11-10,7 12 13 15 24 41
15651,2025-11-10,3 9 13 15 24 37
15652,2025-11-10,1 5 10 16 17 26
15653,2025-11-11,5 10 11 19 26 45
15654,2025-11-11,4 6 9 12 30 44
15655,2025-11-11,2 15 26 31 34 35
15656,2025-11-11,12 18 22 28 29 35
15657,2025-11-11,6 10 11 19 20 38
15658,2025-11-11,12 16 25 32 33 35
15659,2025-11-11,3 13 25 28 31 45
15660,2025-11-12,4 11 23 35 37 42
15661,2025-11-12,8 15 17 23 34 44
15662,2025-11-12,3 7 10 12 17 30
15663,2025-11-12,12 15 16 19 21 43
15664,2025-11-12,5 10 11 16 26 30
15665,2025-11-12,7 10 23 24 27 45
15666,2025-11-13,6 7 9 26 37 42
15667,2025-11-13,10 14 23 30 33 45
15668,2025-11-13,8 17 18 22 23 30
15669,2025-11-13,8 11 14 27 28 41
15670,2025-11-13,12 14 20 35 38 42
15671,2025-11-13,14 23 26 30 36 40
15672,2025-11-13,4 5 6 16 34 42
15673,2025-11-14,1 10 11 21 43 44
15674,2025-11-14,12 16 23 27 34 40
15675,2025-11-14,1 8 17 30 34 39
15676,2025-11-14,2 5 6 35 36 43
15677,2025-11-14,11 16 19 22 24 37
15678,2025-11-14,5 9 22 27 33 42
15679,2025-11-14,11 14 21 25 27 32
15680,2025-11-15,1 11 19 26 35 45
15681,2025-11-15,8 21 22 23 41 44
15682,2025-11-15,2 19 26 42 43 44
15683,2025-11-15,5 10 12 27 29 41
15684,2025-11-15,11 14 18 23 42 43
15685,2025-11-15,4 8 25 31 37 43
15686,2025-11-15,13 22 23 37 39 40
15687,2025-11-16,7 10 20 23 26 36
15688,2025-11-16,17 19 23 29 40 41
15689,2025-11-16,11 17 37 43 44 45
15690,2025-11-16,14 16 18 19 30 41
15691,2025-11-16,8 10 28 36 40 42
15692,2025-11-16,6 11 18 30 32 33
15693,2025-11-16,9 16 22 29 36 40
15694,2025-11-17,1 7 14 34 43 44
15695,2025-11-17,6 12 24 39 41 44
15696,2025-11-17,11 14 23 28 32 37
15697,2025-11-17,1 3 19 34 39 41
15698,2025-11-17,13 16 17 25 37 44
15699,2025-11-17,5 11 16 20 34 40
15700,2025-11-17,8 22 24 26 36 44
15701,2025-11-18,4 6 13 19 32 35
15702,2025-11-18,3 5 19 32 41 42
15703,2025-11-18,9 12 17 26 31 32
15704,2025-11-18,4 17 21 25 26 33
15705,2025-11-18,11 14 24 29 32 34
15706,2025-11-18,4 13 15 17 24 28
15707,2025-11-18,16 22 24 25 38 45
15708,2025-11-19,8 24 25 32 40 42
15709,2025-11-19,12 17 23 31 36 44
15710,2025-11-19,10 15 19 22 27 28
15711,2025-11-19,8 25 28 36 38 43
15712,2025-11-19,13 23 30 41 44 45
15713,2025-11-19,12 16 26 32 35 37
15714,2025-11-20,19 25 29 36 37 43
15715,2025-11-20,2 6 26 29 39 44
15716,2025-11-20,1 19 21 22 42 43
15717,2025-11-20,5 6 8 22 36 38
15718,2025-11-20,1 6 13 29 31 41
15719,2025-11-20,1 11 14 33 40 45
15720,2025-11-20,9 11 14 26 28 36
15721,2025-11-21,20 23 32 42 43 44
15722,2025-11-21,1 8 9 18 33 40
15723,2025-11-21,7 12 19 26 32 33
15724,2025-11-21,7 9 15 31 34 37
15725,2025-11-21,6 11 12 23 33 36
15726,2025-11-21,6 15 17 22 23 29
15727,2025-11-21,1 5 9 14 24 29
15728,2025-11-22,4 8 9 18 21 29
15729,2025-11-22,20 24 31 33 37 45
15730,2025-11-22,6 9 16 25 29 30
15731,2025-11-22,1 8 16 18 19 28
15732,2025-11-22,10 22 23 35 38 40
15733,2025-11-22,3 6 10 15 22 26
15734,2025-11-22,3 9 10 31 40 41
15735,2025-11-23,9 19 20 28 42 43
15736,2025-11-23,12 16 19 27 32 45
15737,2025-11-23,5 7 21 28 30 33
15738,2025-11-23,17 20 22 34 42 45
15739,2025-11-23,1 2 17 21 24 28
15740,2025-11-23,12 32 33 37 38 43
15741,2025-11-23,4 5 14 18 27 45
15742,2025-11-24,1 9 16 23 32 35
15743,2025-11-24,3 4 11 28 30 34
15744,2025-11-24,6 10 11 21 30 31
15745,2025-11-24,7 8 13 23 29 31
15746,2025-11-24,8 12 13 23 24 31
15747,2025-11-24,1 5 9 18 25 44
15748,2025-11-24,6 12 17 25 34 45
15749,2025-11-25,21 23 26 27 31 42
15750,2025-11-25,9 19 20 30 34 38
15751,2025-11-25,3 12 30 34 37 44
15752,2025-11-25,10 13 19 32 38 39
15753,2025-11-25,3 6 19 31 40 41
15754,2025-11-25,1 2 9 10 28 36
15755,2025-11-25,1 3 15 24 32 37
15756,2025-11-26,7 10 15 21 25 43
15757,2025-11-26,16 23 27 29 30 34
15758,2025-11-26,1 4 8 23 39 41
15759,2025-11-26,8 14 15 22 37 42
15760,2025-11-26,6 10 11 27 34 36
15761,2025-11-26,4 8 9 13 39 41
15762,2025-11-27,1 8 10 16 23 27
15763,2025-11-27,4 10 19 23 26 28
15764,2025-11-27,1 4 6 21 30 43
15765,2025-11-27,5 9 27 33 36 38
15766,2025-11-27,3 15 19 33 42 44
15767,2025-11-27,2 7 14 19 20 37
15768,2025-11-27,1 13 38 41 42 44
15769,2025-11-28,2 14 24 33 38 44
15770,2025-11-28,4 22 26 27 35 38
15771,2025-11-28,11 13 32 38 40 42
15772,2025-11-28,10 17 25 28 36 38
15773,2025-11-28,8 15 16 17 28 39
15774,2025-11-28,11 15 19 21 27 42
15775,2025-11-28,21 25 37 41 42 43
15776,2025-11-29,4 6 14 20 38 43
15777,2025-11-29,7 9 26 34 37 40
15778,2025-11-29,3 5 11 31 41 42
15779,2025-11-29,3 20 21 29 35 41
15780,2025-11-29,13 14 23 38 42 45
15781,2025-11-29,3 8 10 12 29 44
15782,2025-11-29,8 9 28 30 32 35
15783,2025-11-30,15 16 20 29 32 40
15784,2025-11-30,16 23 30 33 37 41
15785,2025-11-30,1 3 20 23 27 34
15786,2025-11-30,4 15 25 30 37 42
15787,2025-11-30,2 5 20 22 34 35
15788,2025-11-30,2 3 4 24 29 34
15789,2025-11-30,17 23 27 31 36 38
15790,2025-12-01,3 18 22 23 28 34
15791,2025-12-01,14 17 23 26 29 38
15792,2025-12-01,9 10 12 24 28 44
15793,2025-12-01,6 7 9 19 29 41
15794,2025-12-01,5 7 13 17 20 26
15795,2025-12-01,1 4 5 14 17 40
15796,2025-12-01,2 4 12 17 20 36
15797,2025-12-02,5 11 25 28 38 44
15798,2025-12-02,7 22 23 30 40 45
15799,2025-12-02,13 18 25 26 34 42
15800,2025-12-02,1 3 19 31 35 41
15801,2025-12-02,6 10 27 28 31 43
15802,2025-12-02,11 18 26 29 30 39
15803,2025-12-02,8 11 18 23 28 29
15804,2025-12-03,13 21 23 27 34 41
15805,2025-12-03,12 19 20 21 30 36
15806,2025-12-03,7 26 27 31 35 43
15807,2025-12-03,2 11 12 19 20 35
15808,2025-12-03,3 9 12 16 24 35
15809,2025-12-03,13 20 35 38 40 42
15810,2025-12-04,9 10 18 22 27 42
15811,2025-12-04,3 13 14 30 32 40
15812,2025-12-04,30 34 35 41 43 44
15813,2025-12-04,1 20 23 27 31 45
15814,2025-12-04,5 8 14 15 31 41
15815,2025-12-04,7 18 21 28 36 43
15816,2025-12-04,9 23 37 40 42 45
15817,2025-12-05,1 2 15 21 30 31
15818,2025-12-05,2 8 14 18 44 45
15819,2025-12-05,6 10 16 33 37 39
15820,2025-12-05,1 11 26 30 36 39
15821,2025-12-05,1 5 8 24 32 43
15822,2025-12-05,1 3 30 31 41 42
15823,2025-12-05,5 17 23 30 36 41
15824,2025-12-06,3 21 24 30 35 39
15825,2025-12-06,12 19 27 31 35 41
15826,2025-12-06,4 13 19 25 30 40
15827,2025-12-06,12 13 14 23 28 32
15828,2025-12-06,1 18 21 22 28 37
15829,2025-12-06,4 7 12 16 23 31
15830,2025-12-06,2 12 20 22 39 40
15831,2025-12-07,12 14 17 28 32 35
15832,2025-12-07,7 11 30 34 36 45
15833,2025-12-07,7 21 27 31 35 38
15834,2025-12-07,1 2 20 21 30 31
15835,2025-12-07,1 2 11 13 19 29
15836,2025-12-07,11 13 21 34 36 44
15837,2025-12-07,2 24 25 33 35 44
15838,2025-12-08,5 18 20 28 34 39
15839,2025-12-08,11 15 28 30 33 43
15840,2025-12-08,6 11 12 36 42 44
15841,2025-12-08,6 14 21 22 24 25
15842,2025-12-08,12 14 26 29 30 39
15843,2025-12-08,6 7 8 10 19 33
15844,2025-12-08,5 7 14 19 22 31
15845,2025-12-09,2 18 22 23 25 42
15846,2025-12-09,9 11 15 36 38 45
15847,2025-12-09,8 12 20 25 37 39
15848,2025-12-09,8 10 15 29 31 40
15849,2025-12-09,12 21 25 28 36 40
15850,2025-12-09,10 18 22 29 34 42
15851,2025-12-09,8 18 19 25 43 45
15852,2025-12-10,5 16 23 26 33 45
15853,2025-12-10,1 3 6 14 25 31
15854,2025-12-10,4 7 13 20 39 42
15855,2025-12-10,6 9 28 31 36 44
15856,2025-12-10,7 11 12 14 33 34
15857,2025-12-10,1 3 10 11 39 44
15858,2025-12-11,17 18 21 31 37 39
15859,2025-12-11,11 13 15 25 30 45
15860,2025-12-11,4 10 28 30 31 44
15861,2025-12-11,1 14 20 23 32 39
15862,2025-12-11,4 20 22 36 44 45
15863,2025-12-11,1 27 33 36 41 45
15864,2025-12-11,7 17 18 25 29 35
15865,2025-12-12,4 21 25 31 33 37
15866,2025-12-12,2 7 20 22 27 41
15867,2025-12-12,6 7 23 24 35 38
15868,2025-12-12,16 23 29 38 39 41
15869,2025-12-12,4 8 28 30 38 42
15870,2025-12-12,17 24 33 37 42 44
15871,2025-12-12,3 8 20 25 27 44
15872,2025-12-13,18 23 26 31 35 37
15873,2025-12-13,6 7 10 30 33 37
15874,2025-12-13,11 20 23 32 36 41
15875,2025-12-13,6 8 9 20 34 43
15876,2025-12-13,2 4 17 27 42 43
15877,2025-12-13,13 15 20 23 28 37
15878,2025-12-13,6 18 22 26 27 37
15879,2025-12-14,17 22 27 28 30 34
15880,2025-12-14,3 6 8 31 36 37
15881,2025-12-14,13 21 24 28 34 39
15882,2025-12-14,4 6 18 29 30 42
15883,2025-12-14,1 8 9 15 25 30
15884,2025-12-14,2 4 15 32 35 44
15885,2025-12-14,20 21 26 31 43 44
15886,2025-12-15,3 5 10 15 24 43
15887,2025-12-15,18 27 29 35 43 45
15888,2025-12-15,11 22 26 27 29 36
15889,2025-12-15,7 14 18 26 40 42
15890,2025-12-15,5 6 26 29 30 41
15891,2025-12-15,4 16 23 38 41 42
15892,2025-12-15,16 21 24 28 41 45
15893,2025-12-16,5 19 27 39 43 44
15894,2025-12-16,8 10 24 36 37 45
15895,2025-12-16,13 17 27 28 36 39
15896,2025-12-16,10 15 16 23 44 45
15897,2025-12-16,4 18 21 22 23 39
15898,2025-12-16,5 7 16 17 24 37
15899,2025-12-16,6 8 11 14 32 36
15900,2025-12-17,2 16 18 20 32 41
15901,2025-12-17,3 4 7 11 20 44
15902,2025-12-17,5 12 20 26 34 38
15903,2025-12-17,1 2 15 19 28 35
15904,2025-12-17,1 2 4 16 20 43
15905,2025-12-17,3 9 16 28 32 45
15906,2025-12-18,4 7 9 16 18 19
15907,2025-12-18,10 21 28 29 37 41
15908,2025-12-18,8 22 31 33 42 45
15909,2025-12-18,1 5 14 18 35 45
15910,2025-12-18,11 13 26 33 37 41
15911,2025-12-18,1 23 27 34 35 37
15912,2025-12-18,1 19 27 32 35 39
15913,2025-12-19,2 3 10 19 36 40
15914,2025-12-19,2 5 7 17 36 45
15915,2025-12-19,16 18 29 36 41 44
15916,2025-12-19,3 10 14 19 33 44
15917,2025-12-19,14 27 28 32 33 40
15918,2025-12-19,2 6 14 21 43 44
15919,2025-12-19,1 10 17 25 33 34
15920,2025-12-20,19 21 23 31 40 42
15921,2025-12-20,3 4 10 14 34 45
15922,2025-12-20,3 7 12 31 32 37
15923,2025-12-20,3 7 8 26 35 39
15924,2025-12-20,5 18 21 23 27 37
15925,2025-12-20,8 10 32 35 37 42
15926,2025-12-20,17 28 29 30 40 44
15927,2025-12-21,25 31 33 35 40 41
15928,2025-12-21,7 8 13 29 32 37
15929,2025-12-21,1 7 16 18 23 38
15930,2025-12-21,9 20 22 26 34 39
15931,2025-12-21,4 7 21 26 29 35
15932,2025-12-21,6 14 19 22 28 40
15933,2025-12-21,29 32 35 36 37 39
15934,2025-12-22,21 23 26 27 39 40
15935,2025-12-22,4 6 11 34 36 41
15936,2025-12-22,2 4 17 33 35 37
15937,2025-12-22,8 11 12 23 38 39
15938,2025-12-22,2 11 24 27 29 40
15939,2025-12-22,3 13 14 27 31 45
15940,2025-12-22,6 10 22 27 35 36
15941,2025-12-23,2 7 20 33 36 39
15942,2025-12-23,8 18 21 24 32 37
15943,2025-12-23,11 16 20 34 37 42
15944,2025-12-23,1 13 15 21 40 43
15945,2025-12-23,4 5 30 32 37 41
15946,2025-12-23,10 11 22 36 38 39
15947,2025-12-23,8 15 16 22 34 45
15948,2025-12-24,2 4 19 24 33 38
15949,2025-12-24,24 30 36 38 39 45
15950,2025-12-24,18 25 30 34 35 39
15951,2025-12-24,18 22 24 30 41 44
15952,2025-12-24,15 16 18 20 22 36
15953,2025-12-24,1 23 24 25 26 30
15954,2025-12-25,13 18 20 28 31 35
15955,2025-12-25,14 18 22 37 39 41
15956,2025-12-25,4 13 19 25 31 33
15957,2025-12-25,9 17 26 29 31 32
15958,2025-12-25,3 6 8 14 25 41
15959,2025-12-25,7 22 28 30 35 44
15960,2025-12-25,7 13 17 21 29 43
15961,2025-12-26,19 20 23 41 44 45
15962,2025-12-26,11 23 28 29 41 45
15963,2025-12-26,2 8 11 13 18 43
15964,2025-12-26,3 5 9 23 29 33
15965,2025-12-26,7 12 14 19 30 38
15966,2025-12-26,16 21 22 30 35 44
15967,2025-12-26,5 13 20 21 29 41
15968,2025-12-27,23 33 34 35 43 45
15969,2025-12-27,3 14 16 22 34 41
15970,2025-12-27,19 20 21 31 37 43
15971,2025-12-27,4 14 23 30 40 44
15972,2025-12-27,1 18 19 27 28 45
15973,2025-12-27,1 10 11 12 40 42
15974,2025-12-27,6 10 12 21 27 30
15975,2025-12-28,7 30 32 36 37 44
15976,2025-12-28,8 18 22 25 33 42
15977,2025-12-28,2 3 29 33 39 45
15978,2025-12-28,2 9 11 28 36 38
15979,2025-12-28,6 13 27 35 41 44
15980,2025-12-28,9 14 15 20 24 45
15981,2025-12-28,5 15 21 22 28 43
15982,2025-12-29,2 4 24 35 40 43
15983,2025-12-29,1 10 12 13 37 42
15984,2025-12-29,1 20 21 31 41 45
15985,2025-12-29,6 12 21 26 34 43
15986,2025-12-29,2 9 21 23 26 35
15987,2025-12-29,6 7 8 14 27 45
15988,2025-12-29,2 8 19 20 26 35
15989,2025-12-30,3 5 14 26 35 45
15990,2025-12-30,9 13 16 22 38 39
15991,2025-12-30,2 8 16 22 24 27
15992,2025-12-30,6 10 26 28 33 39
15993,2025-12-30,14 17 26 30 37 41
15994,2025-12-30,12 13 25 35 38 41
15995,2025-12-30,5 23 28 29 31 33
15996,2025-12-31,6 9 24 33 41 45
15997,2025-12-31,12 16 23 27 34 43
15998,2025-12-31,7 12 15 32 37 41
15999,2025-12-31,6 7 14 26 34 45
16000,2025-12-31,2 6 10 19 39 44
16001,2025-12-31,3 20 32 34 37 39
16002,2026-01-01,7 10 13 18 33 42
16003,2026-01-01,3 7 10 15 37 43
16004,2026-01-01,16 25 29 30 36 43
16005,2026-01-01,1 8 14 17 32 42
16006,2026-01-01,3 15 23 38 39 41
16007,2026-01-01,1 2 8 15 16 30
16008,2026-01-01,9 11 23 28 30 42
16009,2026-01-02,1 2 4 8 33 37
16010,2026-01-02,1 7 11 36 40 43
16011,2026-01-02,1 3 11 15 19 20
16012,2026-01-02,8 9 22 23 25 36
16013,2026-01-02,2 3 14 22 34 39
16014,2026-01-02,3 6 24 38 41 42
16015,2026-01-02,14 22 26 27 39 41
16016,2026-01-03,5 6 11 12 21 25
16017,2026-01-03,7 13 25 27 30 31
16018,2026-01-03,2 11 15 35 41 43
16019,2026-01-03,9 23 24 28 37 41
16020,2026-01-03,10 20 27 30 43 45
16021,2026-01-03,13 16 22 27 29 43
16022,2026-01-03,9 15 16 28 32 45
16023,2026-01-04,10 14 22 31 33 45
16024,2026-01-04,1 3 18 20 29 44
16025,2026-01-04,7 8 18 21 37 43
16026,2026-01-04,8 12 14 31 37 41
16027,2026-01-04,5 6 9 25 34 39
16028,2026-01-04,2 13 20 22 38 45
16029,2026-01-04,1 7 13 21 38 41
16030,2026-01-05,10 22 27 29 34 43
16031,2026-01-05,1 5 6 13 31 36
16032,2026-01-05,6 11 18 25 31 37
16033,2026-01-05,3 11 19 26 28 38
16034,2026-01-05,5 11 24 25 36 41
16035,2026-01-05,3 10 11 12 18 35
16036,2026-01-05,8 16 40 41 44 45
16037,2026-01-06,3 4 11 34 41 44
16038,2026-01-06,4 10 20 29 40 41
16039,2026-01-06,6 13 16 30 34 37
16040,2026-01-06,7 20 21 22 23 25
16041,2026-01-06,6 7 11 21 31 40
16042,2026-01-06,1 9 14 17 29 30
16043,2026-01-06,1 7 9 16 23 31
16044,2026-01-07,1 2 11 34 38 41
16045,2026-01-07,1 13 17 28 35 41
16046,2026-01-07,13 14 24 29 30 40
16047,2026-01-07,1 14 16 27 30 39
16048,2026-01-07,2 20 29 30 42 43
16049,2026-01-07,22 25 27 34 37 38
16050,2026-01-08,3 10 23 30 35 39
16051,2026-01-08,3 28 30 34 40 41
16052,2026-01-08,3 20 21 29 30 35
16053,2026-01-08,1 6 13 28 32 41
16054,2026-01-08,2 5 8 12 21 24
16055,2026-01-08,4 6 15 21 26 44
16056,2026-01-08,3 8 22 26 28 33
16057,2026-01-09,3 17 23 29 33 35
16058,2026-01-09,7 16 17 26 34 38
16059,2026-01-09,14 24 26 32 37 45
16060,2026-01-09,6 12 16 17 18 31
16061,2026-01-09,5 7 9 19 23 31
16062,2026-01-09,23 24 31 34 41 44
16063,2026-01-09,11 24 28 32 33 37
16064,2026-01-10,13 16 25 32 34 36
16065,2026-01-10,3 10 14 20 21 44
16066,2026-01-10,7 9 13 25 26 38
16067,2026-01-10,2 13 16 18 36 43
16068,2026-01-10,4 5 6 7 28 34
16069,2026-01-10,4 10 13 25 42 45
16070,2026-01-10,2 3 11 18 22 34
16071,2026-01-11,1 5 9 18 20 39
16072,2026-01-11,2 6 25 27 35 37
16073,2026-01-11,5 9 13 15 22 39
16074,2026-01-11,6 11 20 23 26 29
16075,2026-01-11,9 10 12 17 31 35
16076,2026-01-11,1 4 18 22 34 38
16077,2026-01-11,13 16 24 27 38 43
16078,2026-01-12,8 18 34 36 40 45
16079,2026-01-12,14 16 20 25 30 44
16080,2026-01-12,13 22 24 26 37 40
16081,2026-01-12,3 4 8 12 23 28
16082,2026-01-12,1 28 30 34 35 37
16083,2026-01-12,5 25 30 36 43 45
16084,2026-01-12,12 25 27 29 42 45
16085,2026-01-13,2 18 30 32 35 45
16086,2026-01-13,10 16 33 36 38 44
16087,2026-01-13,7 14 19 31 32 43
16088,2026-01-13,5 8 9 30 31 41
16089,2026-01-13,8 19 30 33 41 42
16090,2026-01-13,14 22 26 35 40 42
16091,2026-01-13,2 5 9 12 27 35
16092,2026-01-14,3 9 23 33 38 42
16093,2026-01-14,7 23 31 34 39 41
16094,2026-01-14,7 17 25 29 32 44
16095,2026-01-14,8 15 16 17 19 45
16096,2026-01-14,18 23 31 38 42 44
16097,2026-01-14,1 2 12 13 17 29
16098,2026-01-15,12 28 30 36 39 45
16099,2026-01-15,1 2 8 12 30 38
16100,2026-01-15,9 19 22 30 41 43
16101,2026-01-15,5 7 11 13 27 43
16102,2026-01-15,21 24 31 41 43 45
16103,2026-01-15,3 6 15 19 30 44
16104,2026-01-15,22 27 31 37 38 39
16105,2026-01-16,5 10 11 22 34 35
16106,2026-01-16,6 18 27 31 34 36
16107,2026-01-16,4 7 12 17 19 37
16108,2026-01-16,8 12 15 17 20 27
16109,2026-01-16,21 25 30 36 41 42
16110,2026-01-16,13 22 23 32 41 44
16111,2026-01-16,7 15 24 26 34 43
16112,2026-01-17,5 17 19 21 23 39
16113,2026-01-17,4 10 12 16 18 45
16114,2026-01-17,19 21 25 40 43 45
16115,2026-01-17,10 16 27 33 37 44
16116,2026-01-17,2 14 15 17 22 40
16117,2026-01-17,2 4 14 28 41 44
16118,2026-01-17,3 23 24 25 36 45
16119,2026-01-18,1 9 12 15 28 32
16120,2026-01-18,14 21 22 29 32 34
16121,2026-01-18,9 14 25 29 31 43
16122,2026-01-18,2 3 7 12 19 37
16123,2026-01-18,8 13 14 21 23 31
16124,2026-01-18,14 15 18 31 40 43
16125,2026-01-18,5 6 12 30 39 40
16126,2026-01-19,12 26 32 35 36 39
16127,2026-01-19,5 8 13 39 42 44
16128,2026-01-19,8 12 23 32 36 39
16129,2026-01-19,10 11 21 32 37 42
16130,2026-01-19,14 16 17 23 24 35
16131,2026-01-19,4 12 16 18 25 32
16132,2026-01-19,2 10 16 31 38 45
16133,2026-01-19,1 5 28 36 37 39
16134,2026-01-19,15 21 25 27 41 45
16135,2026-01-19,2 5 8 18 31 43
16136,2026-01-19,7 19 25 35 38 40
16137,2026-01-20,23 24 33 35 38 45
16138,2026-01-20,4 8 15 28 33 45
16139,2026-01-20,5 8 20 27 33 37
16140,2026-01-20,8 14 15 22 24 37
16141,2026-01-20,2 7 33 36 42 43
16142,2026-01-20,14 15 23 25 36 38
16143,2026-01-20,3 15 32 40 41 43
16144,2026-01-20,1 27 32 41 43 44
16145,2026-01-20,29 32 35 36 41 43
16146,2026-01-20,2 14 19 24 25 28
16147,2026-01-20,3 16 29 34 35 42
16148,2026-01-21,8 18 38 40 42 43
16149,2026-01-21,3 19 27 33 36 40
16150,2026-01-21,2 8 12 27 34 41
16151,2026-01-21,4 5 6 7 29 38
16152,2026-01-21,12 23 33 39 41 44
16153,2026-01-21,6 30 32 35 43 44
16154,2026-01-21,3 9 21 24 27 45
16155,2026-01-21,2 12 14 15 25 27
16156,2026-01-21,13 28 32 36 39 40
16157,2026-01-21,11 14 16 28 36 40
16158,2026-01-21,3 11 13 21 30 34
16159,2026-01-22,3 10 23 31 38 44
16160,2026-01-22,14 15 21 33 40 44
16161,2026-01-22,14 18 19 21 23 37
16162,2026-01-22,5 15 20 21 25 26
16163,2026-01-22,3 18 19 21 22 29
16164,2026-01-22,8 11 15 16 18 20
16165,2026-01-22,4 10 16 33 36 40
16166,2026-01-22,7 9 21 23 27 34
16167,2026-01-22,3 15 19 20 23 32
16168,2026-01-22,20 29 31 35 42 43
16169,2026-01-22,15 17 19 22 31 38
16170,2026-01-23,7 20 24 33 39 44
16171,2026-01-23,22 37 39 42 43 45
16172,2026-01-23,6 8 29 32 34 44
16173,2026-01-23,2 3 23 28 29 45
16174,2026-01-23,6 7 8 12 25 45
16175,2026-01-23,8 9 19 24 38 45
16176,2026-01-23,8 16 24 31 37 41
16177,2026-01-23,1 4 19 29 32 42
16178,2026-01-23,3 10 20 24 33 40
16179,2026-01-23,2 4 15 19 32 36
16180,2026-01-23,5 7 15 26 38 42
16181,2026-01-24,20 27 28 36 39 41
16182,2026-01-24,9 14 27 33 35 45
16183,2026-01-24,3 6 25 30 31 39
16184,2026-01-24,5 18 21 39 40 44
16185,2026-01-24,6 17 23 31 35 45
16186,2026-01-24,1 9 14 20 22 41
16187,2026-01-24,2 3 27 32 34 43
16188,2026-01-24,1 8 9 12 19 22
16189,2026-01-24,4 12 18 25 33 41
16190,2026-01-24,2 5 13 21 30 38
16191,2026-01-24,5 18 23 25 28 43
16192,2026-01-25,11 15 20 22 32 43
16193,2026-01-25,8 15 20 23 26 39
16194,2026-01-25,2 13 14 23 26 36
16195,2026-01-25,13 29 33 36 40 41
16196,2026-01-25,7 8 10 26 30 31
16197,2026-01-25,3 11 19 30 32 40
16198,2026-01-25,6 9 12 19 28 42
16199,2026-01-25,6 22 28 30 32 45
16200,2026-01-25,6 20 23 29 35 38
16201,2026-01-25,7 25 29 32 33 41
16202,2026-01-25,5 13 30 39 42 44
16203,2026-01-26,2 6 19 23 42 45
16204,2026-01-26,1 8 14 30 37 40
16205,2026-01-26,5 11 24 25 27 36
16206,2026-01-26,17 18 25 26 30 33
16207,2026-01-26,2 5 12 15 26 33
16208,2026-01-26,15 21 27 28 31 36
16209,2026-01-26,3 5 22 36 39 43
16210,2026-01-26,5 16 18 19 24 25
16211,2026-01-26,1 4 7 27 31 34
16212,2026-01-26,1 23 30 31 36 44
16213,2026-01-26,5 6 13 26 35 40
16214,2026-01-27,7 9 18 19 36 40
16215,2026-01-27,2 4 5 22 38 41
16216,2026-01-27,2 3 20 32 35 38
16217,2026-01-27,1 14 21 27 34 42
16218,2026-01-27,2 21 27 31 33 42
16219,2026-01-27,1 30 34 39 41 42
16220,2026-01-27,11 23 34 35 38 39
16221,2026-01-27,3 12 19 36 37 43
16222,2026-01-27,2 29 32 39 44 45
16223,2026-01-27,7 11 20 33 35 43
16224,2026-01-27,6 17 21 32 38 40
16225,2026-01-28,6 8 13 23 29 45
16226,2026-01-28,3 8 10 13 20 42
16227,2026-01-28,2 9 19 28 38 39
16228,2026-01-28,9 12 24 28 31 39
16229,2026-01-28,9 15 22 36 37 39
16230,2026-01-28,11 16 23 24 37 39
16231,2026-01-28,1 2 5 19 25 42
16232,2026-01-28,2 10 12 29 34 35
16233,2026-01-28,4 19 20 21 32 33
16234,2026-01-28,9 20 23 29 31 38
16235,2026-01-28,14 15 24 32 33 35
16236,2026-01-29,3 13 23 27 29 38
16237,2026-01-29,2 19 25 29 35 38
16238,2026-01-29,2 6 26 31 35 45
16239,2026-01-29,3 10 15 17 32 41
16240,2026-01-29,6 27 29 31 35 44
16241,2026-01-29,9 18 19 26 33 44
16242,2026-01-29,7 16 24 31 35 36
16243,2026-01-29,12 13 22 25 26 45
16244,2026-01-29,12 15 27 40 44 45
16245,2026-01-29,2 4 15 16 21 38
16246,2026-01-29,4 6 11 12 22 32
16247,2026-01-30,3 13 16 33 34 43
16248,2026-01-30,3 10 11 13 27 28
16249,2026-01-30,2 9 14 32 34 43
16250,2026-01-30,3 14 24 27 37 42
16251,2026-01-30,2 9 22 23 26 37
16252,2026-01-30,11 13 20 29 34 36
16253,2026-01-30,5 9 28 33 40 41
16254,2026-01-30,2 6 9 10 12 17
16255,2026-01-30,2 18 23 27 39 43
16256,2026-01-30,3 24 28 29 31 45
16257,2026-01-30,6 16 18 22 35 39
16258,2026-01-31,9 20 21 30 36 45
16259,2026-01-31,2 4 5 24 29 40
16260,2026-01-31,2 13 21 26 27 38
16261,2026-01-31,2 12 15 16 24 44
16262,2026-01-31,7 12 22 27 38 40
16263,2026-01-31,19 22 25 26 36 45
16264,2026-01-31,13 14 19 24 29 36
16265,2026-01-31,2 7 9 27 32 42
16266,2026-01-31,3 16 29 34 36 38
16267,2026-01-31,2 7 21 28 32 43
16268,2026-01-31,8 14 19 20 29 33
16269,2026-02-01,9 16 18 22 32 43
16270,2026-02-01,17 18 22 24 31 40
16271,2026-02-01,6 11 18 27 32 35
16272,2026-02-01,2 22 26 37 42 45
16273,2026-02-01,11 14 22 23 37 41
16274,2026-02-01,12 17 19 25 40 45
16275,2026-02-01,9 12 29 35 36 40
16276,2026-02-01,9 14 16 25 32 34
16277,2026-02-01,7 15 19 22 25 43
16278,2026-02-01,10 22 23 33 35 40
16279,2026-02-01,12 16 24 26 29 37
16280,2026-02-02,2 4 8 16 19 33
16281,2026-02-02,15 24 25 28 35 43
16282,2026-02-02,14 27 35 42 44 45
16283,2026-02-02,1 3 5 11 15 19
16284,2026-02-02,1 2 22 24 25 40
16285,2026-02-02,5 8 24 33 34 38
16286,2026-02-02,8 14 16 17 21 23
16287,2026-02-02,1 16 18 23 28 42
16288,2026-02-02,2 8 27 35 44 45
16289,2026-02-02,10 16 19 34 38 42
16290,2026-02-02,2 3 10 15 17 25
16291,2026-02-03,6 11 12 18 28 38
16292,2026-02-03,6 23 33 36 38 40
16293,2026-02-03,1 9 13 15 39 45
16294,2026-02-03,2 10 33 37 38 40
16295,2026-02-03,2 4 20 27 37 38
16296,2026-02-03,16 30 36 37 41 45
16297,2026-02-03,11 12 15 19 30 45
16298,2026-02-03,22 23 28 38 41 43
16299,2026-02-03,6 7 10 11 42 44
16300,2026-02-03,1 13 22 26 34 38
16301,2026-02-03,2 7 13 25 35 37
16302,2026-02-04,13 14 17 22 30 42
16303,2026-02-04,17 22 30 36 38 45
16304,2026-02-04,10 32 34 37 43 45
16305,2026-02-04,4 12 19 24 34 40
16306,2026-02-04,4 9 21 26 29 31
16307,2026-02-04,4 35 36 37 38 41
16308,2026-02-04,4 8 12 15 28 36
16309,2026-02-04,2 7 13 23 26 27
16310,2026-02-04,12 20 28 29 33 34
16311,2026-02-04,6 10 12 16 17 45
16312,2026-02-04,3 4 16 17 37 40
16313,2026-02-05,11 26 29 32 37 41
16314,2026-02-05,6 10 11 15 16 36
16315,2026-02-05,2 3 13 21 27 39
16316,2026-02-05,10 16 26 30 32 44
16317,2026-02-05,1 5 7 8 15 43
16318,2026-02-05,3 15 16 19 30 41
16319,2026-02-05,4 9 18 26 34 44
16320,2026-02-05,3 9 14 17 33 36
16321,2026-02-05,12 14 20 26 29 38
16322,2026-02-05,2 16 21 22 25 43
16323,2026-02-05,1 12 17 18 29 35
16324,2026-02-06,5 13 23 24 30 37
16325,2026-02-06,3 6 8 20 37 43
16326,2026-02-06,2 3 4 22 30 42
16327,2026-02-06,1 7 19 33 39 42
16328,2026-02-06,9 13 25 34 38 43
16329,2026-02-06,6 11 13 25 35 44
16330,2026-02-06,11 12 17 24 31 38
16331,2026-02-06,11 29 35 39 42 44
16332,2026-02-06,3 6 7 22 29 30
16333,2026-02-06,8 16 17 18 30 35
16334,2026-02-06,2 15 16 28 37 44
16335,2026-02-07,3 5 11 15 22 42
16336,2026-02-07,2 4 10 27 34 40
16337,2026-02-07,1 11 12 13 23 38
16338,2026-02-07,11 18 23 39 43 44
16339,2026-02-07,2 13 19 30 32 36
16340,2026-02-07,1 2 10 20 29 35
16341,2026-02-07,1 7 8 24 32 38
16342,2026-02-07,8 19 21 38 40 44
16343,2026-02-07,3 8 9 25 32 36
16344,2026-02-07,6 15 25 28 38 42
16345,2026-02-07,6 21 28 29 33 38
16346,2026-02-08,1 4 14 16 22 27
16347,2026-02-08,6 7 9 16 27 39
16348,2026-02-08,1 3 9 21 35 45
16349,2026-02-08,7 21 24 28 35 38
16350,2026-02-08,3 4 19 23 35 42
16351,2026-02-08,4 8 17 18 20 29
16352,2026-02-08,18 20 39 40 42 43
16353,2026-02-08,1 14 15 17 40 42
16354,2026-02-08,1 2 4 25 37 38
16355,2026-02-08,1 6 34 36 39 45
16356,2026-02-08,2 20 22 28 34 44
16357,2026-02-09,13 15 18 21 32 40
16358,2026-02-09,1 8 9 10 24 38
16359,2026-02-09,3 4 6 16 22 37
16360,2026-02-09,5 6 8 10 11 40
16361,2026-02-09,4 18 31 37 40 42
16362,2026-02-09,5 11 19 21 31 40
16363,2026-02-09,17 25 31 35 38 41
16364,2026-02-09,6 28 38 39 41 43
16365,2026-02-09,6 7 22 25 37 38
16366,2026-02-09,6 13 25 28 41 44
16367,2026-02-09,9 19 21 23 24 31
16368,2026-02-10,9 16 21 25 34 37
16369,2026-02-10,1 13 22 23 41 43
16370,2026-02-10,1 13 14 28 32 37
16371,2026-02-10,7 10 19 23 29 44
16372,2026-02-10,2 4 10 19 36 37
16373,2026-02-10,16 31 33 35 37 44
16374,2026-02-10,5 8 14 24 39 44
16375,2026-02-10,15 23 28 38 40 41
16376,2026-02-10,11 13 19 21 28 29
16377,2026-02-10,10 16 25 27 28 33
16378,2026-02-10,3 13 15 25 34 42
16379,2026-02-11,3 9 22 27 39 44
16380,2026-02-11,2 13 26 28 42 45
16381,2026-02-11,4 6 10 11 29 32
16382,2026-02-11,17 21 29 32 35 44
16383,2026-02-11,14 19 28 34 41 43
16384,2026-02-11,12 13 17 18 40 43
16385,2026-02-11,3 9 16 37 38 39
16386,2026-02-11,11 16 20 24 32 43
16387,2026-02-11,1 2 26 31 35 37
16388,2026-02-11,14 17 21 23 25 39
16389,2026-02-11,2 5 7 8 11 39
16390,2026-02-12,5 11 16 20 21 39
16391,2026-02-12,3 22 23 25 36 45
16392,2026-02-12,7 17 22 26 29 42
16393,2026-02-12,1 5 17 31 33 45
16394,2026-02-12,1 5 20 42 44 45
16395,2026-02-12,3 9 11 18 33 38
16396,2026-02-12,11 14 19 23 33 41
16397,2026-02-12,14 23 25 27 33 40
16398,2026-02-12,4 5 9 15 34 42
16399,2026-02-12,3 18 22 25 27 43
16400,2026-02-12,2 21 30 35 42 43
16401,2026-02-13,5 9 16 26 27 30
16402,2026-02-13,6 15 33 39 42 45
16403,2026-02-13,10 11 12 23 31 39
16404,2026-02-13,1 8 9 18 43 44
16405,2026-02-13,3 12 14 15 43 44
16406,2026-02-13,1 6 18 35 37 41
16407,2026-02-13,7 9 11 26 40 41
16408,2026-02-13,6 12 20 23 35 41
16409,2026-02-13,1 9 14 25 37 43
16410,2026-02-13,1 4 7 28 30 41
16411,2026-02-13,2 4 9 21 38 42
16412,2026-02-14,12 14 25 29 35 40
16413,2026-02-14,2 17 19 25 29 34
16414,2026-02-14,14 16 22 29 34 39
16415,2026-02-14,2 6 8 24 39 40
16416,2026-02-14,17 19 27 33 40 41
16417,2026-02-14,14 21 23 28 38 41
16418,2026-02-14,6 8 15 24 30 42
16419,2026-02-14,10 22 23 33 34 45
16420,2026-02-14,20 26 27 35 39 45
16421,2026-02-14,15 17 27 28 33 42
16422,2026-02-14,3 15 17 32 35 40
16423,2026-02-15,6 11 18 23 24 38
16424,2026-02-15,10 12 13 18 22 32
16425,2026-02-15,5 10 11 14 28 30
16426,2026-02-15,4 6 13 34 36 37
16427,2026-02-15,5 12 29 34 36 42
16428,2026-02-15,5 6 7 25 28 38
16429,2026-02-15,8 19 25 27 35 41
16430,2026-02-15,18 22 33 34 37 45
16431,2026-02-15,4 6 16 23 26 39
16432,2026-02-15,3 11 16 17 20 33
16433,2026-02-15,11 34 37 38 42 43
16434,2026-02-16,7 10 17 20 36 41
16435,2026-02-16,8 15 22 29 31 33
16436,2026-02-16,2 3 13 41 43 45
16437,2026-02-16,12 15 18 19 26 27
16438,2026-02-16,21 29 31 35 42 45
16439,2026-02-16,19 22 26 37 38 45
16440,2026-02-16,7 9 22 35 41 43
16441,2026-02-16,3 5 15 21 30 32
16442,2026-02-16,2 4 9 15 17 19
16443,2026-02-16,30 32 33 34 40 42
16444,2026-02-16,1 2 4 26 30 33
16445,2026-02-17,7 12 14 16 25 44
16446,2026-02-17,15 19 38 41 42 44
16447,2026-02-17,4 27 39 40 41 43
16448,2026-02-17,18 19 20 30 31 45
16449,2026-02-17,3 16 19 28 33 34
16450,2026-02-17,15 18 25 32 38 40
16451,2026-02-17,2 11 19 35 37 40
16452,2026-02-17,6 10 17 23 24 43
16453,2026-02-17,9 11 33 36 37 45
16454,2026-02-17,2 17 27 33 39 45
16455,2026-02-17,7 18 21 38 40 41
16456,2026-02-18,2 5 9 13 35 39
16457,2026-02-18,7 14 28 32 35 44
16458,2026-02-18,9 10 23 29 31 44
16459,2026-02-18,2 10 14 26 31 32
16460,2026-02-18,10 12 18 35 39 41
16461,2026-02-18,2 11 18 27 30 38
16462,2026-02-18,2 7 24 26 30 40
16463,2026-02-18,1 12 13 21 25 44
16464,2026-02-18,8 12 13 25 31 36
16465,2026-02-18,1 10 24 28 36 38
16466,2026-02-18,3 21 25 27 32 43
16467,2026-02-19,2 4 8 10 16 44
16468,2026-02-19,3 5 10 12 29 33
16469,2026-02-19,7 8 11 19 38 40
16470,2026-02-19,5 12 28 33 37 42
16471,2026-02-19,23 29 37 38 44 45
16472,2026-02-19,1 5 9 34 35 40
16473,2026-02-19,13 15 18 36 44 45
16474,2026-02-19,7 13 20 30 39 44
16475,2026-02-19,1 3 6 11 17 34
16476,2026-02-19,5 10 25 29 33 39
16477,2026-02-19,9 13 25 29 37 42
16478,2026-02-20,5 6 11 16 33 40
16479,2026-02-20,8 22 30 31 35 39
16480,2026-02-20,4 8 27 28 30 38
16481,2026-02-20,2 20 30 32 33 41
16482,2026-02-20,1 6 12 16 26 42
16483,2026-02-20,6 12 18 30 33 35
16484,2026-02-20,7 15 22 30 31 44
16485,2026-02-20,5 19 26 31 34 42
16486,2026-02-20,19 20 26 36 38 43
16487,2026-02-20,1 25 27 30 32 43
16488,2026-02-20,27 29 32 33 35 40
16489,2026-02-21,2 3 4 21 34 43
16490,2026-02-21,6 7 25 29 33 37
16491,2026-02-21,18 19 26 27 38 44
16492,2026-02-21,2 11 13 15 18 25
16493,2026-02-21,11 21 22 33 34 43
16494,2026-02-21,9 13 19 24 31 37
16495,2026-02-21,20 27 33 37 39 44
16496,2026-02-21,2 11 14 15 19 24
16497,2026-02-21,15 18 25 26 42 43
16498,2026-02-21,13 23 32 37 38 44
16499,2026-02-21,2 5 6 12 29 45
16500,2026-02-22,7 11 18 35 37 43
16501,2026-02-22,1 8 23 32 35 44
16502,2026-02-22,24 26 28 33 43 44
16503,2026-02-22,4 8 21 25 31 32
16504,2026-02-22,2 7 15 20 28 38
16505,2026-02-22,7 16 17 18 31 40
16506,2026-02-22,6 19 20 23 26 28
16507,2026-02-22,23 25 28 30 40 43
16508,2026-02-22,2 3 5 8 19 21
16509,2026-02-22,7 14 21 35 37 42
16510,2026-02-22,6 7 14 28 34 44
16511,2026-02-23,18 21 23 24 39 43
16512,2026-02-23,1 2 5 7 22 25
16513,2026-02-23,1 6 9 20 35 41
16514,2026-02-23,4 8 25 27 33 34
16515,2026-02-23,13 15 24 29 33 45
16516,2026-02-23,1 4 13 18 31 36
16517,2026-02-23,12 16 18 19 31 37
16518,2026-02-23,2 13 17 25 26 42
16519,2026-02-23,9 14 21 28 30 39
16520,2026-02-23,18 19 21 30 40 42
16521,2026-02-23,4 11 21 32 35 39
16522,2026-02-24,15 18 26 29 32 45
16523,2026-02-24,9 13 20 24 28 35
16524,2026-02-24,2 3 6 20 23 38
16525,2026-02-24,3 19 21 26 31 33
16526,2026-02-24,14 16 19 36 41 42
16527,2026-02-24,7 9 15 28 33 38
16528,2026-02-24,4 7 8 31 36 38
16529,2026-02-24,1 4 7 9 35 41
16530,2026-02-24,9 14 19 20 23 39
16531,2026-02-24,7 14 32 33 36 42
16532,2026-02-24,14 32 35 36 41 42
16533,2026-02-25,7 21 27 29 35 44
16534,2026-02-25,1 17 20 21 33 39
16535,2026-02-25,4 9 15 21 27 39
16536,2026-02-25,5 13 21 26 39 42
16537,2026-02-25,1 4 9 22 41 44
16538,2026-02-25,1 7 8 11 24 45
16539,2026-02-25,2 14 27 29 36 42
16540,2026-02-25,10 12 23 31 41 45
16541,2026-02-25,9 15 22 26 31 45
16542,2026-02-25,6 16 22 25 27 38
16543,2026-02-25,8 11 13 15 26 33
16544,2026-02-26,2 17 18 22 26 45
16545,2026-02-26,3 16 20 24 30 40
16546,2026-02-26,1 5 17 22 28 37
16547,2026-02-26,2 7 10 16 41 45
16548,2026-02-26,2 5 19 35 36 37
16549,2026-02-26,4 5 28 34 35 42
16550,2026-02-26,1 5 10 13 23 35
16551,2026-02-26,16 25 30 34 39 44
16552,2026-02-26,8 10 12 21 30 43
16553,2026-02-26,9 28 31 38 43 45
16554,2026-02-26,12 14 17 32 33 42
16555,2026-02-27,4 12 19 36 42 43
16556,2026-02-27,4 10 13 37 42 45
16557,2026-02-27,18 20 28 33 38 44
16558,2026-02-27,10 16 32 40 41 44
16559,2026-02-27,25 27 28 34 41 44
16560,2026-02-27,2 11 24 26 33 42
16561,2026-02-27,7 11 24 32 34 42
16562,2026-02-27,14 16 19 20 29 39
16563,2026-02-27,8 18 20 36 37 43
16564,2026-02-27,22 24 29 35 42 45
16565,2026-02-27,11 28 35 36 42 44
16566,2026-02-28,10 16 22 27 31 44
16567,2026-02-28,3 4 20 26 28 44
16568,2026-02-28,3 4 8 20 25 35
16569,2026-02-28,27 29 30 33 36 41
16570,2026-02-28,2 6 8 18 22 43
16571,2026-02-28,7 12 20 29 36 43
16572,2026-02-28,2 6 26 31 34 41
16573,2026-02-28,18 21 23 30 33 40
16574,2026-02-28,2 3 30 35 36 45
16575,2026-02-28,10 22 28 30 33 38
16576,2026-02-28,10 20 26 32 38 42
16577,2026-03-01,14 15 20 22 29 36
16578,2026-03-01,1 3 18 34 37 38
16579,2026-03-01,7 16 23 28 33 40
16580,2026-03-01,11 12 15 16 19 37
16581,2026-03-01,3 9 10 11 34 41
16582,2026-03-01,10 12 14 23 26 39
16583,2026-03-01,14 15 23 40 44 45
16584,2026-03-01,2 13 18 24 27 38
16585,2026-03-01,1 9 22 29 38 40
16586,2026-03-01,2 5 20 21 22 33
16587,2026-03-01,7 13 15 34 36 39
16588,2026-03-02,1 2 11 12 25 26
16589,2026-03-02,2 13 14 26 28 42
16590,2026-03-02,1 10 15 18 23 30
16591,2026-03-02,2 14 36 37 44 45
16592,2026-03-02,1 3 16 19 23 31
16593,2026-03-02,3 9 15 16 18 36
16594,2026-03-02,1 28 36 37 39 40
16595,2026-03-02,3 20 22 26 33 41
16596,2026-03-02,4 5 8 19 22 23
16597,2026-03-02,3 4 19 20 28 30
16598,2026-03-02,11 15 26 36 37 45
16599,2026-03-03,7 13 18 20 41 43
16600,2026-03-03,1 9 10 19 23 41
16601,2026-03-03,14 20 26 29 30 44
16602,2026-03-03,2 4 36 38 39 44
16603,2026-03-03,7 13 25 27 40 44
16604,2026-03-03,10 11 14 20 22 25
16605,2026-03-03,10 13 16 36 38 45
16606,2026-03-03,25 27 30 31 35 44
16607,2026-03-03,14 15 28 32 35 36
16608,2026-03-03,1 7 11 16 25 31
16609,2026-03-03,11 12 13 20 33 38
16610,2026-03-04,3 26 31 35 36 39
16611,2026-03-04,12 13 16 17 20 30
16612,2026-03-04,4 6 13 15 21 45
16613,2026-03-04,10 16 26 32 33 40
16614,2026-03-04,2 9 14 15 25 34
16615,2026-03-04,7 13 14 17 22 41
16616,2026-03-04,16 21 23 31 35 44
16617,2026-03-04,7 13 20 28 30 40
16618,2026-03-04,17 21 25 34 36 37
16619,2026-03-04,17 19 23 28 35 45
16620,2026-03-04,1 2 15 27 42 45
16621,2026-03-05,1 12 29 31 35 40
16622,2026-03-05,12 16 17 35 38 39
16623,2026-03-05,1 2 3 9 12 35
16624,2026-03-05,9 17 26 33 34 42
16625,2026-03-05,9 19 25 26 38 41
16626,2026-03-05,2 11 12 18 41 44
16627,2026-03-05,15 29 32 34 42 45
16628,2026-03-05,5 17 18 27 31 38
16629,2026-03-05,1 9 23 28 30 42
16630,2026-03-05,2 6 11 14 23 36
16631,2026-03-05,2 18 23 25 29 45
16632,2026-03-06,5 6 8 21 27 38
16633,2026-03-06,2 14 16 26 29 30
16634,2026-03-06,2 14 23 36 40 45
16635,2026-03-06,6 9 23 25 30 32
16636,2026-03-06,2 12 16 31 42 43
16637,2026-03-06,3 4 9 21 22 40
16638,2026-03-06,1 9 15 16 30 35
16639,2026-03-06,3 4 15 38 39 43
16640,2026-03-06,2 4 26 30 40 41
16641,2026-03-06,16 26 27 30 32 39
16642,2026-03-06,2 4 17 24 34 45
16643,2026-03-07,11 13 17 28 29 31
16644,2026-03-07,1 2 18 19 33 40
16645,2026-03-07,8 10 20 25 33 37
16646,2026-03-07,11 23 34 35 36 38
16647,2026-03-07,3 6 9 13 17 32
16648,2026-03-07,3 12 13 27 36 43
16649,2026-03-07,9 15 25 34 40 43
16650,2026-03-07,5 11 14 25 28 35
16651,2026-03-07,1 23 24 27 30 41
16652,2026-03-07,10 14 24 26 29 31
16653,2026-03-07,19 20 22 24 28 32
16654,2026-03-08,1 2 20 32 35 40
16655,2026-03-08,1 10 16 19 24 36
16656,2026-03-08,12 32 33 34 37 42
16657,2026-03-08,16 23 25 35 36 45
16658,2026-03-08,1 17 25 30 39 41
16659,2026-03-08,23 25 33 40 43 45
16660,2026-03-08,2 10 23 35 42 43
16661,2026-03-08,9 10 14 25 26 33
16662,2026-03-08,5 9 11 34 35 44
16663,2026-03-08,2 6 19 25 29 41
16664,2026-03-08,11 30 34 39 40 45
16665,2026-03-09,2 3 12 22 27 30
16666,2026-03-09,18 21 25 41 44 45
16667,2026-03-09,1 7 15 18 23 42
16668,2026-03-09,10 28 29 30 31 33
16669,2026-03-09,5 10 13 19 20 32
16670,2026-03-09,4 8 19 26 27 45
16671,2026-03-09,1 2 13 19 38 39
16672,2026-03-09,9 10 15 19 39 40
16673,2026-03-09,2 8 14 21 32 44
16674,2026-03-09,10 14 23 31 41 45
16675,2026-03-09,2 16 21 32 37 42
16676,2026-03-10,4 11 16 17 23 29
16677,2026-03-10,2 5 9 20 25 35
16678,2026-03-10,2 8 15 21 36 39
16679,2026-03-10,5 6 14 17 22 35
16680,2026-03-10,10 13 15 29 31 39
16681,2026-03-10,1 6 16 19 20 25
16682,2026-03-10,2 19 21 28 34 40
16683,2026-03-10,5 19 24 29 38 40
16684,2026-03-10,2 5 7 13 36 39
16685,2026-03-10,1 18 28 35 39 43
16686,2026-03-10,7 17 36 37 38 44
16687,2026-03-11,7 16 23 28 31 33
16688,2026-03-11,3 17 19 24 33 34
16689,2026-03-11,7 16 20 21 26 38
16690,2026-03-11,16 22 32 33 35 39
16691,2026-03-11,12 18 25 29 32 35
16692,2026-03-11,14 25 29 32 38 44
16693,2026-03-11,2 11 15 19 23 43
16694,2026-03-11,1 3 6 12 17 23
16695,2026-03-11,4 8 14 24 25 30
16696,2026-03-11,7 8 10 17 21 37
16697,2026-03-11,7 11 19 21 26 36
16698,2026-03-12,8 15 16 17 22 25
16699,2026-03-12,6 7 12 30 32 43
16700,2026-03-12,4 19 36 37 38 41
16701,2026-03-12,27 32 35 37 40 45
16702,2026-03-12,6 7 11 18 29 36
16703,2026-03-12,11 13 18 21 22 26
16704,2026-03-12,4 20 27 35 36 41
16705,2026-03-12,2 8 12 20 39 41
16706,2026-03-12,18 22 28 36 43 45
16707,2026-03-12,3 9 28 38 39 42
16708,2026-03-12,3 8 13 30 41 44
16709,2026-03-13,1 3 5 17 39 40
16710,2026-03-13,3 9 10 13 37 44
16711,2026-03-13,4 6 7 19 28 36
16712,2026-03-13,9 23 30 34 36 39
16713,2026-03-13,4 9 10 16 23 25
16714,2026-03-13,5 8 9 13 37 44
16715,2026-03-13,2 12 13 23 36 38
16716,2026-03-13,1 18 22 25 29 38
16717,2026-03-13,7 12 20 27 33 43
16718,2026-03-13,10 13 31 36 40 42
16719,2026-03-13,3 12 16 21 30 42
16720,2026-03-14,6 7 12 22 23 26
16721,2026-03-14,7 16 21 27 43 45
16722,2026-03-14,5 25 31 34 40 43
16723,2026-03-14,9 11 19 21 28 44
16724,2026-03-14,3 7 12 23 39 44
16725,2026-03-14,4 20 28 29 40 41
16726,2026-03-14,20 25 28 32 38 39
16727,2026-03-14,13 23 25 32 41 44
16728,2026-03-14,1 2 10 15 24 39
16729,2026-03-14,26 31 35 38 43 45
16730,2026-03-14,4 12 13 18 32 43
16731,2026-03-15,3 9 14 16 40 45
16732,2026-03-15,7 12 16 19 20 44
16733,2026-03-15,5 16 27 28 31 36
16734,2026-03-15,8 10 11 20 26 40
16735,2026-03-15,1 20 22 28 29 45
16736,2026-03-15,3 6 20 24 29 38
16737,2026-03-15,4 6 11 22 40 41
16738,2026-03-15,18 30 33 37 43 45
16739,2026-03-15,2 18 31 34 43 44
16740,2026-03-15,3 16 17 20 30 40
16741,2026-03-15,3 6 20 31 33 42
16742,2026-03-16,3 6 11 19 30 33
16743,2026-03-16,4 7 11 20 38 45
16744,2026-03-16,2 7 25 31 34 40
16745,2026-03-16,11 14 22 33 37 42
16746,2026-03-16,17 25 32 40 41 44
16747,2026-03-16,7 20 30 36 38 43
16748,2026-03-16,1 10 25 37 41 43
16749,2026-03-16,25 27 31 32 38 40
16750,2026-03-16,1 4 9 30 33 43
16751,2026-03-16,14 22 29 30 33 42
16752,2026-03-16,2 6 10 31 37 42
16753,2026-03-17,5 15 29 32 35 43
16754,2026-03-17,7 8 9 10 26 35
16755,2026-03-17,6 23 35 38 40 41
16756,2026-03-17,22 29 30 38 39 41
16757,2026-03-17,3 4 6 22 34 36
16758,2026-03-17,18 27 28 33 39 45
16759,2026-03-17,6 9 13 15 25 31
16760,2026-03-17,9 21 22 28 34 42
16761,2026-03-17,8 12 34 36 38 42
16762,2026-03-17,6 10 15 24 30 35
16763,2026-03-17,4 14 18 28 42 44
16764,2026-03-18,17 36 41 42 44 45
16765,2026-03-18,13 16 19 22 41 44
16766,2026-03-18,7 9 26 37 44 45
16767,2026-03-18,10 13 14 20 29 34
16768,2026-03-18,3 11 22 28 35 43
16769,2026-03-18,3 4 10 15 20 24
16770,2026-03-18,11 17 24 38 42 45
16771,2026-03-18,9 13 14 16 29 31
16772,2026-03-18,1 3 4 9 10 34
16773,2026-03-18,7 8 21 31 32 42
16774,2026-03-18,5 7 8 15 25 39
16775,2026-03-19,6 10 17 25 28 30
16776,2026-03-19,18 22 23 33 43 44
16777,2026-03-19,2 18 32 35 36 44
16778,2026-03-19,3 4 11 30 31 39
16779,2026-03-19,4 7 8 21 25 40
16780,2026-03-19,11 14 20 31 36 44
16781,2026-03-19,5 26 35 37 38 43
16782,2026-03-19,9 17 18 19 20 23
16783,2026-03-19,2 4 5 23 31 43
16784,2026-03-19,9 10 11 17 23 38
16785,2026-03-19,4 27 31 42 43 44
16786,2026-03-20,10 17 20 21 40 42
16787,2026-03-20,10 29 34 38 39 41
16788,2026-03-20,2 13 16 19 20 38
16789,2026-03-20,12 17 21 22 38 41
16790,2026-03-20,9 13 15 26 34 36
16791,2026-03-20,2 16 23 30 33 35
16792,2026-03-20,2 12 13 25 27 29
16793,2026-03-20,8 32 33 36 42 44
16794,2026-03-20,5 8 9 19 34 41
16795,2026-03-20,13 22 28 29 36 41
16796,2026-03-20,3 4 16 20 38 41
16797,2026-03-21,6 20 22 29 30 42
16798,2026-03-21,6 13 20 30 37 44
16799,2026-03-21,12 19 25 29 40 45
16800,2026-03-21,6 19 21 29 32 42
16801,2026-03-21,9 12 14 29 31 41
16802,2026-03-21,2 5 12 31 35 45
16803,2026-03-21,6 12 14 22 27 39
16804,2026-03-21,9 29 35 38 39 45
16805,2026-03-21,2 20 33 36 37 44
16806,2026-03-21,5 13 14 17 39 42
16807,2026-03-21,7 22 29 33 35 41
16808,2026-03-22,8 14 27 30 35 43
16809,2026-03-22,19 22 30 34 36 42
16810,2026-03-22,7 16 18 37 43 44
16811,2026-03-22,1 13 15 17 31 36
16812,2026-03-22,1 7 20 28 33 42
16813,2026-03-22,9 14 15 23 30 31
16814,2026-03-22,9 20 28 35 38 45
16815,2026-03-22,16 21 36 38 41 44
16816,2026-03-22,8 25 27 36 38 45
16817,2026-03-22,5 10 11 15 27 37
16818,2026-03-22,12 25 28 29 30 34
16819,2026-03-23,7 17 23 28 42 45
16820,2026-03-23,8 22 28 30 35 37
16821,2026-03-23,5 10 24 28 35 43
16822,2026-03-23,12 14 20 21 26 35
16823,2026-03-23,1 9 15 34 38 44
16824,2026-03-23,2 8 11 22 33 45
16825,2026-03-23,3 8 16 27 30 37
16826,2026-03-23,10 12 22 27 38 39
16827,2026-03-23,3 7 8 18 23 28
16828,2026-03-23,2 6 17 26 35 39
16829,2026-03-23,2 6 24 30 32 45
16830,2026-03-24,11 17 31 34 42 45
16831,2026-03-24,3 7 9 12 23 34
16832,2026-03-24,2 5 8 35 39 43
16833,2026-03-24,5 22 27 30 37 44
16834,2026-03-24,6 11 22 42 43 45
16835,2026-03-24,13 20 23 28 29 44
16836,2026-03-24,2 10 19 21 25 41
16837,2026-03-24,8 15 16 41 43 45
16838,2026-03-24,5 7 8 16 36 41
16839,2026-03-24,13 21 33 34 37 43
16840,2026-03-24,5 7 25 26 32 35
16841,2026-03-25,12 20 30 32 38 40
16842,2026-03-25,5 14 15 20 23 33
16843,2026-03-25,2 14 19 38 39 43
16844,2026-03-25,7 8 12 25 31 41
16845,2026-03-25,1 20 21 38 39 44
16846,2026-03-25,2 5 8 9 15 24
16847,2026-03-25,2 8 9 24 25 26
16848,2026-03-25,14 19 26 40 43 45
16849,2026-03-25,6 19 31 33 38 42
16850,2026-03-25,4 13 18 34 35 41
16851,2026-03-25,4 6 9 21 23 45
16852,2026-03-26,3 8 14 18 20 27
16853,2026-03-26,1 9 17 19 21 34
16854,2026-03-26,13 21 35 40 41 42
16855,2026-03-26,4 24 36 39 41 42
16856,2026-03-26,5 6 13 28 30 42
16857,2026-03-26,18 26 29 30 39 44
16858,2026-03-26,1 12 21 27 31 40
16859,2026-03-26,18 20 24 29 32 41
16860,2026-03-26,7 8 9 13 32 45
16861,2026-03-26,5 7 8 17 28 37
16862,2026-03-26,2 7 10 13 32 33
16863,2026-03-27,2 16 22 32 39 42
16864,2026-03-27,15 18 27 29 38 45
16865,2026-03-27,7 18 35 42 44 45
16866,2026-03-27,11 14 15 24 31 34
16867,2026-03-27,12 15 22 26 28 42
16868,2026-03-27,2 4 5 15 20 34
16869,2026-03-27,3 5 10 24 26 37
16870,2026-03-27,2 12 16 20 33 39
16871,2026-03-27,10 22 26 29 33 34
16872,2026-03-27,17 23 31 36 41 43
16873,2026-03-27,3 6 14 23 29 42
16874,2026-03-28,10 15 16 22 30 34
16875,2026-03-28,4 6 17 21 29 32
16876,2026-03-28,2 16 17 32 40 45
16877,2026-03-28,2 8 10 15 18 37
16878,2026-03-28,9 11 22 27 34 41
16879,2026-03-28,3 8 16 18 24 42
16880,2026-03-28,5 13 14 23 40 42
16881,2026-03-28,8 27 36 41 42 45
16882,2026-03-28,4 8 11 15 32 42
16883,2026-03-28,4 18 25 29 34 38
16884,2026-03-28,14 22 24 28 30 33
16885,2026-03-29,9 18 30 40 43 45
16886,2026-03-29,7 21 32 39 42 44
16887,2026-03-29,6 13 19 22 23 42
16888,2026-03-29,2 10 13 14 17 33
16889,2026-03-29,19 25 29 39 40 44
16890,2026-03-29,12 15 29 33 34 35
16891,2026-03-29,17 27 30 33 35 43
16892,2026-03-29,11 20 23 27 33 38
16893,2026-03-29,6 11 17 19 24 43
16894,2026-03-29,3 16 18 20 33 35
16895,2026-03-29,6 19 25 30 33 37
16896,2026-03-30,7 18 22 31 43 45
16897,2026-03-30,7 10 16 26 41 43
16898,2026-03-30,4 20 30 33 36 41
16899,2026-03-30,20 23 27 33 36 42
16900,2026-03-30,1 10 36 40 44 45
16901,2026-03-30,2 11 12 31 40 41
16902,2026-03-30,15 17 28 31 34 43
16903,2026-03-30,9 10 17 26 33 38
16904,2026-03-30,1 2 4 32 35 37
16905,2026-03-30,6 9 19 24 36 43
16906,2026-03-30,1 13 15 21 22 37
16907,2026-03-31,13 21 29 38 40 43
16908,2026-03-31,6 28 29 30 32 40
16909,2026-03-31,18 22 26 33 42 43
16910,2026-03-31,3 5 6 31 38 39
16911,2026-03-31,3 10 17 21 39 45
16912,2026-03-31,2 13 15 36 39 41
16913,2026-03-31,17 24 37 39 40 41
16914,2026-03-31,18 20 24 26 32 36
16915,2026-03-31,8 11 13 24 33 36
16916,2026-03-31,3 7 11 15 19 31
16917,2026-03-31,18 30 35 37 38 45
16918,2026-04-01,2 5 9 23 28 42
16919,2026-04-01,2 5 6 13 15 32
16920,2026-04-01,7 10 31 33 37 38
16921,2026-04-01,9 13 22 35 36 39
16922,2026-04-01,3 24 26 30 32 41
16923,2026-04-01,3 6 8 22 25 35
16924,2026-04-01,6 8 26 40 41 44
16925,2026-04-01,2 19 21 22 30 33
16926,2026-04-01,1 7 25 38 41 42
16927,2026-04-01,15 22 24 28 38 40
16928,2026-04-01,8 19 27 30 31 39
16929,2026-04-02,9 10 13 23 33 34
16930,2026-04-02,8 18 23 25 36 39
16931,2026-04-02,13 20 23 24 36 37
16932,2026-04-02,2 10 22 33 35 37
16933,2026-04-02,8 10 18 27 29 43
16934,2026-04-02,1 8 17 18 24 45
16935,2026-04-02,2 6 17 23 32 44
16936,2026-04-02,10 26 30 32 38 43
16937,2026-04-02,33 37 38 39 41 45
16938,2026-04-02,8 13 20 37 38 44
16939,2026-04-02,1 5 12 14 18 38
16940,2026-04-03,9 13 15 24 31 44
16941,2026-04-03,2 4 28 29 33 39
16942,2026-04-03,3 7 20 21 29 45
16943,2026-04-03,16 24 35 36 37 40
16944,2026-04-03,8 18 20 37 38 40
16945,2026-04-03,11 12 32 37 39 41
16946,2026-04-03,4 12 33 34 40 42
16947,2026-04-03,4 7 10 21 23 36
16948,2026-04-03,5 13 34 37 41 44
16949,2026-04-03,10 20 37 39 40 42
16950,2026-04-03,5 23 35 40 43 45
16951,2026-04-04,3 6 25 31 35 41
16952,2026-04-04,4 11 17 28 37 41
16953,2026-04-04,8 13 16 24 35 43
16954,2026-04-04,1 2 15 34 41 43
16955,2026-04-04,4 5 7 15 19 32
16956,2026-04-04,6 10 11 19 38 45
16957,2026-04-04,4 16 21 29 32 42
16958,2026-04-04,6 7 33 39 40 44
16959,2026-04-04,10 17 21 24 29 32
16960,2026-04-04,3 7 11 15 18 29
16961,2026-04-04,7 17 20 28 43 45
16962,2026-04-05,2 25 28 29 32 39
16963,2026-04-05,1 32 33 36 38 45
16964,2026-04-05,2 14 25 26 32 35
16965,2026-04-05,4 7 16 21 26 40
16966,2026-04-05,3 7 11 12 17 38
16967,2026-04-05,2 5 7 38 39 45
16968,2026-04-05,3 7 9 30 32 35
16969,2026-04-05,5 14 23 27 28 30
16970,2026-04-05,15 17 20 23 25 40
16971,2026-04-05,9 13 19 26 30 35
16972,2026-04-05,8 12 20 21 25 42
16973,2026-04-06,8 27 34 40 44 45
16974,2026-04-06,2 8 16 17 25 43
16975,2026-04-06,7 19 20 21 24 27
16976,2026-04-06,4 11 34 36 41 42
16977,2026-04-06,1 6 9 10 27 34
16978,2026-04-06,3 22 23 27 29 31
16979,2026-04-06,2 7 18 23 39 42
16980,2026-04-06,2 9 12 13 27 36
16981,2026-04-06,7 8 9 30 39 42
16982,2026-04-06,3 13 17 19 24 41
16983,2026-04-06,2 10 20 24 27 34
16984,2026-04-07,4 13 23 28 39 45
16985,2026-04-07,9 19 31 41 42 45
16986,2026-04-07,1 9 18 19 23 31
16987,2026-04-07,7 13 17 19 40 42
16988,2026-04-07,1 3 6 24 33 44
16989,2026-04-07,13 23 24 30 38 40
16990,2026-04-07,1 9 17 23 37 41
16991,2026-04-07,3 5 27 28 37 42
16992,2026-04-07,1 24 26 28 34 45
16993,2026-04-07,1 5 9 14 37 45
16994,2026-04-07,9 11 14 20 32 42
16995,2026-04-08,7 14 19 24 41 44
16996,2026-04-08,6 8 10 19 21 35
16997,2026-04-08,14 16 21 25 30 45
16998,2026-04-08,2 7 23 35 38 43
16999,2026-04-08,2 8 10 18 35 38
17000,2026-04-08,9 11 24 29 42 45
17001,2026-04-08,1 4 10 31 32 43
17002,2026-04-08,6 13 18 19 24 42
17003,2026-04-08,10 11 18 31 39 43
17004,2026-04-08,7 14 17 29 30 36
17005,2026-04-08,1 4 9 11 37 43
17006,2026-04-09,11 12 15 25 28 37
17007,2026-04-09,1 3 12 19 23 41
17008,2026-04-09,10 20 26 34 36 45
17009,2026-04-09,4 7 21 32 35 38
17010,2026-04-09,5 14 28 30 35 41
17011,2026-04-09,7 30 32 37 38 45
17012,2026-04-09,6 8 18 22 27 30
17013,2026-04-09,2 3 5 6 13 17
17014,2026-04-09,3 9 21 28 29 43
17015,2026-04-09,12 21 22 31 41 45
17016,2026-04-09,6 7 9 13 30 41
17017,2026-04-10,8 11 17 23 42 44
17018,2026-04-10,2 7 10 22 35 44
17019,2026-04-10,3 14 17 22 25 45
17020,2026-04-10,2 5 7 10 22 34
17021,2026-04-10,4 17 36 37 39 42
17022,2026-04-10,2 7 9 16 32 45
17023,2026-04-10,2 9 12 27 41 42
17024,2026-04-10,1 15 19 20 35 38
17025,2026-04-10,14 21 23 36 39 44
17026,2026-04-10,1 13 14 16 35 45
17027,2026-04-10,8 13 17 29 36 42
17028,2026-04-11,26 27 28 32 35 45
17029,2026-04-11,4 7 27 35 39 44
17030,2026-04-11,4 10 24 28 37 42
17031,2026-04-11,3 30 34 35 38 39
17032,2026-04-11,1 3 4 12 16 26
17033,2026-04-11,4 6 7 10 12 16
17034,2026-04-11,21 28 30 35 37 40
17035,2026-04-11,2 8 10 19 20 24
17036,2026-04-11,8 10 25 30 41 44
17037,2026-04-11,4 12 13 21 35 39
17038,2026-04-11,16 18 19 23 39 44
17039,2026-04-12,11 14 24 28 42 43
17040,2026-04-12,14 35 36 37 38 41
17041,2026-04-12,3 15 25 36 39 45
17042,2026-04-12,10 12 14 18 29 39
17043,2026-04-12,3 8 17 27 29 42
17044,2026-04-12,14 23 25 27 30 45
17045,2026-04-12,6 10 16 21 28 36
17046,2026-04-12,13 14 23 30 41 42
17047,2026-04-12,7 17 18 34 36 41
17048,2026-04-12,9 12 13 17 20 27
17049,2026-04-12,18 22 27 31 38 43
17050,2026-04-13,9 18 24 30 40 43
17051,2026-04-13,2 4 12 15 17 42
17052,2026-04-13,10 19 22 30 39 40
17053,2026-04-13,21 23 24 29 32 34
17054,2026-04-13,9 15 18 33 34 36
17055,2026-04-13,4 10 23 24 31 39
17056,2026-04-13,7 12 19 26 37 43
17057,2026-04-13,8 11 18 34 35 40
17058,2026-04-13,10 25 27 29 33 35
17059,2026-04-13,16 27 33 36 38 43
17060,2026-04-13,2 7 18 20 25 35
17061,2026-04-14,10 19 23 27 36 40
17062,2026-04-14,1 10 16 19 21 38
17063,2026-04-14,1 2 5 10 21 32
17064,2026-04-14,1 14 20 25 33 34
17065,2026-04-14,9 10 14 20 22 25
17066,2026-04-14,4 8 13 18 34 38
17067,2026-04-14,3 11 18 26 36 43
17068,2026-04-14,1 2 8 13 20 39
17069,2026-04-14,1 4 16 29 38 45
17070,2026-04-14,9 10 14 16 37 39
17071,2026-04-14,2 9 16 23 31 39
17072,2026-04-15,2 4 9 21 22 31
17073,2026-04-15,7 11 19 20 29 37
17074,2026-04-15,6 8 16 30 34 44
17075,2026-04-15,8 28 30 32 35 42
17076,2026-04-15,8 29 34 35 40 45
17077,2026-04-15,15 22 29 32 38 39
17078,2026-04-15,3 5 30 39 42 44
17079,2026-04-15,4 10 13 19 36 41
17080,2026-04-15,5 7 12 24 34 44
17081,2026-04-15,8 13 23 28 36 43
17082,2026-04-15,4 16 19 20 40 41
17083,2026-04-16,12 18 28 30 36 41
17084,2026-04-16,9 11 12 19 20 31
17085,2026-04-16,6 19 26 28 29 34
17086,2026-04-16,4 7 9 21 25 43
17087,2026-04-16,10 12 21 23 26 43
17088,2026-04-16,20 24 32 37 41 45
17089,2026-04-16,5 17 21 25 27 37
17090,2026-04-16,1 2 18 25 33 40
17091,2026-04-16,8 10 23 27 38 41
17092,2026-04-16,4 13 23 24 29 41
17093,2026-04-16,4 8 12 16 33 37
17094,2026-04-17,1 6 18 20 23 42
17095,2026-04-17,8 10 19 31 32 38
17096,2026-04-17,1 8 15 18 44 45
17097,2026-04-17,6 7 11 15 20 35
17098,2026-04-17,10 19 20 29 38 40
17099,2026-04-17,3 8 12 19 24 40
17100,2026-04-17,9 16 23 32 33 42
17101,2026-04-17,1 12 15 28 30 37
17102,2026-04-17,12 23 24 31 32 38
17103,2026-04-17,12 15 18 27 33 36
17104,2026-04-17,4 10 14 33 38 40
17105,2026-04-18,4 5 6 11 12 22
17106,2026-04-18,1 13 16 19 27 30
17107,2026-04-18,10 11 16 25 26 36
17108,2026-04-18,6 9 18 19 23 40
17109,2026-04-18,3 21 27 29 38 41
17110,2026-04-18,1 9 11 12 14 15
17111,2026-04-18,4 10 13 16 22 29
17112,2026-04-18,3 18 23 29 36 42
17113,2026-04-18,1 7 23 31 38 40
17114,2026-04-18,10 18 26 40 43 44
17115,2026-04-18,3 11 14 17 40 41
17116,2026-04-19,3 15 19 27 37 45
17117,2026-04-19,9 15 17 29 32 44
17118,2026-04-19,14 22 29 31 34 43
17119,2026-04-19,1 24 25 32 35 41
17120,2026-04-19,3 17 19 23 30 37
17121,2026-04-19,2 5 9 16 18 34
17122,2026-04-19,1 12 13 14 29 31
17123,2026-04-19,2 24 27 32 33 42
17124,2026-04-19,4 5 12 14 18 30
17125,2026-04-19,5 20 24 33 35 40
17126,2026-04-19,5 6 13 15 16 22
17127,2026-04-20,5 7 25 28 31 38
17128,2026-04-20,2 7 28 35 37 38
17129,2026-04-20,6 11 18 23 24 43
17130,2026-04-20,8 9 11 25 40 41
17131,2026-04-20,9 31 32 35 38 42
17132,2026-04-20,8 9 19 21 32 38
17133,2026-04-20,5 22 25 31 41 45
17134,2026-04-20,5 11 18 20 34 41
17135,2026-04-20,10 20 28 32 38 39
17136,2026-04-20,2 13 17 26 37 39
17137,2026-04-20,3 4 16 25 28 40
17138,2026-04-21,10 14 16 18 24 44
17139,2026-04-21,1 9 35 36 40 44
17140,2026-04-21,2 5 10 11 35 41
17141,2026-04-21,2 6 12 17 26 43
17142,2026-04-21,2 7 9 42 43 44
17143,2026-04-21,17 18 19 31 32 45
17144,2026-04-21,8 14 21 28 32 34
17145,2026-04-21,15 22 28 36 41 44
17146,2026-04-21,12 22 24 41 42 45
17147,2026-04-21,7 11 17 26 27 28
17148,2026-04-21,11 18 19 29 41 45
17149,2026-04-22,2 3 11 12 22 41
17150,2026-04-22,9 18 34 40 42 43
17151,2026-04-22,4 11 12 14 16 35
17152,2026-04-22,8 12 15 22 23 27
17153,2026-04-22,5 29 33 34 36 45
17154,2026-04-22,13 14 16 30 33 43
17155,2026-04-22,11 12 19 33 37 38
17156,2026-04-22,18 20 22 30 31 38
17157,2026-04-22,8 19 23 29 43 44
17158,2026-04-22,1 9 16 23 28 44
17159,2026-04-22,2 6 20 23 27 43
17160,2026-04-23,9 16 36 37 43 45
17161,2026-04-23,4 5 7 36 39 45
17162,2026-04-23,14 22 24 30 38 40
17163,2026-04-23,2 4 15 16 26 36
17164,2026-04-23,2 8 11 14 20 43
17165,2026-04-23,3 10 13 33 42 45
17166,2026-04-23,12 14 32 36 44 45
17167,2026-04-23,18 20 25 32 40 43
17168,2026-04-23,10 13 16 28 38 42
17169,2026-04-23,3 5 15 25 27 31
17170,2026-04-23,2 8 12 33 38 40
17171,2026-04-24,17 18 26 36 39 45
17172,2026-04-24,1 18 31 32 33 40
17173,2026-04-24,10 12 15 17 36 44
17174,2026-04-24,3 11 12 20 36 38
17175,2026-04-24,15 22 25 31 36 37
17176,2026-04-24,11 16 19 29 31 41
17177,2026-04-24,3 16 17 34 37 38
17178,2026-04-24,22 33 34 36 38 42
17179,2026-04-24,6 12 18 20 23 31
17180,2026-04-24,9 14 18 34 35 44
17181,2026-04-24,14 26 30 35 42 44
17182,2026-04-25,17 18 23 25 35 42
17183,2026-04-25,3 4 19 34 38 45
17184,2026-04-25,5 8 32 36 38 40
17185,2026-04-25,6 14 25 27 28 36
17186,2026-04-25,15 23 24 26 31 36
17187,2026-04-25,5 13 19 24 37 44
17188,2026-04-25,4 7 14 27 43 45
17189,2026-04-25,7 11 17 22 29 30
17190,2026-04-25,10 25 28 35 43 45
17191,2026-04-25,2 15 21 24 34 45
17192,2026-04-25,12 16 23 32 42 45
17193,2026-04-26,1 2 4 38 41 42
17194,2026-04-26,1 3 16 20 32 42
17195,2026-04-26,21 28 30 34 35 43
17196,2026-04-26,1 26 27 32 36 41
17197,2026-04-26,4 12 28 30 33 42
17198,2026-04-26,11 12 16 34 35 39
17199,2026-04-26,17 22 23 30 31 44
17200,2026-04-26,8 12 20 35 37 38
17201,2026-04-26,3 4 9 19 31 41
17202,2026-04-26,8 13 21 38 39 42
17203,2026-04-26,14 26 29 33 37 40
17204,2026-04-27,2 23 24 31 32 42
17205,2026-04-27,2 4 6 9 12 43
17206,2026-04-27,1 3 15 21 41 42
17207,2026-04-27,6 7 11 18 22 44
17208,2026-04-27,3 8 11 14 26 27
17209,2026-04-27,6 16 28 29 39 40
17210,2026-04-27,1 3 16 24 25 27
17211,2026-04-27,3 5 8 10 23 36
17212,2026-04-27,3 5 25 35 37 39
17213,2026-04-27,17 19 24 31 39 45
17214,2026-04-27,7 9 10 14 16 31
17215,2026-04-28,8 19 20 21 26 43
17216,2026-04-28,1 6 21 27 29 31
17217,2026-04-28,5 8 11 32 33 35
17218,2026-04-28,10 15 21 24 37 44
17219,2026-04-28,17 21 22 23 32 43
17220,2026-04-28,14 15 35 37 42 44
17221,2026-04-28,4 6 8 17 26 28
17222,2026-04-28,15 26 29 35 39 41
17223,2026-04-28,5 8 11 14 37 39
17224,2026-04-28,3 23 37 39 41 42
17225,2026-04-28,20 21 24 27 34 35
17226,2026-04-29,7 10 13 18 25 33
17227,2026-04-29,3 14 16 26 34 35
17228,2026-04-29,4 27 29 34 39 43
17229,2026-04-29,3 4 7 10 16 42
17230,2026-04-29,10 16 17 21 24 40
17231,2026-04-29,5 9 24 37 40 44
17232,2026-04-29,4 16 27 30 31 37
17233,2026-04-29,11 15 19 26 30 38
17234,2026-04-29,3 26 33 35 36 44
17235,2026-04-29,1 2 3 17 27 41
17236,2026-04-29,4 6 26 32 34 43
17237,2026-04-30,13 15 29 34 38 44
17238,2026-04-30,5 9 15 22 24 36
17239,2026-04-30,16 26 29 35 36 37
17240,2026-04-30,7 10 17 18 32 45
17241,2026-04-30,19 28 34 37 39 45
17242,2026-04-30,6 12 13 28 42 44
17243,2026-04-30,12 22 25 34 35 45
17244,2026-04-30,3 12 15 30 36 45
17245,2026-04-30,4 18 24 25 26 39
17246,2026-04-30,6 14 21 32 33 41
17247,2026-04-30,1 10 20 24 40 45
17248,2026-05-01,3 15 26 37 41 45
17249,2026-05-01,8 22 28 33 39 40
17250,2026-05-01,4 8 16 31 35 40
17251,2026-05-01,1 10 12 14 19 20
17252,2026-05-01,4 6 11 29 38 40
17253,2026-05-01,5 16 17 24 27 34
17254,2026-05-01,3 12 35 38 43 44
17255,2026-05-01,11 13 17 20 25 27
17256,2026-05-01,1 6 15 23 34 37
17257,2026-05-01,5 18 23 24 27 37
17258,2026-05-01,14 16 25 31 34 41
17259,2026-05-02,22 29 31 35 39 43
17260,2026-05-02,1 18 21 25 29 34
17261,2026-05-02,9 11 20 21 38 43
17262,2026-05-02,9 10 11 12 28 41
17263,2026-05-02,2 21 27 28 33 44
17264,2026-05-02,5 8 9 27 41 44
17265,2026-05-02,1 3 8 31 33 40
17266,2026-05-02,2 23 29 36 38 39
17267,2026-05-02,9 14 16 34 40 44
17268,2026-05-02,6 8 13 27 31 38
17269,2026-05-02,2 4 11 39 40 41
17270,2026-05-03,5 7 15 22 25 37
17271,2026-05-03,1 24 25 26 36 43
17272,2026-05-03,2 5 9 16 35 42
17273,2026-05-03,12 14 15 31 33 34
17274,2026-05-03,12 13 14 23 25 29
17275,2026-05-03,15 21 31 32 33 41
17276,2026-05-03,7 13 33 38 44 45
17277,2026-05-03,2 9 10 25 29 39
17278,2026-05-03,5 14 15 21 22 23
17279,2026-05-03,5 24 33 41 44 45
17280,2026-05-03,5 8 10 13 33 38
17281,2026-05-04,26 30 33 35 37 41
17282,2026-05-04,7 8 27 31 39 41
17283,2026-05-04,10 14 22 31 41 42
17284,2026-05-04,5 8 12 17 31 41
17285,2026-05-04,1 11 23 25 36 39
17286,2026-05-04,3 6 11 26 30 39
17287,2026-05-04,2 16 24 25 28 45
17288,2026-05-04,8 18 23 27 31 45
17289,2026-05-04,1 20 29 33 40 41
17290,2026-05-04,5 16 20 30 41 42
17291,2026-05-04,23 35 38 41 42 44
17292,2026-05-05,4 22 34 35 41 42
17293,2026-05-05,6 20 21 30 33 39
17294,2026-05-05,13 19 22 32 33 36
17295,2026-05-05,11 15 16 17 22 37
17296,2026-05-05,3 20 23 33 34 40
17297,2026-05-05,2 14 21 28 31 38
17298,2026-05-05,2 8 19 24 28 39
17299,2026-05-05,7 9 11 19 28 36
17300,2026-05-05,6 11 21 29 42 44
17301,2026-05-05,4 6 7 13 23 35
17302,2026-05-05,1 17 19 23 29 45
17303,2026-05-06,6 12 17 29 38 43
17304,2026-05-06,6 13 14 27 33 45
17305,2026-05-06,1 2 29 30 31 32
17306,2026-05-06,6 10 11 13 30 34
17307,2026-05-06,1 14 18 27 30 45
17308,2026-05-06,11 16 17 36 40 42
17309,2026-05-06,13 24 29 31 35 45
17310,2026-05-06,16 22 23 24 39 43
17311,2026-05-06,22 27 28 32 37 45
17312,2026-05-06,16 23 36 40 43 44
17313,2026-05-06,1 7 19 23 33 42
17314,2026-05-07,7 10 13 19 26 32
17315,2026-05-07,5 25 26 27 44 45
17316,2026-05-07,1 5 24 33 36 45
17317,2026-05-07,8 25 26 28 31 40
17318,2026-05-07,4 9 15 16 33 34
17319,2026-05-07,3 29 30 31 33 35
17320,2026-05-07,6 8 9 10 13 36
17321,2026-05-07,2 11 12 14 19 37
17322,2026-05-07,10 11 22 24 29 43
17323,2026-05-07,2 16 19 20 30 38
17324,2026-05-07,2 8 12 19 36 44
17325,2026-05-08,16 17 29 31 40 45
17326,2026-05-08,11 20 25 31 42 44
17327,2026-05-08,3 10 14 26 34 41
17328,2026-05-08,16 18 20 36 37 39
17329,2026-05-08,9 14 17 26 37 45
17330,2026-05-08,12 19 27 36 41 42
17331,2026-05-08,1 17 18 28 40 45
17332,2026-05-08,10 15 16 18 19 28
17333,2026-05-08,4 14 20 21 35 43
17334,2026-05-08,10 17 26 40 41 44
17335,2026-05-08,4 8 12 16 34 43
17336,2026-05-09,5 7 8 12 17 29
17337,2026-05-09,28 29 36 39 43 44
17338,2026-05-09,17 30 31 32 36 42
17339,2026-05-09,1 9 11 12 19 23
17340,2026-05-09,24 32 33 39 42 43
17341,2026-05-09,3 21 30 33 37 41
17342,2026-05-09,1 3 10 21 32 41
17343,2026-05-09,4 12 19 32 36 40
17344,2026-05-09,14 17 37 39 43 45
17345,2026-05-09,2 3 5 23 32 44
17346,2026-05-09,6 8 11 21 34 44
17347,2026-05-10,5 19 24 31 36 38
17348,2026-05-10,33 36 37 39 40 43
17349,2026-05-10,1 4 12 22 23 26
17350,2026-05-10,13 14 23 25 40 41
17351,2026-05-10,10 16 17 32 34 37
17352,2026-05-10,10 23 24 29 36 40
17353,2026-05-10,7 11 27 31 42 44
17354,2026-05-10,1 3 5 9 16 43
17355,2026-05-10,20 22 35 36 41 45
17356,2026-05-10,4 7 12 14 16 35
17357,2026-05-10,6 8 17 18 26 44
17358,2026-05-11,10 17 26 28 30 34
17359,2026-05-11,10 11 13 24 28 45
17360,2026-05-11,2 5 12 35 37 41
17361,2026-05-11,4 7 26 31 34 40
17362,2026-05-11,1 2 5 19 22 39
17363,2026-05-11,6 8 26 27 35 36
17364,2026-05-11,4 7 18 28 31 38
17365,2026-05-11,1 11 14 18 23 37
17366,2026-05-11,8 9 14 16 17 41
17367,2026-05-11,6 7 13 14 26 28
17368,2026-05-11,1 13 16 31 40 45
17369,2026-05-12,16 17 23 25 29 35
17370,2026-05-12,5 8 13 15 36 45
17371,2026-05-12,4 12 17 29 30 43
17372,2026-05-12,2 11 13 14 29 34
17373,2026-05-12,5 16 18 20 30 41
17374,2026-05-12,12 15 16 26 35 44
17375,2026-05-12,3 5 8 15 34 40
17376,2026-05-12,10 14 24 27 32 41
17377,2026-05-12,1 10 15 22 28 37
17378,2026-05-12,2 4 24 37 40 41
17379,2026-05-12,11 16 26 34 36 42
17380,2026-05-13,4 9 16 21 27 30
17381,2026-05-13,5 7 8 13 23 30
17382,2026-05-13,1 10 13 15 18 30
17383,2026-05-13,3 6 27 35 37 42
17384,2026-05-13,4 6 14 27 32 36
17385,2026-05-13,3 4 6 26 31 33
17386,2026-05-13,9 10 14 30 31 39
17387,2026-05-13,13 24 26 28 32 40
17388,2026-05-13,5 6 27 28 31 39
17389,2026-05-13,8 11 28 34 37 40
17390,2026-05-13,15 16 18 27 33 34
17391,2026-05-14,1 10 27 29 31 39
17392,2026-05-14,14 18 31 33 35 42
17393,2026-05-14,13 18 25 29 44 45
17394,2026-05-14,4 6 11 17 27 28
17395,2026-05-14,10 13 15 17 18 22
17396,2026-05-14,7 20 24 31 34 36
17397,2026-05-14,2 17 21 22 30 34
17398,2026-05-14,1 17 18 22 27 45
17399,2026-05-14,15 27 28 32 40 43
17400,2026-05-14,5 14 17 20 27 31
17401,2026-05-14,1 2 3 7 25 29
17402,2026-05-15,6 23 28 31 34 35
17403,2026-05-15,3 4 29 32 36 41
17404,2026-05-15,3 4 13 21 37 45
17405,2026-05-15,4 9 17 24 42 44
17406,2026-05-15,6 12 18 21 23 42
17407,2026-05-15,6 16 17 21 26 41
17408,2026-05-15,8 13 24 25 30 40
17409,2026-05-15,5 11 20 22 27 36
17410,2026-05-15,8 12 15 24 28 40
17411,2026-05-15,2 3 16 20 22 28
17412,2026-05-15,1 9 10 13 25 32
17413,2026-05-16,15 18 21 22 23 35
17414,2026-05-16,10 20 22 29 33 43
17415,2026-05-16,7 10 12 25 37 41
17416,2026-05-16,15 18 19 20 25 41
17417,2026-05-16,3 7 10 11 40 42
17418,2026-05-16,5 10 17 20 29 34
17419,2026-05-16,6 18 19 25 32 43
17420,2026-05-16,3 4 13 28 33 42
17421,2026-05-16,4 8 11 16 17 39
17422,2026-05-16,8 10 14 18 40 41
17423,2026-05-16,2 3 25 26 35 39
17424,2026-05-17,5 8 19 23 28 37
17425,2026-05-17,1 5 6 21 31 40
17426,2026-05-17,19 24 29 34 36 43
17427,2026-05-17,3 13 24 27 41 44
17428,2026-05-17,14 15 16 20 33 37
17429,2026-05-17,3 7 9 28 33 44
17430,2026-05-17,10 14 17 31 34 36
17431,2026-05-17,10 13 15 20 23 44
17432,2026-05-17,2 8 12 14 18 43
17433,2026-05-17,7 19 21 32 34 36
17434,2026-05-17,3 9 23 30 31 35
17435,2026-05-18,6 11 21 27 28 43
17436,2026-05-18,1 2 31 34 36 39
17437,2026-05-18,9 15 26 34 40 42
17438,2026-05-18,2 5 9 12 22 28
17439,2026-05-18,9 10 26 30 34 42
17440,2026-05-18,19 20 27 29 37 45
17441,2026-05-18,3 4 15 17 22 36
17442,2026-05-18,11 21 27 29 40 45
17443,2026-05-18,5 14 21 29 41 42
17444,2026-05-18,8 15 31 34 38 44
17445,2026-05-18,9 14 21 26 31 40
17446,2026-05-19,19 27 30 37 44 45
17447,2026-05-19,6 7 12 19 23 32
17448,2026-05-19,2 14 18 27 42 44
17449,2026-05-19,2 14 21 22 24 34
17450,2026-05-19,5 15 17 26 30 34
17451,2026-05-19,2 15 19 23 31 35
17452,2026-05-19,5 9 36 41 43 45
17453,2026-05-19,7 8 20 25 29 37
17454,2026-05-19,7 9 11 27 29 36
17455,2026-05-19,12 26 28 39 42 43
17456,2026-05-19,9 12 14 30 31 40
17457,2026-05-20,8 23 34 41 43 45
17458,2026-05-20,4 8 19 20 22 42
17459,2026-05-20,1 6 7 24 25 28
17460,2026-05-20,2 6 19 22 23 30
17461,2026-05-20,9 28 32 35 40 41
17462,2026-05-20,11 12 15 20 27 42
17463,2026-05-20,8 25 26 27 42 43
17464,2026-05-20,8 18 36 41 44 45
17465,2026-05-20,12 15 17 22 27 36
17466,2026-05-20,13 16 35 37 44 45
17467,2026-05-20,5 19 29 30 44 45
17468,2026-05-21,7 16 35 37 39 41
17469,2026-05-21,6 9 20 28 37 45
17470,2026-05-21,7 14 16 38 39 43
17471,2026-05-21,3 29 30 32 37 45
17472,2026-05-21,2 5 6 13 26 33
17473,2026-05-21,9 10 18 23 24 34
17474,2026-05-21,7 8 11 13 34 42
17475,2026-05-21,2 13 17 21 29 31
17476,2026-05-21,7 10 11 30 41 44
17477,2026-05-21,7 13 19 24 27 36
17478,2026-05-21,4 11 28 30 33 43
17479,2026-05-22,2 13 26 29 35 39
17480,2026-05-22,4 5 9 17 21 45
17481,2026-05-22,1 13 16 22 27 34
17482,2026-05-22,1 6 13 33 35 36
17483,2026-05-22,15 17 18 22 33 42
17484,2026-05-22,1 13 30 36 39 45
17485,2026-05-22,1 12 18 26 39 42
17486,2026-05-22,3 16 19 36 41 44
17487,2026-05-22,2 8 17 28 40 43
17488,2026-05-22,11 14 16 30 38 45
17489,2026-05-22,1 3 5 11 15 31
17490,2026-05-23,1 7 9 18 22 27
17491,2026-05-23,3 15 19 30 34 40
17492,2026-05-23,11 15 20 26 37 42
17493,2026-05-23,2 10 19 22 26 29
17494,2026-05-23,9 20 23 25 36 41
17495,2026-05-23,6 9 14 16 26 44
17496,2026-05-23,5 18 23 31 33 37
17497,2026-05-23,6 10 11 22 27 44
17498,2026-05-23,11 14 19 28 34 40
17499,2026-05-23,4 16 23 24 27 39
17500,2026-05-23,6 7 11 16 17 18
17501,2026-05-24,3 8 17 20 29 35
17502,2026-05-24,4 6 7 12 27 45
17503,2026-05-24,6 8 10 35 38 40
17504,2026-05-24,10 13 22 28 35 40
17505,2026-05-24,4 8 10 15 16 41
17506,2026-05-24,1 6 15 37 38 44
17507,2026-05-24,9 14 15 29 41 44
17508,2026-05-24,10 31 33 40 41 42
17509,2026-05-24,5 7 9 28 38 39
17510,2026-05-24,13 15 28 36 37 44
17511,2026-05-24,1 15 21 25 38 44
17512,2026-05-25,1 8 15 29 35 37
17513,2026-05-25,5 27 28 31 39 45
17514,2026-05-25,2 4 22 26 29 41
17515,2026-05-25,5 15 25 26 28 29
17516,2026-05-25,11 35 37 42 43 44
17517,2026-05-25,16 17 22 26 28 36
17518,2026-05-25,6 8 38 39 43 44
17519,2026-05-25,1 7 26 37 43 44
17520,2026-05-25,15 16 29 31 34 36
17521,2026-05-25,2 3 18 40 42 43
17522,2026-05-25,6 22 26 27 37 38
17523,2026-05-26,7 10 23 25 29 38
17524,2026-05-26,10 11 18 29 31 35
17525,2026-05-26,1 4 5 9 18 34
17526,2026-05-26,27 28 29 31 40 43
17527,2026-05-26,4 5 13 16 18 34
17528,2026-05-26,1 9 15 22 23 28
17529,2026-05-26,11 23 26 30 37 39
17530,2026-05-26,1 2 4 5 29 40
17531,2026-05-26,9 10 12 14 19 45
17532,2026-05-26,1 3 16 17 28 30
17533,2026-05-26,2 14 26 31 33 45
17534,2026-05-27,10 17 20 27 31 36
17535,2026-05-27,1 2 7 10 17 20
17536,2026-05-27,8 16 19 23 37 43
17537,2026-05-27,2 4 13 20 22 31
17538,2026-05-27,2 5 14 31 33 35
17539,2026-05-27,2 7 18 20 26 45
17540,2026-05-27,1 5 15 27 32 43
17541,2026-05-27,2 4 10 13 34 39
17542,2026-05-27,7 13 17 20 29 36
17543,2026-05-27,3 11 28 36 37 38
17544,2026-05-27,12 24 26 31 32 36
17545,2026-05-28,3 4 8 38 44 45
17546,2026-05-28,1 4 14 22 31 34
17547,2026-05-28,13 18 23 25 35 39
17548,2026-05-28,1 6 18 20 22 31
17549,2026-05-28,9 16 22 27 38 44
17550,2026-05-28,4 8 14 29 30 33
17551,2026-05-28,12 19 21 26 28 39
17552,2026-05-28,10 15 16 30 35 42
17553,2026-05-28,13 15 19 20 37 42
17554,2026-05-28,9 20 28 37 39 44
17555,2026-05-28,17 21 26 28 35 44
17556,2026-05-29,6 12 15 22 31 42
17557,2026-05-29,5 13 15 26 33 34
17558,2026-05-29,17 24 33 36 37 41
17559,2026-05-29,6 14 21 25 31 33
17560,2026-05-29,21 24 26 33 43 44
17561,2026-05-29,9 14 16 27 34 44
17562,2026-05-29,10 13 18 25 28 30
17563,2026-05-29,22 25 26 34 35 44
17564,2026-05-29,4 7 8 14 40 43
17565,2026-05-29,5 8 12 41 43 44
17566,2026-05-29,15 26 33 36 37 39
17567,2026-05-30,4 29 30 33 38 39
17568,2026-05-30,10 17 29 34 40 45
17569,2026-05-30,5 16 21 36 37 45
17570,2026-05-30,2 4 10 24 33 34
17571,2026-05-30,5 18 19 21 37 43
17572,2026-05-30,2 3 17 34 40 41
17573,2026-05-30,11 13 16 22 27 31
17574,2026-05-30,5 10 14 29 34 43
17575,2026-05-30,7 8 21 26 29 31
17576,2026-05-30,6 11 17 23 24 32
17577,2026-05-30,1 3 6 16 41 45
17578,2026-05-31,8 11 14 25 33 34
17579,2026-05-31,2 12 19 24 30 43
17580,2026-05-31,2 13 15 22 24 28
17581,2026-05-31,5 8 18 25 37 41
17582,2026-05-31,3 9 11 13 20 40
17583,2026-05-31,1 5 14 31 34 38
17584,2026-05-31,1 6 16 25 27 36
17585,2026-05-31,4 6 7 8 23 30
17586,2026-05-31,9 14 18 34 44 45
17587,2026-05-31,5 9 10 26 34 36
17588,2026-05-31,17 21 36 39 41 44
17589,2026-06-01,10 11 16 19 21 27
17590,2026-06-01,5 6 18 20 25 32
17591,2026-06-01,2 12 15 21 33 34
17592,2026-06-01,8 18 24 27 33 39
17593,2026-06-01,8 23 26 27 38 45
17594,2026-06-01,2 4 19 24 34 36
17595,2026-06-01,17 24 27 29 30 35
17596,2026-06-01,2 3 25 30 34 39
17597,2026-06-01,19 20 29 30 31 39
17598,2026-06-01,1 2 8 14 29 39
17599,2026-06-01,22 23 28 31 40 45
17600,2026-06-02,6 14 24 33 36 37
17601,2026-06-02,6 8 11 18 21 31
17602,2026-06-02,1 2 10 18 29 39
17603,2026-06-02,3 5 6 18 28 35
17604,2026-06-02,8 11 22 31 35 44
17605,2026-06-02,6 19 21 35 43 44
17606,2026-06-02,12 14 19 26 35 40
17607,2026-06-02,16 24 25 34 38 45
17608,2026-06-02,3 15 18 21 23 39
17609,2026-06-02,1 7 11 25 26 42
17610,2026-06-02,16 22 30 33 37 41
17611,2026-06-03,3 8 10 15 20 37
17612,2026-06-03,17 27 32 39 42 44
17613,2026-06-03,5 9 22 25 38 40
17614,2026-06-03,2 5 10 17 34 38
17615,2026-06-03,10 12 26 30 33 43
17616,2026-06-03,4 10 11 20 31 35
17617,2026-06-03,9 20 21 41 42 45
17618,2026-06-03,2 6 14 20 32 36
17619,2026-06-03,1 29 31 33 35 36
17620,2026-06-03,2 5 13 39 41 44
17621,2026-06-03,2 9 13 14 29 35
17622,2026-06-04,14 19 24 27 33 40
17623,2026-06-04,12 23 28 29 36 41
17624,2026-06-04,3 9 10 18 26 35
17625,2026-06-04,13 14 18 23 34 41
17626,2026-06-04,10 14 24 36 39 42
17627,2026-06-04,27 32 35 37 39 40
17628,2026-06-04,10 18 29 34 36 43
17629,2026-06-04,5 10 21 30 39 43
17630,2026-06-04,17 18 20 25 37 39
17631,2026-06-04,12 18 21 38 42 45
17632,2026-06-04,10 14 19 23 30 38
17633,2026-06-05,2 4 10 19 25 30
17634,2026-06-05,10 13 22 28 41 44
17635,2026-06-05,6 20 29 33 37 38
17636,2026-06-05,19 28 29 30 33 41
17637,2026-06-05,7 18 22 33 40 44
17638,2026-06-05,4 7 21 34 42 43
17639,2026-06-05,1 2 15 32 34 36
17640,2026-06-05,10 11 21 23 29 33
17641,2026-06-05,6 11 18 21 40 44
17642,2026-06-05,2 6 8 20 37 41
17643,2026-06-05,22 35 36 38 41 44
17644,2026-06-06,12 21 27 35 39 45
17645,2026-06-06,5 8 20 28 32 41
17646,2026-06-06,1 4 21 26 41 42
17647,2026-06-06,11 22 24 25 26 38
17648,2026-06-06,3 5 14 21 22 33
17649,2026-06-06,13 14 15 32 43 44
17650,2026-06-06,14 15 18 30 38 41
17651,2026-06-06,6 14 22 23 26 37
17652,2026-06-06,15 20 26 27 29 35
17653,2026-06-06,9 10 30 37 43 44
17654,2026-06-06,3 19 22 26 30 42
17655,2026-06-07,2 7 36 37 38 45
17656,2026-06-07,4 14 20 22 32 40
17657,2026-06-07,8 10 11 30 43 44
17658,2026-06-07,3 6 13 15 27 43
17659,2026-06-07,4 13 27 29 37 42
17660,2026-06-07,17 25 28 29 40 43
17661,2026-06-07,6 17 20 21 24 36
17662,2026-06-07,20 27 29 35 42 43
17663,2026-06-07,21 26 28 32 39 44
17664,2026-06-07,4 6 8 11 16 17
17665,2026-06-07,13 16 26 27 36 39
17666,2026-06-08,4 22 26 29 40 43
17667,2026-06-08,17 21 24 26 31 32
17668,2026-06-08,14 16 20 25 29 35
17669,2026-06-08,2 24 26 35 36 43
17670,2026-06-08,3 8 10 15 27 37
17671,2026-06-08,4 5 8 22 38 40
17672,2026-06-08,13 14 20 22 23 24
17673,2026-06-08,8 11 23 27 34 38
17674,2026-06-08,8 21 22 26 29 35
17675,2026-06-08,4 5 10 23 36 43
17676,2026-06-08,5 12 15 21 33 43
17677,2026-06-09,9 11 12 21 22 24
17678,2026-06-09,2 15 28 39 42 45
17679,2026-06-09,14 25 29 31 34 39
17680,2026-06-09,5 7 9 27 32 38
17681,2026-06-09,6 11 18 21 42 43
17682,2026-06-09,1 3 5 16 23 32
17683,2026-06-09,2 9 12 27 29 39
17684,2026-06-09,6 10 13 23 33 41
17685,2026-06-09,2 5 8 14 27 45
17686,2026-06-09,2 4 7 19 33 40
17687,2026-06-09,5 8 15 19 22 42
17688,2026-06-10,2 17 24 25 43 45
17689,2026-06-10,15 27 28 32 35 41
17690,2026-06-10,15 18 28 33 39 45
17691,2026-06-10,17 24 26 31 39 41
17692,2026-06-10,1 8 31 32 39 41
17693,2026-06-10,21 26 30 33 36 37
17694,2026-06-10,6 8 23 24 39 41
17695,2026-06-10,3 5 22 24 30 34
17696,2026-06-10,11 12 34 36 41 43
17697,2026-06-10,4 5 10 12 13 30
17698,2026-06-10,2 19 22 30 36 43
17699,2026-06-11,2 4 19 21 22 24
17700,2026-06-11,11 13 16 33 35 41
17701,2026-06-11,1 9 18 25 30 31
17702,2026-06-11,3 13 14 15 33 45
17703,2026-06-11,11 19 22 29 34 45
17704,2026-06-11,7 9 22 31 37 38
17705,2026-06-11,11 16 26 30 37 45
17706,2026-06-11,2 16 17 25 40 41
17707,2026-06-11,4 10 16 17 28 42
17708,2026-06-11,1 6 9 15 23 43
17709,2026-06-11,13 18 21 24 34 37
17710,2026-06-12,10 15 16 30 38 40
17711,2026-06-12,4 9 28 40 41 43
17712,2026-06-12,2 6 18 23 37 38
17713,2026-06-12,1 7 12 23 38 40
17714,2026-06-12,3 16 18 22 23 41
17715,2026-06-12,2 13 32 36 38 40
17716,2026-06-12,3 7 18 25 33 34
17717,2026-06-12,1 12 17 31 34 42
17718,2026-06-12,5 6 13 18 37 43
17719,2026-06-12,1 6 8 15 27 32
17720,2026-06-12,14 15 18 25 36 40
17721,2026-06-13,8 12 18 19 25 45
17722,2026-06-13,1 4 7 25 29 38
17723,2026-06-13,11 15 16 29 30 41
17724,2026-06-13,3 13 15 19 36 39
17725,2026-06-13,7 11 16 22 37 40
17726,2026-06-13,4 14 16 32 33 40
17727,2026-06-13,7 11 17 24 36 44
17728,2026-06-13,10 18 23 27 28 39
17729,2026-06-13,4 5 8 12 38 43
17730,2026-06-13,21 26 28 32 41 43
17731,2026-06-13,7 10 21 32 34 37
17732,2026-06-14,2 16 27 32 37 41
17733,2026-06-14,13 14 15 18 21 26
17734,2026-06-14,20 23 25 29 39 40
17735,2026-06-14,14 17 26 29 37 39
17736,2026-06-14,6 11 14 16 30 42
17737,2026-06-14,8 11 18 33 40 43
17738,2026-06-14,1 2 8 22 35 45
17739,2026-06-14,2 14 17 19 25 42
17740,2026-06-14,2 11 17 25 28 40
17741,2026-06-14,8 9 12 19 24 27
17742,2026-06-14,5 16 18 27 31 32
17743,2026-06-15,19 24 30 32 39 43
17744,2026-06-15,8 17 20 30 34 37
17745,2026-06-15,1 23 30 38 42 44
17746,2026-06-15,4 9 12 19 25 35
17747,2026-06-15,5 18 31 33 35 44
17748,2026-06-15,9 16 22 23 24 29
17749,2026-06-15,6 21 23 26 28 40
17750,2026-06-15,9 10 16 24 28 42
17751,2026-06-15,11 12 14 22 26 32
17752,2026-06-15,1 3 7 11 25 26
17753,2026-06-15,10 15 25 28 29 41
17754,2026-06-16,5 7 9 23 24 39
17755,2026-06-16,7 14 15 18 32 38
17756,2026-06-16,7 9 27 31 39 42
17757,2026-06-16,10 12 13 21 24 45
17758,2026-06-16,3 4 16 18 30 40
17759,2026-06-16,6 13 18 20 21 30
17760,2026-06-16,14 15 18 24 30 41
17761,2026-06-16,4 8 12 21 25 40
17762,2026-06-16,3 5 6 33 36 39
17763,2026-06-16,7 9 11 13 26 33
17764,2026-06-16,1 3 20 31 33 44
17765,2026-06-17,7 12 13 15 42 44
17766,2026-06-17,1 9 14 18 28 38
17767,2026-06-17,5 13 16 25 36 38
17768,2026-06-17,9 15 21 27 38 41
17769,2026-06-17,1 4 13 29 30 36
17770,2026-06-17,11 17 21 31 41 42
17771,2026-06-17,5 33 35 41 42 43
17772,2026-06-17,12 24 25 26 37 45
17773,2026-06-17,4 13 30 36 42 43
17774,2026-06-17,7 25 30 36 39 44
17775,2026-06-17,4 19 20 30 32 37
17776,2026-06-18,1 17 19 21 35 39
17777,2026-06-18,6 8 29 30 37 45
17778,2026-06-18,6 14 28 32 36 40
17779,2026-06-18,5 11 15 26 34 37
17780,2026-06-18,2 19 28 30 31 42
17781,2026-06-18,2 4 22 39 43 44
17782,2026-06-18,11 26 31 37 39 43
17783,2026-06-18,16 20 23 26 35 37
17784,2026-06-18,9 20 25 36 38 43
17785,2026-06-18,22 25 27 31 35 37
17786,2026-06-18,16 17 26 29 37 44
17787,2026-06-19,2 17 19 21 28 42
17788,2026-06-19,9 11 14 20 21 37
17789,2026-06-19,6 9 10 14 20 41
17790,2026-06-19,3 4 6 14 18 23
17791,2026-06-19,2 13 15 22 24 28
17792,2026-06-19,8 9 17 35 36 38
17793,2026-06-19,3 6 8 11 23 30
17794,2026-06-19,10 21 22 23 25 27
17795,2026-06-19,5 6 15 18 33 41
17796,2026-06-19,15 18 22 34 39 45
17797,2026-06-19,10 17 20 21 24 45
17798,2026-06-20,15 21 25 32 37 44
17799,2026-06-20,5 8 11 26 30 39
17800,2026-06-20,9 21 23 26 39 42
17801,2026-06-20,10 11 13 17 22 34
17802,2026-06-20,3 4 8 26 44 45
17803,2026-06-20,4 9 10 22 33 42
17804,2026-06-20,2 5 22 30 40 43
17805,2026-06-20,12 13 18 29 34 45
17806,2026-06-20,14 15 18 28 38 44
17807,2026-06-20,15 16 29 41 42 45
17808,2026-06-20,3 4 28 30 32 42
17809,2026-06-21,2 9 27 29 39 43
17810,2026-06-21,14 17 18 22 23 40
17811,2026-06-21,9 21 27 36 39 45
17812,2026-06-21,7 14 27 31 35 37
17813,2026-06-21,4 16 24 32 35 38
17814,2026-06-21,15 23 25 39 40 41
17815,2026-06-21,2 24 25 29 34 43
17816,2026-06-21,13 15 31 41 43 44
17817,2026-06-21,7 18 23 38 43 45
17818,2026-06-21,12 18 21 24 28 34
17819,2026-06-21,2 9 12 15 16 19
17820,2026-06-22,5 10 15 30 34 35
17821,2026-06-22,3 12 13 22 36 42
17822,2026-06-22,4 17 18 23 26 41
17823,2026-06-22,12 15 17 25 37 45
17824,2026-06-22,3 14 18 36 42 43
17825,2026-06-22,9 13 14 17 29 38
17826,2026-06-22,4 8 9 12 16 31
17827,2026-06-22,3 8 25 30 34 40
17828,2026-06-22,18 25 26 37 38 45
17829,2026-06-22,8 12 13 15 29 35
17830,2026-06-22,8 9 12 21 24 31
17831,2026-06-23,3 7 9 15 17 41
17832,2026-06-23,3 18 19 23 33 37
17833,2026-06-23,4 28 38 40 41 42
17834,2026-06-23,9 22 34 36 44 45
17835,2026-06-23,12 14 18 24 40 41
17836,2026-06-23,1 3 4 19 37 43
17837,2026-06-23,5 15 26 27 28 30
17838,2026-06-23,5 19 27 34 35 42
17839,2026-06-23,2 4 22 28 38 41
17840,2026-06-23,1 3 7 30 32 39
17841,2026-06-23,1 2 5 8 20 33
17842,2026-06-24,8 19 25 29 32 39
17843,2026-06-24,3 11 25 26 39 43
17844,2026-06-24,7 15 23 26 34 42
17845,2026-06-24,3 8 14 20 34 39
17846,2026-06-24,10 17 22 28 39 45
17847,2026-06-24,11 14 17 19 33 39
17848,2026-06-24,1 5 18 22 31 42
17849,2026-06-24,18 25 31 33 37 40
17850,2026-06-24,6 7 10 17 22 35
17851,2026-06-24,1 7 11 29 30 35
17852,2026-06-24,5 17 36 40 41 44
17853,2026-06-25,20 26 27 29 32 40
17854,2026-06-25,7 12 17 18 23 29
17855,2026-06-25,8 13 21 28 36 39
17856,2026-06-25,2 21 27 29 42 44
17857,2026-06-25,4 10 11 23 27 43
17858,2026-06-25,7 10 11 27 43 45
17859,2026-06-25,21 24 28 35 38 41
17860,2026-06-25,13 16 17 23 24 31
17861,2026-06-25,5 15 29 31 34 38
17862,2026-06-25,15 31 32 35 37 38
17863,2026-06-25,7 10 12 24 29 31
17864,2026-06-26,2 5 9 34 39 40
17865,2026-06-26,2 6 7 35 39 45
17866,2026-06-26,4 12 17 19 23 40
17867,2026-06-26,10 12 15 19 26 44
17868,2026-06-26,2 5 7 13 24 38
17869,2026-06-26,15 18 23 27 28 40
17870,2026-06-26,2 16 17 27 31 38
17871,2026-06-26,2 4 12 19 23 36
17872,2026-06-26,6 9 14 22 27 42
17873,2026-06-26,10 11 15 22 23 44
17874,2026-06-26,12 18 23 26 39 43
17875,2026-06-27,9 12 19 21 29 42
17876,2026-06-27,3 15 17 25 31 40
17877,2026-06-27,5 8 18 24 25 40
17878,2026-06-27,1 3 21 29 33 35
17879,2026-06-27,4 8 9 12 20 39
17880,2026-06-27,19 30 33 38 39 45
17881,2026-06-27,12 13 23 24 32 45
17882,2026-06-27,16 33 34 37 39 43
17883,2026-06-27,3 19 36 41 43 44
17884,2026-06-27,2 6 13 23 31 44
17885,2026-06-27,1 21 26 33 37 40
17886,2026-06-28,8 23 28 36 38 42
17887,2026-06-28,5 7 15 16 22 43
17888,2026-06-28,1 26 29 36 38 42
17889,2026-06-28,4 10 19 27 31 44
17890,2026-06-28,5 23 28 34 36 43
17891,2026-06-28,9 12 19 22 23 26
17892,2026-06-28,13 14 17 21 25 35
17893,2026-06-28,10 17 25 28 33 37
17894,2026-06-28,6 12 23 32 33 34
17895,2026-06-28,8 21 32 40 41 44
17896,2026-06-28,3 17 21 24 38 42
17897,2026-06-29,4 10 16 18 24 28
17898,2026-06-29,12 16 28 33 37 41
17899,2026-06-29,9 13 18 26 29 39
17900,2026-06-29,1 10 19 39 40 41
17901,2026-06-29,7 13 26 33 38 39
17902,2026-06-29,8 18 19 35 37 42
17903,2026-06-29,9 25 29 33 34 44
17904,2026-06-29,2 21 28 31 37 39
17905,2026-06-29,3 5 9 24 42 45
17906,2026-06-29,3 7 11 17 37 45
17907,2026-06-29,2 7 14 20 37 38
17908,2026-06-30,2 7 9 14 35 36
17909,2026-06-30,9 18 22 25 32 36
17910,2026-06-30,8 12 18 40 42 45
17911,2026-06-30,14 15 24 26 29 33
17912,2026-06-30,4 9 18 19 29 43
17913,2026-06-30,10 12 22 24 35 43
17914,2026-06-30,13 18 32 33 36 38
17915,2026-06-30,12 15 17 22 33 34
17916,2026-06-30,3 5 17 19 38 45
17917,2026-06-30,23 25 30 32 39 40
17918,2026-06-30,10 11 18 19 23 24
17919,2026-07-01,2 7 11 13 16 31
17920,2026-07-01,7 13 20 33 40 44
17921,2026-07-01,3 21 26 31 39 43
17922,2026-07-01,4 19 20 23 27 43
17923,2026-07-01,6 13 15 21 22 25
17924,2026-07-01,4 13 15 18 22 32
17925,2026-07-01,8 15 18 22 32 38
17926,2026-07-01,10 11 17 21 41 43
17927,2026-07-01,2 13 19 23 30 41
17928,2026-07-01,9 10 12 15 22 45
17929,2026-07-01,3 13 16 25 40 44
17930,2026-07-02,5 9 18 22 29 36
17931,2026-07-02,6 18 20 23 28 31
17932,2026-07-02,20 22 25 41 42 43
17933,2026-07-02,7 10 14 20 22 41
17934,2026-07-02,1 5 6 7 8 13
17935,2026-07-02,1 3 15 16 34 44
17936,2026-07-02,1 5 6 8 27 32
17937,2026-07-02,5 21 26 27 30 38
17938,2026-07-02,8 16 29 33 36 40
17939,2026-07-02,4 9 18 19 27 45
17940,2026-07-02,7 17 19 33 42 45
17941,2026-07-03,5 14 20 29 30 42
17942,2026-07-03,6 9 12 14 24 44
17943,2026-07-03,6 8 10 14 16 42
17944,2026-07-03,2 9 17 19 40 44
17945,2026-07-03,1 4 18 38 41 45
17946,2026-07-03,15 25 26 27 34 38
17947,2026-07-03,7 8 14 18 23 27
17948,2026-07-03,9 11 15 27 29 32
17949,2026-07-03,16 19 22 23 34 37
17950,2026-07-03,31 35 38 40 41 44
17951,2026-07-03,18 23 24 36 42 45
17952,2026-07-04,12 14 19 29 35 41
17953,2026-07-04,4 11 28 38 42 43
17954,2026-07-04,3 12 18 34 38 40
17955,2026-07-04,7 12 22 33 35 40
17956,2026-07-04,1 6 19 29 33 45
17957,2026-07-04,3 13 26 38 42 43
17958,2026-07-04,2 4 8 18 22 27
17959,2026-07-04,12 25 26 30 35 44
17960,2026-07-04,4 11 29 30 31 41
17961,2026-07-04,4 11 18 28 41 45
17962,2026-07-04,7 8 19 27 28 41
17963,2026-07-05,2 7 14 15 25 30
17964,2026-07-05,8 10 13 17 26 36
17965,2026-07-05,7 9 17 27 38 42
17966,2026-07-05,1 5 20 28 29 38
17967,2026-07-05,21 28 29 30 34 35
17968,2026-07-05,7 8 13 25 30 32
17969,2026-07-05,6 12 19 22 34 41
17970,2026-07-05,1 3 20 38 41 43
17971,2026-07-05,5 13 19 28 33 42
17972,2026-07-05,8 9 26 34 35 43
17973,2026-07-05,5 13 21 26 35 43
17974,2026-07-06,1 7 12 28 35 42
17975,2026-07-06,21 27 32 33 38 42
17976,2026-07-06,2 9 14 22 23 30
17977,2026-07-06,3 12 26 27 28 38
17978,2026-07-06,1 3 7 16 26 42
17979,2026-07-06,4 13 25 29 34 41
17980,2026-07-06,19 21 27 36 41 43
17981,2026-07-06,20 23 24 35 43 45
17982,2026-07-06,3 19 27 28 30 38
17983,2026-07-06,1 6 17 21 31 39
17984,2026-07-06,3 8 12 21 29 43
17985,2026-07-07,6 9 10 21 28 35
17986,2026-07-07,3 10 20 24 39 41
17987,2026-07-07,4 15 17 27 29 33
17988,2026-07-07,9 19 20 29 36 42
17989,2026-07-07,9 26 36 39 44 45
17990,2026-07-07,4 5 7 9 22 30
17991,2026-07-07,13 15 19 21 31 33
17992,2026-07-07,3 11 18 26 38 44
17993,2026-07-07,2 12 16 20 22 29
17994,2026-07-07,22 24 32 39 43 45
17995,2026-07-07,1 3 17 18 21 37
17996,2026-07-08,18 19 23 29 41 45
17997,2026-07-08,8 16 30 36 42 45
17998,2026-07-08,9 20 22 31 34 40
17999,2026-07-08,10 11 29 36 38 39
18000,2026-07-08,11 19 21 23 24 28
18001,2026-07-08,8 9 24 26 41 42
18002,2026-07-08,5 6 32 33 34 40
18003,2026-07-08,17 24 28 31 39 42
18004,2026-07-08,6 12 14 15 18 31
18005,2026-07-08,3 4 10 38 41 43
18006,2026-07-08,3 11 14 25 28 31
18007,2026-07-09,3 4 13 14 22 41
18008,2026-07-09,5 14 17 32 34 41
18009,2026-07-09,11 18 20 23 28 41
18010,2026-07-09,7 11 15 23 42 43
18011,2026-07-09,7 11 25 38 41 45
18012,2026-07-09,8 10 18 34 38 45
18013,2026-07-09,3 4 20 27 41 45
18014,2026-07-09,6 19 21 24 37 39
18015,2026-07-09,2 8 15 21 25 29
18016,2026-07-09,2 15 30 36 39 44
18017,2026-07-09,12 13 22 27 34 36
18018,2026-07-10,7 12 19 22 36 45
18019,2026-07-10,4 11 21 33 35 44
18020,2026-07-10,13 15 33 36 39 44
18021,2026-07-10,2 27 29 31 33 45
18022,2026-07-10,17 18 22 34 39 40
18023,2026-07-10,7 9 18 19 38 39
18024,2026-07-10,13 15 26 31 38 43
18025,2026-07-10,4 8 14 25 42 43
18026,2026-07-10,4 8 20 24 27 37
18027,2026-07-10,1 26 31 34 38 41
18028,2026-07-10,15 16 21 25 27 29
18029,2026-07-11,4 14 27 32 35 42
18030,2026-07-11,15 19 33 34 38 41
18031,2026-07-11,10 13 19 22 23 40
18032,2026-07-11,5 7 15 16 24 44
18033,2026-07-11,8 21 30 31 35 39
18034,2026-07-11,22 28 38 39 41 44
18035,2026-07-11,16 18 22 29 31 35
18036,2026-07-11,23 28 30 34 38 42
18037,2026-07-11,14 17 18 19 24 39
18038,2026-07-11,10 18 32 34 35 39
18039,2026-07-11,2 3 9 11 12 34
18040,2026-07-12,5 7 10 15 30 38
18041,2026-07-12,2 17 21 33 34 39
18042,2026-07-12,10 20 28 30 40 41
18043,2026-07-12,2 7 13 34 36 43
18044,2026-07-12,4 13 15 20 43 45
18045,2026-07-12,5 8 25 38 39 44
18046,2026-07-12,1 21 23 29 32 34
18047,2026-07-12,7 9 18 27 29 44
18048,2026-07-12,5 29 34 35 43 44
18049,2026-07-12,15 19 20 26 27 44
18050,2026-07-12,7 15 17 24 35 43
18051,2026-07-13,2 7 23 25 31 39
18052,2026-07-13,10 12 14 15 26 28
18053,2026-07-13,7 28 31 36 38 43
18054,2026-07-13,2 4 10 14 27 32
18055,2026-07-13,8 17 37 42 43 44
18056,2026-07-13,3 12 18 21 41 43
18057,2026-07-13,2 17 21 31 37 39
18058,2026-07-13,17 19 20 37 41 45
18059,2026-07-13,3 7 11 34 37 45
18060,2026-07-13,8 22 26 31 37 42
18061,2026-07-13,4 8 13 18 22 28
18062,2026-07-14,12 14 19 27 29 42
18063,2026-07-14,1 8 13 27 39 43
18064,2026-07-14,2 7 19 32 35 36
18065,2026-07-14,10 25 28 32 40 42
18066,2026-07-14,2 7 16 17 20 45
18067,2026-07-14,8 11 25 30 35 42
18068,2026-07-14,1 3 7 15 30 31
18069,2026-07-14,15 18 23 35 38 39
18070,2026-07-14,2 18 25 33 38 44
18071,2026-07-14,9 14 21 27 29 32
18072,2026-07-14,11 23 34 35 38 40
18073,2026-07-15,10 16 17 27 28 39
18074,2026-07-15,5 16 24 27 31 35
18075,2026-07-15,1 13 22 29 33 35
18076,2026-07-15,1 17 24 28 37 40
18077,2026-07-15,1 6 24 25 37 41
18078,2026-07-15,22 28 31 36 41 43
18079,2026-07-15,8 9 14 28 33 34
18080,2026-07-15,1 2 20 35 37 41
18081,2026-07-15,1 35 39 42 43 44
18082,2026-07-15,5 10 11 32 41 43
18083,2026-07-15,1 13 22 29 33 36
18084,2026-07-16,10 12 14 21 24 44
18085,2026-07-16,7 26 28 37 43 45
18086,2026-07-16,1 5 18 30 38 43
18087,2026-07-16,8 13 15 26 44 45
18088,2026-07-16,4 5 6 20 24 44
18089,2026-07-16,6 7 16 19 40 45
18090,2026-07-16,1 17 25 27 41 43
18091,2026-07-16,11 30 32 37 39 41
18092,2026-07-16,1 3 6 9 43 45
18093,2026-07-16,1 16 19 22 34 40
18094,2026-07-16,12 16 27 33 42 43
18095,2026-07-17,1 3 6 20 43 45
18096,2026-07-17,10 13 16 20 38 45
18097,2026-07-17,1 9 15 32 33 40
18098,2026-07-17,9 18 20 25 29 42
18099,2026-07-17,1 3 18 19 36 39
18100,2026-07-17,4 17 28 29 31 35
18101,2026-07-17,4 17 21 27 37 38
18102,2026-07-17,3 16 18 19 26 36
18103,2026-07-17,18 25 26 30 34 43
18104,2026-07-17,4 5 15 19 33 44
18105,2026-07-17,10 11 19 27 33 36
18106,2026-07-18,5 7 30 42 44 45
18107,2026-07-18,2 16 17 23 30 38
18108,2026-07-18,5 14 16 22 29 35
18109,2026-07-18,5 6 16 29 40 44
18110,2026-07-18,10 11 13 19 41 44
18111,2026-07-18,6 9 15 23 36 39
18112,2026-07-18,7 9 10 23 37 40
18113,2026-07-18,7 13 22 28 32 40
18114,2026-07-18,12 25 36 39 40 45
18115,2026-07-18,2 6 12 15 22 24
18116,2026-07-18,4 16 17 32 36 42
18117,2026-07-19,2 5 21 23 37 40
18118,2026-07-19,9 11 12 14 17 44
18119,2026-07-19,20 27 32 37 39 45
18120,2026-07-19,21 22 38 40 42 44
18121,2026-07-19,6 7 14 17 18 32
18122,2026-07-19,4 11 12 13 18 33
18123,2026-07-19,6 12 13 14 31 45
18124,2026-07-19,5 8 9 17 23 35
18125,2026-07-19,11 15 18 20 27 41
18126,2026-07-19,1 4 10 11 36 45
18127,2026-07-19,3 13 16 31 33 35
18128,2026-07-20,19 21 24 32 43 45
18129,2026-07-20,1 10 11 13 16 32
18130,2026-07-20,6 14 16 19 23 24
18131,2026-07-20,11 12 13 23 28 41
18132,2026-07-20,17 22 24 25 35 38
18133,2026-07-20,12 15 18 21 26 40
18134,2026-07-20,3 5 12 17 24 34
18135,2026-07-20,1 2 12 17 33 45
18136,2026-07-20,7 15 17 34 36 40
18137,2026-07-20,9 19 22 38 40 42
18138,2026-07-20,7 12 20 26 29 42
18139,2026-07-21,11 25 28 34 37 45
18140,2026-07-21,4 19 26 29 36 44
18141,2026-07-21,1 7 21 28 36 40
18142,2026-07-21,2 5 35 38 41 42
18143,2026-07-21,9 26 27 28 29 45
18144,2026-07-21,17 26 27 33 40 44
18145,2026-07-21,1 11 18 24 28 39
18146,2026-07-21,3 12 19 24 32 38
18147,2026-07-21,6 9 14 23 33 38
18148,2026-07-21,17 21 28 32 39 45
18149,2026-07-21,13 14 36 42 44 45
18150,2026-07-22,1 12 17 24 33 35
18151,2026-07-22,1 2 3 10 16 32
18152,2026-07-22,2 19 22 23 25 40
18153,2026-07-22,7 11 14 16 29 43
18154,2026-07-22,7 16 17 21 42 44
18155,2026-07-22,17 19 21 31 32 40
18156,2026-07-22,11 14 24 25 44 45
18157,2026-07-22,3 15 24 39 41 45
18158,2026-07-22,12 13 16 22 38 40
18159,2026-07-22,8 10 22 32 33 35
18160,2026-07-22,10 18 25 31 35 43
18161,2026-07-23,1 6 20 22 26 32
18162,2026-07-23,5 9 32 35 39 44
18163,2026-07-23,17 22 31 35 43 44
18164,2026-07-23,3 16 19 20 23 27
18165,2026-07-23,1 8 9 15 32 40
18166,2026-07-23,3 6 17 26 31 45
18167,2026-07-23,2 6 10 14 32 36
18168,2026-07-23,3 19 31 35 40 44
18169,2026-07-23,3 17 21 30 32 37
18170,2026-07-23,3 4 11 15 23 28
18171,2026-07-23,7 14 19 33 35 37
18172,2026-07-24,11 18 21 23 34 40
18173,2026-07-24,5 6 12 25 29 31
18174,2026-07-24,6 9 24 30 35 44
18175,2026-07-24,8 20 24 26 42 45
18176,2026-07-24,1 2 7 32 36 41
18177,2026-07-24,6 9 39 41 42 43
18178,2026-07-24,3 15 20 22 27 32
18179,2026-07-24,11 20 22 24 27 29
18180,2026-07-24,1 2 19 23 42 44
18181,2026-07-24,14 17 21 25 39 44
18182,2026-07-24,8 36 37 39 40 45
18183,2026-07-25,12 15 16 29 33 37
18184,2026-07-25,9 10 21 24 27 30
18185,2026-07-25,1 2 5 8 23 26
18186,2026-07-25,4 15 25 28 30 33
18187,2026-07-25,8 21 29 31 43 44
18188,2026-07-25,2 8 12 27 32 42
18189,2026-07-25,9 25 31 35 38 41
18190,2026-07-25,19 25 31 32 34 44
18191,2026-07-25,6 7 9 23 33 45
18192,2026-07-25,7 19 22 33 34 35
18193,2026-07-25,8 11 13 29 41 43
18194,2026-07-26,3 13 19 21 31 35
18195,2026-07-26,8 18 27 28 29 39
18196,2026-07-26,3 6 10 16 31 32
18197,2026-07-26,15 17 21 22 33 45
18198,2026-07-26,24 30 35 38 39 44
18199,2026-07-26,1 6 9 17 40 43
18200,2026-07-26,5 30 37 40 41 42
18201,2026-07-26,12 15 27 28 33 43
18202,2026-07-26,2 13 22 28 44 45
18203,2026-07-26,13 16 34 35 43 45
18204,2026-07-26,3 5 7 15 16 30
18205,2026-07-27,2 8 12 15 33 45
18206,2026-07-27,4 22 23 24 29 42
18207,2026-07-27,2 3 5 15 34 35
18208,2026-07-27,1 3 34 35 37 45
18209,2026-07-27,1 3 10 28 36 41
18210,2026-07-27,3 8 9 22 31 41
18211,2026-07-27,6 25 27 28 40 45
18212,2026-07-27,11 16 21 27 30 37
18213,2026-07-27,7 10 16 23 28 36
18214,2026-07-27,1 14 30 33 34 35
18215,2026-07-27,2 7 13 23 24 43
18216,2026-07-28,2 13 19 20 24 31
18217,2026-07-28,13 14 29 32 36 37
18218,2026-07-28,9 19 23 26 28 43
18219,2026-07-28,1 25 39 42 43 44
18220,2026-07-28,3 7 9 19 22 38
18221,2026-07-28,3 9 11 28 32 33
18222,2026-07-28,12 19 20 26 31 33
18223,2026-07-28,7 8 11 14 42 44
18224,2026-07-28,9 12 21 28 34 38
18225,2026-07-28,2 11 35 39 43 45
18226,2026-07-28,1 2 9 20 21 25
18227,2026-07-29,4 9 15 18 27 38
18228,2026-07-29,8 9 17 22 23 24
18229,2026-07-29,4 9 19 23 33 45
18230,2026-07-29,14 22 32 33 34 37
18231,2026-07-29,7 13 18 19 24 34
18232,2026-07-29,21 32 33 35 38 42
18233,2026-07-29,12 23 26 27 39 43
18234,2026-07-29,8 17 22 24 31 38
18235,2026-07-29,4 18 23 25 26 28
18236,2026-07-29,3 11 13 20 38 43
18237,2026-07-29,13 17 23 31 37 39
18238,2026-07-30,13 18 26 37 38 45
18239,2026-07-30,2 28 34 36 37 41
18240,2026-07-30,3 12 21 38 39 42
18241,2026-07-30,11 17 27 32 33 39
18242,2026-07-30,4 13 15 23 33 45
18243,2026-07-30,4 6 18 26 32 34
18244,2026-07-30,7 20 30 39 42 45
18245,2026-07-30,6 10 22 27 35 43
18246,2026-07-30,14 16 23 25 31 34
18247,2026-07-30,5 11 16 21 29 44
18248,2026-07-30,9 11 18 30 39 40
18249,2026-07-31,5 16 18 24 32 35
18250,2026-07-31,1 2 4 10 11 32
18251,2026-07-31,9 11 14 24 26 44
18252,2026-07-31,3 9 19 20 25 33
18253,2026-07-31,6 15 19 24 38 44
18254,2026-07-31,3 8 14 16 27 30
18255,2026-07-31,7 24 27 31 35 41
18256,2026-07-31,5 14 21 29 37 42
18257,2026-07-31,1 8 15 19 36 40
18258,2026-07-31,2 17 26 29 32 42
18259,2026-07-31,8 12 16 27 29 34
18260,2026-08-01,3 17 24 30 35 41
18261,2026-08-01,3 4 8 26 30 32
18262,2026-08-01,21 24 30 31 39 45
18263,2026-08-01,7 13 18 35 38 45
18264,2026-08-01,1 5 7 15 23 39
18265,2026-08-01,6 9 12 17 41 42
18266,2026-08-01,10 24 25 35 37 44
18267,2026-08-01,4 12 15 20 22 43
18268,2026-08-01,7 14 17 19 27 31
18269,2026-08-01,6 11 21 25 42 45
18270,2026-08-01,2 3 12 33 39 42
18271,2026-08-02,7 11 30 40 43 44
18272,2026-08-02,14 19 20 25 39 40
18273,2026-08-02,1 2 8 25 28 37
18274,2026-08-02,5 20 27 31 35 43
18275,2026-08-02,10 22 29 36 38 42
18276,2026-08-02,12 19 21 22 23 32
18277,2026-08-02,18 22 24 26 27 30
18278,2026-08-02,5 9 16 17 19 27
18279,2026-08-02,1 5 9 11 29 39
18280,2026-08-02,2 6 11 13 17 45
18281,2026-08-02,2 12 26 28 37 42
18282,2026-08-03,19 24 35 38 39 42
18283,2026-08-03,2 14 32 33 39 41
18284,2026-08-03,4 7 19 37 40 41
18285,2026-08-03,5 11 19 27 37 45
18286,2026-08-03,14 20 34 37 44 45
18287,2026-08-03,17 25 30 36 42 44
18288,2026-08-03,17 26 28 31 39 45
18289,2026-08-03,7 15 22 29 33 38
18290,2026-08-03,10 17 29 33 39 42
18291,2026-08-03,3 8 12 13 19 39
18292,2026-08-03,6 9 18 36 43 44
18293,2026-08-04,5 6 21 22 43 45
18294,2026-08-04,1 9 10 16 40 43
18295,2026-08-04,6 15 30 38 43 44
18296,2026-08-04,4 12 29 37 40 41
18297,2026-08-04,1 7 15 33 37 40
18298,2026-08-04,3 21 27 40 41 43
18299,2026-08-04,12 20 21 22 24 37
18300,2026-08-04,10 20 27 30 31 41
18301,2026-08-04,1 3 7 11 18 30
18302,2026-08-04,10 12 29 31 33 39
18303,2026-08-04,16 17 24 37 41 43
18304,2026-08-05,1 10 24 28 38 44
18305,2026-08-05,8 13 20 25 39 42
18306,2026-08-05,14 15 22 31 33 34
18307,2026-08-05,9 19 21 29 36 43
18308,2026-08-05,2 13 29 32 36 43
18309,2026-08-05,7 18 24 30 34 44
18310,2026-08-05,4 9 12 14 43 44
18311,2026-08-05,5 8 9 10 34 40
18312,2026-08-05,13 15 18 26 41 44
18313,2026-08-05,10 13 18 35 39 43
18314,2026-08-05,1 7 17 25 32 41
18315,2026-08-06,4 12 21 31 34 36
18316,2026-08-06,2 5 13 29 31 40
18317,2026-08-06,9 16 26 27 37 42
18318,2026-08-06,5 23 26 27 31 36
18319,2026-08-06,3 16 38 40 41 44
18320,2026-08-06,1 11 13 16 19 33
18321,2026-08-06,7 8 18 22 29 31
18322,2026-08-06,6 7 10 28 31 32
18323,2026-08-06,9 17 25 28 37 43
18324,2026-08-06,2 3 19 22 25 37
18325,2026-08-06,1 19 23 37 42 43
18326,2026-08-07,18 19 22 29 36 38
18327,2026-08-07,8 9 14 16 21 27
18328,2026-08-07,4 14 25 29 32 45
18329,2026-08-07,10 18 20 23 25 30
18330,2026-08-07,4 7 8 21 28 44
18331,2026-08-07,4 32 34 35 36 43
18332,2026-08-07,1 8 23 30 35 42
18333,2026-08-07,9 14 20 22 41 43
18334,2026-08-07,2 7 29 30 34 45
18335,2026-08-07,4 15 20 36 42 43
18336,2026-08-07,4 13 19 36 38 41
18337,2026-08-08,7 16 22 24 27 45
18338,2026-08-08,4 7 10 20 24 41
18339,2026-08-08,17 18 31 37 44 45
18340,2026-08-08,5 13 16 18 30 31
18341,2026-08-08,1 26 28 31 38 41
18342,2026-08-08,5 9 20 23 25 43
18343,2026-08-08,17 20 21 30 32 41
18344,2026-08-08,3 8 14 16 36 42
18345,2026-08-08,1 9 11 12 22 33
18346,2026-08-08,5 20 24 25 29 41
18347,2026-08-08,10 14 18 33 35 36
18348,2026-08-09,1 17 20 26 33 36
18349,2026-08-09,4 5 22 25 34 35
18350,2026-08-09,1 2 6 33 40 42
18351,2026-08-09,7 13 16 19 38 42
18352,2026-08-09,7 14 18 25 32 35
18353,2026-08-09,5 7 11 19 37 38
18354,2026-08-09,2 7 14 28 35 38
18355,2026-08-09,5 6 9 13 22 36
18356,2026-08-09,4 27 31 35 41 44
18357,2026-08-09,5 13 16 22 27 35
18358,2026-08-09,2 3 4 11 28 42
18359,2026-08-10,1 4 12 34 35 40
18360,2026-08-10,4 11 16 22 32 38
18361,2026-08-10,10 13 15 28 29 32
18362,2026-08-10,15 22 26 36 38 42
18363,2026-08-10,6 26 28 31 40 42
18364,2026-08-10,7 23 28 35 36 43
18365,2026-08-10,8 20 26 27 33 42
18366,2026-08-10,1 2 4 20 33 39
18367,2026-08-10,1 20 26 29 30 36
18368,2026-08-10,10 21 25 32 39 45
18369,2026-08-10,7 13 20 30 43 44
18370,2026-08-11,8 14 20 32 41 43
18371,2026-08-11,11 17 19 30 34 40
18372,2026-08-11,2 8 10 21 22 24
18373,2026-08-11,1 7 11 14 23 27
18374,2026-08-11,6 17 25 27 39 42
18375,2026-08-11,1 2 4 18 33 36
18376,2026-08-11,2 22 25 31 42 43
18377,2026-08-11,1 16 18 21 35 36
18378,2026-08-11,1 4 8 34 43 44
18379,2026-08-11,7 8 20 33 39 42
18380,2026-08-11,3 13 17 28 32 37
18381,2026-08-12,13 17 19 27 31 34
18382,2026-08-12,1 12 26 31 32 42
18383,2026-08-12,2 10 23 24 27 41
18384,2026-08-12,3 6 12 24 29 40
18385,2026-08-12,2 18 20 24 26 39
18386,2026-08-12,6 13 19 25 42 44
18387,2026-08-12,11 25 26 29 43 44
18388,2026-08-12,9 14 18 20 23 36
18389,2026-08-12,5 10 14 20 38 39
18390,2026-08-12,1 3 8 18 19 30
18391,2026-08-12,10 12 23 31 32 43
18392,2026-08-13,2 5 18 21 26 30
18393,2026-08-13,7 9 15 18 24 35
18394,2026-08-13,11 17 21 24 41 44
18395,2026-08-13,8 25 28 30 41 43
18396,2026-08-13,3 6 7 26 44 45
18397,2026-08-13,5 35 38 40 41 44
18398,2026-08-13,1 3 16 17 25 41
18399,2026-08-13,6 13 14 27 39 42
18400,2026-08-13,5 9 18 21 24 38
18401,2026-08-13,4 12 21 24 31 44
18402,2026-08-13,8 30 33 39 41 42
18403,2026-08-14,3 11 21 25 27 42
18404,2026-08-14,1 3 19 36 38 45
18405,2026-08-14,3 18 22 25 30 35
18406,2026-08-14,2 5 22 23 24 45
18407,2026-08-14,2 20 29 31 34 43
18408,2026-08-14,5 6 31 32 41 44
18409,2026-08-14,20 21 30 42 43 45
18410,2026-08-14,1 10 14 16 38 43
18411,2026-08-14,8 9 12 17 20 35
18412,2026-08-14,5 8 10 18 22 35
18413,2026-08-14,17 22 32 35 37 44
18414,2026-08-15,6 9 10 28 36 40
18415,2026-08-15,1 18 21 25 38 41
18416,2026-08-15,17 20 22 27 44 45
18417,2026-08-15,3 5 22 36 40 44
18418,2026-08-15,2 10 12 15 16 21
18419,2026-08-15,10 18 29 34 37 43
18420,2026-08-15,14 15 17 29 32 41
18421,2026-08-15,9 10 19 24 38 39
18422,2026-08-15,2 4 13 16 21 33
18423,2026-08-15,9 15 16 22 41 43
18424,2026-08-15,1 7 13 14 18 43
18425,2026-08-16,6 12 24 30 32 34
18426,2026-08-16,9 12 16 32 36 43
18427,2026-08-16,9 16 23 35 37 40
18428,2026-08-16,1 19 28 30 39 44
18429,2026-08-16,2 11 12 15 29 39
18430,2026-08-16,8 10 15 19 28 43
18431,2026-08-16,4 5 15 23 38 39
18432,2026-08-16,4 14 26 33 37 45
18433,2026-08-16,4 22 30 36 43 45
18434,2026-08-16,5 10 24 32 40 42
18435,2026-08-16,7 8 11 13 34 43
18436,2026-08-17,1 2 5 18 27 41
18437,2026-08-17,4 7 8 18 24 36
18438,2026-08-17,4 6 23 26 27 39
18439,2026-08-17,5 16 20 24 43 45
18440,2026-08-17,11 20 22 33 34 35
18441,2026-08-17,3 13 16 25 41 43
18442,2026-08-17,4 5 8 11 12 13
18443,2026-08-17,3 4 14 20 30 40
18444,2026-08-17,9 12 15 18 20 43
18445,2026-08-17,12 19 29 35 43 44
18446,2026-08-17,4 33 37 43 44 45
18447,2026-08-18,1 10 15 18 22 35
18448,2026-08-18,6 7 8 11 17 34
18449,2026-08-18,6 12 22 33 38 44
18450,2026-08-18,11 12 13 31 32 39
18451,2026-08-18,1 15 18 24 36 40
18452,2026-08-18,1 2 4 9 25 40
18453,2026-08-18,24 28 30 37 38 42
18454,2026-08-18,9 10 17 42 43 44
18455,2026-08-18,1 5 8 27 34 37
18456,2026-08-18,8 14 17 23 31 39
18457,2026-08-18,13 14 15 27 32 34
18458,2026-08-19,13 16 17 22 36 37
18459,2026-08-19,5 7 14 17 40 41
18460,2026-08-19,20 27 32 35 36 41
18461,2026-08-19,3 8 14 23 35 42
18462,2026-08-19,3 17 18 25 38 44
18463,2026-08-19,11 27 31 32 33 44
18464,2026-08-19,1 5 20 29 34 36
18465,2026-08-19,3 4 17 21 33 40
18466,2026-08-19,4 11 19 42 44 45
18467,2026-08-19,16 24 27 37 38 44
18468,2026-08-19,11 25 26 35 36 45
18469,2026-08-20,1 11 16 22 32 34
18470,2026-08-20,2 6 20 30 31 36
18471,2026-08-20,2 21 30 36 38 40
18472,2026-08-20,3 7 8 19 25 42
18473,2026-08-20,8 12 18 26 30 40
18474,2026-08-20,7 8 11 18 41 44
18475,2026-08-20,8 21 28 31 33 35
18476,2026-08-20,8 14 18 22 37 41
18477,2026-08-20,6 13 25 37 38 39
18478,2026-08-20,8 17 19 23 43 45
18479,2026-08-20,7 9 32 41 43 45
18480,2026-08-21,1 17 27 33 40 42
18481,2026-08-21,16 19 29 30 34 35
18482,2026-08-21,6 8 9 19 20 30
18483,2026-08-21,2 11 27 32 33 40
18484,2026-08-21,1 15 30 41 44 45
18485,2026-08-21,15 17 20 33 38 42
18486,2026-08-21,22 29 31 32 35 36
18487,2026-08-21,7 16 23 25 29 37
18488,2026-08-21,2 16 22 29 31 36
18489,2026-08-21,15 17 18 20 22 26
18490,2026-08-21,22 27 33 35 36 40
18491,2026-08-22,8 14 17 19 32 41
18492,2026-08-22,1 11 16 18 20 38
18493,2026-08-22,13 16 20 22 27 33
18494,2026-08-22,15 19 21 29 33 39
18495,2026-08-22,10 11 18 23 29 38
18496,2026-08-22,2 3 6 25 37 38
18497,2026-08-22,3 7 14 24 28 34
18498,2026-08-22,24 25 27 29 30 41
18499,2026-08-22,5 20 28 29 32 44
18500,2026-08-22,6 23 28 31 32 40
18501,2026-08-22,5 15 22 28 34 35
18502,2026-08-23,12 17 19 21 34 37
18503,2026-08-23,6 11 12 15 17 27
18504,2026-08-23,11 20 24 25 27 33
18505,2026-08-23,3 18 20 25 36 41
18506,2026-08-23,2 15 28 35 39 42
18507,2026-08-23,6 18 23 33 36 42
18508,2026-08-23,8 18 32 36 43 44
18509,2026-08-23,15 24 26 29 34 44
18510,2026-08-23,8 18 24 31 32 36
18511,2026-08-23,3 5 20 24 27 42
18512,2026-08-23,9 10 14 15 43 44
18513,2026-08-24,9 21 23 25 37 41
18514,2026-08-24,4 9 13 38 39 44
18515,2026-08-24,1 9 15 26 37 43
18516,2026-08-24,9 12 17 24 25 36
18517,2026-08-24,1 16 25 26 27 42
18518,2026-08-24,4 9 14 26 38 43
18519,2026-08-24,20 28 32 35 38 43
18520,2026-08-24,2 14 21 28 36 39
18521,2026-08-24,5 19 23 27 33 43
18522,2026-08-24,1 22 24 25 26 33
18523,2026-08-24,6 8 17 18 38 44
18524,2026-08-25,9 20 23 39 41 44
18525,2026-08-25,11 22 24 25 31 45
18526,2026-08-25,8 17 21 23 24 26
18527,2026-08-25,7 16 18 22 30 44
18528,2026-08-25,3 13 19 25 28 35
18529,2026-08-25,2 6 35 36 40 45
18530,2026-08-25,1 8 15 16 17 20
18531,2026-08-25,8 9 19 32 37 40
18532,2026-08-25,2 10 19 33 39 42
18533,2026-08-25,10 15 25 26 28 35
18534,2026-08-25,3 11 28 33 43 44
18535,2026-08-26,3 15 19 32 36 44
18536,2026-08-26,7 17 25 30 34 45
18537,2026-08-26,11 16 25 36 42 45
18538,2026-08-26,6 12 26 27 29 30
18539,2026-08-26,5 17 22 27 37 44
18540,2026-08-26,3 6 8 30 32 39
18541,2026-08-26,2 9 11 28 34 39
18542,2026-08-26,6 17 23 25 30 31
18543,2026-08-26,3 5 7 12 37 40
18544,2026-08-26,4 5 23 24 25 45
18545,2026-08-26,2 7 12 24 32 34
18546,2026-08-27,1 7 11 18 31 32
18547,2026-08-27,1 3 4 6 15 27
18548,2026-08-27,9 19 27 36 41 43
18549,2026-08-27,8 13 26 27 35 41
18550,2026-08-27,19 32 33 36 37 38
18551,2026-08-27,4 8 14 24 26 40
18552,2026-08-27,13 14 19 23 34 41
18553,2026-08-27,3 5 8 11 16 34
18554,2026-08-27,5 9 16 21 27 43
18555,2026-08-27,11 12 14 24 28 34
18556,2026-08-27,18 23 27 29 35 39
18557,2026-08-28,7 8 18 25 35 37
18558,2026-08-28,13 18 26 28 42 43
18559,2026-08-28,4 7 16 21 22 29
18560,2026-08-28,11 23 24 34 35 44
18561,2026-08-28,1 7 11 18 24 34
18562,2026-08-28,14 17 28 35 39 44
18563,2026-08-28,1 17 20 27 32 34
18564,2026-08-28,1 8 9 12 42 44
18565,2026-08-28,8 17 18 27 34 35
18566,2026-08-28,7 9 16 38 42 45
18567,2026-08-28,11 16 36 40 42 44
18568,2026-08-29,2 13 15 19 29 37
18569,2026-08-29,9 26 34 36 37 38
18570,2026-08-29,1 18 22 23 34 38
18571,2026-08-29,7 18 19 26 33 34
18572,2026-08-29,13 16 23 28 37 43
18573,2026-08-29,1 14 27 31 32 41
18574,2026-08-29,8 21 29 31 39 40
18575,2026-08-29,4 5 6 13 16 39
18576,2026-08-29,2 4 5 7 9 35
18577,2026-08-29,5 15 24 38 40 42
18578,2026-08-29,7 14 21 24 25 27
18579,2026-08-30,1 14 18 20 35 37
18580,2026-08-30,10 12 18 31 42 45
18581,2026-08-30,13 15 17 35 37 45
18582,2026-08-30,8 17 23 34 38 43
18583,2026-08-30,8 19 32 36 39 43
18584,2026-08-30,14 16 27 31 33 41
18585,2026-08-30,3 6 14 23 25 37
18586,2026-08-30,18 23 30 32 35 36
18587,2026-08-30,7 12 14 16 35 41
18588,2026-08-30,6 15 17 21 28 33
18589,2026-08-30,2 5 18 29 35 39
18590,2026-08-31,4 5 11 13 30 37
18591,2026-08-31,1 13 32 35 38 41
18592,2026-08-31,10 13 22 27 30 41
18593,2026-08-31,1 8 22 28 30 35
18594,2026-08-31,3 6 27 35 39 42
18595,2026-08-31,15 24 28 38 39 41
18596,2026-08-31,15 16 23 29 38 44
18597,2026-08-31,17 18 20 35 40 44
18598,2026-08-31,3 4 8 18 24 37
18599,2026-08-31,2 16 18 23 26 44
18600,2026-08-31,27 32 34 40 44 45
18601,2026-09-01,4 12 18 23 31 38
18602,2026-09-01,2 16 17 19 30 34
18603,2026-09-01,2 17 31 36 40 44
18604,2026-09-01,9 16 17 20 38 42
18605,2026-09-01,3 5 8 12 15 18
18606,2026-09-01,11 15 16 31 35 41
18607,2026-09-01,2 8 10 22 27 31
18608,2026-09-01,8 21 25 36 41 43
18609,2026-09-01,1 5 13 17 31 33
18610,2026-09-01,11 20 24 28 32 44
18611,2026-09-01,4 22 28 33 42 44
18612,2026-09-02,7 16 28 35 40 43
18613,2026-09-02,11 14 15 17 30 40
18614,2026-09-02,8 13 18 23 31 41
18615,2026-09-02,1 20 22 27 36 44
18616,2026-09-02,2 7 13 15 23 44
18617,2026-09-02,5 13 34 36 39 43
18618,2026-09-02,4 19 25 30 43 44
18619,2026-09-02,26 27 31 39 40 44
18620,2026-09-02,5 24 26 30 33 36
18621,2026-09-02,7 12 24 28 41 44
18622,2026-09-02,10 23 28 29 34 36
18623,2026-09-03,10 15 19 26 29 37
18624,2026-09-03,2 14 20 29 31 33
18625,2026-09-03,12 13 14 21 31 44
18626,2026-09-03,4 7 25 31 34 42
18627,2026-09-03,1 13 28 30 34 43
18628,2026-09-03,1 6 8 12 16 45
18629,2026-09-03,3 5 11 17 26 32
18630,2026-09-03,3 12 16 26 34 41
18631,2026-09-03,7 8 12 19 31 36
18632,2026-09-03,8 17 25 26 30 39
18633,2026-09-03,11 18 28 36 39 43
18634,2026-09-04,7 8 22 24 30 42
18635,2026-09-04,1 8 11 17 27 45
18636,2026-09-04,1 13 24 25 43 45
18637,2026-09-04,2 5 9 25 36 45
18638,2026-09-04,2 6 7 17 28 29
18639,2026-09-04,14 17 19 33 37 40
18640,2026-09-04,13 14 16 19 43 44
18641,2026-09-04,13 14 27 35 38 41
18642,2026-09-04,1 2 15 23 41 43
18643,2026-09-04,6 9 21 24 30 39
18644,2026-09-04,11 12 17 25 32 43
18645,2026-09-05,4 8 9 26 31 40
18646,2026-09-05,12 15 31 41 43 45
18647,2026-09-05,3 10 31 32 38 43
18648,2026-09-05,1 10 33 37 39 43
18649,2026-09-05,8 10 25 27 34 37
18650,2026-09-05,13 22 36 37 40 42
18651,2026-09-05,1 4 21 22 23 24
18652,2026-09-05,6 12 24 29 31 37
18653,2026-09-05,4 7 9 21 25 44
18654,2026-09-05,1 5 16 22 27 41
18655,2026-09-05,14 19 26 29 30 34
18656,2026-09-06,7 16 25 35 41 43
18657,2026-09-06,13 17 25 30 44 45
18658,2026-09-06,7 11 15 18 25 34
18659,2026-09-06,1 14 23 28 34 36
18660,2026-09-06,1 12 18 28 37 44
18661,2026-09-06,14 16 23 25 40 45
18662,2026-09-06,2 9 10 19 27 28
18663,2026-09-06,3 25 28 29 35 40
18664,2026-09-06,6 16 20 32 35 41
18665,2026-09-06,25 28 34 35 39 42
18666,2026-09-06,1 10 15 21 25 30
18667,2026-09-07,7 10 21 25 40 42
18668,2026-09-07,5 30 34 39 41 43
18669,2026-09-07,2 25 30 35 36 39
18670,2026-09-07,5 12 19 30 34 38
18671,2026-09-07,4 5 27 34 39 41
18672,2026-09-07,1 20 35 41 44 45
18673,2026-09-07,4 6 19 29 30 31
18674,2026-09-07,4 21 27 36 44 45
18675,2026-09-07,7 20 28 31 32 36
18676,2026-09-07,25 27 28 30 34 45
18677,2026-09-07,3 17 25 26 27 34
18678,2026-09-08,7 15 19 23 24 36
18679,2026-09-08,26 30 32 38 40 45
18680,2026-09-08,6 7 9 21 22 26
18681,2026-09-08,3 19 24 31 32 43
18682,2026-09-08,13 21 22 26 27 36
18683,2026-09-08,3 5 20 22 27 32
18684,2026-09-08,4 10 23 26 33 37
18685,2026-09-08,23 28 29 36 39 40
18686,2026-09-08,7 16 18 23 39 43
18687,2026-09-08,6 10 21 27 34 39
18688,2026-09-08,3 15 21 24 26 44
18689,2026-09-09,5 17 22 26 28 35
18690,2026-09-09,4 14 22 29 35 43
18691,2026-09-09,4 11 18 20 21 30
18692,2026-09-09,4 10 25 37 43 45
18693,2026-09-09,4 5 12 24 36 37
18694,2026-09-09,6 11 12 24 28 34
18695,2026-09-09,28 30 31 36 38 40
18696,2026-09-09,9 20 35 37 38 43
18697,2026-09-09,9 11 18 28 31 32
18698,2026-09-09,6 8 30 40 43 45
18699,2026-09-09,7 19 21 22 26 36
18700,2026-09-10,23 31 36 38 43 44
18701,2026-09-10,3 13 27 31 32 42
18702,2026-09-10,8 9 10 11 41 44
18703,2026-09-10,6 7 9 37 38 40
18704,2026-09-10,5 8 11 32 36 43
18705,2026-09-10,3 6 10 28 38 45
18706,2026-09-10,12 26 30 32 40 43
18707,2026-09-10,6 11 13 17 22 28
18708,2026-09-10,10 12 22 25 37 44
18709,2026-09-10,11 14 18 20 25 31
18710,2026-09-10,18 19 22 26 27 28
18711,2026-09-11,9 15 33 34 38 40
18712,2026-09-11,4 9 14 22 29 43
18713,2026-09-11,10 12 20 22 39 40
18714,2026-09-11,10 16 33 36 40 41
18715,2026-09-11,2 14 16 18 24 41
18716,2026-09-11,2 11 16 29 30 36
18717,2026-09-11,2 9 19 21 31 43
18718,2026-09-11,12 15 17 19 35 36
18719,2026-09-11,1 8 24 30 34 39
18720,2026-09-11,5 18 30 40 43 45
18721,2026-09-11,4 5 28 30 33 35
18722,2026-09-12,11 19 21 24 28 37
18723,2026-09-12,10 14 26 32 37 41
18724,2026-09-12,13 21 24 29 41 42
18725,2026-09-12,4 12 19 28 37 42
18726,2026-09-12,5 16 21 33 37 45
18727,2026-09-12,30 31 33 34 37 38
18728,2026-09-12,17 24 25 27 30 37
18729,2026-09-12,3 4 11 40 41 43
18730,2026-09-12,1 4 12 13 26 42
18731,2026-09-12,7 10 18 26 34 35
18732,2026-09-12,11 15 17 22 33 43
18733,2026-09-13,15 21 27 30 32 37
18734,2026-09-13,1 4 7 17 29 32
18735,2026-09-13,11 12 19 24 38 39
18736,2026-09-13,2 13 14 18 38 44
18737,2026-09-13,15 20 26 35 41 42
18738,2026-09-13,6 8 16 30 41 43
18739,2026-09-13,3 13 14 15 43 44
18740,2026-09-13,12 21 27 30 32 40
18741,2026-09-13,8 19 34 35 40 42
18742,2026-09-13,4 9 13 16 39 41
18743,2026-09-13,3 4 14 19 36 44
18744,2026-09-14,4 29 30 31 33 40
18745,2026-09-14,10 34 35 38 43 44
18746,2026-09-14,2 8 23 36 43 45
18747,2026-09-14,3 4 6 10 31 45
18748,2026-09-14,1 9 30 31 37 39
18749,2026-09-14,7 17 24 30 39 42
18750,2026-09-14,1 5 12 22 33 38
18751,2026-09-14,1 13 20 25 35 37
18752,2026-09-14,7 12 32 36 39 45
18753,2026-09-14,2 8 9 20 27 29
18754,2026-09-14,14 18 20 21 28 35
18755,2026-09-15,2 17 22 39 41 43
18756,2026-09-15,14 16 18 21 27 42
18757,2026-09-15,4 24 29 31 33 38
18758,2026-09-15,8 18 22 23 26 45
18759,2026-09-15,1 16 27 37 42 43
18760,2026-09-15,28 32 35 38 42 43
18761,2026-09-15,13 19 22 24 26 36
18762,2026-09-15,8 28 31 33 34 37
18763,2026-09-15,22 28 31 32 36 45
18764,2026-09-15,6 15 38 42 43 45
18765,2026-09-15,1 4 14 16 23 38
18766,2026-09-16,18 23 25 31 36 39
18767,2026-09-16,17 23 24 25 34 37
18768,2026-09-16,7 17 19 21 30 44
18769,2026-09-16,5 16 29 32 40 41
18770,2026-09-16,1 6 23 40 42 45
18771,2026-09-16,8 10 11 19 30 45
18772,2026-09-16,16 18 20 23 31 41
18773,2026-09-16,11 20 23 30 34 36
18774,2026-09-16,8 17 19 20 23 29
18775,2026-09-16,5 12 25 35 40 43
18776,2026-09-16,5 9 17 20 21 30
18777,2026-09-17,7 18 22 27 28 34
18778,2026-09-17,1 2 16 18 20 35
18779,2026-09-17,3 5 8 29 30 32
18780,2026-09-17,2 15 16 25 31 39
18781,2026-09-17,7 10 15 20 34 39
18782,2026-09-17,4 13 15 19 27 42
18783,2026-09-17,1 6 8 16 34 43
18784,2026-09-17,7 10 18 33 39 45
18785,2026-09-17,2 15 20 25 33 42
18786,2026-09-17,4 11 31 32 36 37
18787,2026-09-17,10 12 18 21 35 43
18788,2026-09-18,10 19 25 26 30 41
18789,2026-09-18,1 15 27 33 35 45
18790,2026-09-18,6 8 11 24 29 39
18791,2026-09-18,9 12 17 28 33 38
18792,2026-09-18,7 10 22 23 26 31
18793,2026-09-18,1 4 5 19 25 35
18794,2026-09-18,11 24 33 34 35 45
18795,2026-09-18,3 25 31 33 42 45
18796,2026-09-18,9 14 24 25 34 39
18797,2026-09-18,6 12 18 36 37 43
18798,2026-09-18,1 5 30 32 36 43
18799,2026-09-19,19 21 30 41 42 45
18800,2026-09-19,2 22 23 26 36 40
18801,2026-09-19,1 9 17 20 32 36
18802,2026-09-19,1 22 24 29 34 43
18803,2026-09-19,11 12 14 25 31 42
18804,2026-09-19,13 14 21 22 37 45
18805,2026-09-19,2 13 19 26 27 40
18806,2026-09-19,5 6 11 15 26 30
18807,2026-09-19,1 6 15 22 32 43
18808,2026-09-19,12 27 30 35 37 39
18809,2026-09-19,8 13 20 31 35 40
18810,2026-09-20,2 4 17 31 41 42
18811,2026-09-20,2 4 8 9 18 44
18812,2026-09-20,4 17 19 20 37 39
18813,2026-09-20,1 8 20 30 34 39
18814,2026-09-20,7 10 16 31 43 45
18815,2026-09-20,3 13 17 26 38 45
18816,2026-09-20,5 14 16 18 21 42
18817,2026-09-20,29 30 36 37 41 44
18818,2026-09-20,1 5 15 23 35 43
18819,2026-09-20,2 3 15 33 34 38
18820,2026-09-20,24 29 31 33 34 41
18821,2026-09-21,1 30 32 33 41 42
18822,2026-09-21,11 22 25 31 38 39
18823,2026-09-21,10 15 19 26 36 43
18824,2026-09-21,1 4 19 32 37 41
18825,2026-09-21,2 6 7 10 25 43
18826,2026-09-21,14 26 32 33 34 35
18827,2026-09-21,8 11 19 24 27 45
18828,2026-09-21,4 6 15 17 25 37
18829,2026-09-21,3 5 8 19 25 40
18830,2026-09-21,11 22 26 32 38 39
18831,2026-09-21,5 8 18 20 32 35
18832,2026-09-22,1 9 10 26 38 42
18833,2026-09-22,2 7 16 19 33 39
18834,2026-09-22,3 5 30 32 33 44
18835,2026-09-22,2 6 7 13 28 43
18836,2026-09-22,4 10 14 32 36 41
18837,2026-09-22,1 8 17 18 23 30
18838,2026-09-22,10 14 26 29 31 43
18839,2026-09-22,2 27 35 39 44 45
18840,2026-09-22,6 19 22 25 34 40
18841,2026-09-22,3 12 28 36 37 44
18842,2026-09-22,1 6 16 20 39 45
18843,2026-09-23,6 21 29 38 41 42
18844,2026-09-23,5 10 13 20 28 35
18845,2026-09-23,10 18 24 29 31 39
18846,2026-09-23,5 15 20 26 29 43
18847,2026-09-23,23 27 34 40 43 45
18848,2026-09-23,4 6 12 20 24 44
18849,2026-09-23,11 17 20 30 31 44
18850,2026-09-23,9 15 16 22 36 44
18851,2026-09-23,12 15 21 34 36 38
18852,2026-09-23,4 7 29 35 36 43
18853,2026-09-23,4 18 22 28 30 41
18854,2026-09-24,3 4 27 35 40 44
18855,2026-09-24,10 17 19 40 44 45
18856,2026-09-24,2 12 26 28 30 31
18857,2026-09-24,4 15 16 35 36 45
18858,2026-09-24,8 23 35 37 39 40
18859,2026-09-24,12 19 27 31 36 44
18860,2026-09-24,6 13 16 21 37 42
18861,2026-09-24,2 12 17 21 31 32
18862,2026-09-24,14 25 29 31 36 39
18863,2026-09-24,1 4 5 8 35 40
18864,2026-09-24,7 24 26 29 32 37
18865,2026-09-25,4 7 10 15 30 32
18866,2026-09-25,3 11 12 23 34 41
18867,2026-09-25,2 13 23 36 37 45
18868,2026-09-25,2 3 9 10 20 26
18869,2026-09-25,4 5 19 24 29 44
18870,2026-09-25,2 10 23 27 37 45
18871,2026-09-25,12 15 24 42 43 45
18872,2026-09-25,4 7 31 39 44 45
18873,2026-09-25,4 14 21 27 41 42
18874,2026-09-25,5 9 25 28 34 44
18875,2026-09-25,1 15 16 23 31 38
18876,2026-09-26,2 3 6 12 26 45
18877,2026-09-26,4 13 14 20 22 29
