draw,date,numbers
147041,2025-10-23,4 7 11 27 31 | 2
147042,2025-10-23,4 7 16 19 32 | 4
147043,2025-10-23,16 22 28 30 33 | 2
147044,2025-10-23,2 14 21 25 35 | 2
147045,2025-10-23,12 21 24 30 36 | 3
147046,2025-10-23,6 25 30 31 36 | 4
147047,2025-10-23,2 4 14 15 32 | 1
147048,2025-10-23,1 10 15 21 28 | 2
147049,2025-10-23,7 8 9 15 19 | 4
147050,2025-10-23,1 13 15 18 20 | 4
147051,2025-10-23,6 7 8 12 15 | 3
147052,2025-10-23,5 14 15 24 25 | 2
147053,2025-10-23,4 7 17 19 31 | 1
147054,2025-10-23,9 15 20 23 30 | 4
147055,2025-10-23,8 12 23 28 35 | 1
147056,2025-10-23,1 8 9 19 20 | 2
147057,2025-10-23,4 15 17 24 29 | 2
147058,2025-10-23,1 5 22 27 30 | 1
147059,2025-10-23,3 7 10 20 22 | 3
147060,2025-10-23,11 16 26 29 35 | 3
147061,2025-10-23,16 19 21 22 24 | 2
147062,2025-10-23,14 15 25 27 28 | 4
147063,2025-10-23,7 19 22 23 25 | 2
147064,2025-10-23,1 13 16 19 32 | 1
147065,2025-10-23,7 11 17 33 35 | 3
147066,2025-10-23,9 12 18 32 34 | 1
147067,2025-10-23,10 27 28 32 35 | 4
147068,2025-10-23,4 8 15 25 35 | 1
147069,2025-10-23,3 10 13 34 36 | 3
147070,2025-10-23,2 7 20 23 33 | 1
147071,2025-10-23,8 14 16 20 27 | 3
147072,2025-10-23,8 16 20 21 33 | 3
147073,2025-10-23,4 7 9 11 20 | 2
147074,2025-10-23,1 5 7 11 17 | 1
147075,2025-10-23,1 4 9 11 12 | 1
147076,2025-10-23,5 12 17 18 28 | 3
147077,2025-10-23,2 6 23 28 32 | 1
147078,2025-10-23,4 12 14 29 33 | 4
147079,2025-10-23,2 8 12 23 27 | 1
147080,2025-10-23,5 6 19 24 34 | 4
147081,2025-10-23,6 12 19 23 36 | 1
147082,2025-10-23,3 4 11 30 35 | 1
147083,2025-10-23,7 14 26 27 33 | 1
147084,2025-10-23,5 9 12 15 25 | 2
147085,2025-10-23,2 9 24 25 33 | 3
147086,2025-10-23,6 9 11 13 30 | 2
147087,2025-10-23,3 8 25 28 31 | 3
147088,2025-10-23,1 3 4 25 30 | 4
147089,2025-10-23,5 9 10 12 35 | 4
147090,2025-10-23,7 15 20 31 34 | 3
147091,2025-10-23,3 18 25 27 28 | 4
147092,2025-10-23,13 18 19 30 33 | 3
147093,2025-10-23,15 18 25 28 31 | 3
147094,2025-10-23,18 21 22 25 35 | 2
147095,2025-10-23,7 13 18 32 33 | 2
147096,2025-10-23,3 11 14 17 25 | 1
147097,2025-10-23,12 17 20 24 29 | 3
147098,2025-10-23,5 17 27 28 34 | 3
147099,2025-10-23,26 27 30 33 35 | 3
147100,2025-10-23,8 10 29 33 34 | 2
147101,2025-10-24,3 4 16 30 32 | 1
147102,2025-10-24,2 5 11 21 24 | 1
147103,2025-10-24,1 17 24 28 29 | 4
147104,2025-10-24,1 12 13 14 22 | 2
147105,2025-10-24,8 12 20 26 31 | 2
147106,2025-10-24,2 16 17 20 30 | 4
147107,2025-10-24,1 16 20 21 35 | 1
147108,2025-10-24,1 7 26 30 35 | 4
147109,2025-10-24,9 11 20 21 24 | 2
147110,2025-10-24,11 14 22 23 28 | 2
147111,2025-10-24,10 16 22 34 36 | 3
147112,2025-10-24,1 2 9 26 28 | 3
147113,2025-10-24,9 20 24 26 34 | 3
147114,2025-10-24,7 10 22 29 30 | 1
147115,2025-10-24,1 6 15 23 24 | 1
147116,2025-10-24,2 4 18 27 34 | 4
147117,2025-10-24,9 12 18 31 35 | 1
147118,2025-10-24,17 18 29 32 36 | 4
147119,2025-10-24,9 10 19 27 30 | 2
147120,2025-10-24,4 12 25 27 29 | 2
147121,2025-10-24,4 11 13 22 27 | 1
147122,2025-10-24,7 8 13 14 32 | 4
147123,2025-10-24,8 10 13 19 21 | 4
147124,2025-10-24,5 15 16 23 25 | 4
147125,2025-10-24,9 17 20 26 29 | 4
147126,2025-10-24,4 7 19 21 27 | 3
147127,2025-10-24,9 11 15 17 25 | 3
147128,2025-10-24,4 12 14 16 24 | 2
147129,2025-10-24,2 6 11 15 16 | 1
147130,2025-10-24,2 3 6 22 28 | 4
147131,2025-10-24,3 26 29 30 31 | 2
147132,2025-10-24,7 8 20 29 36 | 4
147133,2025-10-24,4 8 17 21 35 | 2
147134,2025-10-24,5 14 20 23 31 | 4
147135,2025-10-24,2 6 13 22 30 | 3
147136,2025-10-24,8 12 14 16 19 | 4
147137,2025-10-24,16 17 29 31 32 | 1
147138,2025-10-24,8 17 18 21 23 | 4
147139,2025-10-24,4 5 24 27 36 | 4
147140,2025-10-24,16 26 27 28 31 | 4
147141,2025-10-24,11 15 18 26 36 | 2
147142,2025-10-24,3 21 22 28 35 | 4
147143,2025-10-24,2 12 23 24 33 | 1
147144,2025-10-24,2 12 21 25 29 | 4
147145,2025-10-24,6 12 26 30 33 | 2
147146,2025-10-24,4 17 18 19 22 | 4
147147,2025-10-24,5 14 15 26 30 | 1
147148,2025-10-24,4 13 29 31 32 | 1
147149,2025-10-24,8 11 23 32 35 | 1
147150,2025-10-24,7 8 10 16 25 | 2
147151,2025-10-24,1 8 13 15 32 | 1
147152,2025-10-24,7 13 16 31 33 | 3
147153,2025-10-24,2 5 7 24 25 | 2
147154,2025-10-24,16 24 25 35 36 | 2
147155,2025-10-24,8 11 13 16 23 | 2
147156,2025-10-24,3 9 15 23 24 | 3
147157,2025-10-24,11 18 21 27 30 | 1
147158,2025-10-24,5 6 17 27 36 | 2
147159,2025-10-24,3 12 19 21 29 | 4
147160,2025-10-24,3 7 15 22 27 | 1
147161,2025-10-25,8 14 24 27 31 | 1
147162,2025-10-25,7 10 14 29 36 | 3
147163,2025-10-25,13 25 33 35 36 | 1
147164,2025-10-25,5 17 19 34 35 | 4
147165,2025-10-25,7 12 20 21 33 | 2
147166,2025-10-25,7 14 24 28 32 | 4
147167,2025-10-25,3 8 9 21 27 | 2
147168,2025-10-25,5 15 17 24 25 | 1
147169,2025-10-25,9 14 20 27 29 | 1
147170,2025-10-25,19 20 22 28 33 | 2
147171,2025-10-25,3 17 21 22 29 | 4
147172,2025-10-25,15 16 26 28 30 | 1
147173,2025-10-25,25 27 30 32 35 | 2
147174,2025-10-25,6 9 12 13 33 | 4
147175,2025-10-25,6 22 23 27 34 | 2
147176,2025-10-25,4 18 25 27 35 | 2
147177,2025-10-25,9 12 18 30 33 | 1
147178,2025-10-25,3 5 13 21 26 | 3
147179,2025-10-25,5 8 15 27 31 | 2
147180,2025-10-25,6 7 8 16 30 | 3
147181,2025-10-25,4 17 19 20 32 | 2
147182,2025-10-25,6 10 16 22 31 | 1
147183,2025-10-25,13 20 21 30 34 | 4
147184,2025-10-25,6 13 14 19 29 | 3
147185,2025-10-25,3 27 28 30 35 | 4
147186,2025-10-25,5 7 18 22 34 | 4
147187,2025-10-25,2 11 20 35 36 | 1
147188,2025-10-25,1 8 31 32 33 | 4
147189,2025-10-25,6 13 15 25 30 | 1
147190,2025-10-25,1 26 27 30 31 | 1
147191,2025-10-25,10 11 22 32 35 | 2
147192,2025-10-25,4 8 11 27 35 | 1
147193,2025-10-25,11 17 20 23 36 | 2
147194,2025-10-25,10 14 23 26 27 | 1
147195,2025-10-25,9 14 22 28 30 | 4
147196,2025-10-25,12 16 17 27 28 | 4
147197,2025-10-25,4 17 21 33 35 | 4
147198,2025-10-25,6 9 15 16 18 | 1
147199,2025-10-25,2 7 15 19 31 | 1
147200,2025-10-25,1 16 18 21 25 | 3
147201,2025-10-25,4 5 21 31 33 | 3
147202,2025-10-25,5 6 19 34 36 | 4
147203,2025-10-25,1 24 30 32 35 | 3
147204,2025-10-25,11 14 17 18 35 | 1
147205,2025-10-25,1 5 6 13 29 | 1
147206,2025-10-25,12 13 20 24 26 | 4
147207,2025-10-25,4 11 17 33 34 | 4
147208,2025-10-25,2 10 15 16 26 | 3
147209,2025-10-25,7 11 12 13 28 | 2
147210,2025-10-25,11 12 15 17 32 | 4
147211,2025-10-25,16 22 23 25 34 | 3
147212,2025-10-25,1 16 27 29 31 | 3
147213,2025-10-25,6 8 20 22 29 | 2
147214,2025-10-25,5 10 16 26 28 | 2
147215,2025-10-25,8 14 15 25 28 | 4
147216,2025-10-25,3 7 14 26 31 | 4
147217,2025-10-25,6 13 18 21 35 | 3
147218,2025-10-25,3 7 18 33 34 | 4
147219,2025-10-25,1 4 11 25 35 | 2
147220,2025-10-25,1 2 12 13 23 | 1
147221,2025-10-26,1 8 27 30 32 | 1
147222,2025-10-26,4 16 23 31 32 | 2
147223,2025-10-26,3 8 19 21 27 | 1
147224,2025-10-26,4 9 19 31 32 | 2
147225,2025-10-26,9 26 28 30 32 | 2
147226,2025-10-26,5 13 27 30 36 | 4
147227,2025-10-26,2 7 19 22 27 | 2
147228,2025-10-26,7 9 24 27 35 | 3
147229,2025-10-26,3 8 23 28 36 | 1
147230,2025-10-26,2 4 5 26 32 | 2
147231,2025-10-26,2 6 7 14 28 | 1
147232,2025-10-26,1 8 14 21 28 | 1
147233,2025-10-26,1 3 5 10 24 | 4
147234,2025-10-26,2 15 17 21 27 | 1
147235,2025-10-26,7 10 15 22 33 | 3
147236,2025-10-26,6 8 13 26 31 | 2
147237,2025-10-26,2 18 26 29 34 | 4
147238,2025-10-26,1 15 26 35 36 | 3
147239,2025-10-26,9 16 22 26 31 | 3
147240,2025-10-26,11 12 22 25 34 | 1
147241,2025-10-26,2 7 20 22 30 | 4
147242,2025-10-26,12 17 18 20 23 | 4
147243,2025-10-26,4 11 12 21 28 | 2
147244,2025-10-26,4 5 9 10 12 | 1
147245,2025-10-26,3 8 11 27 32 | 2
147246,2025-10-26,12 16 18 21 28 | 1
147247,2025-10-26,5 17 22 29 31 | 3
147248,2025-10-26,11 21 23 24 29 | 1
147249,2025-10-26,11 16 18 19 24 | 1
147250,2025-10-26,6 13 19 27 35 | 3
147251,2025-10-26,7 13 22 28 29 | 4
147252,2025-10-26,5 6 12 18 33 | 2
147253,2025-10-26,7 13 14 33 36 | 1
147254,2025-10-26,8 9 20 27 30 | 1
147255,2025-10-26,2 14 16 20 23 | 3
147256,2025-10-26,15 17 21 30 32 | 4
147257,2025-10-26,3 18 23 28 36 | 4
147258,2025-10-26,2 20 21 30 32 | 2
147259,2025-10-26,1 5 15 34 36 | 3
147260,2025-10-26,9 21 28 32 34 | 2
147261,2025-10-26,8 10 22 30 31 | 1
147262,2025-10-26,12 16 17 26 30 | 2
147263,2025-10-26,4 13 22 23 33 | 1
147264,2025-10-26,3 16 21 29 34 | 4
147265,2025-10-26,14 16 21 29 35 | 4
147266,2025-10-26,15 27 31 32 36 | 1
147267,2025-10-26,20 22 24 31 34 | 1
147268,2025-10-26,13 15 21 26 32 | 4
147269,2025-10-26,6 9 21 22 30 | 1
147270,2025-10-26,12 13 18 24 33 | 3
147271,2025-10-26,3 8 11 26 30 | 3
147272,2025-10-26,2 6 8 18 34 | 3
147273,2025-10-26,11 14 19 26 36 | 2
147274,2025-10-26,22 28 29 32 34 | 2
147275,2025-10-26,3 16 26 32 36 | 1
147276,2025-10-26,8 11 17 18 30 | 3
147277,2025-10-26,2 8 21 24 36 | 1
147278,2025-10-26,4 14 16 17 18 | 4
147279,2025-10-26,6 7 9 14 19 | 1
147280,2025-10-26,1 13 16 27 29 | 3
147281,2025-10-27,2 16 22 32 34 | 2
147282,2025-10-27,6 10 21 24 29 | 1
147283,2025-10-27,10 14 21 28 34 | 4
147284,2025-10-27,6 7 8 10 12 | 1
147285,2025-10-27,9 15 19 22 35 | 1
147286,2025-10-27,6 11 19 21 22 | 2
147287,2025-10-27,14 24 26 29 35 | 4
147288,2025-10-27,8 16 20 24 26 | 3
147289,2025-10-27,2 5 6 20 26 | 2
147290,2025-10-27,16 23 26 28 34 | 1
147291,2025-10-27,4 7 9 10 30 | 3
147292,2025-10-27,4 11 14 31 32 | 2
147293,2025-10-27,9 14 19 20 22 | 4
147294,2025-10-27,1 17 24 25 30 | 3
147295,2025-10-27,7 16 26 31 36 | 3
147296,2025-10-27,7 21 22 25 29 | 1
147297,2025-10-27,17 18 24 32 35 | 2
147298,2025-10-27,7 9 12 14 33 | 3
147299,2025-10-27,6 8 18 20 34 | 4
147300,2025-10-27,2 5 12 25 28 | 3
147301,2025-10-27,1 13 31 33 35 | 3
147302,2025-10-27,6 17 27 30 35 | 1
147303,2025-10-27,1 9 16 25 26 | 3
147304,2025-10-27,6 10 18 24 25 | 4
147305,2025-10-27,6 7 19 33 34 | 3
147306,2025-10-27,1 3 28 29 36 | 1
147307,2025-10-27,2 4 10 14 33 | 4
147308,2025-10-27,3 6 7 27 34 | 1
147309,2025-10-27,10 15 31 32 36 | 2
147310,2025-10-27,1 4 6 10 35 | 4
147311,2025-10-27,10 11 14 31 34 | 2
147312,2025-10-27,11 14 23 33 36 | 4
147313,2025-10-27,1 10 12 21 35 | 2
147314,2025-10-27,2 4 6 11 27 | 3
147315,2025-10-27,2 8 21 25 29 | 2
147316,2025-10-27,6 9 13 23 24 | 4
147317,2025-10-27,6 15 18 21 26 | 4
147318,2025-10-27,2 11 17 18 24 | 2
147319,2025-10-27,5 20 21 30 31 | 4
147320,2025-10-27,1 11 17 23 33 | 4
147321,2025-10-27,10 16 19 22 28 | 4
147322,2025-10-27,3 15 17 24 27 | 4
147323,2025-10-27,3 7 10 11 35 | 1
147324,2025-10-27,28 29 30 32 36 | 1
147325,2025-10-27,1 2 21 28 34 | 1
147326,2025-10-27,9 20 22 26 32 | 4
147327,2025-10-27,6 10 12 23 27 | 1
147328,2025-10-27,2 8 16 25 33 | 2
147329,2025-10-27,4 5 28 29 30 | 3
147330,2025-10-27,17 22 26 30 34 | 3
147331,2025-10-27,10 16 18 24 29 | 2
147332,2025-10-27,2 5 11 21 28 | 3
147333,2025-10-27,14 18 24 25 32 | 3
147334,2025-10-27,1 10 17 26 30 | 1
147335,2025-10-27,1 4 13 31 34 | 4
147336,2025-10-27,8 9 14 20 30 | 1
147337,2025-10-27,1 3 16 18 30 | 2
147338,2025-10-27,9 11 13 19 26 | 4
147339,2025-10-27,10 17 31 32 33 | 3
147340,2025-10-27,8 15 17 33 36 | 4
147341,2025-10-28,2 11 12 26 27 | 1
147342,2025-10-28,9 12 18 25 36 | 2
147343,2025-10-28,2 7 12 17 22 | 4
147344,2025-10-28,7 11 14 15 33 | 3
147345,2025-10-28,1 6 17 20 31 | 3
147346,2025-10-28,7 14 23 25 31 | 3
147347,2025-10-28,14 16 17 28 33 | 1
147348,2025-10-28,4 12 23 25 32 | 3
147349,2025-10-28,1 18 30 32 34 | 3
147350,2025-10-28,17 19 21 24 36 | 3
147351,2025-10-28,2 3 7 10 12 | 1
147352,2025-10-28,5 15 22 24 33 | 2
147353,2025-10-28,9 14 18 24 36 | 2
147354,2025-10-28,1 2 11 17 25 | 2
147355,2025-10-28,1 18 19 20 26 | 3
147356,2025-10-28,8 15 16 26 28 | 1
147357,2025-10-28,3 8 25 26 32 | 4
147358,2025-10-28,1 3 17 30 32 | 1
147359,2025-10-28,4 15 19 23 35 | 1
147360,2025-10-28,17 22 29 33 36 | 1
147361,2025-10-28,2 21 25 27 33 | 3
147362,2025-10-28,7 19 22 34 35 | 1
147363,2025-10-28,6 10 17 25 29 | 3
147364,2025-10-28,8 9 22 28 30 | 4
147365,2025-10-28,19 21 29 32 34 | 1
147366,2025-10-28,11 12 34 35 36 | 1
147367,2025-10-28,1 3 12 22 31 | 4
147368,2025-10-28,4 11 13 20 31 | 2
147369,2025-10-28,4 12 16 23 32 | 3
147370,2025-10-28,3 10 15 21 36 | 1
147371,2025-10-28,8 21 26 34 35 | 3
147372,2025-10-28,3 7 18 25 35 | 1
147373,2025-10-28,5 11 19 24 32 | 1
147374,2025-10-28,6 11 15 24 30 | 4
147375,2025-10-28,1 2 6 26 28 | 1
147376,2025-10-28,11 14 15 17 31 | 3
147377,2025-10-28,1 8 17 28 36 | 2
147378,2025-10-28,5 6 9 11 15 | 2
147379,2025-10-28,4 10 23 31 33 | 4
147380,2025-10-28,1 13 17 22 30 | 2
147381,2025-10-28,2 10 23 31 32 | 2
147382,2025-10-28,4 13 17 19 30 | 1
147383,2025-10-28,2 4 9 16 25 | 2
147384,2025-10-28,12 14 20 31 33 | 1
147385,2025-10-28,2 6 23 28 31 | 4
147386,2025-10-28,5 16 17 28 31 | 2
147387,2025-10-28,26 30 33 35 36 | 4
147388,2025-10-28,4 17 22 26 35 | 4
147389,2025-10-28,12 24 28 35 36 | 3
147390,2025-10-28,22 26 27 29 32 | 4
147391,2025-10-28,7 14 18 23 33 | 1
147392,2025-10-28,5 9 12 23 34 | 2
147393,2025-10-28,1 8 9 27 32 | 1
147394,2025-10-28,4 6 8 29 33 | 4
147395,2025-10-28,8 10 15 26 34 | 3
147396,2025-10-28,1 3 10 20 31 | 2
147397,2025-10-28,6 9 13 22 28 | 3
147398,2025-10-28,7 12 31 34 36 | 1
147399,2025-10-28,12 16 19 28 32 | 2
147400,2025-10-28,1 11 21 24 36 | 2
147401,2025-10-29,6 7 9 10 11 | 1
147402,2025-10-29,13 15 32 35 36 | 1
147403,2025-10-29,2 9 10 12 30 | 4
147404,2025-10-29,7 9 10 17 24 | 3
147405,2025-10-29,2 6 10 11 36 | 2
147406,2025-10-29,2 6 17 28 32 | 2
147407,2025-10-29,19 22 24 25 34 | 1
147408,2025-10-29,9 12 13 23 26 | 2
147409,2025-10-29,12 17 29 32 34 | 2
147410,2025-10-29,10 27 30 31 32 | 4
147411,2025-10-29,14 20 26 31 35 | 4
147412,2025-10-29,5 12 29 30 32 | 4
147413,2025-10-29,6 19 32 34 36 | 1
147414,2025-10-29,1 2 3 9 23 | 2
147415,2025-10-29,3 17 18 24 33 | 3
147416,2025-10-29,2 3 5 12 30 | 2
147417,2025-10-29,12 14 16 24 28 | 2
147418,2025-10-29,14 16 32 34 35 | 1
147419,2025-10-29,4 10 12 28 32 | 1
147420,2025-10-29,11 19 21 23 29 | 1
147421,2025-10-29,8 17 22 30 35 | 2
147422,2025-10-29,1 11 21 25 34 | 1
147423,2025-10-29,4 5 7 8 15 | 2
147424,2025-10-29,12 17 30 31 33 | 1
147425,2025-10-29,10 11 15 22 29 | 2
147426,2025-10-29,14 18 20 28 35 | 2
147427,2025-10-29,10 13 18 25 30 | 3
147428,2025-10-29,3 15 17 29 36 | 4
147429,2025-10-29,15 19 21 26 31 | 2
147430,2025-10-29,14 18 22 31 34 | 2
147431,2025-10-29,20 21 28 30 35 | 3
147432,2025-10-29,4 13 29 30 31 | 3
147433,2025-10-29,9 13 17 24 25 | 1
147434,2025-10-29,17 20 22 25 28 | 4
147435,2025-10-29,17 18 23 31 34 | 4
147436,2025-10-29,1 3 4 21 31 | 4
147437,2025-10-29,3 11 14 20 30 | 2
147438,2025-10-29,5 8 17 26 32 | 2
147439,2025-10-29,3 13 22 26 36 | 3
147440,2025-10-29,3 10 21 27 34 | 4
147441,2025-10-29,2 3 11 16 24 | 3
147442,2025-10-29,1 2 15 17 27 | 1
147443,2025-10-29,3 7 15 22 35 | 4
147444,2025-10-29,1 13 27 29 35 | 2
147445,2025-10-29,1 12 24 31 32 | 4
147446,2025-10-29,1 3 5 12 15 | 1
147447,2025-10-29,1 4 13 20 36 | 1
147448,2025-10-29,1 3 17 21 31 | 1
147449,2025-10-29,13 21 22 29 36 | 2
147450,2025-10-29,1 15 18 19 27 | 2
147451,2025-10-29,20 27 31 34 36 | 3
147452,2025-10-29,6 7 15 24 28 | 4
147453,2025-10-29,3 15 18 27 33 | 2
147454,2025-10-29,4 22 29 30 34 | 2
147455,2025-10-29,10 12 16 22 24 | 3
147456,2025-10-29,14 20 21 26 27 | 3
147457,2025-10-29,1 6 11 21 27 | 2
147458,2025-10-29,5 17 31 33 36 | 3
147459,2025-10-29,1 6 20 23 25 | 1
147460,2025-10-29,8 14 25 31 33 | 4
147461,2025-10-30,8 15 25 33 35 | 1
147462,2025-10-30,21 31 32 34 36 | 4
147463,2025-10-30,4 11 16 23 32 | 1
147464,2025-10-30,14 23 25 26 36 | 2
147465,2025-10-30,5 10 21 25 30 | 2
147466,2025-10-30,8 10 16 19 36 | 2
147467,2025-10-30,4 15 19 23 33 | 2
147468,2025-10-30,2 5 11 23 31 | 4
147469,2025-10-30,11 12 31 33 34 | 4
147470,2025-10-30,5 14 16 29 32 | 1
147471,2025-10-30,2 7 19 24 32 | 4
147472,2025-10-30,1 22 24 26 33 | 3
147473,2025-10-30,14 16 21 24 30 | 2
147474,2025-10-30,4 7 25 26 30 | 1
147475,2025-10-30,2 4 12 27 35 | 2
147476,2025-10-30,1 8 33 34 35 | 3
147477,2025-10-30,11 17 28 32 34 | 4
147478,2025-10-30,3 9 20 23 27 | 4
147479,2025-10-30,8 9 10 27 30 | 2
147480,2025-10-30,8 11 12 18 20 | 4
147481,2025-10-30,1 5 16 19 35 | 1
147482,2025-10-30,7 22 23 28 36 | 3
147483,2025-10-30,1 2 15 22 29 | 4
147484,2025-10-30,3 13 28 29 35 | 2
147485,2025-10-30,13 19 20 24 30 | 2
147486,2025-10-30,12 21 24 31 35 | 1
147487,2025-10-30,3 17 20 29 31 | 3
147488,2025-10-30,1 9 20 29 31 | 1
147489,2025-10-30,9 19 27 32 35 | 2
147490,2025-10-30,2 7 22 31 33 | 2
147491,2025-10-30,12 13 17 24 33 | 4
147492,2025-10-30,14 18 22 24 32 | 4
147493,2025-10-30,3 17 18 21 34 | 3
147494,2025-10-30,8 11 14 33 35 | 2
147495,2025-10-30,3 12 21 23 25 | 1
147496,2025-10-30,2 5 9 17 27 | 4
147497,2025-10-30,8 13 14 16 35 | 2
147498,2025-10-30,5 23 25 26 36 | 4
147499,2025-10-30,7 12 15 28 34 | 4
147500,2025-10-30,9 11 13 16 24 | 1
147501,2025-10-30,17 19 22 27 35 | 3
147502,2025-10-30,9 10 15 19 34 | 3
147503,2025-10-30,6 14 25 27 32 | 2
147504,2025-10-30,14 19 33 34 36 | 2
147505,2025-10-30,1 25 28 32 33 | 4
147506,2025-10-30,2 3 4 7 29 | 2
147507,2025-10-30,1 2 9 25 35 | 1
147508,2025-10-30,12 17 23 24 35 | 2
147509,2025-10-30,19 20 23 30 33 | 3
147510,2025-10-30,12 13 15 19 27 | 1
147511,2025-10-30,13 15 29 31 35 | 1
147512,2025-10-30,9 10 13 23 33 | 3
147513,2025-10-30,1 13 21 23 29 | 1
147514,2025-10-30,8 11 24 32 36 | 4
147515,2025-10-30,7 8 20 30 35 | 1
147516,2025-10-30,1 2 6 13 21 | 3
147517,2025-10-30,3 15 17 19 20 | 3
147518,2025-10-30,6 9 18 21 28 | 2
147519,2025-10-30,13 16 27 28 32 | 2
147520,2025-10-30,1 15 17 21 29 | 2
147521,2025-10-31,11 18 20 24 31 | 3
147522,2025-10-31,14 25 26 31 33 | 2
147523,2025-10-31,9 24 25 28 34 | 4
147524,2025-10-31,6 11 12 24 32 | 4
147525,2025-10-31,10 12 16 19 33 | 3
147526,2025-10-31,10 20 25 26 36 | 1
147527,2025-10-31,7 16 21 25 35 | 3
147528,2025-10-31,7 16 28 32 35 | 1
147529,2025-10-31,1 6 9 13 28 | 3
147530,2025-10-31,12 27 32 33 34 | 1
147531,2025-10-31,8 14 15 28 29 | 2
147532,2025-10-31,2 3 24 32 34 | 2
147533,2025-10-31,2 24 29 31 35 | 1
147534,2025-10-31,4 15 16 17 25 | 2
147535,2025-10-31,2 11 12 29 36 | 4
147536,2025-10-31,7 12 26 30 32 | 1
147537,2025-10-31,3 21 28 29 32 | 2
147538,2025-10-31,3 5 10 23 36 | 2
147539,2025-10-31,6 10 11 26 30 | 3
147540,2025-10-31,1 2 13 14 16 | 2
147541,2025-10-31,1 6 10 13 32 | 4
147542,2025-10-31,3 6 8 24 36 | 2
147543,2025-10-31,4 5 8 9 17 | 3
147544,2025-10-31,5 13 17 30 36 | 4
147545,2025-10-31,14 19 21 23 36 | 3
147546,2025-10-31,6 16 19 31 36 | 2
147547,2025-10-31,4 13 16 24 25 | 4
147548,2025-10-31,13 24 28 30 33 | 1
147549,2025-10-31,4 13 20 22 29 | 1
147550,2025-10-31,21 26 29 30 33 | 2
147551,2025-10-31,2 23 27 29 36 | 4
147552,2025-10-31,21 23 24 28 32 | 1
147553,2025-10-31,3 4 7 12 31 | 3
147554,2025-10-31,8 13 28 30 35 | 1
147555,2025-10-31,2 10 14 25 26 | 4
147556,2025-10-31,2 11 16 19 27 | 1
147557,2025-10-31,3 10 11 25 33 | 4
147558,2025-10-31,1 8 17 24 35 | 2
147559,2025-10-31,5 12 13 15 16 | 4
147560,2025-10-31,6 7 14 28 33 | 1
147561,2025-10-31,19 32 33 34 36 | 2
147562,2025-10-31,10 11 21 22 24 | 4
147563,2025-10-31,3 9 10 25 31 | 2
147564,2025-10-31,2 19 27 29 33 | 3
147565,2025-10-31,2 3 10 31 34 | 4
147566,2025-10-31,6 8 11 18 26 | 4
147567,2025-10-31,13 16 21 25 29 | 1
147568,2025-10-31,5 12 22 25 28 | 3
147569,2025-10-31,25 27 28 29 30 | 1
147570,2025-10-31,13 16 22 24 36 | 4
147571,2025-10-31,9 13 23 25 29 | 4
147572,2025-10-31,5 13 20 25 35 | 4
147573,2025-10-31,18 23 28 30 36 | 2
147574,2025-10-31,1 5 11 13 33 | 2
147575,2025-10-31,11 14 16 19 28 | 2
147576,2025-10-31,9 15 20 23 28 | 2
147577,2025-10-31,2 5 17 21 26 | 2
147578,2025-10-31,17 20 25 27 29 | 3
147579,2025-10-31,9 15 25 28 34 | 3
147580,2025-10-31,9 16 17 32 36 | 1
147581,2025-11-01,16 27 33 34 36 | 2
147582,2025-11-01,4 13 15 17 34 | 4
147583,2025-11-01,2 11 25 35 36 | 4
147584,2025-11-01,1 3 6 16 35 | 3
147585,2025-11-01,8 16 17 25 30 | 3
147586,2025-11-01,3 12 13 20 36 | 3
147587,2025-11-01,1 11 14 22 32 | 3
147588,2025-11-01,2 7 22 23 26 | 1
147589,2025-11-01,12 18 21 24 36 | 2
147590,2025-11-01,4 21 25 29 33 | 4
147591,2025-11-01,10 15 17 29 36 | 1
147592,2025-11-01,1 9 11 28 33 | 4
147593,2025-11-01,2 14 15 19 32 | 4
147594,2025-11-01,4 8 17 18 20 | 2
147595,2025-11-01,10 14 18 29 30 | 4
147596,2025-11-01,1 8 11 19 29 | 3
147597,2025-11-01,1 3 8 14 15 | 3
147598,2025-11-01,1 13 15 19 22 | 2
147599,2025-11-01,4 11 27 33 35 | 4
147600,2025-11-01,13 19 21 24 36 | 1
147601,2025-11-01,13 19 22 29 31 | 1
147602,2025-11-01,1 2 10 14 24 | 4
147603,2025-11-01,2 6 11 12 36 | 4
147604,2025-11-01,2 5 17 25 31 | 3
147605,2025-11-01,2 10 19 20 27 | 4
147606,2025-11-01,11 17 22 25 26 | 1
147607,2025-11-01,9 15 22 26 32 | 4
147608,2025-11-01,7 12 25 27 35 | 1
147609,2025-11-01,1 5 25 28 32 | 2
147610,2025-11-01,17 20 25 31 32 | 3
147611,2025-11-01,17 26 28 32 36 | 2
147612,2025-11-01,2 20 23 24 34 | 3
147613,2025-11-01,8 13 31 33 35 | 2
147614,2025-11-01,13 21 23 24 36 | 4
147615,2025-11-01,11 19 28 30 36 | 1
147616,2025-11-01,8 14 16 34 35 | 4
147617,2025-11-01,3 16 22 31 34 | 1
147618,2025-11-01,2 7 9 13 27 | 2
147619,2025-11-01,1 7 11 17 32 | 4
147620,2025-11-01,4 20 21 31 34 | 1
147621,2025-11-01,9 11 17 22 33 | 1
147622,2025-11-01,4 15 25 26 29 | 2
147623,2025-11-01,2 17 19 31 34 | 2
147624,2025-11-01,5 15 27 34 36 | 4
147625,2025-11-01,6 7 9 19 24 | 3
147626,2025-11-01,4 9 15 30 36 | 1
147627,2025-11-01,6 8 11 22 34 | 4
147628,2025-11-01,3 6 17 28 31 | 2
147629,2025-11-01,7 12 22 25 36 | 4
147630,2025-11-01,4 5 20 23 26 | 3
147631,2025-11-01,11 29 30 34 36 | 2
147632,2025-11-01,1 4 12 14 25 | 2
147633,2025-11-01,7 19 30 32 33 | 3
147634,2025-11-01,17 20 21 23 30 | 3
147635,2025-11-01,2 20 28 31 35 | 3
147636,2025-11-01,4 24 30 31 35 | 4
147637,2025-11-01,3 9 14 15 25 | 4
147638,2025-11-01,6 12 28 31 34 | 3
147639,2025-11-01,4 10 20 24 25 | 1
147640,2025-11-01,1 18 23 28 29 | 2
147641,2025-11-02,7 19 22 30 31 | 2
147642,2025-11-02,2 6 11 20 25 | 2
147643,2025-11-02,2 6 15 18 31 | 4
147644,2025-11-02,2 4 6 14 27 | 1
147645,2025-11-02,5 8 10 12 21 | 1
147646,2025-11-02,5 6 10 15 17 | 1
147647,2025-11-02,7 16 18 21 24 | 3
147648,2025-11-02,1 8 10 28 35 | 1
147649,2025-11-02,23 24 27 30 36 | 4
147650,2025-11-02,6 16 17 24 30 | 3
147651,2025-11-02,4 6 9 20 25 | 4
147652,2025-11-02,6 12 20 22 32 | 3
147653,2025-11-02,10 14 22 23 27 | 1
147654,2025-11-02,16 21 27 28 36 | 1
147655,2025-11-02,6 7 10 12 26 | 1
147656,2025-11-02,3 21 23 27 28 | 4
147657,2025-11-02,3 17 20 30 32 | 1
147658,2025-11-02,15 21 22 23 30 | 1
147659,2025-11-02,10 25 28 29 32 | 4
147660,2025-11-02,16 17 26 29 31 | 4
147661,2025-11-02,4 13 23 28 35 | 2
147662,2025-11-02,3 7 16 20 21 | 3
147663,2025-11-02,4 21 23 32 33 | 3
147664,2025-11-02,2 11 25 28 31 | 4
147665,2025-11-02,17 18 21 22 35 | 1
147666,2025-11-02,10 25 28 29 35 | 4
147667,2025-11-02,2 4 5 15 21 | 2
147668,2025-11-02,2 6 7 9 24 | 2
147669,2025-11-02,7 13 15 21 30 | 4
147670,2025-11-02,5 7 12 14 17 | 1
147671,2025-11-02,7 12 23 28 34 | 4
147672,2025-11-02,7 8 9 11 30 | 3
147673,2025-11-02,1 5 7 20 28 | 4
147674,2025-11-02,4 6 11 13 18 | 3
147675,2025-11-02,12 19 25 27 29 | 2
147676,2025-11-02,1 15 23 24 26 | 2
147677,2025-11-02,11 12 13 19 27 | 3
147678,2025-11-02,16 21 24 28 29 | 3
147679,2025-11-02,3 7 8 15 16 | 2
147680,2025-11-02,8 10 22 32 35 | 4
147681,2025-11-02,1 3 13 22 31 | 4
147682,2025-11-02,7 14 15 20 21 | 3
147683,2025-11-02,7 9 16 17 23 | 4
147684,2025-11-02,18 24 25 30 36 | 1
147685,2025-11-02,5 8 9 10 19 | 2
147686,2025-11-02,28 29 31 33 34 | 3
147687,2025-11-02,5 9 11 12 29 | 1
147688,2025-11-02,8 10 24 25 31 | 3
147689,2025-11-02,10 12 18 22 27 | 3
147690,2025-11-02,4 16 18 33 36 | 1
147691,2025-11-02,9 24 29 32 35 | 4
147692,2025-11-02,8 9 13 16 24 | 2
147693,2025-11-02,8 13 23 29 34 | 4
147694,2025-11-02,11 20 28 29 34 | 2
147695,2025-11-02,4 19 23 25 35 | 4
147696,2025-11-02,7 24 25 32 36 | 2
147697,2025-11-02,4 9 15 18 23 | 2
147698,2025-11-02,16 17 23 28 33 | 2
147699,2025-11-02,7 8 13 25 36 | 4
147700,2025-11-02,8 22 23 26 36 | 4
147701,2025-11-03,3 21 30 35 36 | 2
147702,2025-11-03,18 20 21 25 32 | 4
147703,2025-11-03,2 6 16 27 34 | 4
147704,2025-11-03,6 13 15 18 34 | 1
147705,2025-11-03,6 8 26 29 32 | 2
147706,2025-11-03,3 9 10 24 26 | 2
147707,2025-11-03,2 15 21 23 24 | 3
147708,2025-11-03,3 6 16 26 34 | 2
147709,2025-11-03,6 16 17 26 31 | 4
147710,2025-11-03,13 19 24 25 26 | 2
147711,2025-11-03,1 4 8 10 25 | 3
147712,2025-11-03,14 18 23 25 31 | 3
147713,2025-11-03,11 14 22 32 33 | 3
147714,2025-11-03,4 10 17 19 32 | 3
147715,2025-11-03,12 20 24 25 35 | 1
147716,2025-11-03,4 7 8 16 22 | 3
147717,2025-11-03,22 23 25 31 33 | 1
147718,2025-11-03,3 4 8 29 35 | 4
147719,2025-11-03,5 10 14 28 34 | 1
147720,2025-11-03,2 7 15 20 22 | 1
147721,2025-11-03,14 18 23 30 31 | 1
147722,2025-11-03,2 12 16 20 35 | 1
147723,2025-11-03,6 28 30 31 36 | 3
147724,2025-11-03,5 8 25 29 33 | 2
147725,2025-11-03,2 8 18 24 25 | 1
147726,2025-11-03,11 18 19 22 27 | 2
147727,2025-11-03,5 25 31 34 36 | 4
147728,2025-11-03,3 5 7 21 34 | 4
147729,2025-11-03,20 22 24 28 32 | 4
147730,2025-11-03,1 5 24 29 33 | 1
147731,2025-11-03,9 20 21 30 35 | 1
147732,2025-11-03,9 17 23 29 31 | 2
147733,2025-11-03,1 5 20 29 35 | 3
147734,2025-11-03,1 14 30 32 34 | 1
147735,2025-11-03,3 18 27 32 36 | 3
147736,2025-11-03,1 21 23 29 36 | 3
147737,2025-11-03,2 9 11 18 35 | 3
147738,2025-11-03,3 4 15 16 21 | 3
147739,2025-11-03,6 10 21 24 36 | 4
147740,2025-11-03,17 27 29 31 36 | 2
147741,2025-11-03,3 13 20 26 32 | 4
147742,2025-11-03,4 9 13 17 20 | 4
147743,2025-11-03,8 17 23 29 31 | 1
147744,2025-11-03,12 13 19 20 30 | 2
147745,2025-11-03,6 8 20 33 35 | 2
147746,2025-11-03,16 18 20 31 34 | 3
147747,2025-11-03,9 10 17 19 27 | 2
147748,2025-11-03,1 6 11 23 29 | 2
147749,2025-11-03,11 21 29 30 31 | 3
147750,2025-11-03,2 3 8 24 34 | 3
147751,2025-11-03,1 6 20 35 36 | 2
147752,2025-11-03,7 10 12 23 26 | 2
147753,2025-11-03,3 8 20 27 33 | 2
147754,2025-11-03,1 11 14 19 29 | 1
147755,2025-11-03,6 7 21 31 36 | 3
147756,2025-11-03,14 21 27 32 36 | 2
147757,2025-11-03,3 15 26 29 34 | 3
147758,2025-11-03,2 17 23 31 35 | 2
147759,2025-11-03,4 9 11 23 31 | 3
147760,2025-11-03,14 19 25 26 32 | 2
147761,2025-11-04,6 18 20 25 32 | 4
147762,2025-11-04,12 18 20 23 31 | 4
147763,2025-11-04,7 8 10 13 15 | 4
147764,2025-11-04,17 27 31 34 36 | 1
147765,2025-11-04,9 12 17 22 26 | 4
147766,2025-11-04,6 10 18 19 30 | 2
147767,2025-11-04,6 7 16 19 29 | 4
147768,2025-11-04,12 13 31 33 34 | 3
147769,2025-11-04,2 6 12 15 32 | 3
147770,2025-11-04,2 5 6 26 29 | 3
147771,2025-11-04,4 14 25 27 35 | 1
147772,2025-11-04,3 21 28 32 34 | 3
147773,2025-11-04,6 9 14 16 30 | 3
147774,2025-11-04,8 29 30 32 34 | 2
147775,2025-11-04,9 14 23 26 34 | 2
147776,2025-11-04,2 10 17 27 34 | 2
147777,2025-11-04,6 8 10 11 31 | 3
147778,2025-11-04,11 17 27 33 34 | 1
147779,2025-11-04,2 8 19 24 33 | 2
147780,2025-11-04,2 21 23 26 34 | 3
147781,2025-11-04,4 6 8 15 18 | 1
147782,2025-11-04,7 11 17 21 35 | 2
147783,2025-11-04,3 8 19 21 30 | 4
147784,2025-11-04,6 8 11 13 17 | 4
147785,2025-11-04,10 16 25 32 34 | 1
147786,2025-11-04,7 10 14 16 36 | 1
147787,2025-11-04,2 27 28 32 35 | 4
147788,2025-11-04,9 13 19 25 26 | 4
147789,2025-11-04,10 14 17 24 33 | 3
147790,2025-11-04,14 17 18 20 24 | 1
147791,2025-11-04,9 15 19 20 28 | 3
147792,2025-11-04,5 7 16 31 32 | 4
147793,2025-11-04,4 11 22 30 34 | 3
147794,2025-11-04,3 4 13 31 33 | 4
147795,2025-11-04,7 15 28 33 35 | 2
147796,2025-11-04,8 17 21 23 26 | 2
147797,2025-11-04,2 3 28 29 33 | 4
147798,2025-11-04,6 9 12 18 28 | 1
147799,2025-11-04,5 9 11 22 32 | 4
147800,2025-11-04,5 21 28 30 36 | 2
147801,2025-11-04,19 23 29 30 36 | 2
147802,2025-11-04,17 22 28 32 33 | 3
147803,2025-11-04,11 18 27 33 35 | 3
147804,2025-11-04,2 6 8 17 35 | 3
147805,2025-11-04,1 6 16 21 26 | 3
147806,2025-11-04,4 9 14 20 29 | 1
147807,2025-11-04,5 10 16 25 32 | 4
147808,2025-11-04,1 3 5 23 27 | 3
147809,2025-11-04,11 17 18 24 28 | 4
147810,2025-11-04,1 9 24 31 35 | 2
147811,2025-11-04,1 16 24 25 26 | 4
147812,2025-11-04,15 17 20 30 34 | 2
147813,2025-11-04,19 20 21 29 32 | 2
147814,2025-11-04,6 22 25 35 36 | 1
147815,2025-11-04,3 7 8 27 28 | 3
147816,2025-11-04,10 11 15 22 35 | 3
147817,2025-11-04,9 15 20 28 36 | 2
147818,2025-11-04,13 17 27 29 34 | 3
147819,2025-11-04,1 6 22 23 29 | 4
147820,2025-11-04,7 13 19 21 23 | 1
147821,2025-11-05,7 12 16 30 36 | 4
147822,2025-11-05,14 23 24 32 33 | 4
147823,2025-11-05,4 7 20 24 33 | 2
147824,2025-11-05,3 9 12 20 33 | 1
147825,2025-11-05,8 10 16 26 31 | 4
147826,2025-11-05,4 13 22 26 27 | 3
147827,2025-11-05,6 17 18 29 32 | 2
147828,2025-11-05,5 6 18 21 27 | 1
147829,2025-11-05,1 2 15 23 27 | 1
147830,2025-11-05,9 11 15 21 36 | 2
147831,2025-11-05,16 21 27 28 35 | 3
147832,2025-11-05,3 7 12 17 33 | 4
147833,2025-11-05,3 8 9 33 35 | 1
147834,2025-11-05,9 12 19 31 35 | 3
147835,2025-11-05,1 7 14 17 35 | 3
147836,2025-11-05,1 12 16 22 25 | 4
147837,2025-11-05,13 15 18 26 30 | 2
147838,2025-11-05,5 9 17 28 32 | 3
147839,2025-11-05,9 20 26 30 36 | 4
147840,2025-11-05,3 9 14 21 26 | 1
147841,2025-11-05,2 13 14 22 36 | 4
147842,2025-11-05,5 18 19 29 34 | 3
147843,2025-11-05,5 17 22 25 34 | 2
147844,2025-11-05,8 17 26 27 33 | 2
147845,2025-11-05,9 10 14 26 27 | 2
147846,2025-11-05,2 6 10 31 33 | 2
147847,2025-11-05,3 6 12 14 36 | 2
147848,2025-11-05,2 10 20 28 35 | 2
147849,2025-11-05,10 12 13 23 35 | 3
147850,2025-11-05,2 6 10 32 36 | 1
147851,2025-11-05,10 14 17 27 30 | 1
147852,2025-11-05,2 14 24 28 29 | 1
147853,2025-11-05,3 19 21 30 32 | 4
147854,2025-11-05,1 7 22 24 32 | 4
147855,2025-11-05,4 5 29 33 34 | 4
147856,2025-11-05,6 7 9 16 33 | 1
147857,2025-11-05,7 11 22 24 26 | 2
147858,2025-11-05,10 18 25 34 35 | 2
147859,2025-11-05,18 24 28 32 36 | 2
147860,2025-11-05,11 28 34 35 36 | 2
147861,2025-11-05,3 6 10 24 31 | 3
147862,2025-11-05,4 21 26 28 34 | 2
147863,2025-11-05,3 5 7 8 24 | 1
147864,2025-11-05,20 22 23 34 36 | 4
147865,2025-11-05,19 20 22 31 34 | 1
147866,2025-11-05,9 13 15 29 33 | 4
147867,2025-11-05,1 4 7 23 31 | 1
147868,2025-11-06,4 9 11 20 32 | 1
147869,2025-11-06,4 9 17 18 30 | 3
147870,2025-11-06,1 25 29 30 35 | 1
147871,2025-11-06,1 4 24 25 34 | 2
147872,2025-11-06,7 9 22 26 31 | 1
147873,2025-11-06,6 23 27 29 36 | 1
147874,2025-11-06,5 10 21 23 36 | 1
147875,2025-11-06,4 13 15 23 31 | 4
147876,2025-11-06,14 15 24 26 35 | 3
147877,2025-11-06,8 9 13 25 28 | 3
147878,2025-11-06,6 11 15 23 32 | 2
147879,2025-11-06,1 8 19 24 30 | 3
147880,2025-11-06,3 15 17 27 31 | 3
147881,2025-11-06,8 14 18 22 28 | 4
147882,2025-11-06,11 18 19 23 30 | 2
147883,2025-11-06,4 5 7 9 20 | 4
147884,2025-11-06,17 21 25 26 32 | 2
147885,2025-11-06,3 8 15 32 36 | 3
147886,2025-11-06,8 17 22 25 29 | 4
147887,2025-11-06,1 6 10 27 34 | 2
147888,2025-11-06,3 9 18 29 34 | 2
147889,2025-11-06,5 12 24 33 35 | 2
147890,2025-11-06,2 8 13 17 24 | 3
147891,2025-11-06,10 15 17 20 33 | 3
147892,2025-11-06,5 19 21 33 34 | 4
147893,2025-11-06,17 22 30 33 36 | 3
147894,2025-11-06,5 7 15 21 32 | 1
147895,2025-11-06,5 10 25 27 29 | 1
147896,2025-11-06,1 14 21 35 36 | 1
147897,2025-11-06,8 12 21 23 36 | 1
147898,2025-11-06,2 6 7 18 21 | 4
147899,2025-11-06,14 15 25 30 32 | 3
147900,2025-11-06,14 17 19 26 33 | 3
147901,2025-11-06,4 8 9 20 35 | 3
147902,2025-11-06,4 10 25 26 35 | 3
147903,2025-11-06,5 12 13 20 30 | 3
147904,2025-11-06,4 7 13 16 32 | 3
147905,2025-11-06,4 10 19 22 36 | 3
147906,2025-11-06,1 18 22 34 35 | 2
147907,2025-11-06,16 19 27 32 36 | 2
147908,2025-11-06,2 6 10 18 22 | 3
147909,2025-11-06,18 22 25 32 33 | 3
147910,2025-11-06,19 21 24 31 34 | 2
147911,2025-11-06,8 15 19 31 36 | 2
147912,2025-11-06,4 12 19 20 33 | 1
147913,2025-11-06,12 14 16 21 36 | 3
147914,2025-11-06,4 5 11 13 27 | 2
147915,2025-11-06,6 12 16 34 36 | 4
147916,2025-11-06,1 10 19 31 32 | 2
147917,2025-11-06,4 13 16 18 27 | 1
147918,2025-11-06,2 5 15 32 33 | 2
147919,2025-11-06,2 8 13 15 25 | 2
147920,2025-11-06,6 14 16 30 36 | 2
147921,2025-11-06,1 3 17 20 24 | 4
147922,2025-11-06,7 10 11 12 24 | 2
147923,2025-11-06,3 16 31 33 34 | 2
147924,2025-11-06,5 9 16 17 21 | 4
147925,2025-11-06,2 3 18 23 35 | 2
147926,2025-11-06,6 8 12 20 25 | 3
147927,2025-11-06,6 9 10 33 35 | 2
147928,2025-11-07,4 11 20 24 26 | 1
147929,2025-11-07,2 7 9 16 25 | 4
147930,2025-11-07,15 16 27 28 29 | 2
147931,2025-11-07,1 8 9 16 35 | 1
147932,2025-11-07,7 8 13 30 34 | 1
147933,2025-11-07,1 2 9 12 19 | 1
147934,2025-11-07,4 8 12 13 27 | 1
147935,2025-11-07,16 20 23 27 28 | 3
147936,2025-11-07,2 13 28 32 35 | 1
147937,2025-11-07,9 18 20 28 36 | 2
147938,2025-11-07,5 9 14 18 36 | 4
147939,2025-11-07,1 10 12 13 34 | 4
147940,2025-11-07,3 6 14 19 23 | 3
147941,2025-11-07,19 21 26 34 36 | 3
147942,2025-11-07,7 9 11 25 32 | 2
147943,2025-11-07,2 4 10 11 34 | 2
147944,2025-11-07,6 7 21 27 29 | 1
147945,2025-11-07,4 14 15 17 30 | 1
147946,2025-11-07,8 17 21 34 36 | 1
147947,2025-11-07,4 10 18 30 35 | 1
147948,2025-11-07,3 9 10 18 36 | 1
147949,2025-11-07,7 11 13 31 36 | 4
147950,2025-11-07,6 13 17 23 29 | 3
147951,2025-11-07,1 12 14 17 32 | 1
147952,2025-11-07,4 7 9 17 19 | 1
147953,2025-11-07,7 19 23 26 30 | 4
147954,2025-11-07,5 9 13 15 36 | 1
147955,2025-11-07,13 19 23 26 36 | 1
147956,2025-11-07,12 15 19 26 32 | 2
147957,2025-11-07,2 5 19 23 26 | 3
147958,2025-11-07,7 11 14 29 30 | 2
147959,2025-11-07,6 7 12 17 18 | 1
147960,2025-11-07,4 5 7 22 33 | 1
147961,2025-11-07,6 7 20 34 36 | 4
147962,2025-11-07,3 4 6 14 18 | 4
147963,2025-11-07,4 13 14 25 35 | 1
147964,2025-11-07,10 12 14 25 27 | 1
147965,2025-11-07,4 11 15 26 33 | 1
147966,2025-11-07,2 10 11 28 29 | 2
147967,2025-11-07,1 3 21 25 36 | 1
147968,2025-11-07,15 19 20 23 30 | 3
147969,2025-11-07,11 21 23 25 27 | 3
147970,2025-11-07,1 2 3 20 28 | 4
147971,2025-11-07,7 15 31 33 34 | 2
147972,2025-11-07,8 9 22 23 27 | 4
147973,2025-11-07,16 18 22 24 31 | 2
147974,2025-11-07,5 15 25 33 35 | 1
147975,2025-11-07,3 7 9 29 31 | 2
147976,2025-11-07,17 22 24 27 30 | 1
147977,2025-11-07,3 9 13 14 15 | 2
147978,2025-11-07,5 10 11 20 34 | 3
147979,2025-11-07,4 21 26 27 36 | 3
147980,2025-11-07,19 23 27 29 36 | 3
147981,2025-11-07,8 9 15 27 35 | 2
147982,2025-11-07,13 14 21 24 32 | 4
147983,2025-11-07,16 19 23 28 35 | 4
147984,2025-11-07,1 3 15 16 19 | 1
147985,2025-11-07,11 18 23 25 27 | 4
147986,2025-11-07,12 24 29 32 35 | 2
147987,2025-11-07,3 4 14 15 30 | 4
147988,2025-11-08,19 20 21 29 35 | 3
147989,2025-11-08,7 16 18 33 34 | 4
147990,2025-11-08,3 5 11 27 29 | 2
147991,2025-11-08,1 21 26 30 34 | 4
147992,2025-11-08,5 24 26 28 30 | 1
147993,2025-11-08,12 20 30 31 36 | 1
147994,2025-11-08,5 11 18 25 33 | 4
147995,2025-11-08,2 6 14 20 30 | 2
147996,2025-11-08,16 17 18 20 22 | 2
147997,2025-11-08,5 11 13 23 26 | 4
147998,2025-11-08,6 14 25 27 36 | 4
147999,2025-11-08,7 10 11 28 35 | 2
148000,2025-11-08,15 18 20 24 32 | 1
148001,2025-11-08,4 20 25 28 36 | 3
148002,2025-11-08,1 23 25 33 35 | 3
148003,2025-11-08,3 12 14 17 23 | 1
148004,2025-11-08,1 3 10 21 35 | 2
148005,2025-11-08,3 10 15 32 34 | 1
148006,2025-11-08,11 17 21 24 36 | 3
148007,2025-11-08,10 18 21 24 27 | 4
148008,2025-11-08,6 13 19 22 33 | 3
148009,2025-11-08,1 6 20 21 23 | 4
148010,2025-11-08,4 10 13 20 32 | 2
148011,2025-11-08,7 15 23 29 31 | 1
148012,2025-11-08,11 20 26 27 35 | 3
148013,2025-11-08,13 15 19 24 30 | 2
148014,2025-11-08,2 21 23 26 32 | 4
148015,2025-11-08,1 3 7 10 29 | 2
148016,2025-11-08,18 23 27 28 34 | 3
148017,2025-11-08,4 5 19 24 30 | 1
148018,2025-11-08,1 7 11 12 15 | 2
148019,2025-11-08,24 25 27 31 32 | 2
148020,2025-11-08,16 17 20 23 26 | 1
148021,2025-11-08,4 15 23 28 34 | 2
148022,2025-11-08,2 10 25 27 31 | 3
148023,2025-11-08,4 5 11 17 20 | 3
148024,2025-11-08,19 26 30 34 36 | 1
148025,2025-11-08,4 10 12 14 19 | 3
148026,2025-11-08,1 9 15 22 35 | 4
148027,2025-11-08,6 15 24 28 31 | 2
148028,2025-11-08,2 3 8 20 27 | 3
148029,2025-11-08,5 10 12 20 34 | 4
148030,2025-11-08,2 5 10 14 31 | 2
148031,2025-11-08,10 11 25 28 32 | 2
148032,2025-11-08,2 11 22 28 33 | 2
148033,2025-11-08,3 25 30 34 36 | 3
148034,2025-11-08,8 18 27 29 32 | 1
148035,2025-11-08,3 5 13 14 27 | 3
148036,2025-11-08,2 8 11 16 21 | 4
148037,2025-11-08,6 16 23 25 30 | 3
148038,2025-11-08,2 6 21 26 35 | 4
148039,2025-11-08,2 23 24 31 34 | 3
148040,2025-11-08,14 15 25 30 33 | 3
148041,2025-11-08,15 20 24 25 34 | 1
148042,2025-11-08,2 3 7 18 32 | 3
148043,2025-11-08,3 11 12 25 32 | 1
148044,2025-11-08,6 12 14 16 23 | 1
148045,2025-11-08,1 21 25 27 31 | 3
148046,2025-11-08,2 9 16 21 30 | 1
148047,2025-11-08,13 17 20 26 27 | 1
148048,2025-11-09,12 17 20 24 31 | 1
148049,2025-11-09,20 21 22 25 28 | 1
148050,2025-11-09,9 10 12 17 19 | 1
148051,2025-11-09,4 5 9 13 24 | 3
148052,2025-11-09,6 10 12 19 35 | 1
148053,2025-11-09,1 11 19 20 22 | 3
148054,2025-11-09,5 10 17 27 32 | 4
148055,2025-11-09,15 24 25 26 36 | 2
148056,2025-11-09,2 6 14 16 35 | 3
148057,2025-11-09,7 16 19 21 34 | 2
148058,2025-11-09,3 4 6 23 33 | 4
148059,2025-11-09,2 9 25 30 35 | 4
148060,2025-11-09,3 6 11 17 20 | 1
148061,2025-11-09,6 12 13 18 22 | 3
148062,2025-11-09,4 13 16 26 28 | 2
148063,2025-11-09,6 9 23 28 32 | 1
148064,2025-11-09,4 5 21 34 35 | 3
148065,2025-11-09,4 16 18 22 34 | 1
148066,2025-11-09,9 13 15 20 32 | 4
148067,2025-11-09,1 2 6 10 25 | 3
148068,2025-11-09,3 9 21 32 34 | 4
148069,2025-11-09,13 17 22 23 24 | 2
148070,2025-11-09,1 14 17 20 25 | 3
148071,2025-11-09,7 10 26 27 33 | 1
148072,2025-11-09,13 18 19 29 32 | 2
148073,2025-11-09,2 10 19 23 35 | 1
148074,2025-11-09,14 17 18 19 25 | 1
148075,2025-11-09,11 13 17 29 32 | 3
148076,2025-11-09,3 4 17 30 35 | 3
148077,2025-11-09,4 6 7 28 33 | 1
148078,2025-11-09,12 16 21 30 35 | 1
148079,2025-11-09,4 10 12 21 34 | 1
148080,2025-11-09,4 15 19 23 30 | 3
148081,2025-11-09,2 5 15 16 32 | 1
148082,2025-11-09,5 9 16 23 30 | 1
148083,2025-11-09,2 17 19 21 25 | 2
148084,2025-11-09,2 3 10 15 34 | 4
148085,2025-11-09,9 20 23 25 31 | 1
148086,2025-11-09,9 12 16 20 35 | 2
148087,2025-11-09,1 7 8 19 32 | 3
148088,2025-11-09,4 10 13 27 36 | 4
148089,2025-11-09,7 9 17 21 23 | 1
148090,2025-11-09,5 13 18 19 28 | 2
148091,2025-11-09,9 15 18 22 32 | 1
148092,2025-11-09,20 21 22 27 29 | 2
148093,2025-11-09,3 5 23 25 33 | 4
148094,2025-11-09,3 12 19 24 25 | 3
148095,2025-11-09,3 15 16 28 30 | 4
148096,2025-11-09,1 4 11 21 28 | 2
148097,2025-11-09,1 9 12 20 35 | 1
148098,2025-11-09,5 13 28 34 36 | 2
148099,2025-11-09,7 9 14 19 33 | 1
148100,2025-11-09,8 12 21 29 34 | 1
148101,2025-11-09,5 8 23 24 33 | 4
148102,2025-11-09,9 15 19 21 31 | 2
148103,2025-11-09,4 6 27 32 33 | 1
148104,2025-11-09,3 17 19 27 34 | 3
148105,2025-11-09,4 10 12 21 26 | 3
148106,2025-11-09,9 20 21 24 30 | 4
148107,2025-11-09,1 4 5 22 28 | 2
148108,2025-11-10,2 10 16 32 36 | 1
148109,2025-11-10,3 13 21 22 27 | 1
148110,2025-11-10,2 7 10 13 32 | 4
148111,2025-11-10,15 18 21 26 27 | 3
148112,2025-11-10,2 6 11 14 36 | 4
148113,2025-11-10,8 16 23 25 35 | 2
148114,2025-11-10,6 12 13 31 33 | 1
148115,2025-11-10,7 9 18 31 34 | 2
148116,2025-11-10,18 21 23 32 35 | 3
148117,2025-11-10,3 6 7 22 25 | 2
148118,2025-11-10,2 7 14 22 23 | 4
148119,2025-11-10,6 10 13 14 27 | 1
148120,2025-11-10,5 13 14 22 32 | 3
148121,2025-11-10,4 6 10 19 31 | 2
148122,2025-11-10,11 12 13 14 16 | 3
148123,2025-11-10,3 5 9 11 36 | 4
148124,2025-11-10,9 18 23 25 30 | 4
148125,2025-11-10,7 10 11 34 35 | 3
148126,2025-11-10,9 15 20 21 31 | 3
148127,2025-11-10,2 17 24 28 33 | 4
148128,2025-11-10,2 3 23 30 34 | 3
148129,2025-11-10,12 27 28 31 32 | 4
148130,2025-11-10,15 19 21 31 34 | 4
148131,2025-11-10,4 10 30 33 36 | 2
148132,2025-11-10,1 3 11 23 32 | 3
148133,2025-11-10,15 17 24 27 32 | 1
148134,2025-11-10,14 18 19 27 29 | 2
148135,2025-11-10,14 23 26 35 36 | 1
148136,2025-11-10,7 21 28 30 32 | 3
148137,2025-11-10,2 16 23 32 35 | 2
148138,2025-11-10,2 20 26 28 29 | 4
148139,2025-11-10,1 2 3 12 24 | 2
148140,2025-11-10,8 14 31 32 35 | 4
148141,2025-11-10,3 5 13 20 30 | 2
148142,2025-11-10,12 18 22 23 25 | 3
148143,2025-11-10,16 17 20 30 35 | 1
148144,2025-11-10,14 17 27 28 32 | 1
148145,2025-11-10,5 20 28 29 36 | 1
148146,2025-11-10,5 10 14 22 31 | 4
148147,2025-11-10,10 17 20 25 26 | 1
148148,2025-11-10,4 5 16 24 25 | 3
148149,2025-11-10,2 5 12 35 36 | 1
148150,2025-11-10,5 6 21 26 28 | 2
148151,2025-11-10,4 10 11 30 32 | 1
148152,2025-11-10,17 26 29 31 36 | 3
148153,2025-11-10,1 11 16 22 28 | 3
148154,2025-11-10,7 14 19 25 27 | 3
148155,2025-11-10,4 5 19 30 32 | 3
148156,2025-11-10,3 11 12 19 36 | 1
148157,2025-11-10,11 14 18 27 31 | 1
148158,2025-11-10,14 16 19 27 33 | 2
148159,2025-11-10,6 13 25 35 36 | 4
148160,2025-11-10,4 5 13 16 21 | 3
148161,2025-11-10,4 11 19 29 36 | 3
148162,2025-11-10,2 7 18 28 36 | 3
148163,2025-11-10,4 7 14 16 29 | 3
148164,2025-11-10,5 10 15 25 36 | 3
148165,2025-11-10,9 12 13 18 25 | 4
148166,2025-11-10,21 26 28 31 33 | 3
148167,2025-11-10,2 9 16 21 32 | 1
148168,2025-11-11,8 14 20 22 23 | 1
148169,2025-11-11,7 11 19 28 34 | 1
148170,2025-11-11,11 14 32 34 36 | 2
148171,2025-11-11,5 13 23 29 35 | 2
148172,2025-11-11,3 7 8 28 29 | 1
148173,2025-11-11,1 10 19 22 30 | 3
148174,2025-11-11,3 5 7 25 33 | 1
148175,2025-11-11,4 9 10 31 32 | 1
148176,2025-11-11,9 13 14 24 28 | 4
148177,2025-11-11,6 18 27 30 34 | 4
148178,2025-11-11,3 7 25 29 33 | 2
148179,2025-11-11,8 14 19 23 26 | 1
148180,2025-11-11,1 2 10 14 36 | 1
148181,2025-11-11,15 17 19 26 27 | 2
148182,2025-11-11,5 18 19 20 36 | 4
148183,2025-11-11,2 13 19 22 34 | 2
148184,2025-11-11,1 15 19 21 25 | 1
148185,2025-11-11,4 11 18 26 30 | 3
148186,2025-11-11,6 15 16 19 32 | 1
148187,2025-11-11,3 5 6 32 34 | 2
148188,2025-11-11,15 17 21 29 35 | 1
148189,2025-11-11,7 12 22 23 27 | 1
148190,2025-11-11,12 16 18 26 36 | 1
148191,2025-11-11,4 7 11 15 23 | 2
148192,2025-11-11,3 8 12 14 20 | 3
148193,2025-11-11,4 21 27 30 36 | 4
148194,2025-11-11,10 18 23 29 33 | 1
148195,2025-11-11,13 16 18 19 21 | 2
148196,2025-11-11,4 5 15 30 31 | 1
148197,2025-11-11,1 7 14 21 22 | 3
148198,2025-11-11,5 22 25 27 28 | 4
148199,2025-11-11,1 22 28 31 34 | 3
148200,2025-11-11,2 14 24 35 36 | 3
148201,2025-11-11,5 7 17 34 35 | 3
148202,2025-11-11,2 10 12 13 26 | 2
148203,2025-11-11,2 3 4 21 34 | 1
148204,2025-11-11,3 12 24 30 35 | 2
148205,2025-11-11,2 10 12 24 31 | 4
148206,2025-11-11,3 14 16 25 35 | 2
148207,2025-11-11,10 11 17 23 35 | 2
148208,2025-11-11,1 8 9 20 26 | 2
148209,2025-11-11,8 9 21 28 34 | 2
148210,2025-11-11,7 8 11 19 35 | 3
148211,2025-11-11,4 8 12 31 33 | 1
148212,2025-11-11,13 16 21 23 32 | 1
148213,2025-11-11,1 4 25 30 34 | 3
148214,2025-11-11,1 3 19 20 24 | 4
148215,2025-11-11,8 23 33 35 36 | 3
148216,2025-11-11,2 5 12 15 17 | 1
148217,2025-11-11,24 30 33 35 36 | 2
148218,2025-11-11,10 24 29 35 36 | 4
148219,2025-11-11,1 3 5 23 26 | 1
148220,2025-11-11,7 13 15 19 20 | 1
148221,2025-11-11,2 3 5 13 36 | 2
148222,2025-11-11,1 11 12 13 26 | 3
148223,2025-11-11,16 17 19 31 33 | 2
148224,2025-11-11,1 5 10 16 32 | 3
148225,2025-11-11,1 12 14 19 27 | 1
148226,2025-11-11,11 17 19 22 26 | 3
148227,2025-11-11,11 26 30 32 34 | 1
148228,2025-11-12,9 13 14 22 29 | 3
148229,2025-11-12,11 14 15 23 29 | 1
148230,2025-11-12,8 24 25 26 27 | 3
148231,2025-11-12,10 12 14 26 36 | 2
148232,2025-11-12,3 8 10 11 12 | 2
148233,2025-11-12,2 18 26 27 33 | 2
148234,2025-11-12,5 7 14 19 32 | 3
148235,2025-11-12,3 7 17 20 30 | 3
148236,2025-11-12,2 7 9 20 29 | 4
148237,2025-11-12,12 14 26 33 36 | 4
148238,2025-11-12,24 28 29 31 35 | 3
148239,2025-11-12,1 24 26 27 32 | 3
148240,2025-11-12,7 8 12 23 31 | 4
148241,2025-11-12,1 3 8 23 24 | 4
148242,2025-11-12,2 4 14 23 35 | 3
148243,2025-11-12,1 8 21 24 27 | 4
148244,2025-11-12,1 5 17 28 34 | 3
148245,2025-11-12,3 12 30 32 33 | 4
148246,2025-11-12,15 22 27 28 30 | 4
148247,2025-11-12,6 13 22 29 35 | 1
148248,2025-11-12,4 9 10 16 36 | 4
148249,2025-11-12,4 15 26 30 34 | 2
148250,2025-11-12,4 6 10 23 34 | 3
148251,2025-11-12,2 5 18 24 29 | 4
148252,2025-11-12,1 3 14 24 26 | 1
148253,2025-11-12,5 9 11 29 31 | 4
148254,2025-11-12,7 10 15 27 33 | 2
148255,2025-11-12,2 19 30 31 34 | 1
148256,2025-11-12,7 9 23 32 34 | 4
148257,2025-11-12,9 20 25 28 34 | 3
148258,2025-11-12,2 9 23 27 34 | 3
148259,2025-11-12,6 9 15 25 26 | 3
148260,2025-11-12,6 12 17 27 33 | 2
148261,2025-11-12,11 13 26 31 36 | 1
148262,2025-11-12,2 10 19 26 35 | 1
148263,2025-11-12,7 9 15 23 28 | 3
148264,2025-11-12,2 6 8 28 35 | 4
148265,2025-11-12,7 22 25 28 31 | 3
148266,2025-11-12,11 19 25 31 33 | 1
148267,2025-11-12,6 8 20 26 30 | 2
148268,2025-11-12,3 7 26 27 30 | 2
148269,2025-11-12,13 15 17 20 25 | 4
148270,2025-11-12,7 13 17 18 36 | 2
148271,2025-11-12,3 10 12 21 31 | 3
148272,2025-11-12,1 7 25 27 31 | 4
148273,2025-11-12,6 20 24 28 29 | 4
148274,2025-11-12,1 2 9 13 26 | 4
148275,2025-11-12,14 18 21 26 34 | 2
148276,2025-11-12,2 13 21 22 30 | 3
148277,2025-11-12,16 18 19 20 27 | 4
148278,2025-11-12,2 3 15 19 30 | 4
148279,2025-11-12,14 15 21 23 24 | 4
148280,2025-11-12,4 9 16 21 28 | 2
148281,2025-11-12,6 14 22 28 33 | 2
148282,2025-11-12,3 16 17 34 36 | 3
148283,2025-11-12,6 7 21 25 27 | 3
148284,2025-11-12,1 12 16 17 29 | 4
148285,2025-11-12,13 21 31 33 34 | 1
148286,2025-11-12,2 7 8 23 33 | 2
148287,2025-11-12,5 7 16 28 31 | 4
148288,2025-11-13,15 19 27 29 36 | 1
148289,2025-11-13,1 6 16 17 19 | 1
148290,2025-11-13,6 27 33 34 35 | 3
148291,2025-11-13,3 13 14 19 35 | 1
148292,2025-11-13,7 12 16 17 29 | 1
148293,2025-11-13,12 18 23 27 32 | 4
148294,2025-11-13,2 4 8 9 14 | 4
148295,2025-11-13,14 21 22 27 35 | 1
148296,2025-11-13,7 10 22 27 36 | 4
148297,2025-11-13,4 5 15 24 25 | 2
148298,2025-11-13,3 5 7 29 35 | 2
148299,2025-11-13,5 9 10 13 27 | 2
148300,2025-11-13,4 7 9 11 19 | 4
148301,2025-11-13,7 13 24 31 36 | 4
148302,2025-11-13,5 22 27 32 35 | 4
148303,2025-11-13,3 5 8 9 24 | 1
148304,2025-11-13,3 4 16 21 24 | 4
148305,2025-11-13,1 6 15 22 26 | 4
148306,2025-11-13,5 10 13 22 28 | 3
148307,2025-11-13,1 2 13 22 24 | 1
148308,2025-11-13,9 13 14 21 30 | 3
148309,2025-11-13,10 12 14 15 24 | 3
148310,2025-11-13,4 6 18 19 33 | 1
148311,2025-11-13,2 7 12 23 35 | 1
148312,2025-11-13,4 20 33 35 36 | 1
148313,2025-11-13,13 14 15 34 35 | 3
148314,2025-11-13,2 10 15 25 29 | 2
148315,2025-11-13,3 19 26 29 32 | 4
148316,2025-11-13,7 13 20 23 34 | 4
148317,2025-11-13,7 21 22 25 36 | 1
148318,2025-11-13,13 17 23 24 33 | 3
148319,2025-11-13,2 6 14 20 22 | 2
148320,2025-11-13,2 5 6 15 26 | 3
148321,2025-11-13,5 20 21 26 31 | 4
148322,2025-11-13,5 8 15 20 23 | 2
148323,2025-11-13,3 11 19 21 27 | 3
148324,2025-11-13,12 28 30 34 36 | 1
148325,2025-11-13,5 23 30 34 35 | 1
148326,2025-11-13,3 12 18 29 31 | 2
148327,2025-11-13,11 16 17 26 29 | 2
148328,2025-11-13,7 8 14 19 20 | 4
148329,2025-11-13,11 12 16 20 28 | 2
148330,2025-11-13,1 8 10 11 29 | 3
148331,2025-11-13,20 23 25 28 31 | 1
148332,2025-11-13,9 14 15 23 25 | 1
148333,2025-11-13,8 14 19 26 31 | 1
148334,2025-11-13,5 6 8 16 34 | 1
148335,2025-11-13,2 7 11 14 23 | 4
148336,2025-11-13,3 5 7 26 28 | 4
148337,2025-11-13,7 8 17 18 22 | 1
148338,2025-11-13,11 12 13 26 28 | 2
148339,2025-11-13,12 15 17 27 32 | 3
148340,2025-11-13,3 8 19 25 28 | 3
148341,2025-11-13,7 14 15 20 35 | 4
148342,2025-11-13,7 11 20 31 34 | 2
148343,2025-11-13,6 10 25 27 33 | 2
148344,2025-11-13,26 29 32 33 36 | 1
148345,2025-11-13,5 17 22 30 34 | 4
148346,2025-11-13,11 24 26 29 32 | 4
148347,2025-11-13,20 24 27 28 29 | 3
148348,2025-11-14,14 15 25 27 31 | 2
148350,2025-11-14,6 9 16 25 28 | 1
148351,2025-11-14,4 7 8 13 29 | 4
148352,2025-11-14,19 22 28 32 36 | 1
148353,2025-11-14,2 5 14 17 33 | 2
148354,2025-11-14,6 7 16 21 28 | 1
148355,2025-11-14,3 5 15 23 35 | 2
148356,2025-11-14,16 19 25 26 27 | 3
148357,2025-11-14,2 11 14 16 33 | 1
148358,2025-11-14,9 12 15 24 27 | 2
148359,2025-11-14,16 19 26 27 29 | 2
148360,2025-11-14,5 6 12 13 36 | 1
148361,2025-11-14,5 8 11 13 34 | 4
148362,2025-11-14,4 18 20 25 32 | 4
148363,2025-11-14,7 12 13 25 26 | 1
148364,2025-11-14,7 10 14 35 36 | 3
148365,2025-11-14,5 13 16 32 35 | 2
148366,2025-11-14,2 14 25 29 30 | 1
148367,2025-11-14,12 16 20 30 33 | 4
148368,2025-11-14,13 19 27 31 33 | 2
148369,2025-11-14,3 15 22 25 36 | 1
148370,2025-11-14,1 7 16 24 35 | 4
148371,2025-11-14,7 13 27 32 34 | 1
148372,2025-11-14,2 8 15 20 29 | 2
148373,2025-11-14,8 12 15 16 22 | 1
148374,2025-11-14,7 9 20 24 32 | 3
148375,2025-11-14,9 18 21 24 26 | 4
148376,2025-11-14,5 9 14 20 34 | 2
148377,2025-11-14,16 26 29 34 36 | 3
148378,2025-11-14,4 15 16 29 30 | 4
148379,2025-11-14,12 18 27 30 34 | 3
148380,2025-11-14,1 6 7 21 27 | 1
148381,2025-11-14,2 22 23 26 35 | 1
148382,2025-11-14,3 5 16 17 31 | 2
148383,2025-11-14,10 11 22 24 26 | 1
148384,2025-11-14,1 5 26 27 29 | 4
148385,2025-11-14,20 23 24 29 35 | 3
148386,2025-11-14,1 8 24 31 33 | 2
148387,2025-11-14,6 13 18 23 35 | 3
148388,2025-11-14,2 4 6 15 23 | 1
148389,2025-11-14,9 18 20 24 30 | 3
148390,2025-11-14,2 10 20 27 35 | 1
148391,2025-11-14,6 8 17 24 29 | 4
148392,2025-11-14,2 15 19 21 27 | 1
148393,2025-11-14,7 11 15 35 36 | 1
148394,2025-11-14,18 22 25 30 35 | 4
148395,2025-11-14,11 22 23 24 33 | 4
148396,2025-11-14,5 6 14 18 20 | 4
148397,2025-11-14,3 9 12 21 25 | 1
148398,2025-11-14,1 2 5 35 36 | 2
148399,2025-11-14,5 18 22 23 35 | 4
148400,2025-11-14,18 21 24 29 33 | 2
148401,2025-11-14,1 9 10 19 26 | 3
148402,2025-11-14,8 10 29 35 36 | 1
148403,2025-11-14,2 4 12 28 32 | 4
148404,2025-11-14,1 18 29 31 34 | 3
148405,2025-11-14,2 3 10 13 34 | 3
148406,2025-11-14,7 14 25 28 34 | 4
148407,2025-11-14,14 18 20 27 29 | 1
148408,2025-11-15,1 3 8 9 10 | 3
148409,2025-11-15,3 6 8 12 25 | 1
148410,2025-11-15,8 19 24 32 35 | 2
148411,2025-11-15,2 3 12 23 24 | 3
148412,2025-11-15,6 7 23 29 36 | 4
148413,2025-11-15,1 11 13 18 32 | 2
148414,2025-11-15,1 5 29 33 34 | 1
148415,2025-11-15,1 3 6 11 24 | 3
148416,2025-11-15,20 22 26 27 29 | 2
148417,2025-11-15,17 18 26 34 36 | 4
148418,2025-11-15,2 3 23 26 27 | 4
148419,2025-11-15,5 22 23 26 35 | 2
148420,2025-11-15,10 16 22 29 32 | 4
148421,2025-11-15,3 8 13 19 33 | 2
148422,2025-11-15,10 12 15 32 36 | 2
148423,2025-11-15,2 3 4 10 31 | 3
148424,2025-11-15,2 4 8 10 15 | 3
148425,2025-11-15,4 13 14 22 27 | 2
148426,2025-11-15,4 6 11 19 23 | 3
148427,2025-11-15,4 8 13 23 26 | 4
148428,2025-11-15,10 11 27 28 29 | 4
148429,2025-11-15,4 8 9 14 36 | 3
148430,2025-11-15,6 15 18 20 23 | 3
148431,2025-11-15,2 6 13 16 20 | 1
148432,2025-11-15,1 13 25 26 27 | 1
148433,2025-11-15,1 28 30 33 36 | 4
148434,2025-11-15,5 11 23 28 32 | 4
148435,2025-11-15,2 13 21 22 36 | 1
148436,2025-11-15,1 4 26 28 36 | 3
148437,2025-11-15,3 4 13 18 24 | 1
148438,2025-11-15,2 3 14 21 34 | 1
148439,2025-11-15,9 16 21 28 32 | 4
148440,2025-11-15,2 5 6 26 31 | 4
148441,2025-11-15,3 17 21 23 34 | 4
148442,2025-11-15,6 13 15 31 36 | 3
148443,2025-11-15,13 16 23 31 32 | 1
148444,2025-11-15,1 8 12 20 23 | 1
148445,2025-11-15,1 17 21 30 33 | 3
148446,2025-11-15,7 11 29 32 34 | 3
148447,2025-11-15,4 15 20 23 26 | 1
148448,2025-11-15,12 15 16 23 26 | 3
148449,2025-11-15,1 7 24 28 30 | 3
148450,2025-11-15,3 13 17 20 29 | 2
148451,2025-11-15,3 4 11 28 33 | 1
148452,2025-11-15,7 12 18 19 34 | 3
148453,2025-11-15,1 6 12 18 35 | 4
148454,2025-11-15,15 21 25 31 34 | 4
148455,2025-11-15,16 17 27 30 33 | 1
148456,2025-11-15,8 14 18 24 34 | 3
148457,2025-11-15,2 3 10 22 28 | 1
148458,2025-11-15,1 5 12 21 34 | 3
148459,2025-11-15,1 4 7 24 30 | 2
148460,2025-11-15,5 11 16 19 33 | 2
148461,2025-11-15,2 8 23 30 36 | 2
148462,2025-11-15,7 16 19 28 29 | 1
148463,2025-11-15,7 12 15 17 19 | 4
148464,2025-11-15,7 16 23 24 26 | 1
148465,2025-11-15,1 3 16 22 25 | 3
148466,2025-11-15,8 13 20 23 26 | 3
148467,2025-11-15,3 4 10 18 22 | 1
148468,2025-11-16,8 10 18 25 34 | 1
148469,2025-11-16,9 11 13 17 28 | 4
148470,2025-11-16,8 13 15 20 28 | 4
148471,2025-11-16,1 2 15 21 31 | 4
148472,2025-11-16,1 14 22 24 33 | 2
148473,2025-11-16,5 14 16 24 27 | 4
148474,2025-11-16,6 20 27 29 30 | 3
148475,2025-11-16,19 22 25 29 36 | 2
148476,2025-11-16,11 17 23 29 34 | 4
148477,2025-11-16,5 9 20 26 34 | 2
148478,2025-11-16,1 3 16 26 29 | 1
148479,2025-11-16,1 28 33 34 35 | 3
148480,2025-11-16,21 23 28 29 34 | 2
148481,2025-11-16,1 6 8 26 32 | 3
148482,2025-11-16,8 14 23 27 30 | 4
148483,2025-11-16,5 9 12 15 23 | 4
148484,2025-11-16,15 20 28 29 33 | 2
148485,2025-11-16,4 14 22 24 28 | 3
148486,2025-11-16,6 13 16 23 27 | 4
148487,2025-11-16,2 9 21 24 26 | 1
148488,2025-11-16,8 10 27 28 31 | 2
148489,2025-11-16,1 4 12 16 21 | 2
148490,2025-11-16,1 5 14 18 29 | 3
148491,2025-11-16,7 14 24 34 36 | 4
148492,2025-11-16,8 17 28 30 31 | 1
148493,2025-11-16,5 7 14 21 29 | 2
148494,2025-11-16,1 15 24 27 29 | 4
148495,2025-11-16,3 13 15 25 33 | 2
148496,2025-11-16,11 15 17 27 36 | 4
148497,2025-11-16,7 9 11 24 29 | 2
148498,2025-11-16,17 18 19 27 32 | 3
148499,2025-11-16,9 14 23 30 32 | 4
148500,2025-11-16,2 20 22 32 34 | 3
148501,2025-11-16,17 22 32 33 34 | 4
148502,2025-11-16,11 19 25 27 28 | 4
148503,2025-11-16,3 15 29 31 35 | 4
148504,2025-11-16,7 12 14 32 33 | 1
148505,2025-11-16,7 18 20 25 32 | 2
148506,2025-11-16,8 9 14 16 19 | 3
148507,2025-11-16,1 2 7 12 24 | 3
148508,2025-11-16,10 13 22 30 33 | 3
148509,2025-11-16,1 3 20 26 30 | 3
148510,2025-11-16,11 16 17 29 35 | 2
148511,2025-11-16,3 21 33 35 36 | 1
148512,2025-11-16,2 4 5 12 23 | 3
148513,2025-11-16,1 3 11 19 27 | 1
148514,2025-11-16,4 6 20 21 35 | 4
148515,2025-11-16,2 6 16 33 36 | 3
148516,2025-11-16,7 12 18 25 31 | 3
148517,2025-11-16,4 13 14 15 30 | 4
148518,2025-11-16,17 21 26 30 36 | 3
148519,2025-11-16,1 11 13 17 18 | 4
148520,2025-11-16,7 13 15 24 27 | 1
148521,2025-11-16,9 16 21 24 27 | 3
148522,2025-11-16,7 11 27 29 34 | 3
148523,2025-11-16,1 4 8 16 19 | 1
148524,2025-11-16,1 10 17 21 26 | 4
148525,2025-11-16,1 22 26 30 31 | 3
148526,2025-11-16,2 13 33 35 36 | 4
148527,2025-11-16,8 9 18 26 27 | 1
148528,2025-11-17,6 14 20 30 31 | 2
148529,2025-11-17,5 22 25 26 27 | 1
148530,2025-11-17,2 10 14 26 31 | 2
148531,2025-11-17,12 21 25 26 36 | 2
148532,2025-11-17,14 24 25 26 30 | 2
148533,2025-11-17,3 10 12 15 32 | 1
148534,2025-11-17,1 10 16 31 36 | 3
148535,2025-11-17,5 14 18 19 30 | 2
148536,2025-11-17,9 15 16 28 36 | 1
148537,2025-11-17,12 24 25 29 35 | 1
148538,2025-11-17,4 18 24 30 36 | 1
148539,2025-11-17,8 25 28 34 36 | 1
148540,2025-11-17,3 12 16 25 28 | 2
148541,2025-11-17,4 6 16 20 22 | 4
148542,2025-11-17,10 23 31 32 36 | 3
148543,2025-11-17,2 7 18 27 34 | 1
148544,2025-11-17,3 10 14 15 23 | 1
148545,2025-11-17,1 5 19 31 35 | 2
148546,2025-11-17,4 7 13 22 35 | 4
148547,2025-11-17,6 14 32 33 34 | 4
148548,2025-11-17,10 16 22 24 34 | 2
148549,2025-11-17,12 15 22 29 30 | 1
148550,2025-11-17,14 15 16 27 29 | 3
148551,2025-11-17,6 7 11 12 15 | 4
148552,2025-11-17,9 11 14 21 32 | 4
148553,2025-11-17,7 25 27 30 36 | 1
148554,2025-11-17,6 14 20 32 35 | 1
148555,2025-11-17,4 12 20 21 33 | 2
148556,2025-11-17,4 5 15 35 36 | 2
148557,2025-11-17,6 17 29 30 31 | 4
148558,2025-11-17,15 23 25 31 34 | 4
148559,2025-11-17,5 9 13 23 31 | 1
148560,2025-11-17,1 4 21 24 33 | 2
148561,2025-11-17,14 22 27 35 36 | 3
148562,2025-11-17,5 19 24 27 30 | 1
148563,2025-11-17,1 6 8 14 18 | 2
148564,2025-11-17,1 8 13 18 23 | 1
148565,2025-11-17,10 20 25 26 28 | 4
148566,2025-11-17,4 6 18 27 28 | 3
148567,2025-11-17,7 10 22 31 33 | 4
148568,2025-11-17,1 2 4 19 29 | 2
148569,2025-11-17,4 8 18 21 29 | 1
148570,2025-11-17,4 10 12 21 29 | 1
148571,2025-11-17,3 10 14 17 27 | 1
148572,2025-11-17,2 3 7 14 27 | 2
148573,2025-11-17,4 6 9 10 19 | 1
148574,2025-11-17,14 16 17 30 34 | 3
148575,2025-11-17,7 10 29 35 36 | 4
148576,2025-11-17,2 8 9 31 34 | 2
148577,2025-11-17,7 11 18 33 36 | 1
148578,2025-11-17,6 14 15 20 31 | 2
148579,2025-11-17,2 3 21 26 29 | 3
148580,2025-11-17,8 17 28 30 32 | 4
148581,2025-11-17,16 21 23 28 33 | 3
148582,2025-11-17,8 11 20 34 35 | 1
148583,2025-11-17,3 9 12 13 32 | 4
148584,2025-11-17,8 22 27 28 36 | 3
148585,2025-11-17,5 11 18 27 33 | 2
148586,2025-11-17,6 18 23 25 30 | 3
148587,2025-11-17,9 16 19 30 34 | 3
148588,2025-11-18,5 12 17 32 33 | 2
148589,2025-11-18,1 7 10 15 31 | 2
148590,2025-11-18,12 26 29 30 35 | 1
148591,2025-11-18,14 17 23 24 27 | 3
148592,2025-11-18,5 8 16 23 26 | 4
148593,2025-11-18,9 14 23 31 33 | 1
148594,2025-11-18,9 12 15 20 33 | 3
148595,2025-11-18,1 5 16 29 33 | 1
148596,2025-11-18,6 7 10 29 32 | 2
148597,2025-11-18,3 20 33 34 36 | 2
148598,2025-11-18,15 16 25 27 32 | 1
148599,2025-11-18,21 23 24 33 36 | 2
148600,2025-11-18,7 11 24 27 28 | 3
148601,2025-11-18,11 12 22 24 27 | 4
148602,2025-11-18,7 12 16 19 33 | 1
148603,2025-11-18,15 30 33 34 35 | 2
148604,2025-11-18,7 19 24 28 31 | 4
148605,2025-11-18,3 6 22 34 36 | 4
148606,2025-11-18,10 12 16 26 31 | 1
148607,2025-11-18,3 8 15 30 36 | 3
148608,2025-11-18,15 17 21 28 31 | 4
148609,2025-11-18,1 8 13 29 35 | 1
148610,2025-11-18,11 14 18 21 34 | 2
148611,2025-11-18,13 21 22 24 26 | 4
148612,2025-11-18,1 2 19 22 28 | 2
148613,2025-11-18,12 15 24 34 35 | 4
148614,2025-11-18,6 8 18 26 36 | 1
148615,2025-11-18,15 17 27 30 34 | 1
148616,2025-11-18,7 26 32 34 36 | 2
148617,2025-11-18,11 24 30 32 33 | 4
148618,2025-11-18,9 12 27 32 33 | 4
148619,2025-11-18,1 23 28 35 36 | 3
148620,2025-11-18,10 18 19 20 21 | 2
148621,2025-11-18,12 13 21 23 28 | 2
148622,2025-11-18,3 7 10 11 20 | 1
148623,2025-11-18,1 2 21 27 29 | 2
148624,2025-11-18,9 11 19 29 35 | 1
148625,2025-11-18,5 14 20 23 32 | 4
148626,2025-11-18,10 12 17 31 36 | 4
148627,2025-11-18,1 4 27 34 36 | 3
148628,2025-11-18,3 8 10 12 25 | 4
148629,2025-11-18,5 9 21 28 32 | 2
148630,2025-11-18,2 17 19 22 23 | 4
148631,2025-11-18,2 6 15 23 32 | 1
148632,2025-11-18,4 11 19 29 35 | 3
148633,2025-11-18,9 15 17 18 30 | 1
148634,2025-11-18,13 26 28 30 35 | 3
148635,2025-11-18,7 10 24 26 35 | 2
148636,2025-11-18,2 9 13 24 26 | 3
148637,2025-11-18,6 13 14 27 30 | 1
148638,2025-11-18,19 21 33 35 36 | 1
148639,2025-11-18,9 11 19 20 25 | 3
148640,2025-11-18,3 4 20 22 31 | 4
148641,2025-11-18,2 5 17 31 35 | 4
148642,2025-11-18,6 14 15 30 35 | 3
148643,2025-11-18,12 19 23 26 31 | 3
148644,2025-11-18,9 13 15 16 18 | 1
148645,2025-11-18,1 17 21 25 34 | 3
148646,2025-11-18,3 7 12 26 30 | 2
148647,2025-11-18,1 6 13 22 29 | 4
148648,2025-11-19,3 9 22 25 31 | 4
148649,2025-11-19,5 10 11 28 35 | 3
148650,2025-11-19,3 5 9 14 15 | 1
148651,2025-11-19,8 12 19 21 27 | 3
148652,2025-11-19,10 12 27 32 35 | 3
148653,2025-11-19,1 19 21 27 32 | 4
148654,2025-11-19,5 6 22 25 28 | 2
148655,2025-11-19,3 6 17 20 22 | 2
148656,2025-11-19,5 8 20 28 36 | 1
148657,2025-11-19,12 13 20 21 22 | 2
148658,2025-11-19,5 9 10 25 36 | 3
148659,2025-11-19,5 7 17 26 29 | 1
148660,2025-11-19,4 11 16 31 36 | 2
148661,2025-11-19,6 11 16 33 35 | 3
148662,2025-11-19,6 10 14 26 32 | 2
148663,2025-11-19,5 14 17 20 22 | 1
148664,2025-11-19,1 18 26 30 34 | 4
148665,2025-11-19,1 19 29 31 33 | 3
148666,2025-11-19,11 12 24 27 29 | 3
148667,2025-11-19,2 7 12 14 19 | 2
148668,2025-11-19,9 11 15 25 35 | 3
148669,2025-11-19,13 15 16 19 25 | 2
148670,2025-11-19,3 8 12 27 29 | 2
148671,2025-11-19,5 7 14 18 33 | 2
148672,2025-11-19,1 9 13 17 25 | 3
148673,2025-11-19,5 11 15 23 30 | 3
148674,2025-11-19,2 12 18 30 35 | 1
148675,2025-11-19,9 14 26 32 33 | 1
148676,2025-11-19,11 23 26 28 31 | 3
148677,2025-11-19,14 17 19 34 36 | 1
148678,2025-11-19,5 8 15 19 33 | 4
148679,2025-11-19,5 7 17 22 32 | 1
148680,2025-11-19,5 20 22 25 35 | 2
148681,2025-11-19,9 10 18 19 34 | 4
148682,2025-11-19,13 22 34 35 36 | 3
148683,2025-11-19,6 7 15 27 29 | 1
148684,2025-11-19,4 13 27 33 34 | 3
148685,2025-11-19,6 8 11 19 24 | 3
148686,2025-11-19,10 12 18 25 33 | 2
148687,2025-11-19,7 16 18 21 36 | 1
148688,2025-11-19,13 18 20 29 35 | 1
148689,2025-11-19,5 13 27 30 31 | 1
148690,2025-11-19,11 20 24 25 29 | 3
148691,2025-11-19,6 11 12 23 32 | 2
148692,2025-11-19,1 8 15 33 34 | 1
148693,2025-11-19,9 13 16 24 31 | 3
148694,2025-11-19,15 17 19 21 32 | 1
148695,2025-11-19,5 7 8 10 14 | 2
148696,2025-11-19,8 9 18 22 26 | 2
148697,2025-11-19,4 8 12 17 36 | 1
148698,2025-11-19,7 27 30 35 36 | 3
148699,2025-11-19,6 7 9 12 34 | 4
148700,2025-11-19,4 6 10 27 28 | 4
148701,2025-11-19,2 19 21 23 27 | 2
148702,2025-11-19,12 16 20 26 36 | 3
148703,2025-11-19,15 16 17 27 31 | 2
148704,2025-11-19,1 7 9 30 31 | 3
148705,2025-11-19,12 22 25 29 30 | 3
148706,2025-11-19,11 16 25 29 33 | 4
148707,2025-11-19,4 7 8 12 35 | 1
148708,2025-11-20,1 3 16 20 34 | 1
148709,2025-11-20,11 19 23 28 33 | 1
148710,2025-11-20,15 17 30 31 36 | 2
148711,2025-11-20,13 16 21 26 34 | 4
148712,2025-11-20,7 8 10 16 22 | 2
148713,2025-11-20,1 4 12 21 30 | 4
148714,2025-11-20,8 13 25 28 30 | 3
148715,2025-11-20,14 16 24 26 36 | 2
148716,2025-11-20,15 21 29 31 32 | 3
148717,2025-11-20,2 7 28 33 36 | 3
148718,2025-11-20,4 20 24 25 27 | 1
148719,2025-11-20,13 20 26 28 32 | 3
148720,2025-11-20,10 12 24 32 33 | 3
148721,2025-11-20,1 7 12 16 17 | 4
148722,2025-11-20,10 17 21 23 32 | 2
148723,2025-11-20,8 14 24 27 35 | 4
148724,2025-11-20,1 2 11 14 33 | 2
148725,2025-11-20,5 9 12 18 19 | 3
148726,2025-11-20,9 12 24 29 31 | 3
148727,2025-11-20,4 9 23 26 33 | 2
148728,2025-11-20,5 6 16 23 30 | 2
148729,2025-11-20,8 18 24 25 31 | 4
148730,2025-11-20,6 8 16 22 31 | 4
148731,2025-11-20,4 14 25 27 36 | 2
148732,2025-11-20,4 14 20 21 29 | 3
148733,2025-11-20,1 3 22 26 30 | 1
148734,2025-11-20,1 2 9 21 24 | 4
148735,2025-11-20,6 9 10 24 34 | 1
148736,2025-11-20,8 9 15 17 19 | 1
148737,2025-11-20,4 18 22 24 34 | 4
148738,2025-11-20,1 6 8 17 24 | 1
148739,2025-11-20,6 16 19 20 34 | 2
148740,2025-11-20,2 15 18 25 30 | 1
148741,2025-11-20,5 14 16 34 35 | 2
148742,2025-11-20,5 28 33 34 36 | 4
148743,2025-11-20,4 6 13 18 24 | 2
148744,2025-11-20,8 27 34 35 36 | 2
148745,2025-11-20,6 7 10 20 30 | 2
148746,2025-11-20,11 24 28 34 36 | 3
148747,2025-11-20,5 14 24 25 28 | 2
148748,2025-11-20,22 29 33 34 35 | 4
148749,2025-11-20,4 14 15 29 33 | 3
148750,2025-11-20,12 15 17 19 22 | 3
148751,2025-11-20,4 10 11 22 35 | 2
148752,2025-11-20,1 17 30 31 32 | 4
148753,2025-11-20,1 4 7 10 21 | 2
148754,2025-11-20,1 2 4 23 25 | 4
148755,2025-11-20,1 19 20 24 36 | 4
148756,2025-11-20,8 10 32 33 35 | 4
148757,2025-11-20,7 10 20 30 33 | 3
148758,2025-11-20,2 9 21 30 36 | 4
148759,2025-11-20,7 13 15 20 23 | 2
148760,2025-11-20,1 7 19 26 28 | 2
148761,2025-11-20,2 11 13 17 35 | 1
148762,2025-11-20,8 12 14 23 35 | 2
148763,2025-11-20,9 23 25 34 35 | 1
148764,2025-11-20,9 12 24 29 36 | 2
148765,2025-11-20,9 11 18 24 34 | 1
148766,2025-11-20,18 22 23 33 36 | 1
148767,2025-11-20,2 15 18 20 30 | 2
148768,2025-11-21,8 15 22 29 34 | 1
148769,2025-11-21,6 21 25 30 31 | 1
148770,2025-11-21,2 10 13 15 24 | 3
148771,2025-11-21,11 13 18 27 33 | 3
148772,2025-11-21,1 3 5 6 17 | 3
148773,2025-11-21,2 3 13 15 24 | 2
148774,2025-11-21,6 9 10 23 25 | 1
148775,2025-11-21,12 15 21 26 35 | 4
148776,2025-11-21,8 10 30 31 32 | 2
148777,2025-11-21,5 20 21 23 25 | 1
148778,2025-11-21,10 14 24 27 34 | 2
148779,2025-11-21,5 9 12 15 18 | 4
148780,2025-11-21,3 5 6 19 20 | 4
148781,2025-11-21,6 12 22 32 34 | 3
148782,2025-11-21,2 25 28 33 36 | 1
148783,2025-11-21,12 17 22 32 35 | 2
148784,2025-11-21,11 12 13 22 25 | 2
148785,2025-11-21,3 6 19 24 30 | 3
148786,2025-11-21,4 13 18 22 32 | 1
148787,2025-11-21,6 10 20 29 34 | 2
148788,2025-11-21,2 7 10 13 29 | 3
148789,2025-11-21,1 10 13 21 26 | 2
148790,2025-11-21,17 24 25 32 33 | 1
148791,2025-11-21,5 18 23 25 31 | 2
148792,2025-11-21,9 11 18 32 33 | 2
148793,2025-11-21,8 14 19 27 32 | 4
148794,2025-11-21,1 4 15 32 35 | 2
148795,2025-11-21,9 11 13 27 28 | 2
148796,2025-11-21,2 6 15 25 35 | 2
148797,2025-11-21,10 11 12 26 30 | 1
148798,2025-11-21,1 7 18 27 29 | 4
148799,2025-11-21,8 11 14 35 36 | 2
148800,2025-11-21,1 12 14 25 32 | 2
148801,2025-11-21,7 8 12 17 28 | 3
148802,2025-11-21,6 14 16 24 35 | 3
148803,2025-11-21,5 8 13 21 32 | 2
148804,2025-11-21,16 17 21 24 29 | 1
148805,2025-11-21,7 15 18 19 23 | 4
148806,2025-11-21,7 19 23 31 32 | 1
148807,2025-11-21,3 4 20 21 28 | 2
148808,2025-11-21,4 12 17 24 26 | 2
148809,2025-11-21,9 10 12 31 32 | 3
148810,2025-11-21,3 11 13 15 21 | 4
148811,2025-11-21,3 5 6 13 16 | 4
148812,2025-11-21,4 5 17 20 25 | 4
148813,2025-11-21,4 14 19 23 32 | 2
148814,2025-11-21,10 13 24 29 32 | 3
148815,2025-11-21,5 6 22 28 32 | 1
148816,2025-11-21,7 14 19 22 30 | 4
148817,2025-11-21,17 24 26 30 31 | 3
148818,2025-11-21,3 5 9 18 30 | 3
148819,2025-11-21,2 7 10 14 22 | 4
148820,2025-11-21,3 7 19 22 32 | 3
148821,2025-11-21,17 23 29 31 32 | 3
148822,2025-11-21,7 16 21 25 35 | 1
148823,2025-11-21,7 10 18 24 27 | 3
148824,2025-11-21,5 17 18 23 30 | 3
148825,2025-11-21,2 15 22 29 33 | 3
148826,2025-11-21,7 14 19 28 30 | 1
148827,2025-11-21,7 11 13 33 34 | 2
148828,2025-11-22,9 15 20 22 23 | 3
148829,2025-11-22,1 9 15 19 21 | 3
148830,2025-11-22,7 8 24 31 32 | 2
148831,2025-11-22,11 18 25 27 30 | 3
148832,2025-11-22,4 7 9 17 31 | 4
148833,2025-11-22,2 15 16 22 30 | 2
148834,2025-11-22,2 3 5 17 27 | 4
148835,2025-11-22,12 17 24 25 30 | 4
148836,2025-11-22,4 8 9 12 25 | 4
148837,2025-11-22,2 5 7 16 26 | 2
148838,2025-11-22,1 6 11 13 22 | 3
148839,2025-11-22,1 2 7 12 28 | 1
148840,2025-11-22,1 14 27 28 29 | 3
148841,2025-11-22,7 12 13 17 20 | 4
148842,2025-11-22,2 6 10 23 32 | 2
148843,2025-11-22,7 17 24 35 36 | 3
148844,2025-11-22,2 4 8 11 20 | 4
148845,2025-11-22,3 6 15 18 29 | 4
148846,2025-11-22,2 7 9 27 30 | 3
148847,2025-11-22,6 7 17 21 32 | 4
148848,2025-11-22,3 10 14 20 25 | 2
148849,2025-11-22,1 14 17 27 31 | 2
148850,2025-11-22,3 6 19 27 34 | 4
148851,2025-11-22,7 16 26 31 33 | 2
148852,2025-11-22,1 2 11 20 24 | 4
148853,2025-11-22,7 13 18 26 34 | 2
148854,2025-11-22,11 13 15 22 29 | 1
148855,2025-11-22,1 5 34 35 36 | 2
148856,2025-11-22,16 17 25 27 34 | 1
148857,2025-11-22,1 6 11 12 33 | 2
148858,2025-11-22,8 9 13 29 30 | 2
148859,2025-11-22,12 13 22 30 31 | 4
148860,2025-11-22,8 15 17 19 23 | 2
148861,2025-11-22,1 16 18 20 32 | 3
148862,2025-11-22,5 15 22 34 35 | 4
148863,2025-11-22,3 14 16 26 28 | 2
148864,2025-11-22,2 4 9 30 33 | 1
148865,2025-11-22,12 16 17 19 25 | 1
148866,2025-11-22,3 10 27 28 30 | 4
148867,2025-11-22,22 29 30 32 34 | 2
148868,2025-11-22,11 13 30 35 36 | 2
148869,2025-11-22,2 6 9 11 19 | 2
148870,2025-11-22,9 14 20 24 31 | 4
148871,2025-11-22,11 12 15 23 32 | 3
148872,2025-11-22,3 13 24 28 29 | 3
148873,2025-11-22,5 17 28 31 34 | 4
148874,2025-11-22,3 11 13 27 31 | 3
148875,2025-11-22,9 10 12 29 31 | 4
148876,2025-11-22,10 13 20 25 26 | 1
148877,2025-11-22,20 22 23 31 33 | 2
148878,2025-11-22,12 21 25 33 34 | 4
148879,2025-11-22,5 23 25 28 34 | 2
148880,2025-11-22,7 9 20 22 25 | 1
148881,2025-11-22,1 10 20 23 32 | 3
148882,2025-11-22,19 21 25 31 36 | 3
148883,2025-11-22,7 15 20 21 24 | 3
148884,2025-11-22,1 12 30 31 34 | 3
148885,2025-11-22,6 20 22 31 36 | 2
148886,2025-11-22,23 28 29 32 36 | 1
148887,2025-11-22,10 19 22 27 34 | 2
148888,2025-11-23,1 3 16 25 27 | 3
148889,2025-11-23,4 13 25 27 30 | 2
148890,2025-11-23,3 17 27 31 36 | 2
148891,2025-11-23,6 7 20 26 30 | 3
148892,2025-11-23,1 2 3 12 26 | 4
148893,2025-11-23,7 8 20 33 36 | 4
148894,2025-11-23,7 17 21 25 36 | 1
148895,2025-11-23,4 6 12 13 16 | 2
148896,2025-11-23,4 5 21 27 32 | 2
148897,2025-11-23,1 4 7 23 32 | 4
148898,2025-11-23,1 11 16 20 27 | 3
148899,2025-11-23,3 7 14 19 36 | 1
148900,2025-11-23,14 21 30 32 36 | 4
148901,2025-11-23,9 18 19 29 30 | 3
148902,2025-11-23,8 14 16 17 30 | 2
148903,2025-11-23,1 3 6 7 13 | 2
148904,2025-11-23,4 10 17 25 31 | 4
148905,2025-11-23,16 18 21 30 36 | 2
148906,2025-11-23,5 6 13 25 33 | 1
148907,2025-11-23,3 5 10 20 31 | 4
148908,2025-11-23,1 16 17 20 33 | 3
148909,2025-11-23,5 9 14 23 28 | 3
148910,2025-11-23,16 17 19 24 35 | 3
148911,2025-11-23,10 13 28 30 36 | 3
148912,2025-11-23,14 19 22 31 33 | 3
148913,2025-11-23,4 10 19 25 33 | 4
148914,2025-11-23,14 15 23 27 28 | 4
148915,2025-11-23,4 23 26 28 36 | 2
148916,2025-11-23,13 20 26 30 31 | 1
148917,2025-11-23,5 8 15 22 31 | 2
148918,2025-11-23,16 17 24 32 35 | 4
148919,2025-11-23,2 14 22 32 34 | 4
148920,2025-11-23,1 4 6 30 35 | 3
148921,2025-11-23,4 7 24 26 30 | 4
148922,2025-11-23,8 13 19 27 33 | 1
148923,2025-11-23,10 12 15 29 33 | 3
148924,2025-11-23,4 9 11 18 21 | 2
148925,2025-11-23,4 11 20 27 33 | 2
148926,2025-11-23,9 14 28 35 36 | 1
148927,2025-11-23,2 3 9 27 30 | 1
148928,2025-11-23,2 3 7 12 25 | 1
148929,2025-11-23,6 24 25 34 36 | 4
148930,2025-11-23,4 15 17 26 30 | 4
148931,2025-11-23,2 9 13 35 36 | 3
148932,2025-11-23,9 10 17 21 27 | 3
148933,2025-11-23,3 14 19 28 32 | 3
148934,2025-11-23,12 16 20 22 36 | 1
148935,2025-11-23,8 14 19 20 24 | 1
148936,2025-11-23,5 12 15 21 33 | 3
148937,2025-11-23,7 13 16 19 34 | 2
148938,2025-11-23,11 19 21 28 36 | 2
148939,2025-11-23,4 17 21 27 36 | 3
148940,2025-11-23,11 12 21 30 32 | 4
148941,2025-11-23,7 11 16 24 31 | 1
148942,2025-11-23,1 5 14 21 35 | 3
148943,2025-11-23,3 9 10 15 24 | 2
148944,2025-11-23,3 4 6 12 20 | 4
148945,2025-11-23,5 11 26 28 36 | 2
148946,2025-11-23,6 11 14 22 31 | 3
148947,2025-11-23,1 3 6 10 33 | 3
148948,2025-11-24,3 9 17 22 24 | 4
148949,2025-11-24,7 12 13 25 27 | 4
148950,2025-11-24,9 12 16 21 32 | 2
148951,2025-11-24,1 10 13 23 28 | 4
148952,2025-11-24,6 15 19 20 25 | 1
148953,2025-11-24,6 13 22 31 33 | 2
148954,2025-11-24,13 17 27 29 35 | 1
148955,2025-11-24,2 5 15 16 18 | 4
148956,2025-11-24,2 23 29 33 34 | 4
148957,2025-11-24,6 11 12 20 21 | 4
148958,2025-11-24,23 29 32 35 36 | 2
148959,2025-11-24,2 5 26 28 32 | 1
148960,2025-11-24,9 13 14 24 30 | 2
148961,2025-11-24,4 17 20 28 32 | 3
148962,2025-11-24,5 14 18 19 25 | 3
148963,2025-11-24,7 13 23 27 34 | 2
148964,2025-11-24,6 9 14 16 19 | 1
148965,2025-11-24,4 5 6 19 31 | 4
148966,2025-11-24,7 19 23 25 34 | 1
148967,2025-11-24,4 16 23 28 33 | 1
148968,2025-11-24,1 12 13 19 32 | 4
148969,2025-11-24,1 12 13 31 32 | 3
148970,2025-11-24,10 12 18 19 22 | 1
148971,2025-11-24,2 5 13 18 22 | 2
148972,2025-11-24,9 12 13 18 19 | 2
148973,2025-11-24,3 10 23 28 35 | 3
148974,2025-11-24,12 15 21 35 36 | 1
148975,2025-11-24,2 5 8 14 32 | 2
148976,2025-11-24,7 10 23 29 32 | 4
148977,2025-11-24,10 14 29 34 35 | 3
148978,2025-11-24,6 7 12 17 35 | 1
148979,2025-11-24,1 6 15 29 30 | 4
148980,2025-11-24,13 16 22 32 36 | 3
148981,2025-11-24,1 3 13 21 27 | 1
148982,2025-11-24,2 8 26 28 30 | 1
148983,2025-11-24,11 26 30 33 36 | 1
148984,2025-11-24,4 8 24 32 33 | 4
148985,2025-11-24,2 16 21 33 35 | 2
148986,2025-11-24,3 4 28 30 35 | 4
148987,2025-11-24,2 18 24 27 29 | 4
148988,2025-11-24,9 17 27 28 31 | 2
148989,2025-11-24,1 24 26 28 31 | 3
148990,2025-11-24,3 10 17 23 33 | 2
148991,2025-11-24,1 8 11 12 24 | 4
148992,2025-11-24,8 9 15 17 29 | 1
148993,2025-11-24,6 11 18 22 32 | 2
148994,2025-11-24,20 27 29 31 36 | 2
148995,2025-11-24,13 24 27 29 34 | 3
148996,2025-11-24,9 16 23 24 25 | 4
148997,2025-11-24,7 9 18 19 28 | 4
148998,2025-11-24,3 5 18 27 28 | 2
148999,2025-11-24,11 12 24 29 30 | 3
149000,2025-11-24,15 21 22 29 31 | 2
149001,2025-11-24,3 5 19 20 24 | 3
149002,2025-11-24,9 13 19 24 36 | 1
149003,2025-11-24,8 13 14 26 27 | 4
149004,2025-11-24,5 13 18 23 33 | 2
149005,2025-11-24,2 23 27 29 31 | 1
149006,2025-11-24,9 13 19 30 33 | 1
149007,2025-11-24,8 14 24 33 35 | 2
149008,2025-11-25,11 16 25 29 35 | 4
149009,2025-11-25,13 17 27 30 33 | 3
149010,2025-11-25,22 23 25 31 35 | 4
149011,2025-11-25,9 11 14 15 31 | 3
149012,2025-11-25,3 9 19 20 31 | 2
149013,2025-11-25,14 19 25 30 35 | 1
149014,2025-11-25,2 17 24 29 36 | 2
149015,2025-11-25,5 10 13 17 20 | 2
149016,2025-11-25,10 16 26 28 30 | 2
149017,2025-11-25,4 15 22 26 32 | 1
149018,2025-11-25,3 8 20 24 35 | 1
149019,2025-11-25,2 10 12 24 33 | 3
149020,2025-11-25,4 18 23 31 36 | 1
149021,2025-11-25,2 5 14 15 26 | 3
149022,2025-11-25,5 14 29 30 35 | 2
149023,2025-11-25,6 16 17 18 28 | 1
149024,2025-11-25,3 6 7 12 32 | 4
149025,2025-11-25,2 5 7 26 31 | 3
149026,2025-11-25,1 2 17 18 32 | 4
149027,2025-11-25,9 16 31 34 36 | 4
149028,2025-11-25,3 21 22 34 35 | 1
149029,2025-11-25,5 23 24 25 27 | 4
149030,2025-11-25,2 9 15 19 32 | 2
149031,2025-11-25,4 20 22 25 29 | 4
149032,2025-11-25,3 19 21 32 36 | 1
149033,2025-11-25,11 17 21 23 36 | 3
149034,2025-11-25,3 9 19 22 28 | 2
149035,2025-11-25,6 16 17 23 27 | 4
149036,2025-11-25,5 17 21 32 33 | 1
149037,2025-11-25,18 20 26 29 32 | 2
149038,2025-11-25,3 14 32 33 34 | 1
149039,2025-11-25,16 17 28 35 36 | 4
149040,2025-11-25,1 9 11 13 31 | 3
149041,2025-11-25,4 6 12 23 34 | 1
149042,2025-11-25,7 14 20 22 29 | 3
149043,2025-11-25,1 3 9 24 33 | 2
149044,2025-11-25,4 11 14 18 20 | 4
149045,2025-11-25,2 4 10 20 30 | 1
149046,2025-11-25,4 18 20 22 28 | 4
149047,2025-11-25,2 10 17 19 27 | 4
149048,2025-11-25,2 11 21 32 34 | 4
149049,2025-11-25,4 5 8 17 25 | 1
149050,2025-11-25,4 6 10 15 36 | 1
149051,2025-11-25,1 2 21 31 36 | 4
149052,2025-11-25,1 13 16 20 32 | 2
149053,2025-11-25,9 11 12 21 23 | 4
149054,2025-11-25,18 24 25 29 31 | 2
149055,2025-11-25,9 13 27 29 34 | 2
149056,2025-11-25,9 17 22 29 32 | 4
149057,2025-11-25,12 22 31 32 33 | 2
149058,2025-11-25,2 4 12 16 24 | 4
149059,2025-11-25,8 11 26 27 28 | 3
149060,2025-11-25,14 17 19 34 36 | 3
149061,2025-11-25,4 8 18 24 26 | 2
149062,2025-11-25,1 2 25 26 34 | 4
149063,2025-11-25,3 11 24 29 31 | 3
149064,2025-11-25,1 12 19 24 33 | 4
149065,2025-11-25,6 10 20 26 36 | 1
149066,2025-11-25,2 5 17 20 25 | 2
149067,2025-11-25,2 5 20 28 33 | 1
149068,2025-11-26,2 5 9 20 24 | 4
149069,2025-11-26,2 9 14 24 28 | 1
149070,2025-11-26,13 17 30 34 36 | 4
149071,2025-11-26,5 8 24 30 34 | 4
149072,2025-11-26,12 21 26 32 36 | 4
149073,2025-11-26,6 14 26 33 34 | 3
149074,2025-11-26,2 4 9 17 36 | 3
149075,2025-11-26,8 15 22 31 36 | 2
149076,2025-11-26,6 12 24 29 35 | 4
149077,2025-11-26,4 5 8 27 35 | 4
149078,2025-11-26,19 22 25 32 33 | 4
149079,2025-11-26,1 11 15 17 23 | 2
149080,2025-11-26,4 7 14 27 28 | 1
149081,2025-11-26,10 13 16 28 35 | 4
149082,2025-11-26,1 2 8 23 29 | 3
149083,2025-11-26,18 20 25 30 33 | 3
149084,2025-11-26,7 20 27 32 34 | 2
149085,2025-11-26,1 9 24 28 31 | 1
149086,2025-11-26,7 11 20 29 33 | 1
149087,2025-11-26,2 4 6 21 26 | 2
149088,2025-11-26,12 14 17 18 21 | 4
149089,2025-11-26,3 24 26 30 32 | 4
149090,2025-11-26,4 8 24 26 35 | 4
149091,2025-11-26,5 9 15 21 31 | 1
149092,2025-11-26,8 10 11 16 28 | 4
149093,2025-11-26,1 9 12 21 27 | 4
149094,2025-11-26,3 10 11 13 18 | 3
149095,2025-11-26,1 3 6 21 30 | 4
149096,2025-11-26,7 11 24 26 30 | 2
149097,2025-11-26,7 13 19 31 35 | 1
149098,2025-11-26,3 4 12 21 33 | 3
149099,2025-11-26,4 15 19 32 33 | 3
149100,2025-11-26,9 10 11 22 29 | 3
149101,2025-11-26,4 19 27 35 36 | 1
149102,2025-11-26,7 11 17 29 30 | 3
149103,2025-11-26,2 6 25 34 36 | 1
149104,2025-11-26,2 18 26 28 34 | 4
149105,2025-11-26,2 13 30 31 32 | 3
149106,2025-11-26,13 14 19 25 27 | 3
149107,2025-11-26,7 11 16 22 33 | 4
149108,2025-11-26,3 7 14 26 33 | 3
149109,2025-11-26,10 12 18 20 24 | 2
149110,2025-11-26,3 15 25 32 36 | 4
149111,2025-11-26,21 23 29 31 32 | 2
149112,2025-11-26,11 13 16 17 28 | 2
149113,2025-11-26,7 8 14 20 31 | 2
149114,2025-11-26,1 9 25 29 32 | 2
149115,2025-11-26,1 3 20 22 31 | 3
149116,2025-11-26,5 15 22 34 35 | 1
149117,2025-11-26,2 11 22 23 28 | 3
149118,2025-11-26,6 7 21 23 29 | 1
149119,2025-11-26,9 16 25 35 36 | 2
149120,2025-11-26,1 15 22 31 33 | 1
149121,2025-11-26,3 8 9 21 23 | 2
149122,2025-11-26,4 7 9 31 36 | 1
149123,2025-11-26,14 18 20 34 36 | 4
149124,2025-11-26,14 18 26 29 33 | 2
149125,2025-11-26,1 9 19 31 34 | 4
149126,2025-11-26,1 8 9 26 29 | 3
149127,2025-11-26,5 8 17 31 35 | 1
149128,2025-11-27,13 18 20 22 24 | 1
149129,2025-11-27,8 18 22 23 31 | 1
149130,2025-11-27,15 16 21 25 30 | 3
149131,2025-11-27,8 14 18 24 26 | 2
149132,2025-11-27,2 10 17 28 30 | 1
149133,2025-11-27,9 25 31 32 34 | 1
149134,2025-11-27,4 7 9 20 25 | 1
149135,2025-11-27,10 15 16 27 30 | 4
149136,2025-11-27,6 7 12 24 36 | 1
149137,2025-11-27,7 13 17 19 31 | 4
149138,2025-11-27,3 4 10 14 32 | 2
149139,2025-11-27,14 15 20 26 34 | 1
149140,2025-11-27,7 10 19 30 33 | 3
149141,2025-11-27,5 7 14 15 21 | 4
149142,2025-11-27,12 29 30 34 36 | 2
149143,2025-11-27,9 10 11 18 26 | 2
149144,2025-11-27,1 5 6 30 34 | 1
149145,2025-11-27,2 10 18 20 34 | 1
149146,2025-11-27,13 14 16 28 31 | 3
149147,2025-11-27,5 17 22 24 33 | 3
149148,2025-11-27,1 15 23 24 34 | 4
149149,2025-11-27,3 10 32 34 36 | 3
149150,2025-11-27,2 4 11 20 21 | 3
149151,2025-11-27,9 15 16 24 32 | 3
149152,2025-11-27,6 9 18 25 34 | 1
149153,2025-11-27,4 16 29 32 35 | 2
149154,2025-11-27,16 19 22 32 34 | 3
149155,2025-11-27,5 6 11 14 34 | 1
149156,2025-11-27,16 25 31 33 36 | 2
149157,2025-11-27,4 12 14 26 30 | 1
149158,2025-11-27,10 14 24 25 36 | 3
149159,2025-11-27,13 16 17 30 32 | 2
149160,2025-11-27,6 9 27 29 36 | 2
149161,2025-11-27,6 12 20 21 32 | 3
149162,2025-11-27,1 4 13 25 35 | 2
149163,2025-11-27,6 12 19 27 29 | 1
149164,2025-11-27,7 24 25 28 35 | 2
149165,2025-11-27,1 5 10 21 32 | 3
149166,2025-11-27,5 13 18 29 31 | 1
149167,2025-11-27,15 16 18 21 28 | 4
149168,2025-11-27,13 20 26 29 35 | 2
149169,2025-11-27,2 12 22 27 33 | 1
149170,2025-11-27,6 12 26 35 36 | 3
149171,2025-11-27,16 22 25 30 32 | 3
149172,2025-11-27,13 19 22 29 32 | 2
149173,2025-11-27,6 19 21 25 33 | 1
149174,2025-11-27,13 15 22 25 36 | 1
149175,2025-11-27,4 7 16 33 34 | 4
149176,2025-11-27,4 6 15 34 35 | 1
149177,2025-11-27,9 10 23 28 31 | 1
149178,2025-11-27,5 6 18 27 30 | 2
149179,2025-11-27,1 2 14 16 24 | 4
149180,2025-11-27,9 13 16 18 30 | 2
149181,2025-11-27,3 11 15 16 35 | 2
149182,2025-11-27,1 2 11 17 25 | 2
149183,2025-11-27,5 15 16 23 34 | 2
149184,2025-11-27,1 5 14 32 36 | 4
149185,2025-11-27,4 10 17 33 34 | 1
149186,2025-11-27,5 13 20 29 30 | 3
149187,2025-11-27,11 14 15 18 22 | 3
149188,2025-11-28,6 22 25 26 36 | 1
149189,2025-11-28,4 7 16 18 35 | 1
149190,2025-11-28,9 13 22 23 24 | 3
149191,2025-11-28,6 17 22 26 29 | 1
149192,2025-11-28,5 8 11 25 30 | 2
149193,2025-11-28,6 13 18 21 29 | 3
149194,2025-11-28,1 14 16 17 28 | 3
149195,2025-11-28,5 16 20 27 30 | 2
149196,2025-11-28,11 16 18 27 28 | 2
149197,2025-11-28,6 15 26 27 32 | 1
149198,2025-11-28,1 7 12 18 23 | 1
149199,2025-11-28,1 2 10 28 36 | 1
149200,2025-11-28,21 24 26 33 35 | 3
149201,2025-11-28,5 14 18 24 29 | 4
149202,2025-11-28,4 5 6 12 33 | 2
149203,2025-11-28,4 18 27 31 33 | 2
149204,2025-11-28,4 5 16 17 20 | 3
149205,2025-11-28,6 16 22 31 34 | 2
149206,2025-11-28,1 3 23 28 32 | 4
149207,2025-11-28,1 3 16 26 32 | 4
149208,2025-11-28,3 7 15 26 31 | 3
149209,2025-11-28,3 11 21 29 36 | 3
149210,2025-11-28,1 4 14 15 29 | 4
149211,2025-11-28,11 23 27 30 31 | 2
149212,2025-11-28,3 6 16 24 25 | 4
149213,2025-11-28,27 28 29 34 36 | 4
149214,2025-11-28,9 12 19 25 36 | 4
149215,2025-11-28,1 11 12 14 25 | 1
149216,2025-11-28,2 7 25 32 34 | 4
149217,2025-11-28,2 4 15 23 31 | 2
149218,2025-11-28,6 8 10 20 36 | 2
149219,2025-11-28,2 11 14 19 28 | 3
149220,2025-11-28,6 13 24 32 33 | 3
149221,2025-11-28,2 17 25 26 31 | 1
149222,2025-11-28,5 8 15 18 21 | 3
149223,2025-11-28,14 19 23 26 35 | 4
149224,2025-11-28,9 16 26 32 36 | 4
149225,2025-11-28,5 13 16 30 36 | 3
149226,2025-11-28,5 13 22 24 35 | 2
149227,2025-11-28,3 9 11 28 35 | 2
149228,2025-11-28,2 19 20 24 29 | 3
149229,2025-11-28,1 2 15 26 28 | 1
149230,2025-11-28,4 30 32 34 35 | 2
149231,2025-11-28,2 10 15 19 36 | 3
149232,2025-11-28,7 13 16 26 27 | 3
149233,2025-11-28,14 26 27 34 36 | 3
149234,2025-11-28,2 6 18 27 29 | 4
149235,2025-11-28,3 14 16 24 34 | 3
149236,2025-11-28,8 14 17 18 28 | 2
149237,2025-11-28,1 15 16 21 30 | 2
149238,2025-11-28,7 11 13 14 32 | 3
149239,2025-11-28,4 8 21 24 32 | 3
149240,2025-11-28,6 18 21 35 36 | 2
149241,2025-11-28,5 14 22 32 36 | 1
149242,2025-11-28,5 12 16 18 34 | 4
149243,2025-11-28,4 16 17 31 34 | 1
149244,2025-11-28,1 8 15 24 34 | 3
149245,2025-11-28,10 22 25 32 34 | 2
149246,2025-11-28,6 10 17 24 31 | 1
149247,2025-11-28,10 13 15 20 34 | 3
149248,2025-11-29,9 19 21 26 36 | 4
149249,2025-11-29,4 17 21 27 33 | 3
149250,2025-11-29,3 6 11 24 26 | 3
149251,2025-11-29,5 6 11 22 31 | 4
149252,2025-11-29,3 9 23 29 31 | 4
149253,2025-11-29,2 3 30 31 33 | 3
149254,2025-11-29,6 20 21 23 30 | 2
149255,2025-11-29,14 21 27 31 33 | 3
149256,2025-11-29,3 10 12 31 36 | 3
149257,2025-11-29,5 6 15 20 32 | 2
149258,2025-11-29,26 30 32 33 34 | 2
149259,2025-11-29,3 8 12 18 28 | 3
149260,2025-11-29,1 2 20 26 35 | 2
149261,2025-11-29,6 14 16 20 22 | 1
149262,2025-11-29,15 20 26 30 34 | 4
149263,2025-11-29,7 16 21 27 31 | 3
149264,2025-11-29,4 20 22 29 35 | 1
149265,2025-11-29,7 8 12 21 24 | 1
149266,2025-11-29,18 20 27 34 36 | 1
149267,2025-11-29,6 7 9 21 28 | 1
149268,2025-11-29,10 15 16 23 33 | 4
149269,2025-11-29,2 6 23 26 34 | 1
149270,2025-11-29,11 17 22 28 29 | 3
149271,2025-11-29,12 21 26 29 34 | 1
149272,2025-11-29,8 18 26 29 31 | 3
149273,2025-11-29,13 15 20 21 28 | 2
149274,2025-11-29,1 10 24 27 33 | 3
149275,2025-11-29,5 16 17 23 30 | 2
149276,2025-11-29,14 15 19 21 30 | 2
149277,2025-11-29,2 14 23 30 35 | 4
149278,2025-11-29,2 5 7 9 36 | 4
149279,2025-11-29,10 12 24 29 36 | 3
149280,2025-11-29,2 3 10 15 28 | 3
149281,2025-11-29,2 17 23 25 33 | 2
149282,2025-11-29,6 13 15 35 36 | 1
149283,2025-11-29,10 20 26 32 33 | 3
149284,2025-11-29,3 6 7 9 31 | 3
149285,2025-11-29,4 10 21 22 25 | 4
149286,2025-11-29,16 17 18 27 28 | 3
149287,2025-11-29,5 7 24 26 33 | 2
149288,2025-11-29,5 11 15 23 32 | 3
149289,2025-11-29,5 10 12 25 27 | 4
149290,2025-11-29,8 9 14 15 33 | 4
149291,2025-11-29,9 19 26 29 32 | 3
149292,2025-11-29,2 4 5 21 33 | 4
149293,2025-11-29,1 11 14 25 30 | 1
149294,2025-11-29,5 8 9 16 32 | 3
149295,2025-11-29,14 27 31 33 34 | 4
149296,2025-11-29,14 15 24 33 35 | 3
149297,2025-11-29,4 11 25 30 33 | 3
149298,2025-11-29,1 9 10 18 22 | 3
149299,2025-11-29,6 8 14 22 36 | 4
149300,2025-11-29,15 22 25 26 31 | 3
149301,2025-11-29,10 16 24 27 33 | 3
149302,2025-11-29,4 11 17 21 27 | 4
149303,2025-11-29,2 18 22 32 34 | 1
149304,2025-11-29,4 20 23 30 34 | 1
149305,2025-11-29,5 11 16 30 34 | 4
149306,2025-11-29,6 18 20 22 36 | 4
149307,2025-11-29,4 15 27 31 32 | 1
149308,2025-11-30,3 8 20 21 31 | 1
149309,2025-11-30,10 12 15 17 20 | 2
149310,2025-11-30,1 8 14 24 29 | 4
149311,2025-11-30,3 4 20 21 26 | 1
149312,2025-11-30,2 4 26 28 30 | 1
149313,2025-11-30,3 7 8 11 24 | 1
149314,2025-11-30,9 20 25 26 30 | 4
149315,2025-11-30,2 13 31 32 34 | 1
149316,2025-11-30,4 9 10 14 18 | 4
149317,2025-11-30,9 10 13 18 19 | 1
149318,2025-11-30,5 6 9 11 18 | 1
149319,2025-11-30,7 23 27 30 31 | 3
149320,2025-11-30,1 9 13 16 29 | 2
149321,2025-11-30,4 8 11 24 36 | 2
149322,2025-11-30,10 19 21 30 31 | 1
149323,2025-11-30,18 19 21 23 30 | 2
149324,2025-11-30,1 12 24 32 34 | 2
149325,2025-11-30,4 7 10 25 32 | 2
149326,2025-11-30,6 8 15 20 24 | 3
149327,2025-11-30,9 23 25 26 35 | 4
149328,2025-11-30,5 16 25 26 34 | 1
149329,2025-11-30,3 7 23 32 34 | 3
149330,2025-11-30,7 13 19 25 30 | 3
149331,2025-11-30,7 24 30 31 34 | 2
149332,2025-11-30,8 19 20 30 32 | 1
149333,2025-11-30,14 18 21 30 31 | 2
149334,2025-11-30,17 20 26 28 32 | 2
149335,2025-11-30,3 6 10 21 33 | 3
149336,2025-11-30,4 12 17 20 29 | 3
149337,2025-11-30,13 19 20 23 26 | 1
149338,2025-11-30,12 14 24 30 32 | 4
149339,2025-11-30,7 10 21 35 36 | 4
149340,2025-11-30,14 17 25 28 35 | 4
149341,2025-11-30,1 6 10 24 32 | 4
149342,2025-11-30,1 4 5 7 16 | 2
149343,2025-11-30,6 13 28 34 36 | 1
149344,2025-11-30,13 18 25 26 27 | 1
149345,2025-11-30,4 6 15 28 31 | 1
149346,2025-11-30,1 3 24 30 31 | 2
149347,2025-11-30,2 10 21 29 31 | 2
149348,2025-11-30,20 26 28 33 35 | 3
149349,2025-11-30,4 25 28 31 33 | 1
149350,2025-11-30,2 11 15 22 25 | 2
149351,2025-11-30,1 6 7 9 18 | 3
149352,2025-11-30,3 9 22 32 36 | 4
149353,2025-11-30,3 8 9 11 19 | 2
149354,2025-11-30,15 17 19 27 28 | 3
149355,2025-11-30,9 10 22 24 27 | 1
149356,2025-11-30,3 18 19 26 31 | 4
149357,2025-11-30,9 15 20 30 32 | 3
149358,2025-11-30,1 12 24 26 32 | 4
149359,2025-11-30,2 21 26 35 36 | 3
149360,2025-11-30,4 6 15 32 34 | 2
149361,2025-11-30,5 11 15 18 32 | 4
149362,2025-11-30,5 11 16 29 36 | 4
149363,2025-11-30,9 13 27 31 32 | 1
149364,2025-11-30,6 11 16 19 31 | 4
149365,2025-11-30,19 21 28 32 34 | 3
149366,2025-11-30,6 7 13 21 30 | 2
149367,2025-11-30,4 8 9 10 15 | 2
149368,2025-12-01,3 13 14 16 30 | 3
149369,2025-12-01,5 12 19 23 34 | 2
149370,2025-12-01,6 19 26 29 31 | 2
149371,2025-12-01,2 7 12 29 36 | 2
149372,2025-12-01,4 17 20 28 36 | 1
149373,2025-12-01,6 13 20 22 27 | 3
149374,2025-12-01,13 15 16 22 25 | 4
149375,2025-12-01,4 9 23 25 29 | 1
149376,2025-12-01,3 15 18 32 36 | 2
149377,2025-12-01,6 11 22 25 34 | 4
149378,2025-12-01,5 9 10 20 31 | 3
149379,2025-12-01,9 16 19 21 27 | 1
149380,2025-12-01,11 18 20 22 33 | 4
149381,2025-12-01,3 7 23 31 33 | 2
149382,2025-12-01,5 9 20 21 29 | 1
149383,2025-12-01,8 13 16 23 30 | 2
149384,2025-12-01,14 17 20 26 30 | 3
149385,2025-12-01,2 15 31 33 34 | 4
149386,2025-12-01,8 23 29 30 35 | 3
149387,2025-12-01,3 5 6 18 23 | 4
149388,2025-12-01,2 5 16 21 33 | 3
149389,2025-12-01,2 6 9 25 33 | 4
149390,2025-12-01,7 14 15 17 34 | 4
149391,2025-12-01,2 4 10 20 22 | 2
149392,2025-12-01,1 8 12 13 14 | 1
149393,2025-12-01,2 6 21 32 36 | 3
149394,2025-12-01,22 27 29 31 36 | 1
149395,2025-12-01,2 3 7 22 31 | 4
149396,2025-12-01,13 15 18 21 30 | 3
149397,2025-12-01,1 7 13 30 36 | 2
149398,2025-12-01,10 14 20 23 34 | 2
149399,2025-12-01,2 5 15 26 32 | 4
149400,2025-12-01,1 7 14 32 36 | 2
149401,2025-12-01,4 12 13 16 22 | 3
149402,2025-12-01,2 18 24 25 29 | 1
149403,2025-12-01,6 15 19 23 26 | 1
149404,2025-12-01,10 13 20 27 35 | 4
149405,2025-12-01,6 9 10 24 35 | 1
149406,2025-12-01,9 21 28 34 35 | 3
149407,2025-12-01,1 3 10 23 28 | 2
149408,2025-12-01,3 13 17 18 20 | 2
149409,2025-12-01,7 15 22 24 29 | 2
149410,2025-12-01,4 15 18 32 33 | 4
149411,2025-12-01,5 6 11 18 21 | 1
149412,2025-12-01,3 7 12 17 19 | 4
149413,2025-12-01,17 18 20 25 33 | 2
149414,2025-12-01,2 5 10 11 16 | 3
149415,2025-12-01,6 9 17 24 36 | 2
149416,2025-12-01,4 15 19 21 23 | 2
149417,2025-12-01,9 13 24 28 29 | 2
149418,2025-12-01,1 2 6 7 24 | 4
149419,2025-12-01,6 12 24 32 35 | 4
149420,2025-12-01,2 4 11 14 20 | 2
149421,2025-12-01,10 12 23 29 34 | 2
149422,2025-12-01,7 17 21 32 36 | 4
149423,2025-12-01,2 5 19 22 32 | 4
149424,2025-12-01,8 12 24 31 35 | 1
149425,2025-12-01,2 12 16 26 28 | 4
149426,2025-12-01,1 4 22 32 34 | 2
149427,2025-12-01,3 8 13 16 21 | 2
149428,2025-12-02,6 7 16 30 31 | 3
149429,2025-12-02,1 2 5 6 26 | 2
149430,2025-12-02,10 20 27 28 31 | 4
149431,2025-12-02,10 22 26 28 32 | 3
149432,2025-12-02,2 3 10 13 35 | 1
149433,2025-12-02,5 8 18 22 34 | 3
149434,2025-12-02,4 11 13 15 33 | 2
149435,2025-12-02,4 6 10 16 21 | 2
149436,2025-12-02,11 12 16 25 31 | 4
149437,2025-12-02,10 24 25 31 33 | 3
149438,2025-12-02,8 17 24 29 30 | 4
149439,2025-12-02,2 10 20 31 34 | 1
149440,2025-12-02,7 8 9 25 33 | 2
149441,2025-12-02,4 9 16 17 19 | 3
149442,2025-12-02,1 4 5 17 36 | 4
149443,2025-12-02,7 10 27 29 32 | 4
149444,2025-12-02,2 10 24 26 36 | 2
149445,2025-12-02,1 2 9 14 18 | 4
149446,2025-12-02,10 12 16 27 32 | 4
149447,2025-12-02,5 6 15 16 35 | 4
149448,2025-12-02,8 11 13 25 34 | 3
149449,2025-12-02,8 10 12 17 27 | 3
149450,2025-12-02,2 19 25 26 31 | 3
149451,2025-12-02,8 9 17 33 36 | 1
149452,2025-12-02,1 4 7 21 36 | 4
149453,2025-12-02,23 25 27 32 34 | 4
149454,2025-12-02,6 21 27 33 35 | 4
149455,2025-12-02,3 14 26 30 33 | 1
149456,2025-12-02,6 8 14 30 31 | 2
149457,2025-12-02,10 15 25 28 35 | 4
149458,2025-12-02,1 2 15 18 28 | 4
149459,2025-12-02,4 13 18 19 33 | 1
149460,2025-12-02,6 14 16 22 33 | 4
149461,2025-12-02,5 17 24 28 33 | 2
149462,2025-12-02,15 18 19 31 36 | 3
149463,2025-12-02,4 10 30 31 33 | 4
149464,2025-12-02,8 14 20 27 28 | 4
149465,2025-12-02,8 21 22 31 36 | 4
149466,2025-12-02,9 16 20 21 27 | 4
149467,2025-12-02,8 14 19 20 29 | 1
149468,2025-12-02,3 7 15 23 36 | 2
149469,2025-12-02,1 8 17 30 33 | 4
149470,2025-12-02,4 10 17 34 35 | 4
149471,2025-12-02,15 23 27 28 30 | 2
149472,2025-12-02,4 12 27 29 33 | 2
149473,2025-12-02,28 29 31 32 36 | 3
149474,2025-12-02,2 8 18 29 31 | 4
149475,2025-12-02,5 6 17 28 30 | 2
149476,2025-12-02,11 13 22 26 36 | 2
149477,2025-12-02,12 17 19 22 25 | 3
149478,2025-12-02,8 10 12 15 29 | 4
149479,2025-12-02,8 12 16 24 36 | 2
149480,2025-12-02,2 7 9 18 22 | 3
149481,2025-12-02,5 18 19 29 32 | 3
149482,2025-12-02,5 19 26 31 34 | 1
149483,2025-12-02,8 14 21 22 28 | 3
149484,2025-12-02,8 12 16 21 31 | 4
149485,2025-12-02,3 4 12 31 35 | 4
149486,2025-12-02,1 2 3 26 34 | 4
149487,2025-12-02,3 5 8 15 32 | 4
149488,2025-12-03,3 14 16 23 25 | 1
149489,2025-12-03,6 20 22 26 28 | 4
149490,2025-12-03,3 12 17 23 30 | 3
149491,2025-12-03,24 27 28 30 35 | 3
149492,2025-12-03,6 12 16 18 25 | 3
149493,2025-12-03,1 4 10 11 13 | 2
149494,2025-12-03,1 12 15 28 34 | 3
149495,2025-12-03,10 11 16 28 33 | 1
149496,2025-12-03,7 19 21 22 28 | 1
149497,2025-12-03,1 22 26 27 29 | 3
149498,2025-12-03,8 12 18 21 29 | 2
149499,2025-12-03,4 8 15 17 23 | 3
149500,2025-12-03,15 22 30 31 32 | 3
149501,2025-12-03,1 3 18 20 26 | 2
149502,2025-12-03,16 18 20 26 29 | 1
149503,2025-12-03,1 6 10 17 21 | 1
149504,2025-12-03,5 9 16 20 32 | 1
149505,2025-12-03,9 10 26 27 30 | 2
149506,2025-12-03,6 12 16 24 25 | 4
149507,2025-12-03,4 6 13 15 18 | 1
149508,2025-12-03,3 9 13 18 31 | 2
149509,2025-12-03,2 5 7 26 30 | 4
149510,2025-12-03,13 21 22 24 34 | 2
149511,2025-12-03,4 27 29 32 36 | 2
149512,2025-12-03,1 4 5 8 36 | 1
149513,2025-12-03,6 8 10 13 16 | 1
149514,2025-12-03,3 19 20 21 33 | 1
149515,2025-12-03,1 10 27 29 34 | 3
149516,2025-12-03,11 14 15 21 27 | 4
149517,2025-12-03,3 10 12 16 19 | 1
149518,2025-12-03,3 20 28 30 35 | 2
149519,2025-12-03,9 14 18 20 35 | 4
149520,2025-12-03,7 20 28 33 34 | 1
149521,2025-12-03,2 16 19 29 30 | 2
149522,2025-12-03,5 8 10 13 22 | 2
149523,2025-12-03,1 4 6 19 29 | 4
149524,2025-12-03,3 4 16 34 36 | 4
149525,2025-12-03,2 9 16 25 34 | 1
149526,2025-12-03,1 3 14 19 27 | 3
149527,2025-12-03,13 18 21 24 29 | 4
149528,2025-12-03,25 27 33 34 35 | 2
149529,2025-12-03,15 17 20 24 31 | 2
149530,2025-12-03,15 23 24 31 36 | 1
149531,2025-12-03,18 27 30 32 34 | 4
149532,2025-12-03,18 19 22 26 36 | 1
149533,2025-12-03,16 18 22 23 31 | 4
149534,2025-12-03,6 23 25 28 33 | 3
149535,2025-12-03,13 27 29 30 33 | 3
149536,2025-12-03,1 9 12 13 18 | 2
149537,2025-12-03,3 7 16 17 36 | 2
149538,2025-12-03,2 16 20 31 33 | 1
149539,2025-12-03,3 6 7 18 34 | 1
149540,2025-12-03,7 21 23 24 33 | 2
149541,2025-12-03,7 13 18 20 34 | 3
149542,2025-12-03,8 15 25 29 36 | 1
149543,2025-12-03,12 13 20 30 31 | 1
149544,2025-12-03,6 19 20 21 22 | 1
149545,2025-12-03,1 2 5 12 13 | 2
149546,2025-12-03,8 11 16 27 31 | 1
149547,2025-12-03,4 10 23 25 32 | 2
149548,2025-12-04,2 3 7 31 33 | 2
149549,2025-12-04,7 9 15 16 24 | 3
149550,2025-12-04,17 20 24 27 36 | 2
149551,2025-12-04,5 15 28 30 36 | 2
149552,2025-12-04,18 26 31 34 35 | 3
149553,2025-12-04,4 7 14 15 29 | 1
149554,2025-12-04,1 12 17 19 25 | 3
149555,2025-12-04,8 11 24 29 34 | 3
149556,2025-12-04,6 10 27 29 32 | 4
149557,2025-12-04,2 4 25 28 34 | 4
149558,2025-12-04,2 4 7 8 35 | 4
149559,2025-12-04,13 20 25 30 35 | 4
149560,2025-12-04,3 4 23 26 33 | 1
149561,2025-12-04,1 15 19 31 36 | 4
149562,2025-12-04,15 17 23 24 35 | 1
149563,2025-12-04,2 6 12 21 33 | 4
149564,2025-12-04,14 21 25 28 31 | 1
149565,2025-12-04,8 20 26 29 34 | 2
149566,2025-12-04,3 4 7 19 21 | 4
149567,2025-12-04,8 12 17 28 34 | 3
149568,2025-12-04,2 3 10 13 35 | 2
149569,2025-12-04,3 4 12 29 34 | 1
149570,2025-12-04,2 14 21 27 30 | 2
149571,2025-12-04,1 6 7 20 33 | 3
149572,2025-12-04,4 12 17 19 23 | 3
149573,2025-12-04,8 15 16 17 28 | 1
149574,2025-12-04,6 17 19 33 35 | 3
149575,2025-12-04,2 4 9 25 30 | 3
149576,2025-12-04,5 11 13 25 30 | 2
149577,2025-12-04,1 8 14 18 25 | 3
149578,2025-12-04,7 18 23 29 31 | 2
149579,2025-12-04,5 7 12 32 35 | 4
149580,2025-12-04,8 10 22 24 26 | 2
149581,2025-12-04,1 7 12 25 28 | 3
149582,2025-12-04,2 6 10 18 34 | 3
149583,2025-12-04,3 7 11 25 34 | 3
149584,2025-12-04,3 15 30 32 33 | 4
149585,2025-12-04,4 15 22 29 31 | 3
149586,2025-12-04,4 21 23 31 35 | 3
149587,2025-12-04,2 3 6 28 31 | 2
149588,2025-12-04,1 9 28 31 35 | 3
149589,2025-12-04,4 8 15 26 36 | 3
149590,2025-12-04,15 23 28 32 33 | 4
149591,2025-12-04,9 11 20 22 27 | 1
149592,2025-12-04,8 10 17 30 34 | 1
149593,2025-12-04,5 6 7 12 21 | 4
149594,2025-12-04,8 10 15 20 29 | 1
149595,2025-12-04,11 21 24 31 34 | 3
149596,2025-12-04,21 22 28 30 33 | 1
149597,2025-12-04,7 9 15 33 36 | 4
149598,2025-12-04,17 20 22 24 26 | 2
149599,2025-12-04,2 3 7 13 22 | 4
149600,2025-12-04,2 20 25 30 36 | 3
149601,2025-12-04,7 15 16 18 34 | 1
149602,2025-12-04,3 10 22 23 30 | 3
149603,2025-12-04,8 9 14 16 34 | 3
149604,2025-12-04,18 20 29 32 36 | 2
149605,2025-12-04,4 12 18 33 34 | 2
149606,2025-12-04,10 12 13 15 27 | 4
149607,2025-12-04,16 30 32 35 36 | 2
149608,2025-12-05,20 25 29 30 32 | 2
149609,2025-12-05,9 10 18 26 35 | 3
149610,2025-12-05,2 7 12 13 27 | 4
149611,2025-12-05,6 7 14 18 33 | 3
149612,2025-12-05,8 11 16 34 35 | 2
149613,2025-12-05,1 10 11 27 31 | 4
149614,2025-12-05,4 5 8 12 27 | 2
149615,2025-12-05,2 3 18 20 28 | 1
149616,2025-12-05,2 11 17 20 21 | 2
149617,2025-12-05,7 14 15 23 25 | 1
149618,2025-12-05,7 8 16 31 35 | 2
149619,2025-12-05,7 13 32 35 36 | 4
149620,2025-12-05,13 19 24 30 36 | 1
149621,2025-12-05,4 10 12 19 21 | 2
149622,2025-12-05,5 11 29 32 34 | 3
149623,2025-12-05,3 10 11 24 26 | 4
149624,2025-12-05,4 20 26 28 32 | 3
149625,2025-12-05,1 6 9 20 34 | 2
149626,2025-12-05,13 16 30 34 36 | 1
149627,2025-12-05,5 12 23 31 32 | 4
149628,2025-12-05,8 11 27 28 34 | 3
149629,2025-12-05,8 14 18 21 32 | 1
149630,2025-12-05,2 3 10 20 26 | 2
149631,2025-12-05,9 12 22 27 29 | 3
149632,2025-12-05,3 4 17 23 30 | 4
149633,2025-12-05,3 10 20 21 22 | 4
149634,2025-12-05,3 12 13 24 34 | 2
149635,2025-12-05,3 17 19 27 32 | 1
149636,2025-12-05,17 18 19 25 26 | 1
149637,2025-12-05,12 20 22 25 33 | 1
149638,2025-12-05,11 12 21 26 32 | 4
149639,2025-12-05,7 23 29 35 36 | 1
149640,2025-12-05,7 15 18 24 33 | 3
149641,2025-12-05,18 19 24 30 32 | 2
149642,2025-12-05,4 20 24 27 35 | 1
149643,2025-12-05,6 8 19 30 33 | 2
149644,2025-12-05,7 12 21 22 29 | 1
149645,2025-12-05,2 4 5 26 29 | 2
149646,2025-12-05,10 11 12 13 19 | 1
149647,2025-12-05,10 17 22 24 36 | 3
149648,2025-12-05,6 9 18 21 29 | 2
149649,2025-12-05,3 6 7 8 14 | 2
149650,2025-12-05,2 6 14 20 35 | 4
149651,2025-12-05,5 12 14 19 29 | 2
149652,2025-12-05,5 13 29 33 35 | 3
149653,2025-12-05,2 6 15 24 32 | 1
149654,2025-12-05,10 16 23 26 33 | 3
149655,2025-12-05,9 10 19 21 30 | 3
149656,2025-12-05,4 6 10 21 33 | 1
149657,2025-12-05,12 15 20 22 36 | 3
149658,2025-12-05,2 3 5 16 36 | 3
149659,2025-12-05,10 17 21 23 36 | 2
149660,2025-12-05,17 18 24 30 31 | 3
149661,2025-12-05,1 9 10 19 27 | 3
149662,2025-12-05,8 11 19 25 34 | 3
149663,2025-12-05,4 11 12 26 31 | 3
149664,2025-12-05,17 22 29 33 34 | 3
149665,2025-12-05,17 21 26 27 29 | 3
149666,2025-12-05,4 9 15 18 30 | 2
149667,2025-12-05,2 19 20 22 28 | 2
149668,2025-12-06,7 11 15 17 21 | 2
149669,2025-12-06,2 6 13 20 25 | 3
149670,2025-12-06,8 9 11 21 36 | 2
149671,2025-12-06,21 30 31 34 35 | 2
149672,2025-12-06,2 9 29 31 36 | 1
149673,2025-12-06,1 22 25 30 34 | 3
149674,2025-12-06,8 11 26 33 34 | 4
149675,2025-12-06,2 11 21 31 34 | 1
149676,2025-12-06,8 16 26 30 34 | 4
149677,2025-12-06,1 2 12 21 35 | 4
149678,2025-12-06,6 9 10 15 31 | 3
149679,2025-12-06,1 2 6 9 12 | 1
149680,2025-12-06,9 15 18 20 33 | 2
149681,2025-12-06,1 4 5 25 27 | 4
149682,2025-12-06,1 2 4 9 23 | 2
149683,2025-12-06,2 6 19 21 34 | 4
149684,2025-12-06,2 10 19 23 25 | 3
149685,2025-12-06,4 6 23 28 29 | 2
149686,2025-12-06,7 10 17 20 21 | 4
149687,2025-12-06,3 6 7 10 35 | 3
149688,2025-12-06,4 12 27 33 34 | 3
149689,2025-12-06,5 6 12 28 34 | 4
149690,2025-12-06,3 4 8 11 29 | 1
149691,2025-12-06,8 12 17 30 34 | 2
149692,2025-12-06,11 13 15 22 31 | 4
149693,2025-12-06,3 16 20 24 35 | 2
149694,2025-12-06,8 12 16 26 33 | 1
149695,2025-12-06,2 3 10 17 34 | 4
149696,2025-12-06,8 12 16 28 29 | 2
149697,2025-12-06,22 23 25 27 28 | 1
149698,2025-12-06,12 17 19 33 36 | 1
149699,2025-12-06,5 11 13 26 35 | 4
149700,2025-12-06,2 6 11 12 16 | 3
149701,2025-12-06,5 20 28 32 36 | 3
149702,2025-12-06,12 18 21 30 32 | 3
149703,2025-12-06,3 4 21 27 33 | 1
149704,2025-12-06,8 15 17 19 26 | 3
149705,2025-12-06,5 10 18 32 34 | 4
149706,2025-12-06,3 4 5 25 26 | 4
149707,2025-12-06,19 25 29 30 34 | 2
149708,2025-12-06,5 17 22 23 27 | 4
149709,2025-12-06,3 4 15 21 26 | 1
149710,2025-12-06,13 15 18 19 33 | 3
149711,2025-12-06,3 9 18 20 36 | 4
149712,2025-12-06,2 8 19 21 31 | 4
149713,2025-12-06,9 12 30 31 36 | 1
149714,2025-12-06,11 19 21 22 28 | 2
149715,2025-12-06,14 18 19 20 28 | 3
149716,2025-12-06,8 19 21 26 32 | 4
149717,2025-12-06,1 3 22 32 36 | 2
149718,2025-12-06,4 5 7 14 35 | 4
149719,2025-12-06,1 13 14 15 26 | 1
149720,2025-12-06,12 13 27 28 36 | 1
149721,2025-12-06,1 14 17 31 33 | 4
149722,2025-12-06,4 11 12 29 34 | 1
149723,2025-12-06,10 14 20 34 35 | 3
149724,2025-12-06,9 14 17 28 35 | 3
149725,2025-12-06,3 6 7 28 35 | 1
149726,2025-12-06,5 22 27 34 36 | 1
149727,2025-12-06,1 9 18 24 33 | 1
149728,2025-12-07,4 8 18 19 29 | 3
149729,2025-12-07,5 16 18 28 30 | 2
149730,2025-12-07,3 24 27 29 31 | 4
149731,2025-12-07,4 10 18 22 25 | 3
149732,2025-12-07,14 18 23 28 36 | 2
149733,2025-12-07,6 9 15 20 28 | 4
149734,2025-12-07,4 10 11 15 21 | 2
149735,2025-12-07,8 9 16 30 31 | 4
149736,2025-12-07,12 19 20 27 34 | 2
149737,2025-12-07,5 19 23 27 33 | 4
149738,2025-12-07,6 8 14 16 33 | 2
149739,2025-12-07,4 10 17 22 25 | 2
149740,2025-12-07,5 8 27 28 30 | 3
149741,2025-12-07,2 4 9 17 21 | 3
149742,2025-12-07,1 9 12 17 35 | 4
149743,2025-12-07,11 23 25 27 29 | 2
149744,2025-12-07,9 23 24 31 34 | 2
149745,2025-12-07,5 16 27 30 34 | 3
149746,2025-12-07,1 6 9 16 21 | 2
149747,2025-12-07,3 8 10 13 22 | 2
149748,2025-12-07,9 11 20 26 34 | 1
149749,2025-12-07,3 17 28 30 31 | 2
149750,2025-12-07,7 19 25 29 32 | 1
149751,2025-12-07,2 3 16 20 35 | 3
149752,2025-12-07,10 11 20 33 36 | 4
149753,2025-12-07,6 7 13 19 22 | 3
149754,2025-12-07,9 21 24 34 36 | 4
149755,2025-12-07,2 3 8 16 29 | 4
149756,2025-12-07,7 10 17 26 31 | 4
149757,2025-12-07,3 17 19 23 24 | 2
149758,2025-12-07,6 13 16 23 33 | 1
149759,2025-12-07,6 14 25 32 33 | 1
149760,2025-12-07,10 11 20 22 36 | 2
149761,2025-12-07,16 18 23 27 33 | 2
149762,2025-12-07,7 20 26 28 34 | 1
149763,2025-12-07,6 15 20 22 29 | 3
149764,2025-12-07,1 11 21 26 36 | 1
149765,2025-12-07,5 23 24 29 35 | 3
149766,2025-12-07,3 5 9 14 31 | 1
149767,2025-12-07,23 24 27 28 29 | 2
149768,2025-12-07,5 12 15 19 34 | 4
149769,2025-12-07,11 13 25 30 31 | 4
149770,2025-12-07,4 9 19 32 35 | 3
149771,2025-12-07,5 7 15 16 18 | 3
149772,2025-12-07,9 17 19 24 32 | 1
149773,2025-12-07,12 19 24 33 36 | 1
149774,2025-12-07,1 3 8 14 27 | 2
149775,2025-12-07,4 7 14 27 34 | 4
149776,2025-12-07,6 15 19 26 36 | 1
149777,2025-12-07,4 11 13 15 29 | 1
149778,2025-12-07,2 21 25 26 36 | 3
149779,2025-12-07,2 11 19 27 34 | 2
149780,2025-12-07,2 10 13 14 30 | 1
149781,2025-12-07,19 21 25 30 33 | 3
149782,2025-12-07,3 11 14 27 28 | 3
149783,2025-12-07,2 6 20 28 29 | 4
149784,2025-12-07,3 12 13 17 27 | 2
149785,2025-12-07,1 8 23 24 26 | 4
149786,2025-12-07,2 12 19 25 26 | 1
149787,2025-12-07,1 11 14 19 29 | 1
149788,2025-12-08,2 7 11 26 36 | 2
149789,2025-12-08,4 6 13 26 36 | 2
149790,2025-12-08,4 11 26 33 34 | 1
149791,2025-12-08,1 2 7 17 19 | 3
149792,2025-12-08,7 8 15 22 35 | 3
149793,2025-12-08,1 9 27 28 34 | 1
149794,2025-12-08,1 9 16 31 33 | 4
149795,2025-12-08,7 8 10 14 15 | 4
149796,2025-12-08,6 12 13 27 35 | 1
149797,2025-12-08,2 4 12 14 25 | 1
149798,2025-12-08,9 12 20 27 35 | 3
149799,2025-12-08,1 11 16 33 36 | 2
149800,2025-12-08,9 14 17 26 27 | 2
149801,2025-12-08,1 17 27 32 33 | 2
149802,2025-12-08,10 14 16 19 35 | 2
149803,2025-12-08,3 12 18 27 32 | 3
149804,2025-12-08,5 23 25 29 33 | 4
149805,2025-12-08,5 9 17 18 28 | 4
149806,2025-12-08,15 17 18 28 31 | 2
149807,2025-12-08,11 12 18 31 36 | 2
149808,2025-12-08,5 8 14 21 29 | 4
149809,2025-12-08,3 17 20 29 33 | 4
149810,2025-12-08,5 7 31 32 33 | 3
149811,2025-12-08,2 11 19 26 28 | 4
149812,2025-12-08,4 10 19 27 28 | 4
149813,2025-12-08,3 4 9 12 19 | 1
149814,2025-12-08,9 13 14 20 25 | 4
149815,2025-12-08,13 14 18 24 34 | 4
149816,2025-12-08,3 11 14 18 33 | 3
149817,2025-12-08,7 23 28 32 33 | 4
149818,2025-12-08,5 6 11 12 32 | 3
149819,2025-12-08,1 11 19 24 29 | 3
149820,2025-12-08,6 13 19 22 23 | 3
149821,2025-12-08,6 12 16 23 32 | 4
149822,2025-12-08,11 25 32 35 36 | 1
149823,2025-12-08,3 7 17 23 36 | 2
149824,2025-12-08,18 21 24 26 30 | 1
149825,2025-12-08,3 5 18 19 36 | 4
149826,2025-12-08,6 9 16 20 23 | 4
149827,2025-12-08,7 10 11 24 25 | 4
149828,2025-12-08,11 14 18 28 35 | 1
149829,2025-12-08,15 17 19 24 29 | 3
149830,2025-12-08,4 22 23 25 34 | 2
149831,2025-12-08,1 10 25 34 36 | 4
149832,2025-12-08,1 9 11 13 23 | 1
149833,2025-12-08,6 13 19 26 30 | 4
149834,2025-12-08,11 12 14 23 35 | 3
149835,2025-12-08,5 6 15 17 20 | 4
149836,2025-12-08,3 8 9 12 36 | 3
149837,2025-12-08,18 22 23 27 36 | 4
149838,2025-12-08,2 8 16 23 32 | 2
149839,2025-12-08,2 7 9 31 35 | 3
149840,2025-12-08,2 9 11 16 32 | 2
149841,2025-12-08,3 11 17 20 31 | 3
149842,2025-12-08,7 15 17 20 27 | 2
149843,2025-12-08,10 13 18 22 35 | 4
149844,2025-12-08,1 10 13 16 30 | 4
149845,2025-12-08,2 4 22 26 32 | 3
149846,2025-12-08,9 12 15 20 34 | 3
149847,2025-12-08,5 8 14 18 33 | 1
149848,2025-12-09,9 11 13 15 29 | 1
149849,2025-12-09,15 23 26 28 32 | 1
149850,2025-12-09,7 16 25 26 32 | 4
149851,2025-12-09,4 13 24 31 36 | 4
149852,2025-12-09,1 6 8 9 14 | 1
149853,2025-12-09,6 27 30 31 35 | 2
149854,2025-12-09,2 5 18 31 36 | 4
149855,2025-12-09,7 14 16 22 34 | 1
149856,2025-12-09,3 4 21 24 26 | 2
149857,2025-12-09,5 8 12 18 31 | 4
149858,2025-12-09,6 10 20 25 34 | 1
149859,2025-12-09,5 9 10 12 19 | 1
149860,2025-12-09,12 14 24 32 35 | 3
149861,2025-12-09,8 12 13 24 31 | 4
149862,2025-12-09,17 22 26 27 28 | 1
149863,2025-12-09,10 18 22 27 29 | 3
149864,2025-12-09,1 6 30 31 36 | 1
149865,2025-12-09,1 18 25 31 36 | 2
149866,2025-12-09,9 18 29 34 35 | 2
149867,2025-12-09,5 10 22 23 34 | 3
149868,2025-12-09,9 15 20 30 32 | 4
149869,2025-12-09,1 4 6 20 22 | 1
149870,2025-12-09,4 5 11 15 28 | 4
149871,2025-12-09,4 7 25 33 35 | 2
149872,2025-12-09,3 5 13 20 21 | 2
149873,2025-12-09,1 6 17 21 27 | 4
149874,2025-12-09,10 11 20 29 35 | 2
149875,2025-12-09,5 7 10 11 34 | 2
149876,2025-12-09,6 21 22 25 27 | 3
149877,2025-12-09,10 16 20 34 35 | 1
149878,2025-12-09,18 20 21 23 27 | 4
149879,2025-12-09,7 12 20 24 29 | 4
149880,2025-12-09,11 16 17 18 25 | 4
149881,2025-12-09,5 16 21 25 26 | 2
149882,2025-12-09,4 5 6 18 25 | 3
149883,2025-12-09,3 4 11 27 32 | 4
149884,2025-12-09,1 5 10 21 30 | 3
149885,2025-12-09,21 23 28 31 36 | 3
149886,2025-12-09,4 5 8 23 26 | 3
149887,2025-12-09,11 13 14 25 28 | 3
149888,2025-12-09,2 9 23 28 29 | 3
149889,2025-12-09,7 23 25 27 35 | 1
149890,2025-12-09,18 21 22 26 32 | 2
149891,2025-12-09,11 13 14 18 30 | 4
149892,2025-12-09,5 6 17 30 33 | 4
149893,2025-12-09,6 7 18 33 35 | 3
149894,2025-12-09,10 23 26 27 36 | 2
149895,2025-12-09,7 9 29 30 32 | 4
149896,2025-12-09,8 13 21 28 34 | 2
149897,2025-12-09,5 9 15 18 24 | 1
149898,2025-12-09,2 13 16 26 27 | 2
149899,2025-12-09,2 4 22 28 32 | 2
149900,2025-12-09,17 23 28 29 36 | 1
149901,2025-12-09,4 12 17 19 34 | 2
149902,2025-12-09,14 20 21 28 36 | 3
149903,2025-12-09,2 4 8 24 36 | 3
149904,2025-12-09,11 18 19 30 36 | 4
149905,2025-12-09,3 5 9 11 32 | 1
149906,2025-12-09,4 11 12 19 29 | 2
149907,2025-12-09,1 14 17 24 28 | 4
149908,2025-12-10,6 9 10 15 28 | 3
149909,2025-12-10,5 13 15 20 28 | 3
149910,2025-12-10,3 5 14 21 32 | 3
149911,2025-12-10,2 5 15 26 34 | 4
149912,2025-12-10,10 12 33 34 36 | 4
149913,2025-12-10,4 5 20 23 25 | 4
149914,2025-12-10,2 7 13 15 21 | 3
149915,2025-12-10,5 6 13 19 28 | 1
149916,2025-12-10,5 14 20 28 33 | 2
149917,2025-12-10,2 6 7 9 36 | 3
149918,2025-12-10,1 7 9 15 27 | 1
149919,2025-12-10,4 21 28 35 36 | 1
149920,2025-12-10,4 8 13 14 35 | 2
149921,2025-12-10,12 15 17 22 24 | 3
149922,2025-12-10,2 10 16 23 25 | 2
149923,2025-12-10,3 11 12 24 32 | 4
149924,2025-12-10,3 12 18 24 29 | 2
149925,2025-12-10,2 16 17 22 26 | 2
149926,2025-12-10,4 15 26 30 35 | 1
149927,2025-12-10,9 10 18 26 28 | 2
149928,2025-12-10,3 7 10 12 36 | 1
149929,2025-12-10,8 10 21 25 29 | 2
149930,2025-12-10,12 27 28 34 36 | 3
149931,2025-12-10,1 13 15 21 30 | 2
149932,2025-12-10,2 11 13 25 35 | 1
149933,2025-12-10,7 18 28 29 33 | 2
149934,2025-12-10,6 8 16 21 28 | 1
149935,2025-12-10,6 24 26 28 32 | 2
149936,2025-12-10,12 21 33 34 36 | 2
149937,2025-12-10,4 5 13 23 26 | 2
149938,2025-12-10,6 19 23 29 30 | 3
149939,2025-12-10,6 8 15 26 33 | 1
149940,2025-12-10,4 6 11 14 36 | 3
149941,2025-12-10,8 11 22 28 29 | 1
149942,2025-12-10,20 24 28 30 35 | 4
149943,2025-12-10,9 12 14 22 28 | 1
149944,2025-12-10,1 18 21 33 36 | 3
149945,2025-12-10,2 11 15 28 31 | 1
149946,2025-12-10,9 13 19 21 33 | 4
149947,2025-12-10,14 25 30 31 32 | 3
149948,2025-12-10,2 5 6 13 22 | 2
149949,2025-12-10,1 9 11 14 27 | 4
149951,2025-12-10,1 13 19 26 27 | 4
149952,2025-12-10,4 9 15 30 35 | 3
149953,2025-12-10,9 14 21 23 27 | 4
149954,2025-12-10,14 16 17 23 35 | 4
149955,2025-12-10,7 16 19 21 28 | 1
149956,2025-12-10,2 6 20 28 29 | 3
149957,2025-12-10,9 13 20 21 34 | 2
149958,2025-12-10,8 9 12 26 33 | 3
149959,2025-12-10,18 22 24 27 32 | 4
149960,2025-12-10,5 22 25 28 32 | 4
149961,2025-12-10,1 3 12 22 24 | 2
149962,2025-12-10,5 12 14 15 31 | 4
149963,2025-12-10,5 7 10 31 36 | 2
149964,2025-12-10,24 26 28 30 32 | 4
149965,2025-12-10,9 20 22 27 29 | 1
149966,2025-12-10,1 2 18 21 34 | 4
149967,2025-12-10,2 6 19 20 30 | 4
149968,2025-12-11,1 8 12 30 34 | 1
149969,2025-12-11,3 5 7 11 34 | 1
149970,2025-12-11,14 17 24 30 34 | 4
149971,2025-12-11,2 11 15 28 33 | 4
149972,2025-12-11,2 6 10 11 16 | 4
149973,2025-12-11,2 3 5 6 11 | 1
149974,2025-12-11,1 7 8 23 33 | 2
149975,2025-12-11,1 3 6 28 35 | 2
149976,2025-12-11,4 12 25 26 29 | 1
149977,2025-12-11,4 5 7 17 22 | 1
149978,2025-12-11,8 11 14 29 35 | 3
149979,2025-12-11,2 3 12 13 24 | 4
149980,2025-12-11,8 12 15 16 20 | 4
149981,2025-12-11,1 19 29 30 31 | 1
149982,2025-12-11,1 2 7 21 26 | 4
149983,2025-12-11,5 20 25 28 33 | 4
149984,2025-12-11,3 12 16 23 33 | 2
149985,2025-12-11,8 16 21 23 36 | 1
149986,2025-12-11,3 9 20 23 28 | 3
149987,2025-12-11,10 19 24 28 34 | 1
149988,2025-12-11,8 10 13 24 26 | 2
149989,2025-12-11,10 19 25 29 34 | 2
149990,2025-12-11,5 10 19 30 36 | 2
149991,2025-12-11,5 11 13 17 32 | 2
149992,2025-12-11,14 27 29 32 35 | 1
149993,2025-12-11,3 4 11 24 32 | 4
149994,2025-12-11,6 14 27 34 36 | 4
149995,2025-12-11,1 2 18 23 33 | 1
149996,2025-12-11,1 16 19 21 29 | 2
149997,2025-12-11,17 21 24 25 28 | 3
149998,2025-12-11,2 5 8 18 33 | 1
149999,2025-12-11,1 3 4 23 34 | 2
150000,2025-12-11,7 15 27 31 34 | 3
150001,2025-12-11,9 13 18 33 35 | 4
150002,2025-12-11,7 10 18 22 35 | 3
150003,2025-12-11,6 9 17 32 35 | 4
150004,2025-12-11,4 5 29 32 33 | 4
150005,2025-12-11,5 20 22 29 32 | 4
150006,2025-12-11,5 22 26 30 35 | 1
150007,2025-12-11,2 10 22 23 25 | 3
150008,2025-12-11,4 6 17 23 30 | 1
150009,2025-12-11,6 16 17 18 30 | 4
150010,2025-12-11,8 11 25 27 36 | 2
150011,2025-12-11,9 13 24 25 27 | 1
150012,2025-12-11,7 18 20 25 32 | 2
150013,2025-12-11,14 16 17 25 28 | 2
150014,2025-12-11,8 9 11 29 36 | 1
150015,2025-12-11,2 12 14 23 33 | 3
150016,2025-12-11,2 26 30 34 35 | 1
150017,2025-12-11,19 21 26 31 33 | 3
150018,2025-12-11,5 17 22 32 35 | 3
150019,2025-12-11,14 15 26 29 31 | 3
150020,2025-12-11,4 17 18 20 30 | 1
150021,2025-12-11,10 13 25 27 29 | 2
150022,2025-12-11,4 11 17 20 24 | 3
150023,2025-12-11,8 22 23 30 35 | 1
150024,2025-12-11,9 20 31 33 35 | 3
150025,2025-12-11,10 16 17 20 33 | 4
150026,2025-12-11,1 9 16 19 22 | 3
150027,2025-12-11,4 5 7 10 17 | 4
150028,2025-12-12,1 4 9 18 26 | 2
150029,2025-12-12,3 16 31 33 34 | 3
150030,2025-12-12,2 4 5 32 35 | 2
150031,2025-12-12,1 13 25 32 36 | 3
150032,2025-12-12,13 17 33 35 36 | 3
150033,2025-12-12,27 29 30 31 35 | 4
150034,2025-12-12,5 9 15 22 24 | 1
150035,2025-12-12,1 8 12 20 33 | 1
150036,2025-12-12,9 12 16 22 32 | 3
150037,2025-12-12,1 14 24 31 36 | 4
150038,2025-12-12,6 12 14 16 29 | 2
150039,2025-12-12,8 21 22 26 29 | 1
150040,2025-12-12,1 9 25 26 34 | 3
150041,2025-12-12,10 19 31 32 33 | 1
150042,2025-12-12,11 16 18 23 24 | 1
150043,2025-12-12,1 3 18 23 28 | 3
150044,2025-12-12,1 9 13 28 34 | 4
150045,2025-12-12,8 10 14 16 33 | 4
150046,2025-12-12,2 14 17 23 35 | 2
150047,2025-12-12,5 7 8 18 36 | 1
150048,2025-12-12,5 8 15 18 21 | 4
150049,2025-12-12,6 19 21 28 31 | 1
150050,2025-12-12,8 10 20 22 31 | 1
150051,2025-12-12,4 7 11 21 36 | 2
150052,2025-12-12,3 4 12 17 34 | 3
150053,2025-12-12,8 16 17 18 24 | 1
150054,2025-12-12,3 5 21 22 26 | 1
150055,2025-12-12,15 20 30 34 35 | 4
150056,2025-12-12,8 10 15 16 17 | 1
150057,2025-12-12,2 3 9 30 33 | 4
150058,2025-12-12,1 11 28 29 34 | 4
150059,2025-12-12,2 6 7 30 34 | 3
150060,2025-12-12,2 3 7 23 35 | 2
150061,2025-12-12,3 7 17 31 35 | 2
150062,2025-12-12,8 16 18 19 25 | 1
150063,2025-12-12,4 15 17 20 34 | 2
150064,2025-12-12,2 3 7 10 22 | 1
150065,2025-12-12,10 16 29 33 36 | 4
150066,2025-12-12,12 23 29 30 36 | 1
150067,2025-12-12,4 15 16 22 35 | 2
150068,2025-12-12,11 16 28 32 35 | 2
150069,2025-12-12,1 4 18 34 36 | 3
150070,2025-12-12,1 7 12 30 36 | 3
150071,2025-12-12,5 18 19 26 36 | 4
150072,2025-12-12,1 4 6 11 33 | 2
150073,2025-12-12,16 17 22 30 36 | 1
150074,2025-12-12,1 3 4 16 27 | 1
150075,2025-12-12,5 15 20 28 31 | 1
150076,2025-12-12,2 3 8 10 16 | 4
150077,2025-12-12,4 5 11 20 34 | 2
150078,2025-12-12,5 17 27 30 35 | 2
150079,2025-12-12,3 16 20 25 35 | 2
150080,2025-12-12,6 8 9 24 31 | 4
150081,2025-12-12,6 14 29 31 35 | 1
150082,2025-12-12,6 11 15 28 36 | 4
150083,2025-12-12,3 9 20 22 28 | 1
150084,2025-12-12,4 17 27 30 31 | 1
150085,2025-12-12,11 16 31 32 33 | 1
150086,2025-12-12,5 20 25 29 32 | 4
150087,2025-12-12,2 28 31 32 34 | 4
150088,2025-12-13,7 8 17 25 35 | 2
150089,2025-12-13,5 16 17 22 27 | 2
150090,2025-12-13,3 18 23 32 36 | 1
150091,2025-12-13,5 23 27 28 34 | 4
150092,2025-12-13,1 3 11 25 28 | 2
150093,2025-12-13,16 24 26 31 32 | 4
150094,2025-12-13,8 13 17 22 33 | 2
150095,2025-12-13,1 7 20 28 36 | 4
150096,2025-12-13,2 17 20 28 33 | 3
150097,2025-12-13,9 27 30 33 36 | 1
150098,2025-12-13,11 19 21 32 34 | 4
150099,2025-12-13,2 11 13 19 25 | 4
150100,2025-12-13,14 21 22 25 27 | 3
150101,2025-12-13,2 8 12 23 25 | 3
150102,2025-12-13,3 16 20 27 36 | 1
150103,2025-12-13,11 13 20 27 32 | 3
150104,2025-12-13,1 5 11 18 22 | 2
150105,2025-12-13,1 16 21 25 29 | 4
150106,2025-12-13,5 21 23 32 34 | 1
150107,2025-12-13,1 3 30 32 33 | 2
150108,2025-12-13,1 2 12 20 31 | 2
150109,2025-12-13,2 9 16 24 28 | 2
150110,2025-12-13,1 4 10 16 20 | 3
150111,2025-12-13,20 25 31 34 35 | 3
150112,2025-12-13,8 11 17 19 32 | 1
150113,2025-12-13,3 7 10 19 36 | 4
150114,2025-12-13,17 21 26 31 36 | 1
150115,2025-12-13,3 4 7 11 14 | 3
150116,2025-12-13,4 5 11 29 33 | 3
150117,2025-12-13,3 18 19 20 24 | 4
150118,2025-12-13,8 14 15 24 27 | 2
150119,2025-12-13,5 7 19 24 28 | 1
150120,2025-12-13,1 12 25 34 35 | 4
150121,2025-12-13,1 2 18 20 22 | 4
150122,2025-12-13,1 11 15 18 23 | 4
150123,2025-12-13,3 12 23 32 36 | 2
150124,2025-12-13,11 29 30 34 36 | 1
150125,2025-12-13,1 6 10 12 18 | 3
150126,2025-12-13,6 8 11 15 29 | 1
150127,2025-12-13,11 14 27 31 36 | 4
150128,2025-12-13,11 12 14 18 27 | 2
150129,2025-12-13,3 13 19 22 29 | 3
150130,2025-12-13,1 9 18 20 28 | 3
150131,2025-12-13,14 24 28 32 36 | 1
150132,2025-12-13,14 15 21 28 33 | 4
150133,2025-12-13,3 8 28 35 36 | 3
150134,2025-12-13,8 9 21 26 31 | 4
150135,2025-12-13,22 26 29 30 36 | 2
150136,2025-12-13,5 6 8 14 27 | 4
150137,2025-12-13,7 17 18 24 36 | 4
150138,2025-12-13,22 28 31 32 36 | 4
150139,2025-12-13,2 7 14 24 26 | 1
150140,2025-12-13,9 10 19 29 36 | 3
150141,2025-12-13,8 16 29 32 36 | 3
150142,2025-12-13,1 7 26 27 35 | 4
150143,2025-12-13,7 11 18 19 20 | 2
150144,2025-12-13,6 13 27 29 35 | 1
150145,2025-12-13,8 13 27 31 33 | 1
150146,2025-12-13,3 17 20 24 34 | 2
150147,2025-12-13,6 7 10 12 35 | 3
150148,2025-12-14,23 24 31 35 36 | 1
150149,2025-12-14,2 6 12 14 34 | 4
150150,2025-12-14,1 11 21 24 28 | 4
150151,2025-12-14,2 9 23 25 27 | 4
150152,2025-12-14,2 14 15 30 35 | 2
150153,2025-12-14,4 20 27 28 30 | 4
150154,2025-12-14,8 12 17 34 35 | 2
150155,2025-12-14,3 12 15 28 31 | 3
150156,2025-12-14,4 10 16 21 22 | 2
150157,2025-12-14,2 17 20 27 30 | 4
150158,2025-12-14,5 6 9 15 22 | 2
150159,2025-12-14,1 13 15 23 29 | 1
150160,2025-12-14,6 8 12 13 32 | 1
150161,2025-12-14,1 2 18 33 34 | 1
150162,2025-12-14,6 16 17 20 32 | 1
150163,2025-12-14,10 11 14 30 34 | 3
150164,2025-12-14,4 16 23 26 32 | 2
150165,2025-12-14,2 11 19 25 34 | 1
150166,2025-12-14,9 15 16 22 27 | 3
150167,2025-12-14,8 11 12 22 35 | 1
150168,2025-12-14,2 14 16 21 23 | 3
150169,2025-12-14,7 15 18 23 30 | 1
150170,2025-12-14,16 22 23 29 35 | 3
150171,2025-12-14,3 4 11 13 20 | 1
150172,2025-12-14,3 4 7 14 16 | 2
150173,2025-12-14,5 16 17 30 36 | 3
150174,2025-12-14,3 6 26 27 31 | 4
150175,2025-12-14,6 20 23 33 34 | 3
150176,2025-12-14,9 11 12 17 22 | 4
150177,2025-12-14,8 15 18 21 30 | 4
150178,2025-12-14,5 20 27 32 34 | 3
150179,2025-12-14,16 23 24 26 33 | 3
150180,2025-12-14,9 10 12 25 31 | 3
150181,2025-12-14,15 21 24 25 29 | 2
150182,2025-12-14,11 12 13 21 25 | 3
150183,2025-12-14,4 12 25 28 31 | 1
150184,2025-12-14,1 2 15 18 28 | 3
150185,2025-12-14,5 9 14 27 36 | 1
150186,2025-12-14,15 19 28 32 34 | 3
150187,2025-12-14,1 15 18 19 29 | 1
150188,2025-12-14,1 25 30 33 34 | 2
150189,2025-12-14,4 26 27 30 35 | 3
150190,2025-12-14,7 18 26 32 33 | 3
150191,2025-12-14,1 2 5 21 34 | 1
150192,2025-12-14,4 6 11 19 30 | 2
150193,2025-12-14,1 2 5 11 17 | 4
150194,2025-12-14,3 14 30 34 35 | 4
150195,2025-12-14,9 17 25 26 32 | 4
150196,2025-12-14,6 24 25 26 28 | 4
150197,2025-12-14,4 7 15 22 33 | 2
150198,2025-12-14,12 15 16 17 32 | 3
150199,2025-12-14,13 17 24 29 36 | 3
150200,2025-12-14,10 28 30 31 32 | 1
150201,2025-12-14,1 2 7 12 26 | 4
150202,2025-12-14,6 21 22 26 36 | 4
150203,2025-12-14,8 24 25 30 36 | 4
150204,2025-12-14,4 12 15 26 33 | 4
150205,2025-12-14,5 16 23 28 29 | 3
150206,2025-12-14,5 22 32 33 36 | 4
150207,2025-12-14,1 16 26 29 30 | 2
150208,2025-12-15,3 14 20 24 33 | 4
150209,2025-12-15,1 22 27 34 36 | 3
150210,2025-12-15,12 13 22 28 29 | 1
150211,2025-12-15,3 11 13 28 32 | 1
150212,2025-12-15,8 26 27 34 35 | 3
150213,2025-12-15,4 6 24 26 36 | 4
150214,2025-12-15,7 16 19 24 25 | 2
150215,2025-12-15,7 21 22 30 31 | 2
150216,2025-12-15,1 8 18 21 35 | 1
150217,2025-12-15,1 15 23 30 32 | 3
150218,2025-12-15,2 6 13 26 33 | 3
150219,2025-12-15,17 20 24 30 35 | 3
150220,2025-12-15,6 7 13 27 30 | 3
150221,2025-12-15,2 3 25 28 32 | 2
150222,2025-12-15,2 5 11 19 34 | 2
150223,2025-12-15,15 25 28 31 32 | 2
150224,2025-12-15,13 15 22 23 31 | 3
150225,2025-12-15,4 15 24 26 35 | 2
150226,2025-12-15,9 19 21 28 30 | 3
150227,2025-12-15,1 17 19 24 36 | 2
150228,2025-12-15,9 18 27 35 36 | 4
150229,2025-12-15,3 8 11 28 35 | 4
150230,2025-12-15,3 12 13 29 34 | 2
150231,2025-12-15,4 8 14 33 36 | 2
150232,2025-12-15,7 28 31 35 36 | 1
150233,2025-12-15,3 15 20 25 32 | 2
150234,2025-12-15,5 7 18 23 27 | 2
150235,2025-12-15,10 13 16 17 23 | 1
150236,2025-12-15,2 3 8 13 23 | 2
150237,2025-12-15,5 20 25 31 35 | 1
150238,2025-12-15,8 14 17 32 36 | 1
150239,2025-12-15,9 13 25 28 33 | 2
150240,2025-12-15,8 9 15 18 31 | 4
150241,2025-12-15,2 5 10 30 35 | 1
150242,2025-12-15,1 18 22 29 33 | 1
150243,2025-12-15,1 13 22 24 31 | 2
150244,2025-12-15,7 11 23 33 36 | 3
150245,2025-12-15,2 5 18 23 25 | 2
150246,2025-12-15,8 9 25 32 34 | 1
150247,2025-12-15,10 14 17 29 33 | 1
150248,2025-12-15,6 8 15 23 28 | 4
150249,2025-12-15,13 18 19 25 31 | 1
150250,2025-12-15,8 22 29 30 32 | 4
150251,2025-12-15,1 9 10 17 19 | 3
150252,2025-12-15,1 12 14 18 29 | 3
150253,2025-12-15,4 17 20 33 35 | 1
150254,2025-12-15,3 11 13 14 17 | 1
150255,2025-12-15,1 10 23 28 34 | 3
150256,2025-12-15,9 14 16 30 31 | 1
150257,2025-12-15,17 20 24 33 35 | 2
150258,2025-12-15,7 9 20 22 28 | 3
150259,2025-12-15,2 13 14 18 34 | 4
150260,2025-12-15,6 10 13 27 34 | 2
150261,2025-12-15,4 6 12 14 18 | 2
150262,2025-12-15,10 12 23 25 29 | 1
150263,2025-12-15,3 6 17 29 32 | 1
150264,2025-12-15,4 6 9 11 19 | 3
150265,2025-12-15,12 18 24 25 36 | 4
150266,2025-12-15,4 5 26 29 32 | 3
150267,2025-12-15,2 18 20 29 33 | 2
150268,2025-12-16,1 7 32 33 35 | 1
150269,2025-12-16,3 4 5 14 32 | 4
150270,2025-12-16,2 3 4 17 34 | 2
150271,2025-12-16,8 14 20 33 35 | 2
150272,2025-12-16,20 22 25 32 35 | 2
150273,2025-12-16,2 3 4 21 30 | 2
150274,2025-12-16,4 8 11 20 36 | 1
150275,2025-12-16,4 9 11 28 36 | 1
150276,2025-12-16,4 13 21 22 27 | 3
150277,2025-12-16,7 18 24 32 33 | 2
150278,2025-12-16,2 7 11 24 29 | 1
150279,2025-12-16,2 14 17 32 34 | 2
150280,2025-12-16,1 16 22 32 36 | 2
150281,2025-12-16,12 19 20 23 30 | 2
150282,2025-12-16,3 9 15 21 23 | 2
150283,2025-12-16,6 8 12 13 18 | 3
150284,2025-12-16,10 21 28 32 33 | 4
150285,2025-12-16,10 11 16 31 35 | 3
150286,2025-12-16,13 15 26 34 35 | 2
150287,2025-12-16,4 13 18 27 34 | 2
150288,2025-12-16,9 13 19 28 35 | 3
150289,2025-12-16,9 14 19 28 29 | 4
150290,2025-12-16,20 22 23 27 29 | 2
150291,2025-12-16,2 5 23 35 36 | 1
150292,2025-12-16,2 18 19 30 36 | 2
150293,2025-12-16,9 13 14 23 24 | 1
150294,2025-12-16,5 16 22 23 31 | 2
150295,2025-12-16,6 21 26 27 30 | 3
150296,2025-12-16,21 22 25 29 30 | 3
150297,2025-12-16,3 7 9 13 17 | 4
150298,2025-12-16,12 19 22 23 30 | 4
150299,2025-12-16,3 6 9 13 23 | 4
150300,2025-12-16,1 6 8 21 33 | 2
150301,2025-12-16,6 13 28 31 32 | 4
150302,2025-12-16,6 8 18 24 33 | 4
150303,2025-12-16,10 14 15 26 35 | 1
150304,2025-12-16,1 3 12 13 20 | 4
150305,2025-12-16,1 12 13 17 35 | 1
150306,2025-12-16,2 5 8 25 32 | 4
150307,2025-12-16,5 13 18 23 31 | 2
150308,2025-12-16,7 18 24 25 30 | 4
150309,2025-12-16,2 6 22 33 35 | 3
150310,2025-12-16,8 16 27 29 31 | 2
150311,2025-12-16,2 12 16 20 26 | 4
150312,2025-12-16,6 9 19 30 31 | 1
150313,2025-12-16,4 9 17 19 27 | 4
150314,2025-12-16,8 9 19 22 23 | 1
150315,2025-12-16,2 4 12 30 32 | 1
150316,2025-12-16,6 14 17 19 35 | 4
150317,2025-12-16,2 3 8 17 27 | 3
150318,2025-12-16,2 14 16 25 27 | 4
150319,2025-12-16,4 12 20 21 27 | 4
150320,2025-12-16,2 16 21 26 30 | 2
150321,2025-12-16,6 13 15 18 23 | 1
150322,2025-12-16,6 17 21 24 28 | 2
150323,2025-12-16,7 28 31 33 36 | 2
150324,2025-12-16,20 24 30 31 32 | 4
150325,2025-12-16,4 17 19 20 32 | 4
150326,2025-12-16,6 12 19 26 28 | 1
150327,2025-12-16,5 10 11 13 32 | 3
150328,2025-12-17,11 14 15 20 30 | 2
150329,2025-12-17,2 14 15 20 28 | 3
150330,2025-12-17,1 12 21 24 34 | 4
150331,2025-12-17,4 5 15 22 36 | 1
150332,2025-12-17,6 9 25 26 33 | 3
150333,2025-12-17,7 15 21 29 30 | 4
150334,2025-12-17,1 11 12 27 29 | 4
150335,2025-12-17,1 2 4 20 26 | 4
150336,2025-12-17,3 11 13 15 16 | 4
150337,2025-12-17,4 15 17 20 29 | 4
150338,2025-12-17,2 8 21 24 30 | 3
150339,2025-12-17,7 17 24 27 31 | 2
150340,2025-12-17,10 11 15 22 26 | 3
150341,2025-12-17,5 7 11 17 22 | 4
150342,2025-12-17,10 11 12 13 34 | 1
150343,2025-12-17,1 4 14 26 32 | 3
150344,2025-12-17,4 8 15 28 34 | 2
150345,2025-12-17,1 13 16 22 31 | 4
150346,2025-12-17,15 16 22 27 36 | 2
150347,2025-12-17,1 3 13 14 27 | 4
150348,2025-12-17,6 15 21 27 32 | 1
150349,2025-12-17,1 2 12 16 20 | 3
150350,2025-12-17,13 19 21 25 30 | 4
150351,2025-12-17,3 19 23 27 35 | 2
150352,2025-12-17,4 5 9 13 24 | 1
150353,2025-12-17,8 14 19 28 33 | 4
150354,2025-12-17,1 10 15 19 21 | 2
150355,2025-12-17,3 8 27 32 33 | 3
150356,2025-12-17,9 18 30 33 35 | 1
150357,2025-12-17,9 13 14 17 26 | 2
150358,2025-12-17,4 9 11 29 33 | 1
150359,2025-12-17,10 12 13 20 36 | 3
150360,2025-12-17,5 6 16 25 35 | 4
150361,2025-12-17,2 18 21 22 30 | 1
150362,2025-12-17,4 16 18 20 33 | 2
150363,2025-12-17,3 5 13 15 33 | 3
150364,2025-12-17,12 20 22 23 29 | 2
150365,2025-12-17,3 6 15 20 29 | 4
150366,2025-12-17,12 15 19 24 27 | 4
150367,2025-12-17,1 21 23 25 29 | 4
150368,2025-12-17,2 5 11 12 20 | 3
150369,2025-12-17,8 16 20 35 36 | 3
150370,2025-12-17,7 12 13 35 36 | 3
150371,2025-12-17,5 14 15 18 26 | 1
150372,2025-12-17,9 10 21 22 35 | 2
150373,2025-12-17,1 6 21 25 32 | 2
150374,2025-12-17,4 11 21 28 29 | 1
150375,2025-12-17,7 9 12 15 29 | 2
150376,2025-12-17,6 7 9 27 33 | 1
150377,2025-12-17,5 13 23 26 32 | 3
150378,2025-12-17,1 20 22 32 35 | 4
150379,2025-12-17,1 7 27 33 36 | 3
150380,2025-12-17,2 6 17 18 19 | 4
150381,2025-12-17,14 18 23 30 32 | 4
150382,2025-12-17,1 8 29 30 34 | 3
150383,2025-12-17,6 12 18 29 32 | 1
150384,2025-12-17,7 8 11 17 32 | 1
150385,2025-12-17,8 13 17 28 32 | 2
150386,2025-12-17,9 15 18 32 33 | 2
150387,2025-12-17,4 6 10 24 25 | 1
150388,2025-12-18,4 9 25 26 28 | 1
150389,2025-12-18,3 6 15 26 36 | 1
150390,2025-12-18,5 9 15 20 33 | 4
150391,2025-12-18,2 12 28 30 32 | 1
150392,2025-12-18,8 10 23 27 31 | 3
150393,2025-12-18,1 14 18 25 31 | 2
150394,2025-12-18,10 13 19 24 33 | 3
150395,2025-12-18,13 17 19 23 27 | 3
150396,2025-12-18,8 24 25 26 29 | 1
150397,2025-12-18,6 18 20 25 28 | 3
150398,2025-12-18,9 14 17 18 22 | 2
150399,2025-12-18,6 7 17 23 31 | 1
150400,2025-12-18,4 12 30 31 32 | 3
150401,2025-12-18,8 12 30 32 35 | 4
150402,2025-12-18,6 7 11 12 18 | 1
150403,2025-12-18,9 12 27 29 30 | 4
150404,2025-12-18,2 6 16 18 22 | 1
150405,2025-12-18,5 10 13 23 29 | 4
150406,2025-12-18,1 7 12 17 34 | 1
150407,2025-12-18,4 9 13 14 29 | 4
150408,2025-12-18,5 6 16 21 23 | 1
150409,2025-12-18,13 14 23 25 28 | 4
150410,2025-12-18,7 16 27 30 36 | 2
150411,2025-12-18,2 15 28 29 36 | 4
150412,2025-12-18,3 4 7 16 24 | 4
150413,2025-12-18,14 15 21 23 28 | 1
150414,2025-12-18,5 11 13 15 28 | 2
150415,2025-12-18,8 10 13 14 29 | 4
150416,2025-12-18,4 10 11 17 26 | 4
150417,2025-12-18,4 8 21 23 27 | 4
150418,2025-12-18,11 12 19 25 28 | 3
150419,2025-12-18,2 11 22 31 34 | 2
150420,2025-12-18,6 16 18 24 31 | 3
150421,2025-12-18,10 13 21 26 27 | 4
150422,2025-12-18,5 11 12 27 32 | 4
150423,2025-12-18,7 9 24 28 35 | 1
150424,2025-12-18,5 13 19 21 26 | 2
150425,2025-12-18,3 6 23 27 34 | 4
150426,2025-12-18,2 4 5 17 31 | 3
150427,2025-12-18,3 11 17 18 34 | 3
150428,2025-12-18,8 14 17 18 21 | 3
150429,2025-12-18,1 2 21 26 34 | 3
150430,2025-12-18,6 7 18 24 26 | 3
150431,2025-12-18,3 17 19 33 34 | 2
150432,2025-12-18,5 7 26 29 35 | 1
150433,2025-12-18,8 11 18 33 34 | 1
150434,2025-12-18,4 11 23 32 33 | 3
150435,2025-12-18,2 17 31 34 36 | 3
150436,2025-12-18,3 14 19 29 36 | 2
150437,2025-12-18,1 3 6 17 26 | 2
150438,2025-12-18,8 17 27 28 34 | 4
150439,2025-12-18,2 5 7 28 35 | 1
150440,2025-12-18,5 8 10 18 26 | 2
150441,2025-12-18,2 3 7 9 20 | 1
150442,2025-12-18,2 7 16 26 30 | 4
150443,2025-12-18,1 14 22 29 32 | 4
150444,2025-12-18,1 4 6 23 32 | 1
150445,2025-12-18,1 12 15 21 31 | 2
150446,2025-12-18,1 16 19 28 29 | 2
150447,2025-12-18,1 4 17 22 23 | 2
150448,2025-12-19,1 10 18 22 27 | 1
150449,2025-12-19,2 9 29 32 35 | 3
150450,2025-12-19,2 15 24 27 32 | 1
150451,2025-12-19,13 20 22 23 33 | 3
150452,2025-12-19,8 29 31 35 36 | 2
150453,2025-12-19,7 13 17 18 28 | 4
150454,2025-12-19,1 8 20 26 32 | 4
150455,2025-12-19,14 16 21 24 32 | 4
150456,2025-12-19,12 14 29 32 33 | 1
150457,2025-12-19,10 12 21 26 27 | 1
150458,2025-12-19,3 9 16 28 29 | 1
150459,2025-12-19,10 18 20 21 31 | 4
150460,2025-12-19,10 16 23 34 36 | 2
150461,2025-12-19,2 4 23 24 31 | 1
150462,2025-12-19,4 19 21 24 25 | 4
150463,2025-12-19,4 13 21 30 32 | 2
150464,2025-12-19,9 18 31 33 34 | 3
150465,2025-12-19,1 15 21 22 25 | 1
150466,2025-12-19,4 9 16 26 31 | 1
150467,2025-12-19,4 14 22 25 30 | 4
150468,2025-12-19,3 5 17 19 27 | 4
150469,2025-12-19,1 13 21 30 32 | 1
150470,2025-12-19,10 12 23 24 25 | 4
150471,2025-12-19,1 3 5 12 21 | 4
150472,2025-12-19,4 13 15 29 34 | 1
150473,2025-12-19,7 12 24 35 36 | 4
150474,2025-12-19,4 15 18 25 36 | 2
150475,2025-12-19,14 15 17 18 28 | 2
150476,2025-12-19,6 14 26 28 36 | 3
150477,2025-12-19,10 13 17 20 34 | 1
150478,2025-12-19,1 3 17 21 29 | 1
150479,2025-12-19,4 19 22 26 31 | 4
150480,2025-12-19,4 6 16 18 29 | 3
150481,2025-12-19,10 15 21 25 29 | 1
150482,2025-12-19,1 3 13 15 30 | 4
150483,2025-12-19,5 14 20 23 31 | 3
150484,2025-12-19,1 26 31 34 35 | 4
150485,2025-12-19,13 28 29 30 31 | 2
150486,2025-12-19,21 23 29 31 35 | 2
150487,2025-12-19,6 11 18 29 35 | 3
150488,2025-12-19,4 13 15 17 30 | 1
150489,2025-12-19,7 13 15 24 34 | 1
150490,2025-12-19,3 9 17 19 28 | 1
150491,2025-12-19,20 24 26 35 36 | 3
150492,2025-12-19,6 12 22 34 36 | 1
150493,2025-12-19,1 9 11 12 13 | 2
150494,2025-12-19,3 12 16 26 29 | 4
150495,2025-12-19,8 19 26 27 31 | 2
150496,2025-12-19,11 25 27 28 35 | 2
150497,2025-12-19,1 3 12 26 34 | 4
150498,2025-12-19,2 6 17 22 33 | 3
150499,2025-12-19,6 13 25 28 34 | 1
150500,2025-12-19,3 10 12 15 22 | 1
150501,2025-12-19,1 2 20 29 32 | 4
150502,2025-12-19,6 11 12 14 22 | 1
150503,2025-12-19,3 10 15 18 31 | 1
150504,2025-12-19,9 11 15 19 30 | 2
150505,2025-12-19,4 11 12 26 27 | 3
150506,2025-12-19,10 11 15 27 30 | 2
150507,2025-12-19,6 7 14 24 29 | 3
150508,2025-12-20,11 16 17 20 23 | 4
150509,2025-12-20,1 7 10 14 16 | 2
150510,2025-12-20,5 12 14 28 29 | 4
150511,2025-12-20,12 21 32 34 36 | 1
150512,2025-12-20,5 6 7 11 35 | 1
150513,2025-12-20,3 7 9 14 18 | 2
150514,2025-12-20,5 8 10 27 31 | 4
150515,2025-12-20,3 5 6 14 31 | 4
150516,2025-12-20,2 11 19 25 29 | 1
150517,2025-12-20,2 5 10 19 24 | 1
150518,2025-12-20,6 21 23 24 29 | 2
150519,2025-12-20,4 7 20 28 33 | 2
150520,2025-12-20,8 9 11 28 31 | 2
150521,2025-12-20,7 14 21 32 34 | 2
150522,2025-12-20,8 15 16 23 31 | 1
150523,2025-12-20,8 12 26 31 35 | 1
150524,2025-12-20,17 21 24 30 32 | 1
150525,2025-12-20,7 9 11 14 27 | 3
150526,2025-12-20,2 5 9 29 33 | 4
150527,2025-12-20,6 12 17 21 36 | 1
150528,2025-12-20,3 5 11 25 26 | 2
150529,2025-12-20,8 11 29 34 36 | 4
150530,2025-12-20,9 20 27 33 36 | 2
150531,2025-12-20,13 17 24 27 30 | 4
150532,2025-12-20,6 16 19 26 35 | 4
150533,2025-12-20,8 16 31 34 35 | 1
150534,2025-12-20,25 26 28 34 35 | 1
150535,2025-12-20,6 8 10 14 20 | 3
150536,2025-12-20,2 6 10 16 24 | 1
150537,2025-12-20,1 6 8 27 35 | 2
150538,2025-12-20,14 19 24 26 30 | 4
150539,2025-12-20,15 26 27 32 36 | 4
150540,2025-12-20,1 6 21 22 29 | 3
150541,2025-12-20,4 6 15 19 31 | 1
150542,2025-12-20,10 15 16 19 29 | 4
150543,2025-12-20,9 13 19 22 34 | 3
150544,2025-12-20,2 12 13 19 27 | 4
150545,2025-12-20,7 14 16 30 34 | 3
150546,2025-12-20,18 26 30 31 34 | 4
150547,2025-12-20,4 18 20 21 36 | 1
150548,2025-12-20,9 21 23 27 36 | 3
150549,2025-12-20,7 15 17 18 19 | 1
150550,2025-12-20,15 23 33 34 36 | 3
150551,2025-12-20,5 19 21 23 35 | 1
150552,2025-12-20,5 14 24 31 32 | 4
150553,2025-12-20,9 18 27 32 34 | 2
150554,2025-12-20,14 20 24 27 33 | 3
150555,2025-12-20,10 13 17 25 36 | 2
150556,2025-12-20,3 18 24 26 27 | 2
150557,2025-12-20,5 17 24 25 32 | 1
150558,2025-12-20,4 12 13 25 31 | 2
150559,2025-12-20,5 7 10 11 22 | 1
150560,2025-12-20,3 13 15 32 36 | 3
150561,2025-12-20,1 6 9 14 35 | 2
150562,2025-12-20,3 16 24 25 27 | 4
150563,2025-12-20,7 10 12 15 27 | 2
150564,2025-12-20,15 21 23 26 33 | 3
150565,2025-12-20,12 13 22 33 36 | 3
150566,2025-12-20,5 11 14 22 33 | 3
150567,2025-12-20,5 20 24 25 27 | 1
150568,2025-12-21,7 13 14 17 22 | 1
150569,2025-12-21,1 7 14 17 29 | 1
150570,2025-12-21,4 5 19 27 32 | 3
150571,2025-12-21,6 26 28 30 33 | 4
150572,2025-12-21,2 6 16 17 29 | 2
150573,2025-12-21,3 6 27 29 34 | 1
150574,2025-12-21,2 4 14 17 30 | 2
150575,2025-12-21,5 18 20 24 35 | 3
150576,2025-12-21,13 14 25 28 36 | 4
150577,2025-12-21,7 12 19 22 23 | 3
150578,2025-12-21,3 17 25 34 35 | 4
150579,2025-12-21,7 15 26 29 36 | 4
150580,2025-12-21,7 16 18 24 32 | 2
150581,2025-12-21,10 21 22 24 26 | 1
150582,2025-12-21,9 10 23 25 32 | 2
150583,2025-12-21,2 27 31 33 35 | 4
150584,2025-12-21,3 13 16 22 36 | 4
150585,2025-12-21,5 22 28 32 36 | 4
150586,2025-12-21,3 16 20 21 33 | 2
150587,2025-12-21,4 15 24 25 30 | 3
150588,2025-12-21,6 8 18 30 32 | 1
150589,2025-12-21,2 13 17 18 27 | 1
150590,2025-12-21,4 18 20 24 30 | 4
150591,2025-12-21,3 9 11 14 28 | 4
150592,2025-12-21,7 8 23 26 28 | 3
150593,2025-12-21,4 9 10 19 21 | 4
150594,2025-12-21,11 14 16 23 25 | 3
150595,2025-12-21,2 13 16 21 32 | 2
150596,2025-12-21,3 8 25 29 30 | 2
150597,2025-12-21,6 10 11 17 34 | 3
150598,2025-12-21,6 15 18 22 25 | 4
150599,2025-12-21,1 9 11 13 29 | 4
150600,2025-12-21,5 17 26 28 35 | 3
150601,2025-12-21,5 15 23 26 35 | 2
150602,2025-12-21,2 12 22 30 36 | 1
150603,2025-12-21,13 14 15 31 32 | 4
150604,2025-12-21,8 11 13 24 33 | 4
150605,2025-12-21,16 19 21 32 35 | 2
150606,2025-12-21,2 5 19 29 31 | 1
150607,2025-12-21,7 10 20 21 32 | 1
150608,2025-12-21,11 13 18 25 33 | 4
150609,2025-12-21,2 8 12 17 21 | 4
150610,2025-12-21,2 7 12 14 20 | 4
150611,2025-12-21,5 6 12 27 30 | 3
150612,2025-12-21,3 21 24 25 27 | 2
150613,2025-12-21,12 13 14 17 29 | 3
150614,2025-12-21,4 5 16 30 36 | 4
150615,2025-12-21,4 5 11 23 36 | 2
150616,2025-12-21,6 12 13 16 19 | 1
150617,2025-12-21,4 8 9 26 33 | 2
150618,2025-12-21,14 18 25 31 33 | 3
150619,2025-12-21,2 4 20 26 31 | 1
150620,2025-12-21,2 10 17 19 33 | 2
150621,2025-12-21,10 14 17 22 28 | 3
150622,2025-12-21,1 25 29 30 34 | 3
150623,2025-12-21,20 26 27 31 33 | 3
150624,2025-12-21,11 16 17 27 29 | 3
150625,2025-12-21,18 19 23 25 34 | 3
150626,2025-12-21,2 10 18 19 29 | 1
150627,2025-12-21,16 20 25 26 32 | 2
150628,2025-12-22,20 22 32 33 36 | 4
150629,2025-12-22,10 12 20 27 32 | 3
150630,2025-12-22,3 17 25 28 32 | 3
150631,2025-12-22,6 10 11 13 18 | 1
150632,2025-12-22,5 9 14 21 26 | 2
150633,2025-12-22,7 18 20 26 34 | 1
150634,2025-12-22,4 10 14 15 24 | 4
150635,2025-12-22,13 20 22 28 35 | 2
150636,2025-12-22,3 12 13 16 33 | 3
150637,2025-12-22,5 7 9 16 26 | 1
150638,2025-12-22,1 2 4 19 27 | 2
150639,2025-12-22,8 12 13 22 26 | 3
150640,2025-12-22,4 6 25 30 35 | 4
150641,2025-12-22,9 15 21 24 33 | 2
150642,2025-12-22,16 21 22 25 26 | 2
150643,2025-12-22,3 7 10 14 31 | 3
150644,2025-12-22,5 12 16 18 32 | 2
150645,2025-12-22,6 8 10 23 30 | 2
150646,2025-12-22,3 19 21 35 36 | 3
150647,2025-12-22,6 13 17 20 26 | 2
150648,2025-12-22,6 14 23 28 32 | 1
150649,2025-12-22,4 6 9 21 24 | 2
150650,2025-12-22,8 15 18 25 33 | 1
150651,2025-12-22,5 6 17 24 30 | 4
150652,2025-12-22,19 22 24 29 35 | 2
150653,2025-12-22,1 3 7 14 22 | 2
150654,2025-12-22,4 19 21 27 28 | 1
150655,2025-12-22,17 24 27 33 35 | 3
150656,2025-12-22,7 14 17 33 34 | 4
150657,2025-12-22,18 22 23 24 31 | 4
150658,2025-12-22,6 9 22 33 34 | 2
150659,2025-12-22,19 22 27 31 32 | 2
150660,2025-12-22,1 9 10 17 36 | 4
150661,2025-12-22,9 12 28 31 32 | 1
150662,2025-12-22,2 6 13 30 35 | 3
150663,2025-12-22,2 8 21 22 28 | 4
150664,2025-12-22,20 27 31 32 34 | 3
150665,2025-12-22,10 19 31 35 36 | 4
150666,2025-12-22,1 3 6 7 10 | 3
150667,2025-12-22,6 13 14 23 27 | 3
150668,2025-12-22,3 11 15 18 31 | 3
150669,2025-12-22,3 14 19 23 28 | 2
150670,2025-12-22,5 15 17 29 30 | 2
150671,2025-12-22,2 4 6 10 23 | 1
150672,2025-12-22,4 8 22 24 31 | 3
150673,2025-12-22,1 16 20 25 29 | 4
150674,2025-12-22,7 9 12 21 33 | 2
150675,2025-12-22,6 12 16 24 34 | 4
150676,2025-12-22,2 21 23 24 29 | 2
150677,2025-12-22,6 10 16 17 24 | 2
150678,2025-12-22,4 5 17 20 25 | 4
150679,2025-12-22,5 11 21 25 30 | 1
150680,2025-12-22,13 26 27 32 36 | 1
150681,2025-12-22,2 11 26 30 31 | 3
150682,2025-12-22,7 12 20 30 36 | 2
150683,2025-12-22,14 19 31 32 34 | 1
150684,2025-12-22,9 11 15 18 26 | 1
150685,2025-12-22,4 14 18 31 35 | 3
150686,2025-12-22,8 10 11 12 27 | 4
150687,2025-12-22,13 20 21 29 35 | 2
150688,2025-12-23,10 17 20 25 31 | 1
150689,2025-12-23,5 12 21 29 34 | 1
150690,2025-12-23,4 5 10 15 21 | 2
150691,2025-12-23,9 22 31 34 35 | 3
150692,2025-12-23,4 14 15 16 31 | 2
150693,2025-12-23,4 11 14 28 30 | 3
150694,2025-12-23,2 9 17 29 33 | 3
150695,2025-12-23,4 16 19 29 30 | 4
150696,2025-12-23,8 11 12 15 17 | 1
150697,2025-12-23,6 10 26 34 35 | 2
150698,2025-12-23,9 18 26 33 35 | 3
150699,2025-12-23,7 8 30 32 36 | 4
150700,2025-12-23,2 11 14 18 33 | 2
150701,2025-12-23,3 4 11 19 30 | 1
150702,2025-12-23,11 13 16 24 31 | 1
150703,2025-12-23,3 7 24 31 34 | 1
150704,2025-12-23,20 22 26 27 34 | 2
150705,2025-12-23,4 11 19 26 33 | 2
150706,2025-12-23,3 5 12 26 33 | 1
150707,2025-12-23,5 20 25 26 36 | 2
150708,2025-12-23,10 11 19 27 32 | 2
150709,2025-12-23,1 5 6 29 32 | 4
150710,2025-12-23,1 2 6 11 28 | 4
150711,2025-12-23,5 10 24 27 33 | 4
150712,2025-12-23,2 15 21 25 33 | 1
150713,2025-12-23,9 23 25 29 31 | 4
150714,2025-12-23,14 15 16 18 22 | 1
150715,2025-12-23,2 8 11 16 17 | 4
150716,2025-12-23,15 16 17 20 23 | 2
150717,2025-12-23,2 10 24 34 35 | 1
150718,2025-12-23,6 12 14 21 26 | 2
150719,2025-12-23,8 9 10 24 30 | 1
150720,2025-12-23,1 8 17 19 26 | 4
150721,2025-12-23,1 6 7 11 20 | 3
150722,2025-12-23,7 10 16 18 33 | 4
150723,2025-12-23,2 10 20 25 33 | 1
150724,2025-12-23,9 18 24 29 35 | 3
150725,2025-12-23,2 9 13 15 19 | 1
150726,2025-12-23,3 17 18 25 34 | 3
150727,2025-12-23,13 15 26 31 36 | 3
150728,2025-12-23,20 24 29 34 35 | 3
150729,2025-12-23,9 11 13 28 35 | 4
150730,2025-12-23,14 18 24 32 35 | 3
150731,2025-12-23,1 2 7 12 24 | 4
150732,2025-12-23,1 2 3 7 32 | 3
150733,2025-12-23,20 21 25 32 33 | 4
150734,2025-12-23,3 18 27 31 34 | 1
150735,2025-12-23,4 14 19 23 33 | 2
150736,2025-12-23,4 12 26 27 35 | 1
150737,2025-12-23,11 21 32 33 36 | 1
150738,2025-12-23,8 21 25 26 34 | 4
150739,2025-12-23,6 8 29 34 35 | 2
150740,2025-12-23,4 11 22 26 29 | 1
150741,2025-12-23,9 11 23 30 31 | 2
150742,2025-12-23,3 13 15 33 36 | 4
150743,2025-12-23,5 16 25 32 33 | 4
150744,2025-12-23,7 15 25 26 34 | 3
150745,2025-12-23,20 21 31 32 36 | 2
150746,2025-12-23,6 9 10 17 30 | 3
150747,2025-12-23,5 9 17 23 28 | 4
150748,2025-12-24,7 27 29 30 31 | 3
150749,2025-12-24,5 13 32 35 36 | 4
150750,2025-12-24,8 10 15 27 30 | 3
150751,2025-12-24,16 17 18 31 34 | 1
150752,2025-12-24,6 14 16 29 35 | 2
150753,2025-12-24,16 18 21 24 35 | 4
150754,2025-12-24,1 19 21 26 35 | 4
150755,2025-12-24,15 16 30 31 32 | 2
150756,2025-12-24,6 22 28 32 35 | 4
150757,2025-12-24,6 15 23 27 30 | 2
150758,2025-12-24,2 11 18 27 32 | 3
150759,2025-12-24,9 21 25 28 35 | 3
150760,2025-12-24,6 12 17 23 28 | 3
150761,2025-12-24,1 5 9 14 19 | 1
150762,2025-12-24,4 6 13 23 33 | 2
150763,2025-12-24,1 15 18 22 28 | 3
150764,2025-12-24,7 8 22 28 32 | 2
150765,2025-12-24,2 8 24 32 34 | 1
150766,2025-12-24,12 13 16 31 35 | 1
150767,2025-12-24,6 22 24 31 34 | 2
150768,2025-12-24,3 5 15 19 36 | 2
150769,2025-12-24,1 18 23 30 35 | 3
150770,2025-12-24,3 12 18 21 36 | 2
150771,2025-12-24,6 10 19 21 29 | 3
150772,2025-12-24,1 3 7 34 36 | 2
150773,2025-12-24,3 13 18 23 35 | 3
150774,2025-12-24,1 14 21 25 31 | 2
150775,2025-12-24,10 14 18 33 36 | 4
150776,2025-12-24,12 17 18 30 33 | 4
150777,2025-12-24,9 15 23 29 31 | 2
150778,2025-12-24,1 17 18 26 36 | 3
150779,2025-12-24,5 10 11 13 28 | 2
150780,2025-12-24,13 15 24 25 32 | 1
150781,2025-12-24,2 9 18 24 28 | 3
150782,2025-12-24,1 9 20 28 30 | 4
150783,2025-12-24,16 25 26 29 30 | 2
150784,2025-12-24,3 15 18 26 32 | 4
150785,2025-12-24,4 16 24 25 32 | 3
150786,2025-12-24,2 13 20 27 31 | 1
150787,2025-12-24,2 6 15 29 31 | 1
150788,2025-12-24,10 11 30 32 36 | 3
150789,2025-12-24,17 21 24 29 34 | 1
150790,2025-12-24,2 13 16 22 27 | 4
150791,2025-12-24,5 17 31 33 36 | 1
150792,2025-12-24,7 20 22 28 34 | 1
150793,2025-12-24,8 11 18 24 25 | 2
150794,2025-12-24,14 16 19 33 34 | 3
150795,2025-12-24,2 28 31 34 35 | 3
150796,2025-12-24,2 11 12 25 29 | 1
150797,2025-12-24,1 10 11 33 34 | 4
150798,2025-12-24,17 29 30 31 34 | 1
150799,2025-12-24,21 25 26 27 31 | 3
150800,2025-12-24,2 9 13 16 19 | 2
150801,2025-12-24,1 12 21 35 36 | 4
150802,2025-12-24,2 3 10 17 29 | 2
150803,2025-12-24,3 14 18 19 35 | 4
150804,2025-12-24,11 23 24 28 30 | 3
150805,2025-12-24,6 12 17 30 36 | 2
150806,2025-12-24,5 7 14 22 25 | 2
150807,2025-12-24,15 23 32 34 35 | 1
150808,2025-12-25,7 10 13 16 28 | 2
150809,2025-12-25,1 19 21 24 34 | 3
150810,2025-12-25,6 12 25 28 31 | 1
150811,2025-12-25,16 23 24 25 30 | 2
150812,2025-12-25,8 16 22 24 33 | 1
150813,2025-12-25,12 22 25 34 36 | 1
150814,2025-12-25,7 12 13 16 29 | 1
150815,2025-12-25,1 7 13 25 29 | 4
150816,2025-12-25,1 9 15 17 35 | 3
150817,2025-12-25,17 18 24 30 33 | 3
150818,2025-12-25,17 19 31 34 36 | 3
150819,2025-12-25,2 12 19 25 34 | 4
150820,2025-12-25,10 14 24 25 28 | 2
150821,2025-12-25,2 8 10 14 22 | 1
150822,2025-12-25,2 18 25 31 36 | 1
150823,2025-12-25,3 16 17 18 34 | 3
150824,2025-12-25,13 17 24 26 33 | 3
150825,2025-12-25,2 3 13 22 29 | 2
150826,2025-12-25,10 12 21 23 31 | 2
150827,2025-12-25,3 7 25 29 33 | 2
150828,2025-12-25,4 17 19 28 34 | 2
150829,2025-12-25,8 18 20 24 27 | 3
150830,2025-12-25,9 14 22 32 36 | 3
150831,2025-12-25,2 10 11 13 23 | 1
150832,2025-12-25,9 19 21 23 26 | 2
150833,2025-12-25,7 14 20 34 35 | 2
150834,2025-12-25,1 10 16 17 19 | 2
150835,2025-12-25,3 4 19 23 32 | 3
150836,2025-12-25,1 12 13 22 28 | 1
150837,2025-12-25,5 13 25 26 30 | 1
150838,2025-12-25,4 11 12 14 31 | 3
150839,2025-12-25,16 22 27 32 36 | 2
150840,2025-12-25,1 4 10 11 33 | 2
150841,2025-12-25,6 8 9 12 25 | 3
150842,2025-12-25,16 17 26 28 33 | 2
150843,2025-12-25,1 16 19 20 34 | 4
150844,2025-12-25,2 5 6 12 20 | 3
150845,2025-12-25,13 18 21 23 30 | 3
150846,2025-12-25,3 4 10 11 35 | 2
150847,2025-12-25,2 4 14 24 33 | 4
150848,2025-12-25,5 10 17 23 35 | 1
150849,2025-12-25,5 16 25 29 32 | 2
150850,2025-12-25,13 24 30 35 36 | 1
150851,2025-12-25,1 2 9 19 22 | 1
150852,2025-12-25,15 20 23 27 33 | 2
150853,2025-12-25,1 6 23 25 36 | 1
150854,2025-12-25,10 26 27 29 33 | 3
150855,2025-12-25,10 12 18 19 26 | 4
150856,2025-12-25,2 16 17 20 22 | 4
150857,2025-12-25,7 18 23 31 35 | 3
150858,2025-12-25,1 8 12 15 19 | 3
150859,2025-12-25,1 3 9 33 34 | 3
150860,2025-12-25,4 6 19 23 33 | 2
150861,2025-12-25,6 14 24 32 34 | 2
150862,2025-12-25,4 11 17 18 20 | 1
150863,2025-12-25,19 24 26 27 28 | 1
150864,2025-12-25,4 6 13 18 21 | 4
150865,2025-12-25,2 3 5 7 30 | 3
150866,2025-12-25,1 17 21 33 35 | 3
150867,2025-12-25,9 11 13 23 24 | 2
150868,2025-12-26,2 9 16 22 27 | 3
150869,2025-12-26,2 3 25 27 29 | 4
150870,2025-12-26,13 19 24 34 36 | 3
150871,2025-12-26,2 7 10 11 26 | 3
150872,2025-12-26,5 14 17 20 26 | 1
150873,2025-12-26,14 19 22 23 36 | 4
150874,2025-12-26,17 20 22 23 28 | 3
150875,2025-12-26,7 11 24 28 35 | 2
150876,2025-12-26,2 5 10 19 26 | 4
150877,2025-12-26,2 3 21 30 33 | 2
150878,2025-12-26,6 13 19 22 30 | 1
150879,2025-12-26,3 8 14 34 36 | 4
150880,2025-12-26,9 20 22 28 31 | 2
150881,2025-12-26,10 16 20 21 28 | 3
150882,2025-12-26,12 20 29 32 35 | 4
150883,2025-12-26,9 17 23 30 34 | 1
150884,2025-12-26,12 18 20 23 25 | 3
150885,2025-12-26,6 13 15 17 36 | 3
150886,2025-12-26,2 18 21 29 30 | 4
150887,2025-12-26,10 20 27 31 35 | 1
150888,2025-12-26,2 8 17 24 32 | 2
150889,2025-12-26,1 3 6 20 31 | 2
150890,2025-12-26,2 15 17 33 35 | 3
150891,2025-12-26,9 11 34 35 36 | 4
150892,2025-12-26,8 25 26 28 33 | 4
150893,2025-12-26,4 11 12 18 24 | 1
150894,2025-12-26,3 11 17 19 25 | 2
150895,2025-12-26,7 8 9 27 36 | 2
150896,2025-12-26,15 19 21 25 36 | 1
150897,2025-12-26,6 9 16 25 32 | 4
150898,2025-12-26,8 9 20 22 28 | 1
150899,2025-12-26,1 12 16 18 34 | 4
150900,2025-12-26,1 6 22 25 35 | 4
150901,2025-12-26,15 16 24 25 29 | 2
150902,2025-12-26,11 18 23 29 34 | 3
150903,2025-12-26,6 13 24 25 27 | 2
150904,2025-12-26,2 16 25 29 31 | 2
150905,2025-12-26,1 7 26 31 33 | 4
150906,2025-12-26,3 9 16 28 31 | 3
150907,2025-12-26,11 14 19 21 26 | 1
150908,2025-12-26,8 21 27 31 32 | 4
150909,2025-12-26,6 10 18 29 32 | 1
150910,2025-12-26,6 22 28 30 31 | 1
150911,2025-12-26,5 7 12 25 27 | 4
150912,2025-12-26,3 6 25 27 36 | 3
150913,2025-12-26,10 26 28 31 34 | 1
150914,2025-12-26,5 10 20 29 35 | 4
150915,2025-12-26,8 25 27 28 29 | 1
150916,2025-12-26,3 17 30 31 36 | 4
150917,2025-12-26,11 19 20 21 28 | 2
150918,2025-12-26,10 17 18 19 32 | 4
150919,2025-12-26,1 10 21 23 27 | 1
150920,2025-12-26,6 9 16 20 23 | 1
150921,2025-12-26,6 12 14 16 23 | 3
150922,2025-12-26,21 28 30 31 36 | 2
150923,2025-12-26,1 10 17 23 28 | 2
150924,2025-12-26,1 8 12 23 28 | 2
150925,2025-12-26,6 7 8 13 26 | 1
150926,2025-12-26,2 13 16 21 24 | 3
150927,2025-12-26,6 11 12 16 32 | 4
150928,2025-12-27,19 20 22 26 33 | 4
150929,2025-12-27,6 7 10 25 29 | 1
150930,2025-12-27,11 14 27 29 30 | 2
150931,2025-12-27,6 8 9 14 29 | 3
150932,2025-12-27,8 18 30 34 35 | 1
150933,2025-12-27,10 19 23 30 36 | 1
150934,2025-12-27,14 17 27 33 34 | 4
150935,2025-12-27,4 17 20 24 36 | 2
150936,2025-12-27,1 2 4 18 29 | 4
150937,2025-12-27,3 20 23 27 29 | 3
150938,2025-12-27,1 16 27 28 35 | 4
150939,2025-12-27,8 9 11 21 24 | 1
150940,2025-12-27,20 22 23 27 32 | 1
150941,2025-12-27,6 14 18 35 36 | 3
150942,2025-12-27,5 6 20 29 32 | 1
150943,2025-12-27,1 3 5 9 33 | 4
150944,2025-12-27,9 14 15 26 27 | 3
150945,2025-12-27,7 9 17 29 36 | 1
150946,2025-12-27,5 8 25 26 28 | 1
150947,2025-12-27,1 5 6 19 32 | 4
150948,2025-12-27,3 9 13 34 36 | 2
150949,2025-12-27,4 7 15 19 21 | 3
150950,2025-12-27,11 16 20 27 31 | 1
150951,2025-12-27,1 16 21 28 35 | 3
150952,2025-12-27,2 7 10 20 28 | 3
150953,2025-12-27,4 11 12 28 33 | 3
150954,2025-12-27,18 19 23 24 32 | 1
150955,2025-12-27,2 5 18 20 34 | 1
150956,2025-12-27,4 5 11 18 33 | 3
150957,2025-12-27,4 22 24 32 35 | 2
150958,2025-12-27,2 4 5 13 18 | 2
150959,2025-12-27,1 12 13 18 35 | 1
150960,2025-12-27,15 16 20 24 27 | 1
150961,2025-12-27,2 11 18 26 27 | 3
150962,2025-12-27,2 14 15 18 34 | 4
150963,2025-12-27,20 27 29 31 32 | 3
150964,2025-12-27,1 11 17 20 22 | 3
150965,2025-12-27,4 9 18 21 27 | 3
150966,2025-12-27,2 11 17 23 33 | 4
150967,2025-12-27,2 4 16 24 30 | 2
150968,2025-12-27,2 6 21 34 36 | 1
150969,2025-12-27,4 5 18 23 32 | 3
150970,2025-12-27,13 26 29 33 36 | 3
150971,2025-12-27,11 12 15 20 28 | 4
150972,2025-12-27,1 5 10 12 19 | 2
150973,2025-12-27,6 13 22 27 31 | 1
150974,2025-12-27,8 20 28 29 31 | 4
150975,2025-12-27,6 9 11 20 25 | 3
150976,2025-12-27,3 10 13 22 25 | 2
150977,2025-12-27,5 6 7 11 28 | 1
150978,2025-12-27,2 3 5 6 22 | 1
150979,2025-12-27,1 17 20 24 27 | 3
150980,2025-12-27,14 16 19 24 32 | 4
150981,2025-12-27,1 9 22 28 33 | 4
150982,2025-12-27,3 5 8 27 32 | 1
150983,2025-12-27,11 13 17 23 26 | 3
150984,2025-12-27,13 15 19 23 29 | 1
150985,2025-12-27,6 12 20 22 30 | 3
150986,2025-12-27,12 13 15 31 34 | 4
150987,2025-12-27,5 7 16 21 25 | 2
150988,2025-12-28,2 15 20 28 30 | 1
150989,2025-12-28,13 16 30 32 36 | 1
150990,2025-12-28,12 16 28 31 34 | 4
150991,2025-12-28,1 2 10 11 33 | 2
150992,2025-12-28,2 7 10 14 17 | 2
150993,2025-12-28,6 12 26 29 31 | 2
150994,2025-12-28,2 7 12 29 31 | 3
150995,2025-12-28,2 16 21 24 35 | 1
150996,2025-12-28,2 7 21 29 30 | 2
150997,2025-12-28,7 15 20 27 32 | 1
150998,2025-12-28,6 11 29 30 31 | 1
150999,2025-12-28,1 17 19 31 35 | 2
151000,2025-12-28,7 16 19 23 26 | 3
151001,2025-12-28,1 9 11 19 20 | 4
151002,2025-12-28,8 19 25 28 33 | 1
151003,2025-12-28,1 5 7 11 28 | 2
151004,2025-12-28,3 6 15 27 36 | 3
151005,2025-12-28,1 6 12 27 34 | 1
151006,2025-12-28,9 11 13 18 34 | 3
151007,2025-12-28,13 24 28 30 35 | 4
151008,2025-12-28,6 7 10 12 23 | 2
151009,2025-12-28,6 16 19 20 21 | 3
151010,2025-12-28,2 6 29 33 35 | 2
151011,2025-12-28,11 21 23 25 28 | 1
151012,2025-12-28,7 11 22 23 27 | 2
151013,2025-12-28,8 15 19 20 25 | 1
151014,2025-12-28,3 11 17 25 32 | 4
151015,2025-12-28,1 3 11 14 18 | 2
151016,2025-12-28,11 13 15 28 35 | 1
151017,2025-12-28,10 14 22 31 33 | 4
151018,2025-12-28,11 22 27 35 36 | 2
151019,2025-12-28,11 12 20 28 34 | 1
151020,2025-12-28,1 19 21 32 33 | 3
151021,2025-12-28,9 20 24 33 36 | 1
151022,2025-12-28,3 5 22 26 33 | 1
151023,2025-12-28,1 4 8 25 34 | 4
151024,2025-12-28,16 17 29 32 34 | 2
151025,2025-12-28,8 9 17 24 34 | 4
151026,2025-12-28,14 19 23 32 33 | 2
151027,2025-12-28,11 12 13 24 27 | 1
151028,2025-12-28,6 8 14 21 22 | 4
151029,2025-12-28,1 11 17 29 30 | 4
151030,2025-12-28,16 18 22 28 31 | 1
151031,2025-12-28,2 5 29 31 34 | 3
151032,2025-12-28,1 7 27 34 35 | 4
151033,2025-12-28,7 19 21 31 32 | 4
151034,2025-12-28,15 19 30 34 35 | 2
151035,2025-12-28,4 11 13 15 16 | 4
151036,2025-12-28,13 18 23 27 29 | 4
151037,2025-12-28,8 14 22 25 29 | 1
151038,2025-12-28,5 6 9 24 36 | 1
151039,2025-12-28,1 9 19 26 36 | 3
151040,2025-12-28,19 20 22 24 27 | 3
151041,2025-12-28,13 17 18 29 36 | 4
151042,2025-12-28,3 20 25 27 32 | 1
151043,2025-12-28,8 11 14 15 19 | 3
151044,2025-12-28,1 9 17 27 31 | 4
151045,2025-12-28,8 13 14 27 34 | 1
151046,2025-12-28,9 17 22 31 35 | 3
151047,2025-12-28,6 7 8 10 22 | 2
151048,2025-12-29,3 5 14 25 31 | 3
151049,2025-12-29,8 12 22 24 27 | 4
151050,2025-12-29,3 7 24 26 30 | 2
151051,2025-12-29,9 11 21 27 33 | 3
151052,2025-12-29,1 18 22 28 36 | 2
151053,2025-12-29,2 9 14 33 36 | 1
151054,2025-12-29,4 5 8 10 33 | 4
151055,2025-12-29,12 14 16 33 34 | 2
151056,2025-12-29,7 11 19 25 35 | 1
151057,2025-12-29,13 16 23 27 32 | 1
151058,2025-12-29,7 23 31 33 34 | 2
151059,2025-12-29,6 8 15 27 36 | 2
151060,2025-12-29,8 13 15 19 30 | 4
151061,2025-12-29,5 20 24 28 32 | 2
151062,2025-12-29,2 5 11 28 31 | 1
151063,2025-12-29,3 8 20 21 26 | 4
151064,2025-12-29,2 10 16 20 36 | 3
151065,2025-12-29,1 5 10 30 32 | 3
151066,2025-12-29,1 8 14 32 36 | 3
151067,2025-12-29,18 23 25 28 35 | 1
151068,2025-12-29,8 9 16 18 36 | 4
151069,2025-12-29,2 4 9 14 29 | 4
151070,2025-12-29,8 21 25 27 34 | 4
151071,2025-12-29,5 7 14 23 31 | 1
151072,2025-12-29,9 13 23 25 36 | 4
151073,2025-12-29,3 4 5 6 29 | 1
151074,2025-12-29,2 21 22 23 32 | 3
151075,2025-12-29,3 16 26 28 31 | 3
151076,2025-12-29,16 21 31 32 36 | 1
151077,2025-12-29,7 15 19 20 24 | 2
151078,2025-12-29,1 13 15 30 34 | 4
151079,2025-12-29,6 24 25 27 29 | 3
151080,2025-12-29,3 18 26 30 32 | 4
151081,2025-12-29,2 7 31 33 35 | 2
151082,2025-12-29,1 7 22 24 27 | 3
151083,2025-12-29,4 8 12 19 33 | 4
151084,2025-12-29,1 7 9 24 27 | 3
151085,2025-12-29,6 13 18 27 30 | 1
151086,2025-12-29,2 7 26 29 35 | 4
151087,2025-12-29,7 9 17 29 35 | 4
151088,2025-12-29,1 16 17 22 34 | 4
151089,2025-12-29,12 18 28 35 36 | 4
151090,2025-12-29,3 4 9 13 29 | 4
151091,2025-12-29,12 21 25 28 30 | 2
151092,2025-12-29,16 25 27 29 34 | 4
151093,2025-12-29,3 14 17 18 30 | 4
151094,2025-12-29,5 11 12 35 36 | 2
151095,2025-12-29,1 8 9 12 34 | 1
151096,2025-12-29,3 11 12 16 24 | 4
151097,2025-12-29,4 7 15 25 36 | 4
151098,2025-12-29,7 8 10 16 20 | 2
151099,2025-12-29,10 15 23 26 31 | 2
151100,2025-12-29,11 19 22 29 30 | 3
151101,2025-12-29,3 21 27 28 33 | 3
151102,2025-12-29,8 31 32 34 35 | 1
151103,2025-12-29,8 16 27 28 35 | 4
151104,2025-12-29,3 23 28 35 36 | 3
151105,2025-12-29,2 4 5 12 32 | 1
151106,2025-12-29,1 6 10 29 30 | 4
151107,2025-12-29,7 12 26 28 36 | 1
151108,2025-12-30,3 11 16 20 30 | 4
151109,2025-12-30,6 8 9 12 32 | 2
151110,2025-12-30,7 17 29 30 33 | 1
151111,2025-12-30,1 14 24 26 30 | 2
151112,2025-12-30,11 17 26 33 36 | 4
151113,2025-12-30,7 18 21 23 28 | 2
151114,2025-12-30,1 6 10 11 19 | 1
151115,2025-12-30,12 15 17 27 34 | 1
151116,2025-12-30,4 22 28 31 36 | 1
151117,2025-12-30,5 15 16 25 27 | 4
151118,2025-12-30,14 16 25 35 36 | 1
151119,2025-12-30,3 19 23 29 34 | 1
151120,2025-12-30,14 20 21 22 23 | 4
151121,2025-12-30,2 14 15 25 33 | 2
151122,2025-12-30,8 12 26 33 36 | 4
151123,2025-12-30,16 20 23 25 31 | 2
151124,2025-12-30,10 13 26 34 35 | 1
151125,2025-12-30,4 7 12 24 27 | 4
151126,2025-12-30,3 13 16 23 24 | 3
151127,2025-12-30,7 11 21 31 32 | 1
151128,2025-12-30,9 13 22 25 35 | 1
151129,2025-12-30,3 5 19 30 31 | 4
151130,2025-12-30,2 8 13 18 33 | 2
151131,2025-12-30,2 16 26 30 34 | 2
151132,2025-12-30,3 6 29 33 36 | 2
151133,2025-12-30,3 22 32 33 36 | 2
151134,2025-12-30,6 12 14 30 31 | 4
151135,2025-12-30,11 20 28 31 36 | 3
151136,2025-12-30,2 5 6 9 36 | 1
151137,2025-12-30,10 12 14 19 25 | 1
151138,2025-12-30,10 13 18 25 31 | 1
151139,2025-12-30,14 25 27 32 36 | 1
151140,2025-12-30,8 25 32 33 35 | 1
151141,2025-12-30,2 7 11 13 25 | 4
151142,2025-12-30,4 6 11 15 33 | 3
151143,2025-12-30,14 20 23 28 33 | 2
151144,2025-12-30,11 16 19 24 27 | 3
151145,2025-12-30,10 13 20 21 34 | 3
151146,2025-12-30,3 18 19 26 33 | 4
151147,2025-12-30,5 9 13 16 27 | 3
151148,2025-12-30,5 13 25 31 36 | 3
151149,2025-12-30,1 14 28 30 31 | 2
151150,2025-12-30,3 15 21 24 26 | 2
151151,2025-12-30,10 16 24 31 32 | 2
151152,2025-12-30,2 9 15 25 36 | 4
151153,2025-12-30,3 17 25 33 34 | 1
151154,2025-12-30,2 15 27 28 33 | 1
151155,2025-12-30,14 17 20 22 35 | 2
151156,2025-12-30,2 13 26 32 33 | 4
151157,2025-12-30,9 18 22 25 28 | 4
151158,2025-12-30,3 4 15 19 33 | 3
151159,2025-12-30,1 5 15 21 30 | 2
151160,2025-12-30,2 19 20 29 30 | 3
151161,2025-12-30,6 9 18 25 28 | 1
151162,2025-12-30,4 18 22 31 32 | 2
151163,2025-12-30,1 19 25 29 31 | 2
151164,2025-12-30,1 4 16 33 35 | 3
151165,2025-12-30,8 15 27 31 33 | 4
151166,2025-12-30,4 8 14 28 30 | 2
151167,2025-12-30,2 15 19 27 35 | 2
151168,2025-12-31,15 18 26 31 35 | 4
151169,2025-12-31,4 7 22 26 36 | 1
151170,2025-12-31,1 13 14 24 30 | 4
151171,2025-12-31,8 12 15 16 33 | 1
151172,2025-12-31,2 8 24 25 33 | 2
151173,2025-12-31,9 10 17 18 23 | 4
151174,2025-12-31,5 12 13 31 36 | 3
151175,2025-12-31,18 20 23 30 32 | 2
151176,2025-12-31,3 9 11 15 32 | 4
151177,2025-12-31,6 7 19 33 34 | 4
151178,2025-12-31,2 10 12 26 33 | 2
151179,2025-12-31,3 7 14 16 20 | 1
151180,2025-12-31,1 2 21 29 30 | 1
151181,2025-12-31,17 22 24 27 36 | 3
151182,2025-12-31,6 9 26 34 36 | 3
151183,2025-12-31,1 2 6 12 19 | 3
151184,2025-12-31,4 18 22 23 36 | 3
151185,2025-12-31,4 23 29 30 34 | 3
151186,2025-12-31,6 14 15 16 25 | 1
151187,2025-12-31,5 10 17 21 22 | 2
151188,2025-12-31,4 8 9 15 36 | 1
151189,2025-12-31,6 7 13 19 21 | 1
151190,2025-12-31,5 7 12 13 21 | 1
151191,2025-12-31,4 12 15 19 24 | 3
151192,2025-12-31,2 5 10 26 31 | 3
151193,2025-12-31,1 2 8 27 34 | 1
151194,2025-12-31,12 22 26 29 36 | 1
151195,2025-12-31,17 20 32 33 35 | 2
151196,2025-12-31,1 3 4 6 25 | 2
151197,2025-12-31,18 21 22 29 34 | 1
151198,2025-12-31,11 14 18 22 25 | 3
151199,2025-12-31,2 14 21 26 30 | 1
151200,2025-12-31,8 11 13 29 30 | 3
151201,2025-12-31,7 12 14 16 33 | 2
151202,2025-12-31,4 15 20 23 26 | 3
151203,2025-12-31,11 21 23 31 34 | 4
151204,2025-12-31,7 13 19 23 32 | 4
151205,2025-12-31,5 9 21 27 32 | 4
151206,2025-12-31,3 8 18 34 35 | 2
151207,2025-12-31,10 20 21 24 27 | 3
151208,2025-12-31,1 19 26 31 33 | 4
151209,2025-12-31,2 11 19 24 32 | 4
151210,2025-12-31,11 12 14 22 34 | 3
151211,2025-12-31,5 20 22 26 32 | 1
151212,2025-12-31,4 17 30 35 36 | 3
151213,2025-12-31,10 12 16 29 30 | 1
151214,2025-12-31,7 8 15 16 25 | 3
151215,2025-12-31,1 13 15 32 34 | 3
151216,2025-12-31,20 21 22 28 36 | 4
151217,2025-12-31,10 13 26 27 34 | 3
151218,2025-12-31,2 5 15 17 26 | 2
151219,2025-12-31,13 15 32 33 34 | 3
151220,2025-12-31,3 4 7 31 32 | 1
151221,2025-12-31,3 7 20 24 30 | 4
151222,2025-12-31,15 18 26 29 30 | 1
151223,2025-12-31,9 18 22 26 33 | 2
151224,2025-12-31,4 14 17 25 34 | 1
151225,2025-12-31,1 17 18 22 24 | 4
151226,2025-12-31,5 8 22 31 34 | 1
151227,2025-12-31,12 13 23 26 28 | 1
151228,2026-01-01,3 7 13 16 27 | 4
151229,2026-01-01,8 14 17 30 34 | 1
151230,2026-01-01,8 10 14 16 27 | 2
151231,2026-01-01,4 7 13 20 31 | 1
151232,2026-01-01,16 19 22 29 32 | 1
151233,2026-01-01,6 8 14 20 34 | 4
151234,2026-01-01,15 21 25 28 34 | 1
151235,2026-01-01,5 7 11 18 22 | 1
151236,2026-01-01,2 5 32 33 35 | 2
151237,2026-01-01,6 8 22 23 32 | 2
151238,2026-01-01,3 13 18 23 32 | 3
151239,2026-01-01,11 18 19 32 36 | 4
151240,2026-01-01,7 10 17 21 23 | 4
151241,2026-01-01,7 13 24 30 33 | 2
151242,2026-01-01,5 11 13 24 29 | 1
151243,2026-01-01,13 16 25 27 32 | 3
151244,2026-01-01,3 11 16 29 33 | 1
151245,2026-01-01,7 14 21 25 27 | 3
151246,2026-01-01,1 14 29 30 31 | 1
151247,2026-01-01,5 10 15 28 34 | 1
151248,2026-01-01,4 8 13 31 32 | 1
151249,2026-01-01,4 15 22 25 27 | 1
151250,2026-01-01,11 16 18 28 32 | 1
151251,2026-01-01,6 8 10 17 23 | 2
151252,2026-01-01,3 21 23 28 31 | 3
151253,2026-01-01,5 6 9 17 18 | 1
151254,2026-01-01,2 17 18 25 29 | 3
151255,2026-01-01,11 22 24 25 27 | 2
151256,2026-01-01,4 23 25 29 36 | 4
151257,2026-01-01,6 7 15 33 34 | 3
151258,2026-01-01,3 4 11 21 33 | 2
151259,2026-01-01,1 7 11 28 33 | 3
151260,2026-01-01,9 18 19 22 33 | 4
151261,2026-01-01,1 16 17 25 32 | 4
151262,2026-01-01,11 12 32 33 34 | 2
151263,2026-01-01,1 18 19 22 31 | 3
151264,2026-01-01,4 12 13 19 35 | 2
151265,2026-01-01,1 4 7 18 19 | 3
151266,2026-01-01,2 3 6 8 17 | 2
151267,2026-01-01,7 16 20 29 34 | 2
151268,2026-01-01,13 19 24 35 36 | 3
151269,2026-01-01,9 13 20 23 24 | 1
151270,2026-01-01,3 7 11 28 36 | 4
151271,2026-01-01,5 12 24 31 33 | 2
151272,2026-01-01,3 4 8 12 30 | 1
151273,2026-01-01,16 21 24 35 36 | 1
151274,2026-01-01,2 5 8 16 24 | 1
151275,2026-01-01,6 9 21 26 35 | 2
151276,2026-01-01,5 10 18 20 21 | 3
151277,2026-01-01,1 12 15 27 32 | 1
151278,2026-01-01,4 5 6 17 19 | 3
151279,2026-01-01,6 7 8 9 28 | 4
151280,2026-01-01,16 23 26 31 36 | 3
151281,2026-01-01,4 5 13 19 27 | 3
151282,2026-01-01,18 24 27 33 34 | 4
151283,2026-01-01,9 12 13 30 35 | 3
151284,2026-01-01,2 4 5 7 10 | 2
151285,2026-01-01,3 24 25 28 30 | 2
151286,2026-01-01,1 14 16 24 25 | 4
151287,2026-01-01,3 5 6 17 36 | 2
151288,2026-01-02,15 19 27 31 34 | 3
151289,2026-01-02,7 25 28 32 36 | 3
151290,2026-01-02,3 6 9 14 30 | 1
151291,2026-01-02,7 9 23 26 27 | 2
151292,2026-01-02,4 5 11 16 19 | 4
151293,2026-01-02,19 21 22 29 31 | 1
151294,2026-01-02,2 7 14 15 33 | 1
151295,2026-01-02,1 2 12 27 32 | 4
151296,2026-01-02,6 13 20 24 25 | 4
151297,2026-01-02,4 24 26 34 36 | 4
151298,2026-01-02,8 12 19 22 33 | 4
151299,2026-01-02,1 7 16 22 24 | 3
151300,2026-01-02,3 7 12 15 28 | 2
151301,2026-01-02,1 5 23 28 33 | 2
151302,2026-01-02,3 4 15 22 24 | 3
151303,2026-01-02,2 9 10 29 30 | 3
151304,2026-01-02,10 21 22 32 35 | 1
151305,2026-01-02,4 10 14 22 35 | 4
151306,2026-01-02,1 4 20 22 24 | 1
151307,2026-01-02,2 4 22 29 31 | 3
151308,2026-01-02,7 14 16 18 34 | 3
151309,2026-01-02,3 11 12 15 27 | 3
151310,2026-01-02,11 25 26 27 35 | 3
151311,2026-01-02,8 9 17 33 36 | 2
151312,2026-01-02,3 5 11 24 26 | 1
151313,2026-01-02,2 12 23 28 29 | 2
151314,2026-01-02,5 17 18 19 36 | 4
151315,2026-01-02,1 8 24 27 35 | 2
151316,2026-01-02,5 18 20 29 36 | 3
151317,2026-01-02,14 19 23 26 30 | 2
151318,2026-01-02,3 16 31 35 36 | 1
151319,2026-01-02,1 9 16 26 29 | 3
151320,2026-01-02,1 16 22 25 30 | 1
151321,2026-01-02,7 10 25 27 36 | 2
151322,2026-01-02,1 4 7 23 31 | 4
151323,2026-01-02,2 9 16 20 23 | 2
151324,2026-01-02,9 13 15 28 34 | 4
151325,2026-01-02,13 14 24 26 32 | 4
151326,2026-01-02,5 10 11 13 24 | 3
151327,2026-01-02,7 11 21 23 31 | 4
151328,2026-01-02,1 4 19 21 33 | 3
151329,2026-01-02,3 8 11 20 25 | 4
151330,2026-01-02,14 18 22 23 33 | 2
151331,2026-01-02,2 11 13 14 34 | 1
151332,2026-01-02,10 14 22 26 29 | 2
151333,2026-01-02,10 18 25 29 35 | 4
151334,2026-01-02,11 15 22 24 31 | 3
151335,2026-01-02,10 12 19 27 33 | 2
151336,2026-01-02,5 9 14 15 19 | 2
151337,2026-01-02,16 18 20 27 28 | 2
151338,2026-01-02,3 7 9 22 25 | 1
151339,2026-01-02,5 12 15 27 32 | 1
151340,2026-01-02,5 16 20 26 34 | 1
151341,2026-01-02,2 8 12 25 27 | 2
151342,2026-01-02,3 22 23 33 35 | 3
151343,2026-01-02,10 15 16 17 31 | 4
151344,2026-01-02,4 17 25 26 34 | 3
151345,2026-01-02,5 8 27 30 33 | 3
151346,2026-01-02,1 21 22 24 32 | 1
151347,2026-01-02,2 4 17 23 35 | 2
151348,2026-01-03,1 10 11 12 25 | 4
151349,2026-01-03,2 7 10 15 35 | 2
151350,2026-01-03,1 9 21 25 35 | 1
151351,2026-01-03,1 19 23 25 34 | 1
151352,2026-01-03,3 15 20 22 27 | 4
151353,2026-01-03,7 12 14 20 29 | 2
151354,2026-01-03,8 11 25 26 33 | 2
151355,2026-01-03,15 20 23 26 28 | 3
151356,2026-01-03,3 7 13 22 35 | 1
151357,2026-01-03,5 10 11 14 20 | 4
151358,2026-01-03,9 10 11 18 22 | 4
151359,2026-01-03,1 6 9 18 21 | 4
151360,2026-01-03,3 21 22 30 31 | 4
151361,2026-01-03,9 13 14 20 26 | 4
151362,2026-01-03,4 8 11 18 33 | 2
151363,2026-01-03,3 9 21 28 33 | 2
151364,2026-01-03,3 14 19 21 22 | 3
151365,2026-01-03,2 9 15 17 22 | 2
151366,2026-01-03,4 5 10 11 35 | 4
151367,2026-01-03,11 15 17 18 19 | 4
151368,2026-01-03,3 4 12 13 32 | 2
151369,2026-01-03,9 15 20 21 23 | 4
151370,2026-01-03,5 8 10 18 27 | 4
151371,2026-01-03,8 11 21 25 26 | 4
151372,2026-01-03,3 4 6 13 17 | 4
151373,2026-01-03,1 8 10 16 19 | 4
151374,2026-01-03,3 14 29 31 34 | 3
151375,2026-01-03,2 8 24 26 28 | 4
151376,2026-01-03,12 13 15 23 36 | 3
151377,2026-01-03,7 13 22 24 34 | 1
151378,2026-01-03,7 13 15 17 29 | 2
151379,2026-01-03,3 6 16 22 36 | 3
151380,2026-01-03,13 15 25 28 33 | 4
151381,2026-01-03,2 8 11 14 15 | 3
151382,2026-01-03,6 8 13 20 25 | 3
151383,2026-01-03,1 6 11 24 25 | 1
151384,2026-01-03,13 17 22 25 34 | 1
151385,2026-01-03,2 13 18 35 36 | 1
151386,2026-01-03,5 13 21 28 29 | 3
151387,2026-01-03,2 3 25 27 30 | 1
151388,2026-01-03,13 23 26 34 35 | 3
151389,2026-01-03,2 5 7 11 16 | 4
151390,2026-01-03,4 5 9 15 23 | 2
151391,2026-01-03,11 14 15 22 26 | 4
151392,2026-01-03,3 5 13 22 31 | 3
151393,2026-01-03,7 11 16 25 30 | 1
151394,2026-01-03,8 11 12 13 33 | 2
151395,2026-01-03,3 4 23 25 32 | 1
151396,2026-01-03,2 6 8 14 21 | 2
151397,2026-01-03,11 19 24 26 27 | 1
151398,2026-01-03,4 8 10 16 20 | 1
151399,2026-01-03,8 21 24 27 36 | 3
151400,2026-01-03,5 10 26 31 35 | 3
151401,2026-01-03,8 11 21 28 30 | 1
151402,2026-01-03,6 11 33 35 36 | 3
151403,2026-01-03,4 18 19 27 28 | 2
151404,2026-01-03,1 2 16 23 27 | 4
151405,2026-01-03,7 15 18 32 33 | 1
151406,2026-01-03,2 7 13 22 23 | 4
151407,2026-01-03,5 7 11 15 28 | 4
151408,2026-01-04,2 3 6 14 21 | 3
151409,2026-01-04,5 12 27 29 32 | 1
151410,2026-01-04,5 17 18 20 31 | 2
151411,2026-01-04,20 22 29 34 35 | 2
151412,2026-01-04,8 13 23 24 34 | 1
151413,2026-01-04,1 5 7 28 34 | 4
151414,2026-01-04,9 18 19 26 31 | 3
151415,2026-01-04,1 4 11 13 21 | 2
151416,2026-01-04,8 14 16 20 21 | 4
151417,2026-01-04,3 14 29 33 35 | 1
151418,2026-01-04,8 9 13 14 18 | 4
151419,2026-01-04,1 4 9 12 33 | 1
151420,2026-01-04,11 19 22 26 32 | 3
151421,2026-01-04,4 5 14 16 21 | 3
151422,2026-01-04,10 20 27 28 31 | 1
151423,2026-01-04,2 5 19 25 35 | 3
151424,2026-01-04,5 11 17 22 29 | 1
151425,2026-01-04,11 15 25 31 34 | 2
151426,2026-01-04,1 14 18 20 26 | 1
151427,2026-01-04,1 9 11 19 34 | 3
151428,2026-01-04,5 18 23 29 30 | 1
151429,2026-01-04,8 16 17 23 25 | 3
151430,2026-01-04,3 17 19 32 34 | 4
151431,2026-01-04,21 25 29 30 35 | 1
151432,2026-01-04,2 17 18 24 32 | 3
151433,2026-01-04,11 18 21 26 33 | 3
151434,2026-01-04,2 10 18 19 30 | 1
151435,2026-01-04,9 10 19 22 29 | 3
151436,2026-01-04,12 19 21 29 36 | 4
151437,2026-01-04,1 8 12 16 27 | 3
151438,2026-01-04,16 18 22 30 32 | 2
151439,2026-01-04,1 6 8 9 22 | 1
151440,2026-01-04,9 18 25 35 36 | 1
151441,2026-01-04,3 10 15 19 27 | 2
151442,2026-01-04,2 11 12 30 32 | 2
151443,2026-01-04,1 16 20 23 27 | 4
151444,2026-01-04,4 10 11 17 18 | 3
151445,2026-01-04,1 4 7 13 25 | 2
151446,2026-01-04,4 15 20 26 31 | 2
151447,2026-01-04,1 10 15 17 26 | 2
151448,2026-01-04,2 5 14 32 33 | 1
151449,2026-01-04,7 24 28 34 35 | 3
151450,2026-01-04,3 8 12 20 29 | 2
151451,2026-01-04,2 8 12 29 36 | 3
151452,2026-01-04,7 9 15 23 26 | 1
151453,2026-01-04,3 16 20 28 35 | 1
151454,2026-01-04,16 25 28 29 30 | 1
151455,2026-01-04,3 12 16 21 25 | 1
151456,2026-01-04,3 12 18 24 35 | 1
151457,2026-01-04,14 19 23 30 36 | 2
151458,2026-01-04,4 17 18 21 32 | 2
151459,2026-01-04,5 11 14 21 31 | 2
151460,2026-01-04,8 12 18 19 31 | 3
151461,2026-01-04,1 20 25 34 36 | 1
151462,2026-01-04,9 23 31 32 36 | 3
151463,2026-01-04,4 6 11 17 24 | 3
151464,2026-01-04,5 18 21 24 31 | 3
151465,2026-01-04,1 12 27 29 36 | 4
151466,2026-01-04,10 24 29 31 34 | 2
151467,2026-01-04,6 8 28 34 36 | 4
151468,2026-01-05,1 5 11 12 27 | 1
151469,2026-01-05,7 12 13 20 35 | 2
151470,2026-01-05,2 10 11 22 34 | 4
151471,2026-01-05,9 19 22 26 34 | 1
151472,2026-01-05,4 11 16 18 33 | 3
151473,2026-01-05,4 11 12 17 22 | 3
151474,2026-01-05,13 18 23 26 29 | 2
151475,2026-01-05,2 9 14 25 31 | 3
151476,2026-01-05,4 13 25 28 30 | 3
151477,2026-01-05,2 4 11 12 32 | 3
151478,2026-01-05,13 18 20 25 36 | 4
151479,2026-01-05,1 4 11 16 27 | 1
151480,2026-01-05,11 17 18 28 36 | 3
151481,2026-01-05,2 13 27 28 33 | 1
151482,2026-01-05,21 24 25 27 33 | 4
151483,2026-01-05,1 7 9 19 31 | 3
151484,2026-01-05,4 24 29 32 36 | 4
151485,2026-01-05,3 17 20 22 25 | 4
151486,2026-01-05,10 12 22 24 35 | 2
151487,2026-01-05,5 13 28 29 34 | 3
151488,2026-01-05,6 22 25 27 33 | 1
151489,2026-01-05,4 14 18 20 30 | 4
151490,2026-01-05,5 17 19 23 24 | 3
151491,2026-01-05,2 3 9 28 29 | 2
151492,2026-01-05,3 6 7 27 35 | 1
151493,2026-01-05,1 5 24 25 29 | 3
151494,2026-01-05,6 8 13 14 22 | 4
151495,2026-01-05,2 13 17 35 36 | 4
151496,2026-01-05,13 18 23 26 29 | 4
151497,2026-01-05,5 17 20 22 26 | 3
151498,2026-01-05,5 11 15 19 28 | 1
151499,2026-01-05,3 4 6 16 32 | 1
151500,2026-01-05,10 13 15 17 27 | 4
151501,2026-01-05,5 10 13 25 36 | 1
151502,2026-01-05,1 10 13 32 34 | 2
151503,2026-01-05,4 15 18 19 36 | 3
151504,2026-01-05,6 11 13 15 31 | 4
151505,2026-01-05,2 12 24 25 33 | 3
151506,2026-01-05,19 23 26 28 30 | 4
151507,2026-01-05,7 8 10 22 24 | 4
151508,2026-01-05,4 16 21 30 33 | 3
151509,2026-01-05,1 4 17 24 26 | 3
151510,2026-01-05,1 6 7 19 32 | 1
151511,2026-01-05,5 12 14 16 30 | 4
151512,2026-01-05,13 22 25 34 35 | 4
151513,2026-01-05,6 16 19 26 28 | 3
151514,2026-01-05,4 5 11 21 31 | 1
151515,2026-01-05,5 16 23 26 32 | 4
151516,2026-01-05,2 6 21 25 36 | 3
151517,2026-01-05,9 10 16 20 23 | 4
151518,2026-01-05,10 13 18 23 25 | 1
151519,2026-01-05,5 12 15 20 26 | 2
151520,2026-01-05,2 28 29 32 35 | 2
151521,2026-01-05,11 21 24 33 34 | 2
151522,2026-01-05,11 15 20 31 36 | 4
151523,2026-01-05,12 17 27 33 35 | 3
151524,2026-01-05,3 8 14 18 33 | 2
151525,2026-01-05,3 4 9 12 25 | 2
151526,2026-01-05,1 6 7 18 21 | 4
151527,2026-01-05,6 9 18 21 32 | 3
151528,2026-01-06,4 13 18 22 30 | 4
151529,2026-01-06,4 10 14 26 35 | 2
151530,2026-01-06,16 18 21 28 34 | 4
151531,2026-01-06,1 8 13 16 27 | 1
151532,2026-01-06,9 18 20 29 31 | 4
151533,2026-01-06,3 7 8 31 34 | 4
151534,2026-01-06,2 7 19 21 29 | 4
151535,2026-01-06,1 6 7 8 9 | 2
151536,2026-01-06,2 3 6 8 14 | 3
151537,2026-01-06,2 15 20 21 30 | 3
151538,2026-01-06,10 14 25 28 32 | 3
151539,2026-01-06,1 4 24 28 32 | 2
151540,2026-01-06,7 25 29 33 34 | 2
151541,2026-01-06,2 14 19 28 34 | 1
151542,2026-01-06,3 14 17 26 35 | 3
151543,2026-01-06,3 5 15 26 30 | 1
151544,2026-01-06,9 16 23 27 36 | 4
151545,2026-01-06,1 9 19 25 36 | 3
151546,2026-01-06,17 21 24 27 29 | 2
151547,2026-01-06,7 10 19 23 25 | 4
151548,2026-01-06,8 20 29 33 34 | 3
151549,2026-01-06,2 8 11 13 17 | 1
151550,2026-01-06,16 21 22 31 32 | 3
151551,2026-01-06,7 10 11 27 35 | 3
151552,2026-01-06,3 11 20 27 34 | 2
151553,2026-01-06,4 12 17 18 31 | 1
151554,2026-01-06,5 18 24 26 34 | 1
151555,2026-01-06,1 5 9 10 36 | 1
151556,2026-01-06,6 18 21 22 23 | 1
151557,2026-01-06,13 19 20 23 24 | 1
151558,2026-01-06,3 4 5 14 33 | 2
151559,2026-01-06,10 15 17 20 36 | 1
151560,2026-01-06,7 12 14 24 36 | 2
151561,2026-01-06,1 24 29 33 34 | 1
151562,2026-01-06,7 9 14 17 24 | 4
151563,2026-01-06,9 17 18 28 34 | 1
151564,2026-01-06,2 8 13 16 17 | 1
151565,2026-01-06,4 26 27 29 30 | 3
151566,2026-01-06,6 12 22 34 35 | 3
151567,2026-01-06,3 6 9 19 34 | 2
151568,2026-01-06,2 14 17 20 27 | 4
151569,2026-01-06,9 18 23 29 34 | 1
151570,2026-01-06,4 5 11 32 35 | 4
151571,2026-01-06,15 30 32 35 36 | 1
151572,2026-01-06,8 14 15 19 34 | 4
151573,2026-01-06,1 3 4 31 33 | 1
151574,2026-01-06,3 5 23 24 36 | 4
151575,2026-01-06,13 14 19 23 32 | 3
151576,2026-01-06,20 21 23 35 36 | 1
151577,2026-01-06,2 8 10 15 23 | 3
151578,2026-01-06,8 15 22 33 36 | 4
151579,2026-01-06,3 5 13 19 35 | 4
151580,2026-01-06,4 14 23 31 34 | 1
151581,2026-01-06,23 24 31 34 36 | 3
151582,2026-01-06,19 23 27 34 36 | 1
151583,2026-01-06,15 19 28 34 35 | 3
151584,2026-01-06,5 16 26 30 34 | 1
151585,2026-01-06,2 7 9 20 22 | 2
151586,2026-01-06,4 8 13 35 36 | 3
151587,2026-01-06,5 15 18 27 28 | 4
151588,2026-01-07,13 19 20 22 34 | 2
151589,2026-01-07,4 10 13 17 36 | 1
151590,2026-01-07,5 9 15 16 21 | 4
151591,2026-01-07,19 20 25 32 35 | 4
151592,2026-01-07,12 13 26 27 35 | 2
151593,2026-01-07,9 16 18 34 36 | 1
151594,2026-01-07,17 25 30 32 34 | 4
151595,2026-01-07,4 15 17 20 29 | 1
151596,2026-01-07,10 12 19 30 36 | 1
151597,2026-01-07,2 3 10 11 35 | 2
151598,2026-01-07,13 20 28 31 36 | 1
151599,2026-01-07,13 16 25 30 33 | 3
151600,2026-01-07,1 4 20 30 34 | 2
151601,2026-01-07,2 14 22 24 25 | 2
151602,2026-01-07,1 2 25 32 34 | 2
151603,2026-01-07,8 13 15 26 35 | 3
151604,2026-01-07,1 2 12 23 26 | 4
151605,2026-01-07,4 7 11 23 36 | 2
151606,2026-01-07,2 12 22 26 36 | 3
151607,2026-01-07,5 7 17 25 30 | 1
151608,2026-01-07,6 7 17 22 23 | 1
151609,2026-01-07,7 18 24 30 32 | 1
151610,2026-01-07,5 6 19 24 35 | 3
151611,2026-01-07,12 13 16 23 34 | 3
151612,2026-01-07,2 6 13 19 29 | 4
151613,2026-01-07,6 8 23 29 34 | 1
151614,2026-01-07,7 15 18 20 29 | 1
151615,2026-01-07,9 14 18 19 25 | 1
151616,2026-01-07,4 23 31 35 36 | 3
151617,2026-01-07,6 8 29 31 35 | 2
151618,2026-01-07,6 10 13 31 35 | 3
151619,2026-01-07,7 15 20 21 28 | 4
151620,2026-01-07,2 11 15 25 26 | 4
151621,2026-01-07,1 3 10 19 35 | 3
151622,2026-01-07,4 10 19 25 29 | 4
151623,2026-01-07,4 5 16 23 28 | 1
151624,2026-01-07,3 7 20 23 34 | 3
151625,2026-01-07,2 3 13 23 25 | 1
151626,2026-01-07,5 8 21 23 34 | 1
151627,2026-01-07,8 12 13 17 28 | 1
151628,2026-01-07,8 11 33 35 36 | 2
151629,2026-01-07,3 5 18 25 26 | 1
151630,2026-01-07,10 25 28 29 31 | 4
151631,2026-01-07,4 16 18 22 29 | 4
151632,2026-01-07,12 13 14 32 35 | 3
151633,2026-01-07,1 9 11 17 20 | 3
151634,2026-01-07,7 8 9 10 19 | 2
151635,2026-01-07,2 12 17 26 35 | 2
151636,2026-01-07,5 12 19 29 36 | 3
151637,2026-01-07,4 11 13 33 35 | 3
151638,2026-01-07,13 14 20 22 30 | 4
151639,2026-01-07,1 2 28 32 34 | 2
151640,2026-01-07,16 18 22 24 26 | 2
151641,2026-01-07,1 5 18 21 27 | 3
151642,2026-01-07,4 9 11 28 35 | 2
151643,2026-01-07,9 11 22 32 36 | 1
151644,2026-01-07,11 15 16 28 36 | 2
151645,2026-01-07,3 5 16 25 26 | 4
151646,2026-01-07,5 11 18 28 33 | 3
151647,2026-01-07,11 12 16 31 33 | 1
151648,2026-01-08,7 18 27 30 36 | 2
151649,2026-01-08,10 19 24 25 32 | 1
151650,2026-01-08,10 13 20 25 27 | 1
151651,2026-01-08,1 4 14 21 31 | 4
151652,2026-01-08,6 11 13 27 28 | 4
151653,2026-01-08,1 15 19 23 24 | 2
151654,2026-01-08,7 8 19 29 35 | 1
151655,2026-01-08,3 7 13 20 31 | 4
151656,2026-01-08,10 17 23 34 36 | 1
151657,2026-01-08,11 18 19 21 23 | 2
151658,2026-01-08,9 12 18 27 34 | 4
151659,2026-01-08,6 10 12 24 33 | 1
151660,2026-01-08,1 8 11 19 33 | 3
151661,2026-01-08,1 2 17 24 34 | 2
151662,2026-01-08,7 13 14 18 32 | 4
151663,2026-01-08,5 9 16 20 21 | 4
151664,2026-01-08,7 13 15 26 30 | 4
151665,2026-01-08,1 3 12 21 30 | 2
151666,2026-01-08,8 10 22 28 33 | 3
151667,2026-01-08,20 21 22 26 36 | 3
151668,2026-01-08,1 3 10 18 32 | 3
151669,2026-01-08,5 16 22 29 33 | 2
151670,2026-01-08,2 8 14 24 34 | 2
151671,2026-01-08,14 16 19 22 27 | 4
151672,2026-01-08,10 11 24 26 28 | 1
151673,2026-01-08,4 8 9 17 29 | 1
151674,2026-01-08,7 16 20 27 33 | 3
151675,2026-01-08,2 12 16 22 35 | 4
151676,2026-01-08,18 20 29 33 35 | 1
151677,2026-01-08,5 10 15 17 26 | 1
151678,2026-01-08,6 10 11 23 28 | 1
151679,2026-01-08,5 13 15 25 29 | 4
151680,2026-01-08,5 13 22 27 29 | 4
151681,2026-01-08,13 20 23 32 36 | 2
151682,2026-01-08,10 25 26 30 35 | 2
151683,2026-01-08,4 10 20 26 32 | 4
151684,2026-01-08,6 10 20 24 32 | 3
151685,2026-01-08,9 15 17 20 21 | 3
151686,2026-01-08,10 16 24 26 27 | 4
151687,2026-01-08,2 6 11 18 25 | 2
151688,2026-01-08,4 9 14 16 36 | 4
151689,2026-01-08,10 15 22 26 32 | 4
151690,2026-01-08,9 13 14 16 17 | 4
151691,2026-01-08,4 12 17 24 36 | 4
151692,2026-01-08,6 8 12 22 31 | 3
151693,2026-01-08,8 17 19 27 35 | 4
151694,2026-01-08,1 3 25 29 30 | 2
151695,2026-01-08,4 11 12 18 35 | 2
151696,2026-01-08,3 8 10 28 29 | 3
151697,2026-01-08,7 9 21 22 36 | 4
151698,2026-01-08,4 15 26 27 36 | 4
151699,2026-01-08,8 17 21 23 25 | 3
151700,2026-01-08,6 7 9 30 35 | 2
151701,2026-01-08,1 5 9 12 17 | 4
151702,2026-01-08,3 18 23 27 35 | 1
151703,2026-01-08,14 17 23 30 32 | 4
151704,2026-01-08,1 15 16 18 20 | 2
151705,2026-01-08,2 5 12 23 34 | 2
151706,2026-01-08,12 22 24 28 31 | 2
151707,2026-01-08,7 14 26 27 31 | 1
151708,2026-01-09,7 19 21 24 30 | 2
151709,2026-01-09,6 22 24 32 34 | 1
151710,2026-01-09,10 19 21 24 31 | 3
151711,2026-01-09,5 20 21 30 34 | 2
151712,2026-01-09,14 15 18 29 35 | 4
151713,2026-01-09,15 19 30 31 33 | 1
151714,2026-01-09,1 14 18 19 27 | 4
151715,2026-01-09,1 8 16 27 35 | 4
151716,2026-01-09,3 10 14 17 27 | 2
151717,2026-01-09,2 20 21 24 31 | 4
151718,2026-01-09,6 7 9 20 27 | 3
151719,2026-01-09,4 9 10 20 23 | 2
151720,2026-01-09,11 20 27 28 35 | 2
151721,2026-01-09,2 13 17 19 35 | 1
151722,2026-01-09,6 7 23 27 31 | 3
151723,2026-01-09,1 5 17 19 27 | 4
151724,2026-01-09,4 19 24 32 33 | 4
151725,2026-01-09,15 18 23 27 32 | 2
151726,2026-01-09,6 17 30 34 36 | 1
151727,2026-01-09,1 5 9 18 25 | 1
151728,2026-01-09,2 23 27 28 31 | 2
151729,2026-01-09,5 19 20 21 23 | 1
151730,2026-01-09,2 13 21 23 34 | 3
151731,2026-01-09,22 25 29 33 36 | 3
151732,2026-01-09,9 13 16 20 30 | 2
151733,2026-01-09,10 16 17 25 36 | 4
151734,2026-01-09,4 5 7 8 17 | 2
151735,2026-01-09,11 14 15 23 26 | 1
151736,2026-01-09,5 8 10 16 30 | 1
151737,2026-01-09,2 12 17 35 36 | 4
151738,2026-01-09,6 13 31 32 34 | 3
151739,2026-01-09,9 16 17 19 23 | 1
151740,2026-01-09,10 11 21 22 28 | 1
151741,2026-01-09,1 14 22 24 35 | 4
151742,2026-01-09,5 13 19 26 31 | 3
151743,2026-01-09,12 19 29 31 34 | 1
151744,2026-01-09,1 12 23 24 34 | 2
151745,2026-01-09,10 11 14 22 24 | 2
151746,2026-01-09,4 18 20 23 35 | 4
151747,2026-01-09,2 13 18 30 33 | 2
151748,2026-01-09,11 15 19 33 34 | 2
151749,2026-01-09,5 12 15 21 30 | 4
151750,2026-01-09,13 14 21 28 34 | 3
151751,2026-01-09,8 10 14 22 29 | 3
151752,2026-01-09,7 16 20 29 32 | 3
151753,2026-01-09,2 5 10 23 27 | 3
151754,2026-01-09,1 17 18 22 33 | 4
151755,2026-01-09,2 9 13 14 25 | 3
151756,2026-01-09,9 15 16 22 34 | 3
151757,2026-01-09,3 14 15 26 28 | 1
151758,2026-01-09,5 13 30 34 36 | 3
151759,2026-01-09,18 24 29 35 36 | 4
151760,2026-01-09,1 5 17 33 35 | 1
151761,2026-01-09,8 19 20 26 31 | 2
151762,2026-01-09,4 13 23 28 32 | 2
151763,2026-01-09,3 7 18 26 28 | 2
151764,2026-01-09,6 18 20 28 30 | 1
151765,2026-01-09,4 9 13 27 31 | 1
151766,2026-01-09,10 19 26 32 34 | 3
151767,2026-01-09,3 8 16 25 28 | 2
151768,2026-01-10,4 7 25 27 33 | 2
151769,2026-01-10,1 7 24 35 36 | 2
151770,2026-01-10,4 9 11 31 33 | 2
151771,2026-01-10,4 5 15 19 22 | 4
151772,2026-01-10,3 10 11 27 34 | 4
151773,2026-01-10,1 14 18 27 29 | 3
151774,2026-01-10,7 11 22 26 35 | 2
151775,2026-01-10,9 13 14 18 28 | 1
151776,2026-01-10,10 17 25 30 32 | 2
151777,2026-01-10,6 7 21 24 33 | 3
151778,2026-01-10,5 6 12 24 30 | 4
151779,2026-01-10,3 4 19 29 31 | 4
151780,2026-01-10,2 10 18 21 28 | 2
151781,2026-01-10,9 17 19 24 30 | 2
151782,2026-01-10,5 8 10 17 26 | 1
151783,2026-01-10,5 19 21 27 34 | 1
151784,2026-01-10,13 28 29 32 34 | 1
151785,2026-01-10,8 12 17 24 32 | 1
151786,2026-01-10,14 18 24 26 36 | 1
151787,2026-01-10,1 26 30 31 36 | 3
151788,2026-01-10,4 6 10 18 33 | 4
151789,2026-01-10,4 7 9 16 19 | 2
151790,2026-01-10,15 19 20 26 28 | 3
151791,2026-01-10,1 5 8 13 14 | 1
151792,2026-01-10,6 7 13 19 23 | 2
151793,2026-01-10,1 2 8 14 27 | 3
151794,2026-01-10,2 3 10 19 36 | 2
151795,2026-01-10,7 14 16 35 36 | 2
151796,2026-01-10,4 17 23 30 32 | 2
151797,2026-01-10,8 10 12 27 29 | 2
151798,2026-01-10,3 6 32 34 35 | 1
151799,2026-01-10,7 12 15 26 36 | 2
151800,2026-01-10,12 15 23 28 34 | 4
151801,2026-01-10,2 4 15 17 27 | 4
151802,2026-01-10,2 3 22 29 35 | 4
151803,2026-01-10,10 12 15 23 28 | 4
151804,2026-01-10,15 16 24 34 35 | 3
151805,2026-01-10,4 13 15 23 28 | 4
151806,2026-01-10,9 10 11 18 25 | 4
151807,2026-01-10,11 16 19 26 31 | 4
151808,2026-01-10,6 12 15 26 29 | 2
151809,2026-01-10,2 4 6 24 29 | 3
151810,2026-01-10,4 7 29 33 34 | 2
151811,2026-01-10,5 10 14 19 31 | 3
151812,2026-01-10,3 8 14 15 18 | 2
151813,2026-01-10,12 14 20 24 26 | 2
151814,2026-01-10,1 16 18 21 28 | 2
151815,2026-01-10,7 12 14 21 22 | 3
151816,2026-01-10,8 25 27 29 31 | 3
151817,2026-01-10,9 11 13 16 34 | 4
151818,2026-01-10,7 8 24 33 34 | 4
151819,2026-01-10,2 5 21 25 30 | 2
151820,2026-01-10,4 27 30 35 36 | 4
151821,2026-01-10,8 12 20 25 28 | 1
151822,2026-01-10,4 7 15 27 28 | 4
151823,2026-01-10,7 18 21 27 35 | 1
151824,2026-01-10,1 3 10 21 29 | 2
151825,2026-01-10,10 13 15 21 35 | 3
151826,2026-01-10,8 15 22 24 29 | 4
151827,2026-01-10,3 7 13 18 28 | 1
151828,2026-01-11,3 4 12 22 26 | 3
151829,2026-01-11,7 8 9 34 36 | 1
151830,2026-01-11,4 15 16 22 26 | 2
151831,2026-01-11,23 24 27 32 35 | 4
151832,2026-01-11,9 21 30 31 34 | 4
151833,2026-01-11,7 9 19 25 32 | 1
151834,2026-01-11,1 4 6 10 19 | 4
151835,2026-01-11,1 6 11 18 35 | 1
151836,2026-01-11,3 4 24 27 35 | 3
151837,2026-01-11,10 17 20 22 23 | 2
151838,2026-01-11,3 17 20 29 31 | 1
151839,2026-01-11,10 21 22 25 29 | 1
151840,2026-01-11,16 22 26 32 34 | 2
151841,2026-01-11,3 10 18 30 31 | 1
151842,2026-01-11,6 9 14 26 33 | 3
151843,2026-01-11,4 22 26 28 29 | 3
151844,2026-01-11,20 24 28 35 36 | 3
151845,2026-01-11,5 11 14 25 32 | 1
151846,2026-01-11,1 11 14 19 22 | 4
151847,2026-01-11,2 14 21 29 36 | 3
151848,2026-01-11,2 4 5 25 30 | 3
151849,2026-01-11,25 29 31 32 36 | 2
151850,2026-01-11,5 11 15 24 33 | 2
151851,2026-01-11,7 10 26 30 36 | 4
151852,2026-01-11,4 6 9 30 35 | 2
151853,2026-01-11,23 27 29 30 32 | 1
151854,2026-01-11,11 18 19 26 34 | 1
151855,2026-01-11,4 6 33 34 35 | 4
151856,2026-01-11,9 24 28 29 34 | 4
151857,2026-01-11,3 5 18 25 29 | 2
151858,2026-01-11,11 23 31 34 35 | 1
151859,2026-01-11,2 15 26 29 33 | 1
151860,2026-01-11,12 15 27 29 35 | 1
151861,2026-01-11,1 20 22 30 36 | 2
151862,2026-01-11,1 2 5 15 33 | 2
151863,2026-01-11,12 14 20 25 31 | 2
151864,2026-01-11,8 15 17 20 30 | 1
151865,2026-01-11,8 9 17 25 36 | 3
151866,2026-01-11,2 20 21 22 33 | 2
151867,2026-01-11,9 11 24 29 31 | 1
151868,2026-01-11,1 18 25 34 35 | 2
151869,2026-01-11,6 10 12 21 28 | 4
151870,2026-01-11,5 14 15 23 35 | 3
151871,2026-01-11,12 15 16 24 28 | 1
151872,2026-01-11,10 14 20 21 26 | 1
151873,2026-01-11,2 12 21 23 27 | 3
151874,2026-01-11,8 16 22 28 32 | 3
151875,2026-01-11,18 19 31 34 36 | 2
151876,2026-01-11,5 10 21 33 34 | 4
151877,2026-01-11,2 8 23 25 31 | 2
151878,2026-01-11,4 16 19 22 29 | 1
151879,2026-01-11,5 11 25 31 36 | 2
151880,2026-01-11,10 12 17 22 36 | 3
151881,2026-01-11,7 12 23 26 29 | 1
151882,2026-01-11,3 13 22 23 28 | 1
151883,2026-01-11,4 8 15 19 34 | 4
151884,2026-01-11,4 6 11 14 20 | 3
151885,2026-01-11,3 4 7 15 21 | 2
151886,2026-01-11,4 6 17 18 20 | 2
151887,2026-01-11,2 10 15 20 27 | 1
151888,2026-01-12,7 8 9 20 24 | 2
151889,2026-01-12,1 11 20 26 36 | 1
151890,2026-01-12,4 6 7 21 28 | 4
151891,2026-01-12,10 16 20 24 25 | 1
151892,2026-01-12,3 4 5 25 27 | 1
151893,2026-01-12,9 15 16 24 26 | 4
151894,2026-01-12,2 3 12 22 33 | 4
151895,2026-01-12,2 14 19 23 29 | 2
151896,2026-01-12,2 3 15 19 22 | 2
151897,2026-01-12,17 18 20 31 35 | 2
151898,2026-01-12,4 14 24 29 30 | 1
151899,2026-01-12,11 19 22 28 31 | 2
151900,2026-01-12,8 13 16 27 30 | 1
151901,2026-01-12,8 11 21 22 31 | 1
151902,2026-01-12,3 8 16 22 36 | 4
151903,2026-01-12,5 7 8 15 24 | 1
151904,2026-01-12,1 7 10 16 26 | 4
151905,2026-01-12,1 6 16 17 18 | 4
151906,2026-01-12,13 16 17 24 27 | 4
151907,2026-01-12,3 19 23 27 32 | 4
151908,2026-01-12,4 13 24 26 35 | 4
151909,2026-01-12,1 5 16 31 32 | 2
151910,2026-01-12,20 23 24 30 31 | 3
151911,2026-01-12,4 13 18 22 27 | 4
151912,2026-01-12,1 11 18 33 35 | 1
151913,2026-01-12,1 2 14 28 35 | 1
151914,2026-01-12,11 16 23 26 31 | 3
151915,2026-01-12,9 13 15 24 28 | 3
151916,2026-01-12,4 13 17 20 35 | 3
151917,2026-01-12,14 16 19 23 36 | 3
151918,2026-01-12,1 18 21 25 28 | 4
151919,2026-01-12,10 13 15 23 31 | 2
151920,2026-01-12,3 7 13 16 20 | 1
151921,2026-01-12,6 7 8 21 36 | 3
151922,2026-01-12,4 8 13 31 35 | 3
151923,2026-01-12,4 8 17 20 36 | 2
151924,2026-01-12,6 7 10 19 32 | 2
151925,2026-01-12,2 4 9 27 35 | 1
151926,2026-01-12,9 13 20 24 34 | 2
151927,2026-01-12,6 15 27 31 32 | 4
151928,2026-01-12,1 5 6 15 18 | 1
151929,2026-01-12,1 3 10 32 36 | 4
151930,2026-01-12,4 6 16 26 27 | 4
151931,2026-01-12,6 21 23 28 32 | 3
151932,2026-01-12,17 23 31 32 36 | 3
151933,2026-01-12,15 21 29 35 36 | 1
151934,2026-01-12,4 8 13 29 35 | 2
151935,2026-01-12,3 6 18 35 36 | 4
151936,2026-01-12,7 10 23 31 36 | 1
151937,2026-01-12,1 2 18 23 31 | 3
151938,2026-01-12,1 5 11 14 19 | 2
151939,2026-01-12,13 24 29 33 35 | 4
151940,2026-01-12,1 4 13 17 19 | 1
151941,2026-01-12,15 21 25 33 35 | 1
151942,2026-01-12,18 19 21 23 27 | 1
151943,2026-01-12,1 18 20 33 36 | 4
151944,2026-01-12,4 12 15 21 35 | 2
151945,2026-01-12,4 14 17 18 30 | 4
151946,2026-01-12,5 10 27 29 33 | 2
151947,2026-01-12,1 9 21 31 36 | 2
151948,2026-01-13,2 9 23 27 30 | 1
151949,2026-01-13,19 20 21 27 31 | 4
151950,2026-01-13,12 24 26 31 36 | 2
151951,2026-01-13,11 12 25 27 36 | 3
151952,2026-01-13,1 28 31 32 35 | 1
151953,2026-01-13,2 3 4 5 7 | 3
151954,2026-01-13,5 16 26 28 31 | 2
151955,2026-01-13,5 10 14 23 36 | 4
151956,2026-01-13,2 7 9 26 35 | 3
151957,2026-01-13,18 19 22 29 33 | 2
151958,2026-01-13,4 8 13 26 27 | 3
151959,2026-01-13,6 8 16 27 35 | 3
151960,2026-01-13,2 10 26 31 36 | 1
151961,2026-01-13,2 7 23 28 34 | 3
151962,2026-01-13,11 21 29 30 33 | 3
151963,2026-01-13,6 19 26 29 34 | 1
151964,2026-01-13,6 9 19 24 28 | 1
151965,2026-01-13,5 8 11 21 28 | 3
151966,2026-01-13,1 4 10 16 26 | 4
151967,2026-01-13,23 24 28 32 36 | 1
151968,2026-01-13,5 11 15 29 31 | 3
151969,2026-01-13,27 30 31 33 36 | 4
151970,2026-01-13,5 7 28 29 35 | 2
151971,2026-01-13,2 9 11 12 28 | 2
151972,2026-01-13,4 5 13 18 31 | 3
151973,2026-01-13,3 10 20 28 31 | 3
151974,2026-01-13,8 12 24 33 34 | 1
151975,2026-01-13,14 18 19 23 25 | 3
151976,2026-01-13,4 6 21 25 34 | 1
151977,2026-01-13,3 12 15 20 23 | 3
151978,2026-01-13,3 12 13 26 35 | 1
151979,2026-01-13,14 25 28 30 35 | 3
151980,2026-01-13,9 14 22 25 31 | 4
151981,2026-01-13,6 11 12 32 34 | 1
151982,2026-01-13,16 19 20 26 29 | 2
151983,2026-01-13,2 8 12 27 36 | 4
151984,2026-01-13,3 6 8 30 31 | 2
151985,2026-01-13,1 5 17 33 36 | 1
151986,2026-01-13,4 6 7 12 26 | 2
151987,2026-01-13,6 15 19 21 31 | 4
151988,2026-01-13,3 7 9 21 26 | 3
151989,2026-01-13,16 23 30 33 35 | 1
151990,2026-01-13,5 11 19 20 24 | 1
151991,2026-01-13,5 6 17 21 22 | 2
151992,2026-01-13,7 10 12 17 19 | 4
151993,2026-01-13,6 12 17 19 27 | 3
151994,2026-01-13,8 18 22 27 28 | 4
151995,2026-01-13,14 17 23 26 34 | 1
151996,2026-01-13,9 19 22 30 32 | 3
151997,2026-01-13,3 5 6 9 30 | 1
151998,2026-01-13,9 10 16 31 33 | 2
151999,2026-01-13,5 10 18 19 30 | 3
152000,2026-01-13,9 18 21 28 34 | 1
152001,2026-01-13,16 24 28 32 34 | 4
152002,2026-01-13,1 3 6 8 16 | 2
152003,2026-01-13,2 8 22 29 36 | 3
152004,2026-01-13,6 19 24 29 36 | 4
152005,2026-01-13,3 5 8 11 27 | 2
152006,2026-01-13,3 6 11 27 31 | 1
152007,2026-01-13,1 17 20 29 36 | 3
152008,2026-01-14,3 5 16 19 31 | 4
152009,2026-01-14,10 13 18 29 33 | 4
152010,2026-01-14,8 14 20 21 27 | 2
152011,2026-01-14,5 6 15 20 29 | 1
152012,2026-01-14,8 13 22 26 27 | 1
152013,2026-01-14,15 24 27 28 30 | 3
152014,2026-01-14,2 4 9 14 17 | 2
152015,2026-01-14,4 5 25 32 34 | 1
152016,2026-01-14,9 17 25 26 34 | 3
152017,2026-01-14,7 9 13 30 35 | 2
152018,2026-01-14,14 15 17 30 33 | 4
152019,2026-01-14,1 8 13 20 27 | 3
152020,2026-01-14,11 20 29 32 33 | 4
152021,2026-01-14,2 4 15 23 24 | 2
152022,2026-01-14,6 23 24 30 33 | 2
152023,2026-01-14,8 10 14 15 21 | 1
152024,2026-01-14,5 11 16 19 29 | 1
152025,2026-01-14,4 9 18 21 35 | 2
152026,2026-01-14,2 15 24 32 33 | 4
152027,2026-01-14,7 11 14 24 29 | 3
152028,2026-01-14,12 23 29 35 36 | 2
152029,2026-01-14,3 9 17 22 23 | 2
152030,2026-01-14,2 5 14 19 36 | 4
152031,2026-01-14,1 5 12 32 34 | 1
152032,2026-01-14,6 9 17 27 31 | 4
152033,2026-01-14,5 11 18 25 36 | 4
152034,2026-01-14,4 19 24 26 30 | 3
152035,2026-01-14,3 7 9 16 17 | 2
152036,2026-01-14,2 6 8 31 33 | 3
152037,2026-01-14,2 8 11 33 36 | 3
152038,2026-01-14,13 15 18 24 29 | 2
152039,2026-01-14,7 10 12 27 34 | 2
152040,2026-01-14,2 8 16 26 30 | 4
152041,2026-01-14,7 10 26 33 36 | 3
152042,2026-01-14,2 10 14 15 23 | 1
152043,2026-01-14,4 5 6 13 23 | 1
152044,2026-01-14,21 26 32 33 36 | 4
152045,2026-01-14,11 15 22 31 36 | 3
152046,2026-01-14,5 6 9 17 29 | 4
152047,2026-01-14,2 7 19 24 25 | 3
152048,2026-01-14,2 7 24 26 28 | 4
152049,2026-01-14,1 3 10 11 32 | 4
152050,2026-01-14,8 12 20 29 32 | 4
152051,2026-01-14,10 14 22 31 34 | 1
152052,2026-01-14,11 12 14 20 26 | 1
152053,2026-01-14,1 2 8 14 21 | 3
152054,2026-01-14,14 17 19 26 36 | 1
152055,2026-01-14,10 11 13 19 34 | 2
152056,2026-01-14,6 13 18 27 34 | 2
152057,2026-01-14,5 7 32 33 35 | 3
152058,2026-01-14,1 5 14 23 28 | 4
152059,2026-01-14,3 17 19 31 33 | 2
152060,2026-01-14,1 7 15 28 36 | 1
152061,2026-01-14,1 4 15 19 21 | 4
152062,2026-01-14,1 13 31 33 36 | 4
152063,2026-01-14,2 6 9 33 35 | 2
152064,2026-01-14,1 11 27 32 35 | 3
152065,2026-01-14,8 10 19 21 23 | 1
152066,2026-01-14,8 11 21 22 24 | 3
152067,2026-01-14,3 13 20 26 29 | 3
152068,2026-01-15,9 19 22 29 33 | 4
152069,2026-01-15,13 18 22 25 28 | 4
152070,2026-01-15,14 19 25 27 34 | 1
152071,2026-01-15,9 11 19 25 31 | 2
152072,2026-01-15,3 11 18 21 24 | 4
152073,2026-01-15,1 12 25 29 36 | 4
152074,2026-01-15,17 21 22 25 28 | 3
152075,2026-01-15,11 15 21 35 36 | 2
152076,2026-01-15,11 12 18 28 29 | 1
152077,2026-01-15,8 18 23 28 34 | 4
152078,2026-01-15,4 5 16 22 24 | 1
152079,2026-01-15,8 10 11 19 23 | 4
152080,2026-01-15,10 19 23 30 33 | 1
152081,2026-01-15,1 3 18 30 36 | 3
152082,2026-01-15,1 12 30 33 34 | 1
152083,2026-01-15,24 25 29 30 35 | 4
152084,2026-01-15,3 13 17 25 32 | 2
152085,2026-01-15,4 5 21 27 34 | 1
152086,2026-01-15,3 4 15 20 26 | 2
152087,2026-01-15,13 19 21 26 31 | 1
152088,2026-01-15,5 6 15 16 22 | 3
152089,2026-01-15,6 12 17 19 23 | 2
152090,2026-01-15,2 15 25 34 36 | 2
152091,2026-01-15,5 7 13 19 30 | 1
152092,2026-01-15,17 19 20 25 31 | 2
152093,2026-01-15,1 2 3 25 26 | 4
152094,2026-01-15,2 6 24 31 33 | 1
152095,2026-01-15,10 15 29 34 36 | 1
152096,2026-01-15,5 14 29 31 36 | 2
152097,2026-01-15,2 7 27 28 31 | 4
152098,2026-01-15,10 12 19 20 27 | 2
152099,2026-01-15,2 3 7 8 27 | 1
152100,2026-01-15,15 18 28 34 36 | 1
152101,2026-01-15,3 4 7 21 29 | 2
152102,2026-01-15,9 13 19 34 36 | 4
152103,2026-01-15,6 7 8 18 24 | 1
152104,2026-01-15,1 2 20 24 35 | 2
152105,2026-01-15,19 23 24 25 31 | 1
152106,2026-01-15,1 7 11 32 35 | 4
152107,2026-01-15,3 9 11 30 34 | 4
152108,2026-01-15,2 4 17 31 32 | 2
152109,2026-01-15,17 22 27 28 36 | 2
152110,2026-01-15,3 4 9 11 19 | 1
152111,2026-01-15,7 15 17 21 26 | 2
152112,2026-01-15,4 21 28 31 33 | 1
152113,2026-01-15,2 3 9 23 36 | 2
152114,2026-01-15,9 25 27 30 35 | 2
152115,2026-01-15,13 14 16 29 35 | 1
152116,2026-01-15,1 10 12 19 29 | 2
152117,2026-01-15,13 16 24 25 31 | 3
152118,2026-01-15,1 10 15 17 23 | 4
152119,2026-01-15,17 27 29 31 34 | 1
152120,2026-01-15,2 23 26 30 32 | 4
152121,2026-01-15,13 15 16 23 24 | 2
152122,2026-01-15,3 7 11 19 20 | 3
152123,2026-01-15,10 18 19 29 36 | 4
152124,2026-01-15,5 7 16 17 24 | 2
152125,2026-01-15,2 9 25 28 34 | 3
152126,2026-01-15,3 7 9 24 26 | 3
152127,2026-01-15,7 8 12 16 36 | 2
152128,2026-01-16,1 7 13 18 32 | 1
152129,2026-01-16,6 16 25 27 34 | 4
152130,2026-01-16,1 5 11 13 27 | 4
152131,2026-01-16,8 9 12 27 28 | 1
152132,2026-01-16,7 12 15 26 30 | 1
152133,2026-01-16,1 5 16 20 35 | 4
152134,2026-01-16,4 9 14 18 34 | 2
152135,2026-01-16,12 13 20 26 35 | 2
152136,2026-01-16,1 5 7 17 19 | 3
152137,2026-01-16,10 14 22 27 32 | 3
152138,2026-01-16,2 8 11 12 22 | 2
152139,2026-01-16,1 17 18 26 30 | 4
152140,2026-01-16,5 10 11 17 28 | 3
152141,2026-01-16,9 22 24 28 32 | 3
152142,2026-01-16,15 17 26 27 32 | 2
152143,2026-01-16,1 10 18 24 28 | 3
152144,2026-01-16,1 25 30 32 36 | 1
152145,2026-01-16,12 13 20 25 36 | 2
152146,2026-01-16,8 14 17 21 28 | 1
152147,2026-01-16,1 21 22 26 32 | 4
152148,2026-01-16,4 5 22 26 33 | 4
152149,2026-01-16,8 26 30 34 35 | 3
152150,2026-01-16,2 20 21 26 29 | 3
152151,2026-01-16,5 8 11 20 25 | 3
152152,2026-01-16,16 22 25 35 36 | 3
152153,2026-01-16,1 3 6 14 20 | 3
152154,2026-01-16,18 27 30 32 36 | 1
152155,2026-01-16,5 16 25 28 32 | 1
152156,2026-01-16,4 6 19 23 34 | 1
152157,2026-01-16,5 14 20 23 35 | 2
152158,2026-01-16,7 10 15 25 36 | 4
152159,2026-01-16,11 15 23 35 36 | 4
152160,2026-01-16,12 14 16 18 19 | 2
152161,2026-01-16,2 5 6 19 21 | 3
152162,2026-01-16,5 6 15 20 32 | 4
152163,2026-01-16,7 16 27 30 33 | 1
152164,2026-01-16,4 19 21 27 30 | 1
152165,2026-01-16,3 20 21 29 30 | 4
152166,2026-01-16,9 11 13 18 35 | 1
152167,2026-01-16,4 7 15 17 23 | 1
152168,2026-01-16,2 4 12 15 33 | 4
152169,2026-01-16,16 17 21 23 35 | 3
152170,2026-01-16,2 6 14 29 35 | 4
152171,2026-01-16,5 16 21 23 32 | 1
152172,2026-01-16,12 19 25 27 36 | 2
152173,2026-01-16,1 2 15 31 34 | 2
152174,2026-01-16,3 10 18 23 29 | 3
152175,2026-01-16,13 22 25 31 33 | 3
152176,2026-01-16,8 11 13 23 29 | 1
152177,2026-01-16,3 8 10 12 13 | 1
152178,2026-01-16,1 7 16 22 26 | 3
152179,2026-01-16,5 6 8 30 34 | 4
152180,2026-01-16,5 9 16 18 25 | 1
152181,2026-01-16,12 13 18 20 36 | 2
152182,2026-01-16,12 21 22 28 36 | 2
152183,2026-01-16,10 14 21 25 35 | 4
152184,2026-01-16,9 12 22 28 30 | 3
152185,2026-01-16,10 22 29 30 35 | 1
152186,2026-01-16,11 13 20 22 33 | 3
152187,2026-01-16,1 10 16 18 34 | 3
152188,2026-01-17,7 9 10 23 35 | 3
152189,2026-01-17,5 11 14 20 32 | 4
152190,2026-01-17,9 12 23 25 35 | 3
152191,2026-01-17,17 19 23 26 34 | 4
152192,2026-01-17,7 9 24 26 32 | 1
152193,2026-01-17,6 11 12 27 29 | 2
152194,2026-01-17,9 11 14 29 33 | 1
152195,2026-01-17,1 10 16 22 30 | 3
152196,2026-01-17,19 23 25 29 31 | 4
152197,2026-01-17,3 13 27 29 35 | 3
152198,2026-01-17,1 3 8 9 29 | 4
152199,2026-01-17,1 6 8 15 29 | 1
152200,2026-01-17,11 22 23 28 31 | 1
152201,2026-01-17,9 17 19 20 34 | 2
152202,2026-01-17,14 15 18 20 31 | 2
152203,2026-01-17,4 12 24 26 33 | 4
152204,2026-01-17,12 20 27 31 36 | 2
152205,2026-01-17,3 4 6 15 36 | 3
152206,2026-01-17,2 9 14 18 21 | 1
152207,2026-01-17,18 22 24 25 28 | 1
152208,2026-01-17,7 17 19 20 30 | 2
152209,2026-01-17,8 11 14 21 28 | 3
152210,2026-01-17,3 17 25 33 34 | 4
152211,2026-01-17,10 13 17 22 34 | 3
152212,2026-01-17,7 9 11 12 14 | 1
152213,2026-01-17,10 15 26 31 32 | 4
152214,2026-01-17,7 15 18 32 33 | 4
152215,2026-01-17,3 4 22 29 35 | 3
152216,2026-01-17,1 7 13 25 35 | 1
152217,2026-01-17,2 6 13 17 30 | 3
152218,2026-01-17,6 14 16 17 35 | 1
152219,2026-01-17,6 14 15 22 29 | 2
152220,2026-01-17,12 13 16 17 34 | 2
152221,2026-01-17,3 8 22 23 35 | 4
152222,2026-01-17,5 9 10 22 28 | 4
152223,2026-01-17,7 14 16 17 21 | 4
152224,2026-01-17,7 11 12 17 23 | 4
152225,2026-01-17,8 12 16 19 32 | 4
152226,2026-01-17,16 22 23 24 35 | 1
152227,2026-01-17,1 8 18 24 30 | 1
152228,2026-01-17,3 4 5 8 34 | 3
152229,2026-01-17,13 15 23 28 35 | 4
152230,2026-01-17,1 19 23 27 30 | 2
152231,2026-01-17,4 7 16 20 24 | 4
152232,2026-01-17,9 15 21 26 33 | 2
152233,2026-01-17,7 18 24 25 28 | 3
152234,2026-01-17,5 8 11 17 25 | 3
152235,2026-01-17,4 12 16 17 33 | 2
152236,2026-01-17,1 2 17 22 36 | 2
152237,2026-01-17,3 21 30 32 34 | 1
152238,2026-01-17,10 11 20 23 31 | 3
152239,2026-01-17,4 6 22 23 26 | 3
152240,2026-01-17,14 20 22 28 36 | 1
152241,2026-01-17,1 6 14 16 30 | 1
152242,2026-01-17,1 4 30 33 34 | 1
152243,2026-01-17,4 5 21 24 25 | 4
152244,2026-01-17,2 6 18 20 23 | 4
152245,2026-01-17,7 10 18 19 35 | 3
152246,2026-01-17,6 22 27 28 30 | 1
152247,2026-01-17,4 6 15 32 33 | 1
152248,2026-01-18,22 23 27 29 35 | 4
152249,2026-01-18,1 5 12 27 32 | 4
152250,2026-01-18,9 12 23 26 28 | 3
152251,2026-01-18,2 11 14 18 32 | 4
152252,2026-01-18,21 25 26 29 31 | 4
152253,2026-01-18,14 18 28 32 36 | 2
152254,2026-01-18,3 22 26 27 33 | 2
152255,2026-01-18,9 18 24 27 33 | 4
152256,2026-01-18,15 18 20 21 36 | 2
152257,2026-01-18,1 3 6 24 32 | 1
152258,2026-01-18,11 22 23 27 34 | 1
152259,2026-01-18,2 7 17 22 28 | 4
152260,2026-01-18,1 2 19 31 33 | 2
152261,2026-01-18,4 9 12 20 26 | 1
152262,2026-01-18,3 9 22 23 25 | 3
152263,2026-01-18,8 17 18 23 31 | 3
152264,2026-01-18,5 12 19 24 32 | 4
152265,2026-01-18,6 15 18 19 23 | 3
152266,2026-01-18,5 7 10 12 17 | 2
152267,2026-01-18,9 12 14 17 30 | 1
152268,2026-01-18,3 5 6 7 17 | 1
152269,2026-01-18,4 8 14 17 23 | 4
152270,2026-01-18,11 12 14 16 36 | 1
152271,2026-01-18,9 11 20 23 30 | 1
152272,2026-01-18,1 9 13 20 28 | 1
152273,2026-01-18,7 9 16 18 22 | 1
152274,2026-01-18,11 12 20 24 26 | 4
152275,2026-01-18,13 15 21 27 29 | 3
152276,2026-01-18,10 24 27 34 36 | 3
152277,2026-01-18,6 10 23 25 32 | 3
152278,2026-01-18,8 9 16 17 25 | 4
152279,2026-01-18,3 5 8 15 36 | 3
152280,2026-01-18,6 12 19 30 32 | 2
152281,2026-01-18,12 17 18 27 30 | 1
152282,2026-01-18,1 2 14 18 28 | 3
152283,2026-01-18,8 11 25 34 35 | 2
152284,2026-01-18,6 13 16 27 31 | 1
152285,2026-01-18,10 12 17 20 25 | 3
152286,2026-01-18,8 22 28 34 35 | 3
152287,2026-01-18,10 19 23 27 32 | 3
152288,2026-01-18,10 18 20 24 36 | 1
152289,2026-01-18,11 15 20 22 27 | 3
152290,2026-01-18,16 23 25 29 30 | 2
152291,2026-01-18,9 10 11 12 23 | 4
152292,2026-01-18,1 11 19 22 28 | 4
152293,2026-01-18,4 6 27 29 34 | 1
152294,2026-01-18,2 6 15 20 23 | 3
152295,2026-01-18,6 13 28 32 36 | 4
152296,2026-01-18,8 11 25 29 33 | 3
152297,2026-01-18,2 4 11 18 31 | 4
152298,2026-01-18,7 11 16 20 33 | 3
152299,2026-01-18,4 14 16 25 36 | 1
152300,2026-01-18,12 21 28 34 35 | 2
152301,2026-01-18,1 16 25 32 36 | 3
152302,2026-01-18,1 5 22 25 34 | 4
152303,2026-01-18,14 18 24 29 30 | 3
152304,2026-01-18,8 16 23 27 30 | 4
152305,2026-01-18,11 14 16 21 35 | 2
152306,2026-01-18,13 16 18 22 36 | 2
152307,2026-01-18,1 12 16 27 33 | 1
152308,2026-01-19,4 16 29 31 32 | 1
152309,2026-01-19,9 18 21 30 34 | 1
152310,2026-01-19,3 12 16 26 27 | 2
152311,2026-01-19,7 12 23 26 30 | 1
152312,2026-01-19,11 13 27 29 30 | 4
152313,2026-01-19,5 11 30 32 34 | 4
152314,2026-01-19,3 20 21 22 31 | 1
152315,2026-01-19,4 17 24 32 35 | 4
152316,2026-01-19,11 13 17 24 33 | 4
152317,2026-01-19,5 20 21 22 27 | 2
152318,2026-01-19,17 19 24 31 36 | 3
152319,2026-01-19,11 16 21 29 35 | 3
152320,2026-01-19,12 13 22 23 24 | 3
152321,2026-01-19,3 5 7 8 16 | 4
152322,2026-01-19,4 14 20 29 31 | 4
152323,2026-01-19,3 8 14 24 31 | 2
152324,2026-01-19,3 9 15 19 34 | 1
152325,2026-01-19,8 10 13 21 22 | 4
152326,2026-01-19,1 16 20 24 26 | 2
152327,2026-01-19,11 28 29 31 32 | 1
152328,2026-01-19,7 13 23 26 35 | 2
152329,2026-01-19,8 17 21 22 34 | 1
152330,2026-01-19,10 14 25 28 33 | 4
152331,2026-01-19,2 4 12 22 35 | 4
152332,2026-01-19,7 11 29 34 36 | 3
152333,2026-01-19,17 22 24 33 36 | 1
152334,2026-01-19,12 13 22 24 29 | 4
152335,2026-01-19,2 4 8 19 34 | 4
152336,2026-01-19,1 3 13 31 32 | 3
152337,2026-01-19,4 10 11 23 36 | 1
152338,2026-01-19,10 15 18 21 28 | 3
152339,2026-01-19,1 12 28 30 31 | 1
152340,2026-01-19,5 25 27 35 36 | 1
152341,2026-01-19,2 19 20 25 31 | 1
152342,2026-01-19,1 19 28 30 33 | 1
152343,2026-01-19,14 15 19 35 36 | 2
152344,2026-01-19,5 9 15 25 36 | 4
152345,2026-01-19,11 12 18 26 27 | 2
152346,2026-01-19,8 12 14 17 23 | 2
152347,2026-01-19,5 10 29 32 36 | 1
152348,2026-01-19,1 13 16 20 27 | 1
152349,2026-01-19,18 24 25 26 35 | 4
152350,2026-01-19,6 7 16 31 33 | 4
152351,2026-01-19,2 13 25 26 33 | 3
152352,2026-01-19,12 13 21 22 26 | 2
152353,2026-01-19,3 6 8 12 17 | 2
152354,2026-01-19,5 11 22 26 28 | 3
152355,2026-01-19,4 11 29 33 36 | 4
152356,2026-01-19,10 19 21 23 24 | 3
152357,2026-01-19,3 6 9 11 16 | 4
152358,2026-01-19,2 7 29 32 34 | 3
152359,2026-01-19,2 5 26 28 36 | 1
152360,2026-01-19,2 11 15 26 28 | 2
152361,2026-01-19,5 24 30 31 33 | 4
152362,2026-01-19,9 26 28 32 35 | 4
152363,2026-01-19,2 9 11 23 29 | 4
152364,2026-01-19,1 3 23 26 28 | 2
152365,2026-01-19,1 16 17 26 33 | 2
152366,2026-01-19,21 22 28 33 36 | 2
152367,2026-01-19,7 8 14 29 35 | 2
152368,2026-01-20,5 9 10 21 26 | 3
152369,2026-01-20,9 12 16 32 33 | 3
152370,2026-01-20,1 7 16 20 28 | 3
152371,2026-01-20,13 14 16 31 32 | 4
152372,2026-01-20,1 2 4 14 31 | 4
152373,2026-01-20,4 13 18 27 29 | 3
152374,2026-01-20,1 2 19 27 33 | 3
152375,2026-01-20,6 8 16 28 34 | 3
152376,2026-01-20,2 3 19 27 28 | 1
152377,2026-01-20,6 9 11 32 36 | 4
152378,2026-01-20,1 6 9 11 14 | 3
152379,2026-01-20,3 7 15 19 33 | 4
152380,2026-01-20,1 19 20 33 34 | 3
152381,2026-01-20,13 20 26 27 33 | 1
152382,2026-01-20,6 17 31 35 36 | 3
152383,2026-01-20,2 26 27 28 35 | 3
152384,2026-01-20,1 10 17 19 34 | 2
152385,2026-01-20,2 9 14 15 32 | 3
152386,2026-01-20,2 6 21 29 33 | 1
152387,2026-01-20,4 20 24 26 29 | 3
152388,2026-01-20,8 17 21 31 32 | 3
152389,2026-01-20,3 7 17 31 34 | 4
152390,2026-01-20,3 4 8 12 35 | 3
152391,2026-01-20,4 7 9 27 32 | 1
152392,2026-01-20,7 18 33 35 36 | 1
152393,2026-01-20,5 16 18 20 30 | 4
152394,2026-01-20,3 7 9 19 29 | 2
152395,2026-01-20,4 22 26 29 33 | 4
152396,2026-01-20,1 2 9 31 32 | 1
152397,2026-01-20,7 20 25 30 33 | 1
152398,2026-01-20,9 12 18 27 28 | 1
152399,2026-01-20,16 23 29 32 33 | 4
152400,2026-01-20,2 9 17 18 25 | 2
152401,2026-01-20,5 13 16 27 35 | 3
152402,2026-01-20,1 3 17 21 34 | 3
152403,2026-01-20,13 17 22 27 30 | 4
152404,2026-01-20,7 18 30 33 35 | 1
152405,2026-01-20,9 27 28 30 33 | 2
152406,2026-01-20,1 18 22 25 29 | 4
152407,2026-01-20,2 5 27 30 36 | 2
152408,2026-01-20,14 21 22 30 33 | 2
152409,2026-01-20,2 11 18 20 31 | 3
152410,2026-01-20,7 9 24 28 31 | 2
152411,2026-01-20,12 17 24 31 34 | 3
152412,2026-01-20,15 16 17 20 36 | 2
152413,2026-01-20,11 17 29 31 33 | 2
152414,2026-01-20,9 19 20 34 35 | 1
152415,2026-01-20,5 28 31 33 35 | 4
152416,2026-01-20,5 20 26 33 36 | 2
152417,2026-01-20,4 8 16 24 25 | 1
152418,2026-01-20,1 16 24 30 32 | 4
152419,2026-01-20,3 5 7 27 31 | 4
152420,2026-01-20,2 3 9 24 25 | 1
152421,2026-01-20,7 8 24 26 35 | 1
152422,2026-01-20,12 15 21 30 35 | 3
152423,2026-01-20,4 5 8 10 26 | 3
152424,2026-01-20,2 24 25 26 31 | 4
152425,2026-01-20,1 7 13 25 26 | 4
152426,2026-01-20,16 21 27 31 33 | 3
152427,2026-01-20,2 5 7 10 17 | 2
152428,2026-01-21,8 9 14 35 36 | 4
152429,2026-01-21,4 10 11 19 30 | 3
152430,2026-01-21,5 11 22 25 30 | 4
152431,2026-01-21,3 4 16 23 28 | 3
152432,2026-01-21,2 17 23 30 35 | 4
152433,2026-01-21,3 6 9 10 15 | 2
152434,2026-01-21,8 11 17 32 34 | 2
152435,2026-01-21,12 24 29 34 35 | 1
152436,2026-01-21,7 13 16 18 33 | 1
152437,2026-01-21,8 11 19 20 21 | 2
152438,2026-01-21,4 11 25 34 35 | 2
152439,2026-01-21,6 10 18 32 33 | 1
152440,2026-01-21,6 7 13 17 21 | 2
152441,2026-01-21,9 12 18 19 27 | 1
152442,2026-01-21,2 8 16 22 34 | 1
152443,2026-01-21,5 9 16 21 31 | 1
152444,2026-01-21,15 21 23 26 31 | 3
152445,2026-01-21,2 13 15 32 33 | 4
152446,2026-01-21,16 18 30 33 35 | 1
152447,2026-01-21,11 16 24 27 28 | 4
152448,2026-01-21,5 6 13 25 29 | 2
152449,2026-01-21,4 8 9 13 28 | 2
152450,2026-01-21,4 10 20 21 30 | 2
152451,2026-01-21,1 12 22 23 24 | 2
152452,2026-01-21,15 24 27 29 35 | 1
152453,2026-01-21,7 8 15 18 31 | 3
152454,2026-01-21,12 18 19 26 35 | 3
152455,2026-01-21,18 22 24 27 34 | 3
152456,2026-01-21,1 13 23 32 36 | 4
152457,2026-01-21,7 25 28 30 33 | 1
152458,2026-01-21,5 10 18 22 33 | 1
152459,2026-01-21,7 9 15 18 35 | 1
152460,2026-01-21,1 5 21 27 31 | 4
152461,2026-01-21,1 3 16 26 36 | 1
152462,2026-01-21,1 8 12 27 32 | 2
152463,2026-01-21,5 6 17 24 31 | 3
152464,2026-01-21,4 10 20 26 32 | 2
152465,2026-01-21,2 8 9 22 26 | 1
152466,2026-01-21,1 3 16 18 32 | 4
152467,2026-01-21,16 22 25 34 35 | 1
152468,2026-01-21,10 17 23 30 34 | 2
152469,2026-01-21,3 5 24 29 36 | 3
152470,2026-01-21,4 21 26 30 32 | 1
152471,2026-01-21,2 4 7 12 25 | 3
152472,2026-01-21,8 13 24 35 36 | 2
152473,2026-01-21,9 10 12 17 25 | 2
152474,2026-01-21,20 21 24 28 30 | 4
152475,2026-01-21,1 23 24 26 35 | 2
152476,2026-01-21,7 10 14 20 33 | 4
152477,2026-01-21,3 16 17 27 28 | 3
152478,2026-01-21,2 14 24 28 33 | 2
152479,2026-01-21,4 10 15 18 31 | 4
152480,2026-01-21,8 15 16 24 33 | 4
152481,2026-01-21,9 12 19 28 33 | 1
152482,2026-01-21,13 20 28 35 36 | 1
152483,2026-01-21,4 17 21 22 33 | 3
152484,2026-01-21,1 4 10 24 35 | 3
152485,2026-01-21,3 5 9 35 36 | 1
152486,2026-01-21,10 11 15 19 33 | 1
152487,2026-01-21,8 12 13 30 36 | 2
152488,2026-01-22,1 2 9 19 27 | 1
152489,2026-01-22,3 4 13 14 35 | 1
152490,2026-01-22,2 4 7 8 20 | 2
152491,2026-01-22,10 16 17 18 23 | 3
152492,2026-01-22,4 5 10 15 27 | 3
152493,2026-01-22,7 11 17 18 28 | 3
152494,2026-01-22,1 20 23 25 28 | 1
152495,2026-01-22,2 11 12 22 36 | 2
152496,2026-01-22,8 20 21 24 35 | 4
152497,2026-01-22,1 15 16 21 26 | 3
152498,2026-01-22,1 5 12 20 30 | 2
152499,2026-01-22,2 6 8 16 19 | 2
152500,2026-01-22,5 8 14 15 24 | 3
152501,2026-01-22,8 10 23 27 35 | 3
152502,2026-01-22,12 18 19 20 26 | 2
152503,2026-01-22,4 7 10 22 33 | 3
152504,2026-01-22,22 24 27 28 29 | 4
152505,2026-01-22,8 10 11 15 25 | 4
152506,2026-01-22,6 18 23 29 35 | 1
152507,2026-01-22,3 21 26 28 30 | 3
152508,2026-01-22,1 3 15 27 32 | 3
152509,2026-01-22,2 6 7 16 31 | 2
152510,2026-01-22,12 27 30 31 32 | 2
152511,2026-01-22,8 14 22 25 28 | 1
152512,2026-01-22,14 17 19 20 36 | 3
152513,2026-01-22,2 14 18 30 33 | 4
152514,2026-01-22,15 17 25 31 35 | 3
152515,2026-01-22,13 21 24 31 35 | 2
152516,2026-01-22,6 21 23 24 29 | 3
152517,2026-01-22,8 14 21 23 31 | 2
152518,2026-01-22,1 5 16 22 33 | 3
152519,2026-01-22,5 11 22 31 33 | 1
152520,2026-01-22,3 19 22 32 36 | 3
152521,2026-01-22,1 8 33 34 35 | 2
152522,2026-01-22,13 18 19 23 35 | 2
152523,2026-01-22,5 10 16 20 27 | 4
152524,2026-01-22,11 23 26 30 34 | 2
152525,2026-01-22,4 18 30 33 36 | 1
152526,2026-01-22,2 19 21 27 35 | 3
152527,2026-01-22,7 11 12 33 35 | 3
152528,2026-01-22,8 21 22 32 36 | 1
152529,2026-01-22,1 4 22 31 33 | 2
152530,2026-01-22,2 15 21 34 35 | 3
152531,2026-01-22,1 4 13 17 21 | 2
152532,2026-01-22,9 17 27 32 36 | 3
152533,2026-01-22,4 7 18 26 36 | 2
152534,2026-01-22,3 25 28 31 35 | 3
152535,2026-01-22,3 5 10 11 23 | 2
152536,2026-01-22,5 6 11 15 18 | 1
152537,2026-01-22,10 14 20 23 36 | 2
152538,2026-01-22,1 4 14 18 28 | 2
152539,2026-01-22,2 9 27 30 32 | 3
152540,2026-01-22,5 8 15 22 34 | 1
152541,2026-01-22,5 9 24 27 33 | 4
152542,2026-01-22,1 8 11 14 35 | 3
152543,2026-01-22,5 19 20 27 36 | 3
152544,2026-01-22,3 5 22 24 31 | 1
152545,2026-01-22,3 6 17 25 32 | 3
152546,2026-01-22,5 7 22 28 33 | 1
152547,2026-01-22,13 14 17 26 28 | 4
152548,2026-01-23,6 7 17 25 29 | 2
152549,2026-01-23,11 20 23 26 34 | 1
152550,2026-01-23,7 15 16 17 33 | 2
152551,2026-01-23,10 11 29 30 35 | 4
152552,2026-01-23,7 10 18 29 30 | 3
152553,2026-01-23,1 11 15 23 34 | 2
152554,2026-01-23,9 23 32 34 36 | 2
152555,2026-01-23,6 9 11 13 31 | 3
152556,2026-01-23,7 12 20 21 23 | 3
152557,2026-01-23,1 9 14 32 33 | 2
152558,2026-01-23,6 7 12 31 34 | 4
152559,2026-01-23,11 13 22 24 32 | 1
152560,2026-01-23,13 20 28 30 35 | 2
152561,2026-01-23,5 9 23 29 32 | 4
152562,2026-01-23,9 16 23 26 29 | 3
152563,2026-01-23,4 17 31 32 33 | 4
152564,2026-01-23,5 13 17 31 33 | 4
152565,2026-01-23,1 13 16 21 26 | 4
152566,2026-01-23,15 21 26 30 31 | 3
152567,2026-01-23,7 10 16 17 31 | 4
152568,2026-01-23,8 18 22 32 35 | 1
152569,2026-01-23,6 7 14 24 31 | 1
152570,2026-01-23,1 2 14 20 33 | 3
152571,2026-01-23,8 14 16 18 21 | 1
152572,2026-01-23,9 13 20 24 34 | 1
152573,2026-01-23,7 11 19 25 36 | 2
152574,2026-01-23,3 9 11 24 26 | 3
152575,2026-01-23,1 15 24 28 35 | 2
152576,2026-01-23,4 5 10 13 30 | 4
152577,2026-01-23,4 8 9 15 29 | 3
152578,2026-01-23,3 13 14 22 26 | 4
152579,2026-01-23,1 16 20 21 24 | 2
152580,2026-01-23,1 3 12 18 21 | 1
152581,2026-01-23,6 10 16 23 35 | 4
152582,2026-01-23,14 16 27 32 33 | 2
152583,2026-01-23,1 16 27 29 34 | 4
152584,2026-01-23,5 9 10 13 17 | 3
152585,2026-01-23,3 18 23 27 36 | 2
152586,2026-01-23,10 13 18 27 36 | 4
152587,2026-01-23,1 9 14 25 34 | 3
152588,2026-01-23,1 14 16 24 33 | 2
152589,2026-01-23,4 5 6 29 35 | 4
152590,2026-01-23,22 23 29 32 33 | 3
152591,2026-01-23,4 10 20 25 31 | 1
152592,2026-01-23,5 8 17 26 33 | 3
152593,2026-01-23,4 5 9 31 35 | 3
152594,2026-01-23,7 14 16 22 24 | 3
152595,2026-01-23,2 3 8 25 26 | 4
152596,2026-01-23,1 19 21 27 28 | 1
152597,2026-01-23,2 7 15 21 25 | 3
152598,2026-01-23,6 14 23 27 36 | 2
152599,2026-01-23,10 15 20 23 34 | 3
152600,2026-01-23,1 11 13 31 36 | 4
152601,2026-01-23,7 14 20 30 34 | 3
152602,2026-01-23,3 7 10 19 28 | 1
152603,2026-01-23,1 11 16 29 30 | 4
152604,2026-01-23,2 17 27 31 35 | 4
152605,2026-01-23,6 8 13 23 32 | 3
152606,2026-01-23,3 11 12 18 22 | 2
152607,2026-01-23,22 27 29 30 35 | 3
152608,2026-01-24,9 15 21 33 35 | 3
152609,2026-01-24,14 15 17 20 29 | 2
152610,2026-01-24,1 2 5 15 22 | 1
152611,2026-01-24,3 10 21 24 34 | 3
152612,2026-01-24,4 10 21 30 33 | 2
152613,2026-01-24,10 22 23 33 35 | 2
152614,2026-01-24,5 19 23 30 33 | 4
152615,2026-01-24,3 8 13 21 34 | 1
152616,2026-01-24,2 4 22 34 36 | 1
152617,2026-01-24,2 4 5 23 36 | 2
152618,2026-01-24,5 11 25 32 35 | 2
152619,2026-01-24,8 16 20 31 36 | 1
152620,2026-01-24,1 12 15 29 32 | 3
152621,2026-01-24,8 9 22 26 33 | 4
152622,2026-01-24,3 5 25 29 31 | 4
152623,2026-01-24,11 17 19 25 26 | 3
152624,2026-01-24,3 10 15 19 22 | 4
152625,2026-01-24,8 11 16 17 23 | 4
152626,2026-01-24,7 17 27 28 36 | 3
152627,2026-01-24,14 15 23 30 35 | 3
152628,2026-01-24,9 16 24 29 33 | 3
152629,2026-01-24,1 9 30 32 35 | 2
152630,2026-01-24,10 14 18 27 28 | 3
152631,2026-01-24,1 11 14 15 23 | 1
152632,2026-01-24,18 19 21 22 32 | 1
152633,2026-01-24,3 4 11 16 35 | 1
152634,2026-01-24,1 11 25 28 30 | 3
152635,2026-01-24,1 6 17 29 33 | 2
152636,2026-01-24,3 6 8 15 33 | 2
152637,2026-01-24,4 10 11 14 26 | 2
152638,2026-01-24,1 9 13 18 20 | 1
152639,2026-01-24,8 17 22 29 30 | 1
152640,2026-01-24,2 3 23 29 31 | 3
152641,2026-01-24,1 4 7 24 31 | 3
152642,2026-01-24,8 10 13 14 27 | 1
152643,2026-01-24,2 16 17 25 34 | 2
152644,2026-01-24,1 5 25 28 34 | 4
152645,2026-01-24,4 12 19 25 35 | 1
152646,2026-01-24,6 8 13 21 36 | 1
152647,2026-01-24,1 11 23 28 29 | 2
152648,2026-01-24,12 14 17 22 31 | 3
152649,2026-01-24,9 18 26 33 36 | 1
152650,2026-01-24,13 17 18 25 26 | 4
152651,2026-01-24,19 21 31 33 34 | 1
152652,2026-01-24,2 23 24 25 35 | 4
152653,2026-01-24,2 18 22 26 28 | 3
152654,2026-01-24,4 21 28 31 34 | 3
152655,2026-01-24,14 19 28 29 32 | 2
152656,2026-01-24,3 5 13 23 36 | 2
152657,2026-01-24,5 12 18 25 26 | 4
152658,2026-01-24,19 20 26 30 35 | 1
152659,2026-01-24,10 13 17 21 23 | 1
152660,2026-01-24,5 8 10 16 36 | 2
152661,2026-01-24,1 7 9 18 33 | 3
152662,2026-01-24,5 14 28 32 35 | 1
152663,2026-01-24,19 22 26 30 33 | 4
152664,2026-01-24,6 14 28 31 34 | 3
152665,2026-01-24,1 17 24 34 35 | 3
152666,2026-01-24,14 18 21 28 33 | 2
152667,2026-01-24,6 14 17 19 26 | 4
152668,2026-01-25,5 6 22 29 32 | 3
152669,2026-01-25,1 3 23 31 36 | 3
152670,2026-01-25,3 4 10 21 34 | 1
152671,2026-01-25,15 20 22 24 31 | 1
152672,2026-01-25,7 8 18 19 20 | 2
152673,2026-01-25,4 13 15 28 36 | 2
152674,2026-01-25,12 14 23 25 27 | 4
152675,2026-01-25,9 15 21 22 28 | 3
152676,2026-01-25,1 2 14 22 26 | 1
152677,2026-01-25,6 12 14 17 25 | 4
152678,2026-01-25,3 11 14 15 21 | 2
152679,2026-01-25,7 13 16 31 33 | 3
152680,2026-01-25,9 16 24 32 35 | 2
152681,2026-01-25,8 10 12 17 33 | 4
152682,2026-01-25,9 12 18 21 29 | 1
152683,2026-01-25,4 17 27 33 36 | 4
152684,2026-01-25,10 19 21 33 34 | 2
152685,2026-01-25,7 9 12 33 35 | 4
152686,2026-01-25,4 5 7 23 36 | 2
152687,2026-01-25,9 16 31 33 34 | 4
152688,2026-01-25,11 15 16 22 23 | 4
152689,2026-01-25,1 5 16 29 32 | 2
152690,2026-01-25,7 9 27 28 35 | 2
152691,2026-01-25,2 11 26 28 36 | 3
152692,2026-01-25,4 9 21 28 31 | 4
152693,2026-01-25,1 6 29 32 34 | 2
152694,2026-01-25,1 3 19 32 34 | 2
152695,2026-01-25,5 13 16 18 21 | 4
152696,2026-01-25,5 8 26 28 34 | 2
152697,2026-01-25,10 16 17 23 35 | 4
152698,2026-01-25,5 9 17 21 22 | 1
152699,2026-01-25,10 14 17 23 24 | 2
152700,2026-01-25,14 24 28 31 32 | 3
152701,2026-01-25,6 13 17 28 29 | 2
152702,2026-01-25,7 15 20 22 30 | 3
152703,2026-01-25,2 5 9 16 29 | 4
152704,2026-01-25,3 28 29 31 35 | 4
152705,2026-01-25,6 14 16 19 22 | 4
152706,2026-01-25,3 10 21 27 36 | 1
152707,2026-01-25,3 6 8 29 31 | 3
152708,2026-01-25,6 8 11 12 28 | 3
152709,2026-01-25,1 5 26 28 30 | 1
152710,2026-01-25,1 6 10 13 15 | 3
152711,2026-01-25,3 4 6 14 24 | 4
152712,2026-01-25,1 8 20 27 35 | 4
152713,2026-01-25,1 22 23 28 31 | 1
152714,2026-01-25,11 14 16 23 36 | 1
152715,2026-01-25,6 10 13 17 29 | 1
152716,2026-01-25,11 18 20 22 33 | 4
152717,2026-01-25,1 10 23 29 31 | 1
152718,2026-01-25,3 4 20 22 32 | 4
152719,2026-01-25,7 13 20 23 30 | 3
152720,2026-01-25,14 21 23 33 36 | 1
152721,2026-01-25,2 10 18 21 23 | 1
152722,2026-01-25,13 21 22 28 30 | 4
152723,2026-01-25,13 19 22 29 35 | 1
152724,2026-01-25,6 7 18 32 34 | 4
152725,2026-01-25,6 7 8 9 21 | 2
152726,2026-01-25,4 8 10 11 16 | 3
152727,2026-01-25,1 6 17 19 29 | 4
152728,2026-01-26,8 14 21 22 34 | 4
152729,2026-01-26,4 13 14 31 33 | 4
152730,2026-01-26,2 17 24 32 35 | 2
152731,2026-01-26,3 16 18 26 32 | 4
152732,2026-01-26,7 10 13 21 24 | 1
152733,2026-01-26,20 27 31 34 35 | 3
152734,2026-01-26,13 17 22 23 36 | 2
152735,2026-01-26,5 17 21 27 30 | 2
152736,2026-01-26,6 8 11 16 35 | 4
152737,2026-01-26,8 21 24 29 32 | 4
152738,2026-01-26,2 20 23 30 36 | 1
152739,2026-01-26,2 5 13 25 36 | 2
152740,2026-01-26,2 6 19 20 30 | 4
152741,2026-01-26,16 18 22 29 32 | 3
152742,2026-01-26,5 9 15 26 32 | 2
152743,2026-01-26,9 12 24 31 35 | 4
152744,2026-01-26,8 15 27 33 36 | 3
152745,2026-01-26,4 12 15 22 26 | 2
152746,2026-01-26,13 15 24 28 29 | 3
152747,2026-01-26,16 22 23 26 34 | 3
152748,2026-01-26,1 6 13 20 32 | 4
152749,2026-01-26,1 5 23 33 34 | 1
152750,2026-01-26,15 18 28 29 35 | 3
152751,2026-01-26,9 15 23 32 33 | 1
152752,2026-01-26,7 12 17 22 32 | 3
152753,2026-01-26,4 9 12 15 31 | 4
152754,2026-01-26,2 3 4 10 14 | 3
152755,2026-01-26,1 9 14 16 20 | 2
152756,2026-01-26,12 15 24 25 26 | 2
152757,2026-01-26,2 11 12 32 34 | 3
152758,2026-01-26,3 6 13 27 32 | 4
152759,2026-01-26,5 8 10 15 36 | 2
152760,2026-01-26,4 17 30 34 36 | 3
152761,2026-01-26,3 15 20 22 24 | 3
152762,2026-01-26,1 2 10 17 34 | 3
152763,2026-01-26,1 2 11 15 20 | 3
152764,2026-01-26,4 6 13 15 26 | 3
152765,2026-01-26,12 21 24 26 31 | 2
152766,2026-01-26,7 15 18 28 33 | 4
152767,2026-01-26,3 11 24 28 30 | 2
152768,2026-01-26,4 10 21 23 36 | 1
152769,2026-01-26,2 5 9 27 31 | 3
152770,2026-01-26,1 10 25 26 35 | 1
152771,2026-01-26,2 8 14 15 29 | 4
152772,2026-01-26,4 7 10 12 26 | 3
152773,2026-01-26,1 3 6 23 29 | 4
152774,2026-01-26,6 7 29 31 34 | 1
152775,2026-01-26,4 15 20 27 29 | 2
152776,2026-01-26,1 2 18 28 35 | 3
152777,2026-01-26,1 23 29 32 33 | 4
152778,2026-01-26,4 9 29 31 34 | 2
152779,2026-01-27,9 13 31 32 35 | 4
152780,2026-01-27,6 21 23 32 33 | 3
152781,2026-01-27,1 9 14 21 31 | 2
152782,2026-01-27,1 4 16 18 36 | 1
152783,2026-01-27,3 7 25 35 36 | 2
152784,2026-01-27,4 8 20 31 32 | 4
152785,2026-01-27,7 9 14 23 26 | 1
152786,2026-01-27,2 6 8 11 31 | 1
152787,2026-01-27,3 15 16 17 21 | 1
152788,2026-01-27,11 14 17 24 31 | 3
152789,2026-01-27,9 11 15 31 33 | 2
152790,2026-01-27,1 10 12 23 33 | 2
152791,2026-01-27,6 8 13 31 35 | 4
152792,2026-01-27,1 16 26 27 35 | 3
152793,2026-01-27,12 15 24 29 32 | 3
152794,2026-01-27,4 6 16 19 34 | 1
152795,2026-01-27,1 13 24 25 33 | 1
152796,2026-01-27,6 10 17 23 27 | 3
152797,2026-01-27,3 7 14 15 26 | 2
152798,2026-01-27,9 10 14 21 34 | 1
152799,2026-01-27,4 13 14 20 23 | 1
152800,2026-01-27,6 21 28 29 30 | 1
152801,2026-01-27,6 7 14 17 18 | 4
152802,2026-01-27,14 16 21 28 31 | 2
152803,2026-01-27,7 8 11 21 29 | 3
152804,2026-01-27,14 15 24 30 31 | 2
152805,2026-01-27,8 18 30 32 34 | 3
152806,2026-01-27,3 4 5 10 14 | 3
152807,2026-01-27,3 4 27 31 33 | 3
152808,2026-01-27,10 12 18 28 36 | 4
152809,2026-01-27,6 8 20 29 33 | 2
152810,2026-01-27,3 9 21 25 35 | 4
152811,2026-01-27,2 6 13 34 36 | 4
152812,2026-01-27,8 18 24 30 36 | 3
152813,2026-01-27,4 12 15 25 26 | 1
152814,2026-01-27,4 8 10 12 26 | 4
152815,2026-01-27,4 8 13 14 34 | 3
152816,2026-01-27,1 17 31 32 34 | 4
152817,2026-01-27,8 22 23 28 35 | 2
152818,2026-01-27,1 3 5 28 36 | 1
152819,2026-01-27,2 17 22 28 36 | 2
152820,2026-01-27,2 12 16 20 24 | 2
152821,2026-01-27,3 9 25 35 36 | 3
152822,2026-01-27,6 8 19 24 33 | 1
152823,2026-01-27,4 9 22 29 32 | 4
152824,2026-01-27,9 15 26 29 35 | 3
152825,2026-01-27,3 4 6 15 29 | 4
152826,2026-01-27,8 13 24 26 29 | 2
152827,2026-01-27,11 14 17 22 26 | 1
152828,2026-01-27,1 10 15 20 31 | 1
152829,2026-01-27,2 8 21 23 24 | 4
152830,2026-01-27,3 10 11 22 34 | 2
152831,2026-01-27,1 4 9 10 17 | 3
152832,2026-01-27,4 14 17 23 29 | 4
152833,2026-01-27,1 4 8 21 22 | 4
152834,2026-01-27,9 11 12 19 24 | 1
152835,2026-01-27,3 14 17 18 34 | 4
152836,2026-01-27,1 10 22 28 35 | 3
152837,2026-01-27,7 12 19 23 32 | 1
152838,2026-01-27,2 8 10 12 25 | 3
152839,2026-01-28,3 15 32 33 35 | 4
152840,2026-01-28,7 13 15 19 24 | 3
152841,2026-01-28,11 13 15 18 31 | 2
152842,2026-01-28,22 24 29 32 34 | 1
152843,2026-01-28,3 8 27 34 36 | 3
152844,2026-01-28,2 5 7 14 17 | 3
152845,2026-01-28,3 10 16 26 29 | 1
152846,2026-01-28,1 17 21 23 29 | 2
152847,2026-01-28,1 13 17 19 31 | 1
152848,2026-01-28,5 19 20 22 34 | 2
152849,2026-01-28,2 10 18 26 36 | 2
152850,2026-01-28,5 7 18 21 33 | 1
152851,2026-01-28,1 14 18 23 25 | 2
152852,2026-01-28,10 21 22 34 35 | 2
152853,2026-01-28,9 14 19 21 25 | 4
152854,2026-01-28,2 8 19 26 31 | 3
152855,2026-01-28,1 17 22 23 29 | 1
152856,2026-01-28,7 16 22 31 33 | 3
152857,2026-01-28,1 9 11 30 31 | 1
152858,2026-01-28,2 11 17 19 29 | 3
152859,2026-01-28,1 17 18 20 25 | 1
152860,2026-01-28,8 12 15 34 36 | 2
152861,2026-01-28,5 7 21 33 36 | 4
152862,2026-01-28,2 3 14 22 35 | 1
152863,2026-01-28,7 20 22 24 33 | 2
152864,2026-01-28,12 15 19 23 36 | 3
152865,2026-01-28,2 7 9 28 34 | 2
152866,2026-01-28,1 14 20 29 36 | 4
152867,2026-01-28,2 4 11 26 34 | 3
152868,2026-01-28,5 15 24 25 33 | 1
152869,2026-01-28,2 4 7 9 29 | 3
152870,2026-01-28,6 10 12 17 25 | 2
152871,2026-01-28,3 4 16 18 19 | 4
152872,2026-01-28,2 11 14 19 25 | 1
152873,2026-01-28,1 3 5 6 35 | 3
152874,2026-01-28,6 16 18 26 28 | 3
152875,2026-01-28,6 18 20 24 32 | 1
152876,2026-01-28,4 8 21 22 25 | 1
152877,2026-01-28,1 9 20 25 33 | 2
152878,2026-01-28,8 13 22 29 32 | 2
152879,2026-01-28,6 13 19 30 36 | 3
152880,2026-01-28,9 10 11 14 23 | 4
152881,2026-01-28,3 9 20 22 33 | 1
152882,2026-01-28,2 7 22 27 30 | 3
152883,2026-01-28,6 12 23 25 28 | 4
152884,2026-01-28,9 18 26 31 35 | 4
152885,2026-01-28,3 5 21 30 36 | 2
152886,2026-01-28,7 8 9 13 35 | 1
152887,2026-01-28,1 18 20 31 34 | 2
152888,2026-01-28,11 27 33 34 36 | 1
152889,2026-01-28,4 13 19 27 30 | 3
152890,2026-01-28,2 5 12 18 32 | 1
152891,2026-01-28,1 3 10 27 35 | 2
152892,2026-01-28,3 12 25 32 35 | 1
152893,2026-01-28,5 10 16 22 23 | 2
152894,2026-01-28,1 4 17 18 23 | 1
152895,2026-01-28,4 6 10 11 20 | 1
152896,2026-01-28,5 7 14 26 36 | 1
152897,2026-01-28,14 23 25 30 32 | 4
152898,2026-01-28,4 22 24 31 32 | 1
152899,2026-01-29,5 6 18 29 36 | 3
152900,2026-01-29,3 12 15 23 35 | 4
152901,2026-01-29,4 13 19 20 35 | 1
152902,2026-01-29,5 15 17 25 32 | 2
152903,2026-01-29,14 15 31 33 35 | 4
152904,2026-01-29,7 13 18 22 31 | 2
152905,2026-01-29,9 16 17 18 33 | 4
152906,2026-01-29,2 12 18 23 24 | 3
152907,2026-01-29,5 6 11 23 35 | 1
152908,2026-01-29,2 13 14 29 33 | 2
152909,2026-01-29,16 18 21 22 32 | 1
152910,2026-01-29,3 17 22 23 29 | 4
152911,2026-01-29,8 20 22 23 27 | 2
152912,2026-01-29,6 12 21 23 35 | 1
152913,2026-01-29,8 10 14 33 35 | 1
152914,2026-01-29,3 23 31 34 35 | 3
152915,2026-01-29,1 8 21 30 35 | 3
152916,2026-01-29,4 12 21 23 25 | 2
152917,2026-01-29,14 17 21 22 29 | 1
152918,2026-01-29,8 22 23 32 33 | 3
152919,2026-01-29,2 6 12 17 27 | 1
152920,2026-01-29,8 19 29 30 32 | 4
152921,2026-01-29,9 10 15 25 32 | 1
152922,2026-01-29,4 5 6 11 24 | 1
152923,2026-01-29,3 9 13 22 26 | 2
152924,2026-01-29,7 9 14 16 28 | 4
152925,2026-01-29,1 12 14 21 29 | 2
152926,2026-01-29,4 11 17 22 32 | 1
152927,2026-01-29,5 11 12 17 24 | 3
152928,2026-01-29,9 14 15 18 19 | 2
152929,2026-01-29,14 26 28 31 35 | 4
152930,2026-01-29,2 8 10 15 27 | 3
152931,2026-01-29,4 10 11 12 16 | 4
152932,2026-01-29,18 22 26 27 30 | 4
152933,2026-01-29,2 16 23 29 30 | 2
152934,2026-01-29,10 11 13 16 17 | 3
152935,2026-01-29,1 23 32 34 35 | 4
152936,2026-01-29,1 17 21 22 36 | 4
152937,2026-01-29,3 10 11 12 27 | 1
152938,2026-01-29,6 7 8 12 13 | 2
152939,2026-01-29,8 15 16 28 34 | 4
152940,2026-01-29,4 13 21 29 36 | 2
152941,2026-01-29,4 7 16 22 25 | 1
152942,2026-01-29,20 26 28 30 34 | 3
152943,2026-01-29,2 6 16 24 35 | 3
152944,2026-01-29,6 16 23 24 31 | 2
152945,2026-01-29,12 26 31 34 35 | 1
152946,2026-01-29,3 7 23 30 31 | 4
152947,2026-01-29,5 13 14 18 33 | 2
152948,2026-01-29,15 24 27 33 36 | 3
152949,2026-01-29,1 10 27 35 36 | 4
152950,2026-01-29,4 11 13 32 34 | 1
152951,2026-01-29,2 11 21 24 31 | 2
152952,2026-01-29,10 13 27 34 36 | 3
152953,2026-01-29,11 15 16 25 27 | 1
152954,2026-01-29,8 20 21 30 36 | 1
152955,2026-01-29,4 27 31 33 36 | 2
152956,2026-01-29,6 15 25 34 35 | 4
152957,2026-01-29,3 9 14 26 32 | 1
152958,2026-01-29,2 3 13 14 30 | 3
152959,2026-01-30,7 19 24 28 30 | 4
152960,2026-01-30,2 7 25 29 34 | 2
152961,2026-01-30,1 10 12 15 23 | 2
152962,2026-01-30,15 17 19 24 26 | 3
152963,2026-01-30,21 24 26 27 36 | 3
152964,2026-01-30,10 15 23 28 30 | 4
152965,2026-01-30,9 18 23 29 32 | 2
152966,2026-01-30,16 17 20 26 30 | 2
152967,2026-01-30,7 17 18 21 35 | 2
152968,2026-01-30,1 13 20 21 29 | 3
152969,2026-01-30,8 10 23 27 36 | 2
152970,2026-01-30,2 5 26 28 35 | 4
152971,2026-01-30,1 2 16 34 35 | 4
152972,2026-01-30,4 6 16 20 25 | 4
152973,2026-01-30,13 19 31 34 36 | 1
152974,2026-01-30,5 16 20 33 35 | 4
152975,2026-01-30,6 8 14 26 36 | 2
152976,2026-01-30,5 8 26 32 34 | 4
152977,2026-01-30,5 9 16 21 26 | 2
152978,2026-01-30,1 2 8 15 16 | 1
152979,2026-01-30,5 12 13 34 35 | 3
152980,2026-01-30,8 12 17 21 27 | 2
152981,2026-01-30,2 7 13 14 17 | 2
152982,2026-01-30,5 11 13 16 26 | 2
152983,2026-01-30,7 11 21 31 35 | 4
152984,2026-01-30,3 9 20 21 28 | 1
152985,2026-01-30,8 12 16 19 22 | 1
152986,2026-01-30,6 13 27 29 33 | 4
152987,2026-01-30,4 22 23 28 29 | 1
152988,2026-01-30,5 12 18 22 36 | 3
152989,2026-01-30,6 16 18 27 33 | 1
152990,2026-01-30,3 13 24 26 34 | 1
152991,2026-01-30,4 8 10 13 28 | 3
152992,2026-01-30,16 19 20 24 29 | 1
152993,2026-01-30,10 16 19 30 35 | 1
152994,2026-01-30,3 9 15 19 25 | 2
152995,2026-01-30,5 6 12 19 25 | 4
152996,2026-01-30,5 13 17 18 31 | 3
152997,2026-01-30,12 20 22 24 29 | 1
152998,2026-01-30,7 19 24 26 29 | 4
152999,2026-01-30,2 4 28 31 35 | 3
153000,2026-01-30,5 13 16 22 36 | 4
153001,2026-01-30,4 20 28 31 36 | 3
153002,2026-01-30,15 17 23 27 28 | 1
153003,2026-01-30,5 9 25 31 36 | 3
153004,2026-01-30,2 9 17 22 25 | 4
153005,2026-01-30,17 19 26 27 36 | 3
153006,2026-01-30,7 14 15 20 26 | 3
153007,2026-01-30,9 21 27 28 33 | 1
153008,2026-01-30,2 3 19 24 29 | 1
153009,2026-01-30,3 7 8 18 22 | 2
153010,2026-01-30,2 4 12 19 36 | 1
153011,2026-01-30,12 13 14 15 31 | 4
153012,2026-01-30,2 8 9 18 33 | 1
153013,2026-01-30,5 18 20 25 28 | 4
153014,2026-01-30,11 12 14 26 29 | 3
153015,2026-01-30,5 10 13 22 36 | 1
153016,2026-01-30,5 8 18 22 26 | 4
153017,2026-01-30,10 16 25 30 35 | 3
153018,2026-01-30,4 9 21 24 29 | 1
153019,2026-01-31,3 4 19 25 32 | 4
153020,2026-01-31,7 9 13 29 30 | 2
153021,2026-01-31,4 9 25 26 35 | 4
153022,2026-01-31,15 22 24 25 36 | 4
153023,2026-01-31,5 6 25 30 32 | 4
153024,2026-01-31,2 3 18 23 29 | 3
153025,2026-01-31,2 7 17 35 36 | 1
153026,2026-01-31,1 4 13 17 20 | 1
153027,2026-01-31,2 10 11 33 35 | 3
153028,2026-01-31,12 22 27 30 35 | 3
153029,2026-01-31,4 20 29 31 35 | 2
153030,2026-01-31,3 26 29 31 36 | 2
153031,2026-01-31,9 10 11 12 35 | 3
153032,2026-01-31,8 13 14 18 21 | 2
153033,2026-01-31,10 11 14 20 34 | 1
153034,2026-01-31,9 21 24 28 31 | 3
153035,2026-01-31,6 13 26 28 29 | 2
153036,2026-01-31,30 31 32 35 36 | 2
153037,2026-01-31,1 22 28 30 34 | 4
153038,2026-01-31,7 14 15 29 35 | 2
153039,2026-01-31,15 19 24 28 36 | 2
153040,2026-01-31,1 2 3 9 22 | 2
153041,2026-01-31,4 8 23 28 32 | 2
153042,2026-01-31,4 14 27 31 33 | 3
153043,2026-01-31,6 10 14 19 23 | 4
153044,2026-01-31,3 20 28 31 33 | 4
153045,2026-01-31,4 10 11 14 27 | 4
153046,2026-01-31,5 14 23 27 36 | 4
153047,2026-01-31,1 7 15 24 32 | 3
153048,2026-01-31,3 6 7 26 35 | 2
153049,2026-01-31,13 19 24 26 28 | 2
153050,2026-01-31,3 6 12 19 23 | 4
153051,2026-01-31,3 11 22 25 27 | 2
153052,2026-01-31,12 22 28 31 33 | 3
153053,2026-01-31,22 23 26 29 36 | 3
153054,2026-01-31,1 2 27 30 36 | 1
153055,2026-01-31,7 9 14 17 24 | 4
153056,2026-01-31,8 14 22 33 36 | 4
153057,2026-01-31,5 10 17 31 33 | 4
153058,2026-01-31,10 16 25 35 36 | 1
153059,2026-01-31,5 10 14 21 35 | 3
153060,2026-01-31,16 24 30 33 34 | 1
153061,2026-01-31,2 12 14 18 23 | 3
153062,2026-01-31,3 7 11 18 31 | 2
153063,2026-01-31,5 12 24 26 29 | 4
153064,2026-01-31,9 15 23 30 34 | 2
153065,2026-01-31,1 9 11 19 27 | 1
153066,2026-01-31,2 11 25 27 31 | 2
153067,2026-01-31,7 17 19 27 28 | 1
153068,2026-01-31,4 13 16 19 28 | 2
153069,2026-01-31,4 11 15 24 25 | 2
153070,2026-01-31,2 4 8 18 35 | 4
153071,2026-01-31,4 5 8 21 36 | 2
153072,2026-01-31,7 9 21 27 31 | 1
153073,2026-01-31,1 2 21 28 32 | 1
153074,2026-01-31,8 16 23 32 35 | 3
153075,2026-01-31,4 17 18 26 35 | 3
153076,2026-01-31,2 10 20 21 30 | 3
153077,2026-01-31,3 13 14 22 24 | 2
153078,2026-01-31,19 22 23 29 33 | 4
153079,2026-02-01,1 7 9 12 30 | 2
153080,2026-02-01,5 6 23 30 33 | 3
153081,2026-02-01,12 15 19 29 30 | 3
153082,2026-02-01,3 14 24 26 36 | 4
153083,2026-02-01,10 12 22 26 33 | 4
153084,2026-02-01,1 8 18 27 36 | 4
153085,2026-02-01,5 6 10 14 17 | 4
153086,2026-02-01,1 17 19 24 30 | 2
153087,2026-02-01,11 16 23 27 32 | 4
153088,2026-02-01,9 19 23 32 34 | 4
153089,2026-02-01,6 23 30 35 36 | 1
153090,2026-02-01,7 22 28 32 35 | 3
153091,2026-02-01,2 3 6 9 26 | 3
153092,2026-02-01,11 13 18 28 36 | 1
153093,2026-02-01,1 22 29 33 34 | 1
153094,2026-02-01,5 11 31 32 36 | 4
153095,2026-02-01,3 11 14 30 36 | 4
153096,2026-02-01,1 9 19 20 21 | 4
153097,2026-02-01,5 8 24 31 33 | 4
153098,2026-02-01,9 16 20 22 28 | 2
153099,2026-02-01,16 21 23 32 36 | 1
153100,2026-02-01,9 12 16 21 34 | 3
153101,2026-02-01,7 10 12 22 23 | 4
153102,2026-02-01,5 22 24 29 36 | 1
153103,2026-02-01,10 22 24 31 36 | 4
153104,2026-02-01,5 21 23 31 35 | 1
153105,2026-02-01,23 24 30 31 32 | 1
153106,2026-02-01,13 20 24 28 29 | 3
153107,2026-02-01,1 2 23 26 31 | 2
153108,2026-02-01,3 4 16 17 33 | 1
153109,2026-02-01,5 6 23 24 26 | 2
153110,2026-02-01,6 15 16 23 28 | 4
153111,2026-02-01,4 5 17 25 36 | 3
153112,2026-02-01,5 18 22 27 36 | 3
153113,2026-02-01,21 24 25 27 31 | 3
153114,2026-02-01,2 4 11 32 36 | 3
153115,2026-02-01,6 10 23 30 32 | 2
153116,2026-02-01,2 18 25 34 35 | 4
153117,2026-02-01,6 12 15 23 34 | 2
153118,2026-02-01,4 6 19 23 26 | 1
153119,2026-02-01,5 8 9 21 29 | 1
153120,2026-02-01,3 4 5 17 21 | 3
153121,2026-02-01,9 16 21 23 35 | 4
153122,2026-02-01,4 9 12 14 22 | 4
153123,2026-02-01,6 12 25 26 31 | 2
153124,2026-02-01,15 17 18 27 36 | 1
153125,2026-02-01,9 10 15 16 19 | 4
153126,2026-02-01,6 25 28 33 36 | 3
153127,2026-02-01,19 20 23 28 31 | 2
153128,2026-02-01,11 19 24 25 33 | 4
153129,2026-02-01,11 12 25 28 32 | 2
153130,2026-02-01,10 14 17 27 32 | 2
153131,2026-02-01,11 19 20 22 31 | 4
153132,2026-02-01,15 18 26 33 34 | 3
153133,2026-02-01,4 8 14 22 29 | 1
153134,2026-02-01,1 5 13 18 36 | 2
153135,2026-02-01,14 15 21 31 36 | 4
153136,2026-02-01,16 25 28 30 32 | 1
153137,2026-02-01,14 15 18 21 35 | 1
153138,2026-02-01,2 7 13 16 20 | 2
153139,2026-02-02,6 7 23 24 34 | 3
153140,2026-02-02,6 9 12 17 21 | 2
153141,2026-02-02,12 21 25 34 35 | 2
153142,2026-02-02,9 10 13 15 26 | 4
153143,2026-02-02,13 16 29 32 34 | 2
153144,2026-02-02,8 15 21 22 34 | 4
153145,2026-02-02,8 12 15 25 33 | 4
153146,2026-02-02,1 5 10 24 36 | 4
153147,2026-02-02,1 14 27 29 33 | 3
153148,2026-02-02,2 5 18 21 29 | 1
153149,2026-02-02,7 15 22 25 26 | 4
153150,2026-02-02,4 15 23 27 29 | 1
153151,2026-02-02,1 6 13 24 25 | 2
153152,2026-02-02,10 23 25 27 28 | 4
153153,2026-02-02,9 21 23 24 33 | 2
153154,2026-02-02,2 16 19 20 27 | 1
153155,2026-02-02,7 10 17 22 29 | 4
153156,2026-02-02,3 10 12 13 24 | 4
153157,2026-02-02,20 23 25 26 27 | 3
153158,2026-02-02,7 8 13 18 27 | 1
153159,2026-02-02,16 29 30 32 34 | 2
153160,2026-02-02,2 3 18 23 29 | 3
153161,2026-02-02,8 11 23 26 30 | 1
153162,2026-02-02,2 11 24 29 35 | 1
153163,2026-02-02,9 18 23 24 31 | 3
153164,2026-02-02,15 20 23 24 34 | 4
153165,2026-02-02,3 14 18 21 31 | 2
153166,2026-02-02,2 5 7 14 30 | 4
153167,2026-02-02,13 17 22 23 25 | 3
153168,2026-02-02,2 13 30 34 35 | 4
153169,2026-02-02,2 19 22 23 25 | 4
153170,2026-02-02,12 17 18 21 28 | 3
153171,2026-02-02,3 7 14 22 23 | 2
153172,2026-02-02,8 9 12 18 35 | 2
153173,2026-02-02,2 8 17 27 30 | 2
153174,2026-02-02,12 13 17 26 32 | 4
153175,2026-02-02,3 5 14 16 18 | 2
153176,2026-02-02,1 21 25 26 27 | 3
153177,2026-02-02,20 22 25 27 36 | 4
153178,2026-02-02,3 4 8 15 22 | 4
153179,2026-02-02,9 14 16 25 32 | 1
153180,2026-02-02,1 5 14 26 33 | 3
153181,2026-02-02,1 10 20 27 31 | 2
153182,2026-02-02,7 9 19 27 34 | 1
153183,2026-02-02,4 7 23 26 36 | 1
153184,2026-02-02,5 9 10 19 27 | 4
153185,2026-02-02,1 6 10 28 30 | 3
153186,2026-02-02,13 16 19 25 31 | 3
153187,2026-02-02,17 21 25 32 35 | 4
153188,2026-02-02,7 8 11 25 32 | 1
153189,2026-02-02,7 15 18 21 35 | 2
153190,2026-02-02,9 18 19 27 34 | 4
153191,2026-02-02,2 6 10 16 31 | 1
153192,2026-02-02,1 4 7 22 28 | 3
153193,2026-02-02,2 16 19 30 32 | 3
153194,2026-02-02,10 12 13 19 32 | 1
153195,2026-02-02,2 3 17 20 22 | 2
153196,2026-02-02,6 8 9 12 33 | 3
153197,2026-02-02,3 20 21 22 27 | 1
153198,2026-02-02,3 7 20 27 35 | 1
153199,2026-02-03,6 13 17 30 36 | 2
153200,2026-02-03,18 19 25 30 32 | 4
153201,2026-02-03,7 8 9 10 32 | 2
153202,2026-02-03,9 14 17 21 24 | 4
153203,2026-02-03,14 21 23 27 36 | 1
153204,2026-02-03,3 25 26 35 36 | 1
153205,2026-02-03,5 11 23 28 34 | 4
153206,2026-02-03,6 9 14 20 29 | 3
153207,2026-02-03,5 8 21 29 32 | 3
153208,2026-02-03,6 14 21 23 26 | 2
153209,2026-02-03,13 20 24 33 34 | 4
153210,2026-02-03,13 18 19 32 35 | 2
153211,2026-02-03,2 22 26 28 32 | 4
153212,2026-02-03,9 11 29 31 35 | 4
153213,2026-02-03,21 22 25 32 33 | 4
153214,2026-02-03,6 16 20 31 33 | 4
153215,2026-02-03,3 19 22 26 33 | 2
153216,2026-02-03,23 24 29 30 36 | 4
153217,2026-02-03,5 6 10 15 33 | 3
153218,2026-02-03,5 7 10 27 32 | 2
153219,2026-02-03,8 15 23 31 33 | 4
153220,2026-02-03,13 20 22 30 36 | 2
153221,2026-02-03,6 16 23 29 34 | 3
153222,2026-02-03,4 7 19 22 34 | 1
153223,2026-02-03,13 14 16 20 36 | 1
153224,2026-02-03,4 5 9 10 34 | 1
153225,2026-02-03,4 7 23 29 35 | 2
153226,2026-02-03,11 19 20 26 33 | 3
153227,2026-02-03,2 5 11 22 34 | 2
153228,2026-02-03,16 24 26 29 36 | 3
153229,2026-02-03,1 5 8 26 30 | 3
153230,2026-02-03,13 14 18 20 21 | 1
153231,2026-02-03,2 17 19 27 31 | 3
153232,2026-02-03,1 14 15 25 36 | 3
153233,2026-02-03,11 13 21 22 30 | 4
153234,2026-02-03,1 9 21 26 28 | 3
153235,2026-02-03,4 7 10 19 26 | 4
153236,2026-02-03,3 7 8 17 31 | 3
153237,2026-02-03,1 12 24 27 35 | 4
153238,2026-02-03,5 9 14 26 34 | 4
153239,2026-02-03,28 29 32 35 36 | 2
153240,2026-02-03,10 16 29 31 33 | 2
153241,2026-02-03,2 6 11 16 21 | 2
153242,2026-02-03,8 9 11 20 29 | 1
153243,2026-02-03,2 13 27 31 34 | 4
153244,2026-02-03,4 8 9 15 29 | 4
153245,2026-02-03,9 18 27 33 36 | 3
153246,2026-02-03,1 2 13 21 31 | 1
153247,2026-02-03,11 13 17 30 35 | 3
153248,2026-02-03,7 15 21 28 31 | 4
153249,2026-02-03,5 8 10 17 18 | 4
153250,2026-02-03,12 13 22 29 34 | 1
153251,2026-02-03,4 5 8 15 26 | 3
153252,2026-02-03,1 3 9 31 34 | 4
153253,2026-02-03,9 13 18 21 23 | 1
153254,2026-02-03,2 28 29 30 32 | 2
153255,2026-02-03,19 21 29 32 34 | 1
153256,2026-02-03,2 4 10 21 35 | 1
153257,2026-02-03,2 9 19 20 35 | 4
153258,2026-02-03,3 13 14 17 34 | 4
153259,2026-02-04,10 22 27 29 32 | 2
153260,2026-02-04,21 22 23 29 30 | 3
153261,2026-02-04,1 2 19 26 36 | 3
153262,2026-02-04,19 24 25 30 33 | 4
153263,2026-02-04,3 6 10 27 30 | 2
153264,2026-02-04,9 13 18 21 34 | 1
153265,2026-02-04,17 19 24 30 35 | 4
153266,2026-02-04,5 16 19 24 34 | 2
153267,2026-02-04,7 17 24 27 36 | 4
153268,2026-02-04,1 11 15 20 35 | 1
153269,2026-02-04,16 19 23 25 36 | 1
153270,2026-02-04,10 12 16 19 35 | 2
153271,2026-02-04,2 12 16 18 23 | 1
153272,2026-02-04,6 25 26 29 34 | 2
153273,2026-02-04,5 8 14 23 30 | 4
153274,2026-02-04,9 12 22 29 34 | 1
153275,2026-02-04,4 10 16 24 34 | 4
153276,2026-02-04,10 12 13 15 23 | 3
153277,2026-02-04,9 10 13 17 21 | 3
153278,2026-02-04,7 21 22 28 31 | 4
153279,2026-02-04,12 18 31 35 36 | 3
153280,2026-02-04,4 7 13 31 32 | 1
153281,2026-02-04,2 12 13 14 19 | 2
153282,2026-02-04,11 13 18 23 33 | 4
153283,2026-02-04,2 7 21 22 36 | 3
153284,2026-02-04,12 17 19 34 36 | 2
153285,2026-02-04,12 17 19 22 33 | 3
153286,2026-02-04,10 11 15 17 26 | 1
153287,2026-02-04,9 25 27 33 36 | 3
153288,2026-02-04,3 6 7 11 23 | 4
153289,2026-02-04,7 14 20 23 28 | 2
153290,2026-02-04,11 17 18 23 34 | 3
153291,2026-02-04,7 17 24 25 35 | 4
153292,2026-02-04,11 12 25 26 29 | 3
153293,2026-02-04,6 12 19 22 36 | 1
153294,2026-02-04,5 9 14 22 28 | 2
153295,2026-02-04,2 9 15 16 28 | 2
153296,2026-02-04,7 8 23 24 25 | 1
153297,2026-02-04,13 15 25 28 30 | 3
153298,2026-02-04,1 21 23 26 36 | 3
153299,2026-02-04,7 18 23 24 25 | 1
153300,2026-02-04,8 13 19 29 34 | 2
153301,2026-02-04,16 22 28 34 35 | 2
153302,2026-02-04,8 15 16 29 36 | 1
153303,2026-02-04,5 8 10 13 27 | 2
153304,2026-02-04,8 13 27 31 36 | 2
153305,2026-02-04,6 10 29 34 35 | 3
153306,2026-02-04,7 10 16 29 30 | 2
153307,2026-02-04,7 13 14 17 21 | 1
153308,2026-02-04,4 12 18 24 30 | 1
153309,2026-02-04,5 8 24 28 32 | 2
153310,2026-02-04,9 24 32 35 36 | 4
153311,2026-02-04,3 6 16 28 30 | 4
153312,2026-02-04,1 2 21 25 29 | 3
153313,2026-02-04,1 2 15 17 31 | 4
153314,2026-02-04,5 9 10 21 25 | 4
153315,2026-02-04,11 16 18 29 36 | 3
153316,2026-02-04,7 21 24 33 34 | 1
153317,2026-02-04,3 18 22 30 35 | 2
153318,2026-02-04,3 8 12 24 27 | 2
153319,2026-02-05,10 14 19 30 32 | 4
153320,2026-02-05,1 2 10 15 22 | 3
153321,2026-02-05,2 5 10 30 31 | 1
153322,2026-02-05,15 23 24 25 32 | 4
153323,2026-02-05,10 11 16 26 33 | 2
153324,2026-02-05,8 9 15 23 24 | 4
153325,2026-02-05,10 15 16 24 35 | 2
153326,2026-02-05,10 12 15 18 30 | 4
153327,2026-02-05,15 17 21 22 30 | 3
153328,2026-02-05,2 3 13 19 26 | 1
153329,2026-02-05,11 12 25 29 32 | 4
153330,2026-02-05,2 4 12 18 36 | 3
153331,2026-02-05,11 12 27 30 31 | 1
153332,2026-02-05,1 22 23 25 36 | 2
153333,2026-02-05,4 9 10 21 24 | 2
153334,2026-02-05,3 5 12 18 21 | 4
153335,2026-02-05,4 9 12 29 32 | 1
153336,2026-02-05,10 15 19 29 30 | 4
153337,2026-02-05,10 14 16 20 24 | 1
153338,2026-02-05,6 16 19 24 30 | 1
153339,2026-02-05,10 13 16 34 36 | 4
153340,2026-02-05,4 18 24 25 31 | 4
153341,2026-02-05,19 24 26 34 35 | 2
153342,2026-02-05,3 7 10 17 33 | 2
153343,2026-02-05,5 7 28 35 36 | 2
153344,2026-02-05,4 10 11 14 25 | 2
153345,2026-02-05,2 3 10 14 30 | 1
153346,2026-02-05,17 22 23 33 36 | 4
153347,2026-02-05,7 15 17 21 23 | 2
153348,2026-02-05,12 16 22 28 35 | 2
153349,2026-02-05,3 12 15 18 25 | 4
153350,2026-02-05,1 2 8 10 35 | 3
153351,2026-02-05,5 7 25 27 31 | 2
153352,2026-02-05,2 11 12 27 35 | 4
153353,2026-02-05,2 4 6 19 25 | 1
153354,2026-02-05,2 12 17 24 25 | 3
153355,2026-02-05,1 7 15 17 33 | 4
153356,2026-02-05,1 12 13 27 36 | 2
153357,2026-02-05,2 23 29 31 36 | 4
153358,2026-02-05,2 8 20 21 26 | 4
153359,2026-02-05,4 10 15 27 36 | 1
153360,2026-02-05,1 7 16 19 26 | 4
153361,2026-02-05,6 10 12 17 29 | 4
153362,2026-02-05,6 11 17 28 31 | 1
153363,2026-02-05,8 9 16 19 34 | 1
153364,2026-02-05,4 7 11 13 33 | 3
153365,2026-02-05,3 9 11 28 34 | 2
153366,2026-02-05,5 13 14 21 34 | 1
153367,2026-02-05,29 30 32 34 35 | 1
153368,2026-02-05,1 9 15 28 34 | 1
153369,2026-02-05,18 20 21 24 27 | 2
153370,2026-02-05,7 12 20 22 26 | 4
153371,2026-02-05,2 3 5 7 28 | 3
153372,2026-02-05,7 17 18 20 30 | 2
153373,2026-02-05,9 14 15 29 31 | 4
153374,2026-02-05,4 7 17 22 25 | 3
153375,2026-02-06,1 15 21 30 36 | 3
153376,2026-02-06,11 15 18 25 32 | 4
153377,2026-02-06,4 14 17 33 36 | 1
153378,2026-02-06,7 9 14 21 22 | 3
153379,2026-02-06,26 28 29 31 33 | 1
153380,2026-02-06,7 19 25 26 35 | 3
153381,2026-02-06,5 8 14 16 31 | 2
153382,2026-02-06,2 9 10 18 30 | 4
153383,2026-02-06,2 16 19 22 33 | 2
153384,2026-02-06,4 27 29 35 36 | 2
153385,2026-02-06,1 9 14 18 33 | 4
153386,2026-02-06,10 14 21 29 34 | 4
153387,2026-02-06,2 4 7 22 23 | 1
153388,2026-02-06,1 8 21 27 36 | 3
153389,2026-02-06,1 10 12 21 23 | 1
153390,2026-02-06,7 8 13 33 35 | 4
153391,2026-02-06,1 13 17 21 28 | 1
153392,2026-02-06,3 10 13 15 24 | 1
153393,2026-02-06,1 5 17 22 29 | 4
153394,2026-02-06,6 7 29 31 33 | 2
153395,2026-02-06,1 6 7 9 10 | 1
153396,2026-02-06,4 10 14 25 31 | 2
153397,2026-02-06,6 7 20 32 34 | 2
153398,2026-02-06,4 8 16 17 24 | 3
153399,2026-02-06,17 22 23 24 27 | 2
153400,2026-02-06,17 25 26 28 33 | 1
153401,2026-02-06,11 23 24 25 36 | 3
153402,2026-02-06,3 12 18 20 30 | 2
153403,2026-02-06,7 12 16 17 22 | 3
153404,2026-02-06,9 13 26 29 35 | 4
153405,2026-02-06,2 12 17 19 27 | 4
153406,2026-02-06,15 17 19 21 23 | 2
153407,2026-02-06,3 6 19 25 33 | 4
153408,2026-02-06,4 8 12 22 34 | 4
153409,2026-02-06,4 19 21 29 35 | 2
153410,2026-02-06,11 13 18 23 34 | 4
153411,2026-02-06,2 3 16 23 33 | 2
153412,2026-02-06,11 12 18 19 31 | 2
153413,2026-02-06,8 10 22 34 36 | 4
153414,2026-02-06,2 13 29 34 36 | 4
153415,2026-02-06,1 7 14 24 35 | 3
153416,2026-02-06,6 9 15 16 29 | 1
153417,2026-02-06,2 6 7 16 32 | 2
153418,2026-02-06,18 25 26 30 31 | 4
153419,2026-02-06,5 6 15 31 33 | 2
153420,2026-02-06,2 15 19 25 27 | 1
153421,2026-02-06,5 12 18 23 30 | 3
153422,2026-02-06,4 5 15 31 33 | 2
153423,2026-02-06,3 14 18 25 29 | 2
153424,2026-02-06,4 9 14 29 34 | 2
153425,2026-02-06,2 20 28 30 31 | 4
153426,2026-02-06,11 13 21 32 34 | 4
153427,2026-02-06,6 17 26 27 31 | 3
153428,2026-02-06,3 5 17 21 29 | 3
153429,2026-02-06,2 3 8 18 31 | 4
153430,2026-02-06,3 11 17 25 28 | 2
153431,2026-02-06,5 8 29 31 35 | 2
153432,2026-02-06,6 7 16 24 28 | 2
153433,2026-02-06,13 17 19 23 30 | 1
153434,2026-02-06,1 8 22 26 32 | 4
153435,2026-02-07,3 4 7 26 35 | 1
153436,2026-02-07,10 16 24 28 31 | 1
153437,2026-02-07,5 15 17 19 21 | 3
153438,2026-02-07,1 4 24 27 31 | 3
153439,2026-02-07,2 8 16 22 28 | 3
153440,2026-02-07,3 5 6 10 19 | 2
153441,2026-02-07,2 9 29 30 36 | 2
153442,2026-02-07,4 29 33 35 36 | 3
153443,2026-02-07,4 6 15 22 32 | 2
153444,2026-02-07,6 9 18 20 23 | 4
153445,2026-02-07,13 18 24 33 35 | 3
153446,2026-02-07,1 21 25 31 33 | 1
153447,2026-02-07,9 15 17 27 31 | 2
153448,2026-02-07,5 7 18 26 32 | 1
153449,2026-02-07,7 10 15 28 33 | 1
153450,2026-02-07,2 5 20 24 26 | 1
153451,2026-02-07,3 9 19 20 29 | 2
153452,2026-02-07,7 11 12 16 31 | 1
153453,2026-02-07,2 9 20 31 34 | 1
153454,2026-02-07,5 15 25 31 34 | 2
153455,2026-02-07,2 6 7 8 20 | 2
153456,2026-02-07,10 16 17 19 21 | 1
153457,2026-02-07,2 4 11 29 30 | 3
153458,2026-02-07,3 7 19 20 26 | 1
153459,2026-02-07,5 7 8 18 34 | 1
153460,2026-02-07,3 9 13 15 18 | 2
153461,2026-02-07,5 7 15 19 31 | 3
153462,2026-02-07,3 7 24 27 33 | 1
153463,2026-02-07,3 4 7 24 35 | 1
153464,2026-02-07,4 10 25 29 33 | 2
153465,2026-02-07,11 12 25 28 35 | 1
153466,2026-02-07,6 22 24 26 33 | 4
153467,2026-02-07,2 6 12 17 27 | 3
153468,2026-02-07,9 15 17 23 25 | 3
153469,2026-02-07,1 2 20 27 35 | 3
153470,2026-02-07,4 12 33 34 35 | 3
153471,2026-02-07,3 5 18 26 31 | 4
153472,2026-02-07,1 4 20 28 32 | 1
153473,2026-02-07,1 11 20 25 34 | 4
153474,2026-02-07,7 25 29 31 33 | 1
153475,2026-02-07,4 9 18 33 36 | 4
153476,2026-02-07,1 4 25 33 35 | 4
153477,2026-02-07,2 11 16 27 36 | 3
153478,2026-02-07,4 5 12 14 35 | 3
153479,2026-02-07,7 17 22 29 33 | 2
153480,2026-02-07,4 9 18 20 24 | 3
153481,2026-02-07,1 8 9 15 22 | 2
153482,2026-02-07,4 7 14 25 31 | 2
153483,2026-02-07,2 3 19 21 24 | 4
153484,2026-02-07,4 7 10 17 29 | 2
153485,2026-02-07,8 20 21 26 34 | 2
153486,2026-02-07,9 25 26 31 33 | 3
153487,2026-02-07,5 6 8 15 32 | 1
153488,2026-02-07,6 8 9 17 24 | 2
153489,2026-02-07,3 4 6 12 16 | 4
153490,2026-02-07,5 8 22 28 33 | 1
153491,2026-02-07,14 17 26 28 36 | 2
153492,2026-02-07,6 16 17 21 30 | 1
153493,2026-02-07,1 6 13 21 25 | 4
153494,2026-02-08,8 17 18 20 24 | 4
153495,2026-02-08,1 4 16 29 35 | 1
153496,2026-02-08,3 9 22 31 32 | 3
153497,2026-02-08,4 5 20 29 33 | 1
153498,2026-02-08,7 8 12 18 36 | 1
153499,2026-02-08,3 8 22 24 32 | 3
153500,2026-02-08,6 10 24 26 28 | 4
153501,2026-02-08,5 26 27 32 35 | 4
153502,2026-02-08,8 9 10 16 30 | 3
153503,2026-02-08,2 14 19 24 26 | 2
153504,2026-02-08,1 3 12 13 14 | 3
153505,2026-02-08,15 16 20 24 28 | 3
153506,2026-02-08,6 10 22 31 33 | 3
153507,2026-02-08,3 19 20 28 32 | 4
153508,2026-02-08,4 6 11 15 31 | 4
153509,2026-02-08,6 7 17 27 34 | 2
153510,2026-02-08,7 10 15 16 20 | 4
153511,2026-02-08,13 17 31 32 35 | 4
153512,2026-02-08,1 14 30 35 36 | 1
153513,2026-02-08,7 15 18 29 34 | 2
153514,2026-02-08,17 19 23 27 28 | 2
153515,2026-02-08,21 30 33 34 35 | 4
153516,2026-02-08,3 7 15 20 31 | 2
153517,2026-02-08,11 12 30 31 34 | 2
153518,2026-02-08,3 11 12 19 33 | 2
153519,2026-02-08,3 13 17 25 29 | 4
153520,2026-02-08,2 8 17 19 21 | 1
153521,2026-02-08,2 13 29 30 34 | 4
153522,2026-02-08,6 18 19 31 34 | 2
153523,2026-02-08,2 9 14 26 28 | 1
153524,2026-02-08,11 16 24 30 34 | 2
153525,2026-02-08,13 15 22 27 35 | 4
153526,2026-02-08,3 12 15 20 23 | 3
153527,2026-02-08,4 7 13 17 24 | 3
153528,2026-02-08,3 7 12 18 28 | 4
153529,2026-02-08,2 24 26 29 34 | 2
153530,2026-02-08,11 14 19 21 24 | 1
153531,2026-02-08,10 12 24 27 28 | 2
153532,2026-02-08,2 4 15 30 32 | 1
153533,2026-02-08,13 14 17 21 26 | 4
153534,2026-02-08,9 13 28 29 36 | 4
153535,2026-02-08,5 7 22 25 26 | 1
153536,2026-02-08,2 6 22 25 32 | 4
153537,2026-02-08,6 15 19 29 31 | 2
153538,2026-02-08,7 15 26 31 36 | 3
153539,2026-02-08,8 22 23 25 35 | 2
153540,2026-02-08,5 15 17 31 32 | 4
153541,2026-02-08,12 18 24 29 31 | 4
153542,2026-02-08,2 4 12 23 29 | 2
153543,2026-02-08,6 17 21 30 35 | 2
153544,2026-02-08,15 18 20 29 30 | 3
153545,2026-02-08,11 17 22 26 29 | 2
153546,2026-02-08,3 18 19 24 34 | 3
153547,2026-02-08,6 11 18 29 31 | 1
153548,2026-02-08,10 12 15 16 30 | 3
153549,2026-02-08,6 15 22 25 33 | 1
153550,2026-02-08,3 11 17 24 28 | 4
153551,2026-02-08,7 18 26 28 33 | 4
153552,2026-02-08,4 9 14 17 24 | 3
153553,2026-02-08,4 16 23 26 33 | 3
153554,2026-02-09,5 10 12 20 29 | 4
153555,2026-02-09,15 18 23 35 36 | 4
153556,2026-02-09,20 25 28 34 35 | 2
153557,2026-02-09,1 6 10 19 25 | 3
153558,2026-02-09,4 8 30 31 34 | 2
153559,2026-02-09,12 18 19 26 28 | 4
153560,2026-02-09,12 14 15 24 29 | 2
153561,2026-02-09,10 11 13 17 30 | 2
153562,2026-02-09,6 7 10 20 30 | 2
153563,2026-02-09,1 14 21 30 35 | 2
153564,2026-02-09,2 8 27 34 35 | 4
153565,2026-02-09,1 17 29 32 36 | 3
153566,2026-02-09,4 20 21 22 29 | 1
153567,2026-02-09,6 9 12 14 35 | 3
153568,2026-02-09,13 23 28 32 33 | 1
153569,2026-02-09,3 9 30 31 33 | 2
153570,2026-02-09,4 19 23 25 34 | 4
153571,2026-02-09,5 23 25 30 34 | 1
153572,2026-02-09,4 10 15 18 32 | 2
153573,2026-02-09,12 14 16 19 26 | 3
153574,2026-02-09,4 11 12 14 23 | 2
153575,2026-02-09,12 18 20 21 31 | 4
153576,2026-02-09,5 15 28 30 34 | 2
153577,2026-02-09,12 18 23 27 32 | 4
153578,2026-02-09,1 3 7 13 15 | 1
153579,2026-02-09,9 12 14 24 35 | 2
153580,2026-02-09,1 3 7 20 35 | 1
153581,2026-02-09,3 4 14 26 29 | 2
153582,2026-02-09,12 15 16 29 34 | 2
153583,2026-02-09,8 16 18 19 22 | 1
153584,2026-02-09,11 19 24 26 36 | 4
153585,2026-02-09,6 18 19 27 29 | 4
153586,2026-02-09,5 7 10 23 30 | 4
153587,2026-02-09,7 10 22 25 32 | 3
153588,2026-02-09,17 25 31 35 36 | 4
153589,2026-02-09,12 16 17 19 24 | 2
153590,2026-02-09,7 17 19 32 36 | 3
153591,2026-02-09,3 7 8 9 22 | 3
153592,2026-02-09,11 14 15 33 36 | 1
153593,2026-02-09,2 12 16 25 35 | 2
153594,2026-02-09,4 15 16 22 26 | 1
153595,2026-02-09,6 7 14 16 24 | 3
153596,2026-02-09,4 10 11 14 17 | 1
153597,2026-02-09,12 18 21 25 30 | 3
153598,2026-02-09,11 12 13 21 36 | 3
153599,2026-02-09,6 7 22 24 33 | 2
153600,2026-02-09,1 6 8 13 29 | 3
153601,2026-02-09,8 11 15 22 24 | 4
153602,2026-02-09,6 12 17 24 32 | 2
153603,2026-02-09,1 4 14 28 35 | 1
153604,2026-02-09,3 16 22 24 28 | 4
153605,2026-02-09,14 16 23 24 25 | 4
153606,2026-02-09,18 20 22 26 32 | 3
153607,2026-02-09,14 17 32 34 36 | 4
153608,2026-02-09,1 3 21 23 30 | 1
153609,2026-02-09,7 10 13 14 28 | 3
153610,2026-02-09,1 4 5 15 26 | 3
153611,2026-02-09,19 21 23 28 34 | 2
153612,2026-02-09,15 24 25 26 35 | 4
153613,2026-02-09,2 6 21 23 26 | 3
153614,2026-02-10,3 6 21 28 34 | 2
153615,2026-02-10,2 5 14 24 31 | 3
153616,2026-02-10,10 20 34 35 36 | 2
153617,2026-02-10,7 14 26 29 35 | 1
153618,2026-02-10,9 11 18 26 29 | 2
153619,2026-02-10,3 10 11 26 36 | 4
153620,2026-02-10,5 17 19 22 29 | 4
153621,2026-02-10,6 10 12 24 25 | 1
153622,2026-02-10,3 5 6 27 28 | 2
153623,2026-02-10,6 15 20 23 33 | 4
153624,2026-02-10,3 5 23 33 34 | 4
153625,2026-02-10,6 9 22 26 31 | 3
153626,2026-02-10,7 14 17 26 36 | 1
153627,2026-02-10,2 4 11 31 33 | 3
153628,2026-02-10,1 10 13 20 29 | 1
153629,2026-02-10,5 6 21 27 31 | 1
153630,2026-02-10,1 2 6 22 36 | 2
153631,2026-02-10,4 24 29 31 36 | 3
153632,2026-02-10,3 4 30 32 33 | 2
153633,2026-02-10,3 13 15 28 34 | 4
153634,2026-02-10,1 3 4 5 20 | 1
153635,2026-02-10,2 3 25 27 29 | 2
153636,2026-02-10,1 8 11 17 29 | 2
153637,2026-02-10,2 3 8 25 29 | 4
153638,2026-02-10,5 7 23 31 36 | 4
153639,2026-02-10,4 11 15 30 31 | 2
153640,2026-02-10,6 8 12 25 35 | 3
153641,2026-02-10,5 6 17 23 26 | 4
153642,2026-02-10,5 12 16 24 25 | 1
153643,2026-02-10,1 18 20 21 33 | 1
153644,2026-02-10,7 30 31 34 35 | 4
153645,2026-02-10,2 4 8 9 15 | 3
153646,2026-02-10,5 13 24 33 36 | 4
153647,2026-02-10,1 11 14 26 28 | 4
153648,2026-02-10,1 4 10 20 34 | 1
153649,2026-02-10,4 7 9 13 22 | 4
153650,2026-02-10,10 20 21 22 23 | 4
153651,2026-02-10,3 19 20 32 34 | 3
153652,2026-02-10,1 8 11 16 29 | 2
153653,2026-02-10,13 20 23 34 36 | 2
153654,2026-02-10,9 10 13 15 25 | 3
153655,2026-02-10,11 15 20 33 34 | 2
153656,2026-02-10,3 6 8 13 14 | 4
153657,2026-02-10,2 3 20 22 26 | 1
153658,2026-02-10,3 6 7 24 30 | 3
153659,2026-02-10,1 11 28 31 32 | 3
153660,2026-02-10,5 10 17 21 22 | 4
153661,2026-02-10,6 13 19 28 33 | 1
153662,2026-02-10,4 8 9 14 22 | 1
153663,2026-02-10,8 28 29 31 32 | 1
153664,2026-02-10,9 16 18 26 35 | 3
153665,2026-02-10,1 8 23 33 34 | 3
153666,2026-02-10,20 28 31 33 36 | 4
153667,2026-02-10,2 15 22 28 31 | 2
153668,2026-02-10,5 9 18 34 35 | 3
153669,2026-02-10,1 9 17 22 23 | 1
153670,2026-02-10,2 6 9 26 31 | 4
153671,2026-02-10,1 6 14 16 19 | 4
153672,2026-02-10,10 16 18 24 33 | 1
153673,2026-02-10,3 19 24 30 32 | 3
153674,2026-02-11,6 13 21 25 27 | 1
153675,2026-02-11,7 12 17 23 27 | 1
153676,2026-02-11,5 8 21 23 26 | 4
153677,2026-02-11,7 10 23 24 36 | 3
153678,2026-02-11,1 4 9 17 26 | 2
153679,2026-02-11,5 17 27 28 33 | 4
153680,2026-02-11,1 12 27 28 35 | 1
153681,2026-02-11,7 9 13 19 32 | 2
153682,2026-02-11,8 10 14 16 17 | 1
153683,2026-02-11,6 19 25 27 33 | 4
153684,2026-02-11,6 13 15 22 32 | 3
153685,2026-02-11,8 15 20 24 25 | 3
153686,2026-02-11,8 13 23 25 36 | 2
153687,2026-02-11,7 8 24 31 36 | 4
153688,2026-02-11,2 3 12 23 31 | 2
153689,2026-02-11,10 12 15 21 26 | 1
153690,2026-02-11,5 16 27 33 34 | 1
153691,2026-02-11,2 5 8 14 29 | 2
153692,2026-02-11,5 9 10 19 24 | 4
153693,2026-02-11,1 16 19 33 34 | 3
153694,2026-02-11,6 10 26 30 36 | 4
153695,2026-02-11,8 9 19 25 30 | 2
153696,2026-02-11,20 22 27 34 35 | 2
153697,2026-02-11,3 21 25 31 32 | 1
153698,2026-02-11,16 19 25 32 33 | 1
153699,2026-02-11,9 12 14 16 18 | 1
153700,2026-02-11,8 11 12 27 29 | 2
153701,2026-02-11,10 13 27 34 36 | 2
153702,2026-02-11,5 10 26 30 33 | 1
153703,2026-02-11,4 10 17 21 34 | 3
153704,2026-02-11,4 6 17 22 25 | 4
153705,2026-02-11,6 9 16 21 22 | 4
153706,2026-02-11,1 20 21 22 36 | 4
153707,2026-02-11,14 21 33 34 35 | 1
153708,2026-02-11,7 14 20 30 31 | 2
153709,2026-02-11,3 5 10 15 32 | 2
153710,2026-02-11,8 12 27 29 35 | 3
153711,2026-02-11,1 16 21 24 35 | 4
153712,2026-02-11,3 26 32 34 35 | 2
153713,2026-02-11,6 11 13 22 25 | 1
153714,2026-02-11,15 19 22 25 35 | 2
153715,2026-02-11,6 9 11 12 31 | 1
153716,2026-02-11,4 12 26 31 36 | 4
153717,2026-02-11,5 12 16 31 35 | 3
153718,2026-02-11,13 26 30 32 33 | 2
153719,2026-02-11,5 12 28 35 36 | 1
153720,2026-02-11,1 6 16 25 30 | 3
153721,2026-02-11,14 20 23 25 29 | 4
153722,2026-02-11,1 15 17 24 34 | 1
153723,2026-02-11,4 18 26 35 36 | 1
153724,2026-02-11,17 25 26 34 35 | 3
153725,2026-02-11,2 3 7 25 29 | 4
153726,2026-02-11,7 10 14 17 19 | 4
153727,2026-02-11,9 13 16 20 36 | 2
153728,2026-02-11,12 19 29 30 33 | 1
153729,2026-02-11,8 9 17 30 35 | 2
153730,2026-02-11,4 8 12 32 36 | 3
153731,2026-02-11,6 10 17 18 33 | 1
153732,2026-02-11,9 14 22 29 33 | 3
153733,2026-02-11,6 7 10 19 36 | 2
153734,2026-02-12,7 9 20 28 30 | 2
153735,2026-02-12,1 18 20 29 31 | 2
153736,2026-02-12,7 10 29 30 36 | 3
153737,2026-02-12,3 12 20 22 26 | 4
153738,2026-02-12,12 15 34 35 36 | 3
153739,2026-02-12,6 8 11 23 26 | 3
153740,2026-02-12,2 3 14 21 29 | 3
153741,2026-02-12,2 10 15 25 33 | 3
153742,2026-02-12,1 7 12 22 24 | 3
153743,2026-02-12,4 6 16 23 27 | 3
153744,2026-02-12,4 14 17 20 33 | 1
153745,2026-02-12,2 15 16 19 33 | 2
153746,2026-02-12,10 13 19 24 30 | 4
153747,2026-02-12,8 17 22 23 34 | 1
153748,2026-02-12,2 11 13 14 32 | 4
153749,2026-02-12,7 17 29 34 36 | 3
153750,2026-02-12,13 28 29 30 33 | 2
153751,2026-02-12,3 5 17 28 33 | 3
153752,2026-02-12,14 18 23 32 36 | 2
153753,2026-02-12,3 12 16 23 28 | 1
153754,2026-02-12,7 12 20 31 32 | 3
153755,2026-02-12,18 25 28 33 36 | 2
153756,2026-02-12,10 20 26 27 28 | 1
153757,2026-02-12,8 12 22 31 35 | 1
153758,2026-02-12,3 6 9 10 17 | 4
153759,2026-02-12,3 6 19 22 32 | 4
153760,2026-02-12,11 23 26 28 32 | 4
153761,2026-02-12,2 5 31 32 36 | 1
153762,2026-02-12,5 9 28 30 34 | 3
153763,2026-02-12,2 10 18 21 27 | 1
153764,2026-02-12,3 7 17 27 36 | 4
153765,2026-02-12,3 4 14 24 28 | 2
153766,2026-02-12,1 10 13 29 34 | 1
153767,2026-02-12,4 16 25 30 32 | 4
153768,2026-02-12,5 10 16 20 29 | 3
153769,2026-02-12,10 11 14 16 27 | 4
153770,2026-02-12,1 11 23 24 25 | 1
153771,2026-02-12,2 13 16 17 22 | 2
153772,2026-02-12,1 7 13 21 32 | 3
153773,2026-02-12,8 10 14 31 34 | 1
153774,2026-02-12,2 4 21 31 36 | 3
153775,2026-02-12,2 10 31 34 36 | 2
153776,2026-02-12,2 5 15 21 27 | 2
153777,2026-02-12,3 16 18 25 33 | 3
153778,2026-02-12,2 7 16 22 24 | 3
153779,2026-02-12,5 12 18 25 26 | 1
153780,2026-02-12,6 10 22 26 31 | 1
153781,2026-02-12,8 10 14 26 32 | 3
153782,2026-02-12,4 8 13 27 34 | 3
153783,2026-02-12,4 15 17 21 31 | 2
153784,2026-02-12,5 12 16 33 36 | 2
153785,2026-02-12,4 6 14 19 27 | 4
153786,2026-02-12,2 13 26 29 32 | 1
153787,2026-02-12,18 20 23 24 31 | 1
153788,2026-02-12,18 27 30 35 36 | 3
153789,2026-02-12,11 17 23 24 28 | 2
153790,2026-02-12,1 19 23 26 35 | 2
153791,2026-02-12,8 9 14 27 29 | 4
153792,2026-02-12,10 19 24 30 31 | 4
153793,2026-02-12,11 13 18 25 31 | 3
153794,2026-02-13,11 16 24 27 32 | 1
153795,2026-02-13,1 3 10 20 21 | 2
153796,2026-02-13,16 26 31 34 35 | 4
153797,2026-02-13,1 9 17 19 25 | 3
153798,2026-02-13,17 21 23 34 35 | 2
153799,2026-02-13,2 10 11 15 22 | 1
153800,2026-02-13,10 16 18 26 36 | 4
153801,2026-02-13,3 9 12 34 36 | 2
153802,2026-02-13,14 19 23 24 33 | 3
153803,2026-02-13,13 14 22 25 29 | 3
153804,2026-02-13,5 9 13 29 34 | 2
153805,2026-02-13,5 18 23 27 31 | 3
153806,2026-02-13,1 5 10 11 30 | 1
153807,2026-02-13,13 15 18 20 36 | 4
153808,2026-02-13,6 15 24 31 36 | 3
153809,2026-02-13,6 8 17 18 28 | 1
153810,2026-02-13,16 17 24 27 35 | 1
153811,2026-02-13,9 12 15 19 27 | 2
153812,2026-02-13,2 25 31 33 36 | 2
153813,2026-02-13,7 11 25 28 36 | 1
153814,2026-02-13,3 4 13 16 24 | 1
153815,2026-02-13,10 15 17 18 34 | 3
153816,2026-02-13,3 17 28 30 35 | 4
153817,2026-02-13,2 13 26 33 35 | 2
153818,2026-02-13,7 9 19 25 35 | 2
153819,2026-02-13,3 24 31 33 34 | 4
153820,2026-02-13,7 9 19 21 23 | 2
153821,2026-02-13,1 7 9 30 31 | 1
153822,2026-02-13,5 24 29 31 33 | 4
153823,2026-02-13,6 8 18 29 31 | 1
153824,2026-02-13,7 10 18 23 27 | 2
153825,2026-02-13,5 8 18 19 30 | 4
153826,2026-02-13,1 9 17 20 26 | 2
153827,2026-02-13,1 5 23 29 35 | 3
153828,2026-02-13,2 22 25 28 34 | 1
153829,2026-02-13,1 23 24 25 33 | 4
153830,2026-02-13,4 9 14 21 25 | 3
153831,2026-02-13,2 6 18 27 34 | 4
153832,2026-02-13,12 13 21 33 35 | 3
153833,2026-02-13,1 10 12 15 28 | 1
153834,2026-02-13,10 16 29 32 34 | 1
153835,2026-02-13,11 15 17 25 29 | 4
153836,2026-02-13,1 5 14 30 34 | 4
153837,2026-02-13,1 8 22 24 28 | 1
153838,2026-02-13,1 2 12 28 34 | 2
153839,2026-02-13,4 6 14 21 36 | 3
153840,2026-02-13,8 10 12 16 22 | 4
153841,2026-02-13,3 15 18 19 31 | 4
153842,2026-02-13,6 17 22 23 24 | 1
153843,2026-02-13,4 7 12 23 28 | 1
153844,2026-02-13,15 16 21 24 26 | 2
153845,2026-02-13,1 9 27 29 36 | 4
153846,2026-02-13,5 14 21 24 36 | 4
153847,2026-02-13,3 10 24 32 36 | 3
153848,2026-02-13,2 3 10 17 32 | 1
153849,2026-02-13,3 11 13 21 33 | 1
153850,2026-02-13,13 20 21 29 34 | 3
153851,2026-02-13,4 14 21 27 36 | 1
153852,2026-02-13,2 9 12 18 29 | 3
153853,2026-02-13,8 12 15 28 30 | 4
153854,2026-02-14,9 26 32 34 36 | 4
153855,2026-02-14,10 11 15 26 32 | 2
153856,2026-02-14,4 6 15 18 20 | 1
153857,2026-02-14,6 13 18 20 32 | 2
153858,2026-02-14,3 15 20 27 34 | 2
153859,2026-02-14,5 12 16 21 23 | 4
153860,2026-02-14,3 4 23 31 33 | 3
153861,2026-02-14,8 9 13 19 34 | 4
153862,2026-02-14,1 2 10 12 23 | 4
153863,2026-02-14,8 9 12 13 19 | 2
153864,2026-02-14,1 13 16 21 28 | 2
153865,2026-02-14,4 10 18 26 32 | 2
153866,2026-02-14,6 10 26 28 29 | 1
153867,2026-02-14,5 13 22 25 31 | 2
153868,2026-02-14,13 18 20 29 33 | 4
153869,2026-02-14,2 7 21 24 35 | 4
153870,2026-02-14,8 11 16 18 25 | 4
153871,2026-02-14,6 7 19 20 33 | 2
153872,2026-02-14,6 13 17 29 30 | 2
153873,2026-02-14,8 9 13 22 34 | 3
153874,2026-02-14,11 16 32 34 35 | 2
153875,2026-02-14,6 9 15 26 33 | 4
153876,2026-02-14,1 3 24 31 33 | 1
153877,2026-02-14,6 9 16 20 26 | 2
153878,2026-02-14,2 4 10 17 35 | 3
153879,2026-02-14,4 8 11 19 31 | 4
153880,2026-02-14,1 5 9 11 16 | 4
153881,2026-02-14,6 11 12 21 35 | 4
153882,2026-02-14,3 6 16 19 25 | 3
153883,2026-02-14,1 7 16 22 26 | 4
153884,2026-02-14,11 19 22 24 33 | 1
153885,2026-02-14,1 11 15 28 35 | 3
153886,2026-02-14,2 4 12 21 29 | 1
153887,2026-02-14,6 11 19 20 25 | 1
153888,2026-02-14,7 10 12 28 30 | 1
153889,2026-02-14,7 11 15 26 28 | 1
153890,2026-02-14,6 21 26 31 35 | 1
153891,2026-02-14,3 9 11 19 36 | 4
153892,2026-02-14,1 4 7 8 21 | 3
153893,2026-02-14,6 9 25 30 35 | 4
153894,2026-02-14,1 9 12 15 34 | 2
153895,2026-02-14,4 7 8 21 36 | 4
153896,2026-02-14,6 24 31 34 35 | 2
153897,2026-02-14,1 3 5 8 30 | 3
153898,2026-02-14,12 24 29 30 33 | 4
153899,2026-02-14,2 6 7 30 32 | 1
153900,2026-02-14,2 4 5 8 36 | 3
153901,2026-02-14,1 14 25 33 34 | 2
153902,2026-02-14,8 11 17 27 36 | 1
153903,2026-02-14,7 9 14 17 32 | 1
153904,2026-02-14,4 8 21 24 32 | 3
153905,2026-02-14,8 11 17 19 28 | 2
153906,2026-02-14,6 16 21 24 32 | 2
153907,2026-02-14,8 15 16 19 33 | 4
153908,2026-02-14,1 12 19 21 32 | 1
153909,2026-02-14,2 9 13 21 35 | 1
153910,2026-02-14,1 11 17 18 27 | 1
153911,2026-02-14,12 19 24 29 31 | 3
153912,2026-02-14,7 25 28 31 32 | 2
153913,2026-02-15,1 8 18 25 34 | 3
153914,2026-02-15,11 13 15 19 24 | 1
153915,2026-02-15,6 11 18 21 35 | 3
153916,2026-02-15,4 13 17 19 33 | 2
153917,2026-02-15,1 7 12 23 25 | 4
153918,2026-02-15,8 9 10 12 26 | 3
153919,2026-02-15,3 9 13 26 34 | 1
153920,2026-02-15,7 8 13 23 36 | 2
153921,2026-02-15,15 16 23 26 29 | 3
153922,2026-02-15,15 17 20 22 31 | 3
153923,2026-02-15,1 7 23 31 34 | 2
153924,2026-02-15,3 8 26 31 36 | 1
153925,2026-02-15,11 20 27 35 36 | 4
153926,2026-02-15,3 13 17 25 34 | 1
153927,2026-02-15,3 13 16 22 30 | 1
153928,2026-02-15,1 3 6 14 31 | 2
153929,2026-02-15,7 10 23 25 34 | 2
153930,2026-02-15,4 10 13 19 22 | 3
153931,2026-02-15,1 15 29 32 35 | 4
153932,2026-02-15,3 9 28 31 33 | 4
153933,2026-02-15,10 11 13 15 26 | 3
153934,2026-02-15,6 14 25 27 29 | 2
153935,2026-02-15,14 16 28 32 36 | 1
153936,2026-02-15,1 10 23 28 31 | 3
153937,2026-02-15,3 14 21 24 33 | 3
153938,2026-02-15,5 13 19 31 33 | 3
153939,2026-02-15,3 4 5 23 25 | 1
153940,2026-02-15,1 9 13 21 29 | 1
153941,2026-02-15,1 18 20 28 31 | 4
153942,2026-02-15,2 16 26 28 31 | 3
153943,2026-02-15,14 22 26 30 33 | 1
153944,2026-02-15,4 7 9 10 11 | 4
153945,2026-02-15,21 24 25 26 28 | 3
153946,2026-02-15,12 13 17 23 36 | 3
153947,2026-02-15,1 5 10 21 25 | 2
153948,2026-02-15,1 16 18 21 25 | 3
153949,2026-02-15,3 7 17 19 23 | 1
153950,2026-02-15,3 30 31 35 36 | 1
153951,2026-02-15,5 9 17 19 24 | 1
153952,2026-02-15,3 13 16 24 27 | 2
153953,2026-02-15,4 10 18 29 30 | 3
153954,2026-02-15,2 4 18 20 34 | 2
153955,2026-02-15,7 8 11 32 34 | 3
153956,2026-02-15,8 10 21 26 34 | 3
153957,2026-02-15,1 14 28 35 36 | 4
153958,2026-02-15,13 17 27 34 36 | 2
153959,2026-02-15,19 20 22 23 25 | 4
153960,2026-02-15,5 12 25 32 34 | 4
153961,2026-02-15,11 15 23 31 33 | 3
153962,2026-02-15,3 13 14 15 18 | 2
153963,2026-02-15,5 21 23 24 31 | 4
153964,2026-02-15,1 9 12 16 31 | 3
153965,2026-02-15,8 14 22 24 33 | 2
153966,2026-02-15,1 9 15 22 31 | 4
153967,2026-02-15,7 16 19 29 30 | 1
153968,2026-02-15,5 6 17 19 20 | 1
153969,2026-02-15,2 3 20 22 27 | 1
153970,2026-02-15,13 18 22 23 25 | 3
153971,2026-02-15,7 10 25 32 33 | 3
153972,2026-02-15,3 9 13 25 33 | 2
153973,2026-02-16,2 6 8 21 35 | 1
153974,2026-02-16,10 11 19 22 23 | 3
153975,2026-02-16,7 9 28 31 33 | 3
153976,2026-02-16,1 7 17 19 29 | 1
153977,2026-02-16,3 9 25 31 35 | 1
153978,2026-02-16,5 9 17 25 33 | 1
153979,2026-02-16,14 22 32 35 36 | 3
153980,2026-02-16,2 7 14 28 32 | 3
153981,2026-02-16,7 24 27 31 36 | 2
153982,2026-02-16,2 5 17 20 28 | 4
153983,2026-02-16,4 13 28 31 32 | 1
153984,2026-02-16,2 14 23 32 34 | 3
153985,2026-02-16,4 12 15 29 33 | 2
153986,2026-02-16,5 6 11 25 35 | 4
153987,2026-02-16,13 20 22 23 27 | 1
153988,2026-02-16,6 7 14 23 25 | 4
153989,2026-02-16,9 20 26 27 34 | 3
153990,2026-02-16,1 7 10 18 24 | 3
153991,2026-02-16,8 12 13 18 29 | 1
153992,2026-02-16,8 10 28 31 32 | 2
153993,2026-02-16,13 16 21 24 35 | 2
153994,2026-02-16,18 26 28 30 36 | 2
153995,2026-02-16,2 9 11 13 32 | 4
153996,2026-02-16,1 3 6 34 35 | 2
153997,2026-02-16,4 17 20 21 29 | 4
153998,2026-02-16,10 18 19 20 25 | 1
153999,2026-02-16,6 21 27 31 34 | 2
154000,2026-02-16,4 18 25 26 32 | 2
154001,2026-02-16,4 20 28 34 36 | 2
154002,2026-02-16,1 4 15 23 34 | 2
154003,2026-02-16,4 9 11 17 29 | 4
154004,2026-02-16,12 16 20 25 28 | 4
154005,2026-02-16,2 7 10 19 30 | 4
154006,2026-02-16,8 15 24 26 28 | 3
154007,2026-02-16,9 20 22 30 35 | 4
154008,2026-02-16,3 4 6 7 18 | 2
154009,2026-02-16,11 13 19 20 35 | 3
154010,2026-02-16,4 12 17 23 25 | 1
154011,2026-02-16,8 12 14 24 35 | 4
154012,2026-02-16,2 10 21 35 36 | 2
154013,2026-02-16,14 23 27 33 35 | 1
154014,2026-02-16,1 17 25 26 28 | 1
154015,2026-02-16,3 7 14 29 31 | 3
154016,2026-02-16,2 14 22 25 34 | 1
154017,2026-02-16,15 17 18 19 35 | 2
154018,2026-02-16,10 23 26 31 34 | 1
154019,2026-02-16,7 17 19 28 30 | 3
154020,2026-02-16,2 18 19 20 28 | 4
154021,2026-02-16,1 2 19 26 34 | 2
154022,2026-02-16,8 13 27 29 33 | 3
154023,2026-02-16,1 13 20 22 28 | 3
154024,2026-02-16,1 7 9 19 27 | 1
154025,2026-02-16,3 8 9 27 31 | 3
154026,2026-02-16,8 15 18 30 36 | 3
154027,2026-02-16,4 5 13 21 35 | 4
154028,2026-02-16,7 16 25 28 33 | 4
154029,2026-02-16,3 6 14 16 24 | 4
154030,2026-02-16,25 28 29 33 34 | 4
154031,2026-02-16,12 13 20 21 28 | 3
154032,2026-02-16,3 6 9 11 30 | 4
154033,2026-02-17,1 3 4 21 30 | 1
154034,2026-02-17,12 16 20 31 36 | 1
154035,2026-02-17,3 8 13 29 34 | 1
154036,2026-02-17,8 15 16 19 23 | 4
154037,2026-02-17,3 6 11 28 31 | 4
154038,2026-02-17,10 14 21 24 29 | 1
154039,2026-02-17,11 20 25 29 33 | 4
154040,2026-02-17,3 4 10 11 18 | 1
154041,2026-02-17,13 19 23 25 27 | 3
154042,2026-02-17,2 15 16 23 35 | 1
154043,2026-02-17,1 15 27 28 34 | 3
154044,2026-02-17,6 16 17 22 29 | 1
154045,2026-02-17,15 16 22 24 25 | 2
154046,2026-02-17,4 10 14 16 23 | 3
154047,2026-02-17,11 13 19 20 22 | 2
154048,2026-02-17,6 11 14 18 25 | 3
154049,2026-02-17,9 10 25 26 28 | 4
154050,2026-02-17,7 11 15 20 21 | 3
154051,2026-02-17,7 8 13 31 36 | 3
154052,2026-02-17,5 20 22 29 35 | 4
154053,2026-02-17,2 10 23 26 34 | 2
154054,2026-02-17,1 4 26 33 35 | 3
154055,2026-02-17,2 5 6 15 27 | 4
154056,2026-02-17,6 10 14 32 35 | 2
154057,2026-02-17,1 17 25 32 34 | 2
154058,2026-02-17,6 13 22 26 34 | 3
154059,2026-02-17,10 17 21 22 35 | 4
154060,2026-02-17,6 10 26 32 34 | 3
154061,2026-02-17,16 17 18 24 36 | 4
154062,2026-02-17,17 21 22 28 31 | 3
154063,2026-02-17,2 3 14 18 35 | 3
154064,2026-02-17,8 9 10 26 34 | 3
154065,2026-02-17,7 13 23 26 32 | 3
154066,2026-02-17,5 8 12 35 36 | 3
154067,2026-02-17,1 3 8 15 22 | 4
154068,2026-02-17,8 10 15 16 17 | 2
154069,2026-02-17,2 3 17 33 36 | 3
154070,2026-02-17,4 9 11 17 27 | 4
154071,2026-02-17,13 14 23 27 31 | 2
154072,2026-02-17,7 9 18 21 23 | 1
154073,2026-02-17,4 5 7 13 21 | 4
154074,2026-02-17,7 14 23 34 35 | 4
154075,2026-02-17,5 8 21 25 28 | 2
154076,2026-02-17,5 6 7 23 26 | 3
154077,2026-02-17,5 19 20 25 32 | 3
154078,2026-02-17,4 6 24 26 28 | 3
154079,2026-02-17,3 6 15 16 17 | 4
154080,2026-02-17,4 8 11 15 20 | 3
154081,2026-02-17,4 6 11 29 30 | 1
154082,2026-02-17,1 11 21 26 27 | 4
154083,2026-02-17,1 3 16 17 33 | 4
154084,2026-02-17,1 6 9 16 29 | 4
154085,2026-02-17,6 10 15 28 30 | 1
154086,2026-02-17,13 22 25 29 36 | 1
154087,2026-02-17,4 28 33 35 36 | 2
154088,2026-02-17,1 2 8 10 22 | 4
154089,2026-02-17,5 25 26 29 34 | 1
154090,2026-02-17,12 15 20 28 36 | 1
154091,2026-02-17,7 8 11 23 31 | 4
154092,2026-02-17,3 6 7 24 31 | 3
154093,2026-02-18,1 5 7 21 27 | 2
154094,2026-02-18,10 11 12 31 33 | 2
154095,2026-02-18,5 8 11 22 24 | 2
154096,2026-02-18,9 10 11 19 28 | 1
154097,2026-02-18,5 9 26 34 35 | 1
154098,2026-02-18,8 15 26 27 32 | 3
154099,2026-02-18,2 19 27 29 32 | 4
154100,2026-02-18,11 13 18 27 28 | 2
154101,2026-02-18,4 15 18 24 28 | 1
154102,2026-02-18,2 4 9 10 34 | 1
154103,2026-02-18,5 13 15 33 34 | 3
154104,2026-02-18,3 27 28 29 31 | 3
154105,2026-02-18,7 14 22 23 26 | 3
154106,2026-02-18,10 24 25 31 35 | 2
154107,2026-02-18,8 20 21 22 31 | 1
154108,2026-02-18,5 13 25 30 35 | 2
154109,2026-02-18,9 11 23 25 30 | 3
154110,2026-02-18,4 11 13 16 19 | 3
154111,2026-02-18,1 3 4 17 31 | 2
154112,2026-02-18,5 17 18 21 24 | 3
154113,2026-02-18,2 13 24 25 31 | 1
154114,2026-02-18,3 16 25 27 29 | 4
154115,2026-02-18,23 25 28 35 36 | 2
154116,2026-02-18,14 19 22 27 33 | 3
154117,2026-02-18,13 15 16 25 26 | 4
154118,2026-02-18,11 19 23 24 28 | 2
154119,2026-02-18,8 9 17 20 22 | 3
154120,2026-02-18,13 15 21 27 32 | 4
154121,2026-02-18,9 12 26 30 31 | 1
154122,2026-02-18,1 8 9 14 29 | 2
154123,2026-02-18,11 19 21 22 25 | 3
154124,2026-02-18,7 8 14 15 32 | 3
154125,2026-02-18,4 16 18 19 22 | 1
154126,2026-02-18,2 13 17 29 30 | 1
154127,2026-02-18,21 25 33 35 36 | 2
154128,2026-02-18,1 15 17 25 34 | 3
154129,2026-02-18,3 13 17 22 33 | 3
154130,2026-02-18,7 19 22 24 28 | 2
154131,2026-02-18,9 15 21 29 35 | 2
154132,2026-02-18,2 20 21 31 34 | 3
154133,2026-02-18,21 22 26 33 34 | 2
154134,2026-02-18,5 6 8 22 24 | 4
154135,2026-02-18,4 10 11 22 33 | 4
154136,2026-02-18,2 5 9 26 27 | 1
154137,2026-02-18,1 9 10 23 31 | 1
154138,2026-02-18,3 11 16 21 35 | 4
154139,2026-02-18,8 20 21 25 26 | 4
154140,2026-02-18,5 7 23 35 36 | 1
154141,2026-02-18,6 21 23 25 33 | 2
154142,2026-02-18,2 6 8 23 33 | 1
154143,2026-02-18,1 7 25 32 34 | 2
154144,2026-02-18,3 11 14 18 29 | 4
154145,2026-02-18,12 16 19 23 28 | 3
154146,2026-02-18,3 6 12 17 22 | 1
154147,2026-02-18,4 20 21 33 34 | 3
154148,2026-02-18,19 22 24 31 34 | 1
154149,2026-02-18,10 16 17 33 36 | 1
154150,2026-02-18,1 14 18 27 36 | 3
154151,2026-02-18,9 12 21 26 29 | 2
154152,2026-02-18,6 9 11 18 28 | 2
154153,2026-02-19,1 9 17 23 33 | 4
154154,2026-02-19,1 5 18 26 32 | 4
154155,2026-02-19,1 5 9 34 36 | 4
154156,2026-02-19,2 17 20 26 27 | 3
154157,2026-02-19,7 15 26 28 34 | 3
154158,2026-02-19,10 16 19 34 35 | 4
154159,2026-02-19,9 10 23 25 28 | 1
154160,2026-02-19,3 16 24 28 32 | 3
154161,2026-02-19,6 16 18 26 33 | 4
154162,2026-02-19,5 9 20 23 36 | 3
154163,2026-02-19,21 23 26 33 35 | 4
154164,2026-02-19,9 13 17 30 35 | 2
154165,2026-02-19,8 12 13 18 22 | 4
154166,2026-02-19,8 9 22 24 25 | 3
154167,2026-02-19,2 4 9 14 30 | 1
154168,2026-02-19,5 13 22 34 36 | 1
154169,2026-02-19,20 21 22 23 31 | 4
154170,2026-02-19,1 6 20 26 29 | 2
154171,2026-02-19,20 28 31 32 33 | 3
154172,2026-02-19,11 19 20 28 34 | 4
154173,2026-02-19,3 5 9 15 26 | 2
154174,2026-02-19,6 10 16 24 25 | 4
154175,2026-02-19,6 7 9 27 29 | 3
154176,2026-02-19,3 6 8 22 23 | 1
154177,2026-02-19,9 12 21 29 32 | 1
154178,2026-02-19,12 18 20 34 36 | 4
154179,2026-02-19,7 20 28 31 34 | 2
154180,2026-02-19,6 15 18 23 33 | 3
154181,2026-02-19,1 10 13 22 28 | 2
154182,2026-02-19,1 4 17 26 35 | 3
154183,2026-02-19,13 19 21 22 29 | 1
154184,2026-02-19,6 20 23 29 31 | 2
154185,2026-02-19,9 11 19 24 32 | 2
154186,2026-02-19,16 19 21 22 30 | 3
154187,2026-02-19,2 12 16 26 30 | 2
154188,2026-02-19,6 7 9 13 35 | 2
154189,2026-02-19,2 8 9 19 36 | 2
154190,2026-02-19,4 7 13 21 28 | 4
154191,2026-02-19,8 16 17 23 32 | 1
154192,2026-02-19,1 7 9 12 22 | 3
154193,2026-02-19,6 10 23 30 33 | 4
154194,2026-02-19,9 11 16 31 32 | 2
154195,2026-02-19,2 11 22 26 27 | 3
154196,2026-02-19,1 11 16 17 26 | 4
154197,2026-02-19,4 12 15 24 26 | 2
154198,2026-02-19,2 4 22 26 34 | 2
154199,2026-02-19,12 20 26 31 33 | 3
154200,2026-02-19,2 12 19 27 35 | 2
154201,2026-02-19,5 16 22 26 36 | 1
154202,2026-02-19,6 9 12 16 35 | 4
154203,2026-02-19,1 3 9 25 26 | 1
154204,2026-02-19,3 4 7 20 25 | 4
154205,2026-02-19,16 21 24 30 31 | 1
154206,2026-02-19,11 12 20 29 30 | 3
154207,2026-02-19,2 10 17 33 34 | 2
154208,2026-02-19,3 22 25 34 35 | 2
154209,2026-02-19,8 14 15 18 22 | 2
154210,2026-02-19,2 3 4 8 32 | 4
154211,2026-02-19,6 10 12 22 34 | 3
154212,2026-02-19,9 11 14 25 31 | 4
154213,2026-02-20,10 17 22 24 27 | 2
154214,2026-02-20,6 7 14 29 31 | 1
154215,2026-02-20,9 13 27 30 31 | 3
154216,2026-02-20,11 18 23 32 36 | 1
154217,2026-02-20,3 8 11 21 30 | 1
154218,2026-02-20,6 7 16 20 30 | 3
154219,2026-02-20,3 9 18 26 35 | 3
154220,2026-02-20,5 7 29 31 36 | 1
154221,2026-02-20,8 22 23 31 32 | 2
154222,2026-02-20,5 19 22 29 35 | 3
154223,2026-02-20,5 10 13 29 33 | 2
154224,2026-02-20,6 14 15 24 31 | 2
154225,2026-02-20,6 7 8 14 16 | 2
154226,2026-02-20,2 9 22 29 34 | 2
154227,2026-02-20,1 4 31 32 35 | 1
154228,2026-02-20,1 7 19 25 29 | 2
154229,2026-02-20,1 6 8 11 28 | 4
154230,2026-02-20,8 19 27 28 30 | 4
154231,2026-02-20,1 4 5 17 18 | 1
154232,2026-02-20,1 3 22 32 35 | 2
154233,2026-02-20,2 5 18 21 24 | 4
154234,2026-02-20,3 16 30 32 35 | 4
154235,2026-02-20,4 9 10 29 35 | 1
154236,2026-02-20,9 15 18 29 35 | 4
154237,2026-02-20,14 15 24 30 31 | 3
154238,2026-02-20,1 5 12 27 33 | 1
154239,2026-02-20,11 14 18 21 35 | 4
154240,2026-02-20,2 15 23 27 35 | 1
154241,2026-02-20,9 10 28 32 33 | 4
154242,2026-02-20,6 10 13 27 29 | 2
154243,2026-02-20,3 16 27 35 36 | 2
154244,2026-02-20,12 18 19 22 36 | 3
154245,2026-02-20,4 19 23 25 27 | 3
154246,2026-02-20,2 12 23 28 35 | 2
154247,2026-02-20,3 8 14 23 31 | 1
154248,2026-02-20,4 14 19 32 33 | 1
154249,2026-02-20,19 24 25 26 30 | 3
154250,2026-02-20,4 5 16 30 33 | 1
154251,2026-02-20,4 9 24 28 30 | 1
154252,2026-02-20,8 20 28 31 34 | 3
154253,2026-02-20,1 3 6 34 35 | 1
154254,2026-02-20,2 15 17 21 30 | 2
154255,2026-02-20,6 7 10 25 29 | 2
154256,2026-02-20,4 5 13 22 28 | 4
154257,2026-02-20,3 11 13 20 32 | 1
154258,2026-02-20,6 13 17 25 33 | 3
154259,2026-02-20,13 15 22 24 28 | 3
154260,2026-02-20,4 14 15 23 26 | 1
154261,2026-02-20,3 12 17 32 35 | 2
154262,2026-02-20,2 11 17 25 29 | 4
154263,2026-02-20,11 24 28 29 35 | 3
154264,2026-02-20,2 16 25 33 35 | 2
154265,2026-02-20,8 13 14 22 34 | 4
154266,2026-02-20,9 15 19 21 36 | 1
154267,2026-02-20,16 19 33 34 36 | 1
154268,2026-02-20,13 15 17 23 27 | 2
154269,2026-02-20,3 12 27 29 30 | 3
154270,2026-02-20,11 20 26 29 32 | 2
154271,2026-02-20,1 3 10 15 22 | 2
154272,2026-02-20,2 7 14 15 18 | 3
154273,2026-02-21,8 10 11 14 18 | 3
154274,2026-02-21,6 13 22 23 30 | 1
154275,2026-02-21,16 26 27 32 35 | 1
154276,2026-02-21,9 20 25 31 35 | 3
154277,2026-02-21,1 30 31 32 34 | 1
154278,2026-02-21,10 24 25 32 34 | 4
154279,2026-02-21,4 7 27 29 32 | 3
154280,2026-02-21,13 14 20 30 36 | 2
154281,2026-02-21,11 13 15 31 35 | 2
154282,2026-02-21,2 4 8 12 29 | 4
154283,2026-02-21,10 19 22 23 35 | 3
154284,2026-02-21,6 10 19 32 34 | 3
154285,2026-02-21,5 10 16 21 26 | 4
154286,2026-02-21,2 3 8 17 28 | 4
154287,2026-02-21,7 15 17 31 35 | 2
154288,2026-02-21,3 10 30 34 35 | 4
154289,2026-02-21,2 10 14 19 22 | 3
154290,2026-02-21,3 10 15 31 36 | 1
154291,2026-02-21,6 14 17 19 31 | 3
154292,2026-02-21,2 10 18 25 33 | 2
154293,2026-02-21,3 8 11 15 31 | 3
154294,2026-02-21,4 6 7 10 29 | 2
154295,2026-02-21,4 12 25 31 34 | 1
154296,2026-02-21,5 14 19 20 33 | 1
154297,2026-02-21,8 18 20 27 32 | 4
154298,2026-02-21,1 3 13 24 26 | 4
154299,2026-02-21,7 8 19 23 35 | 4
154300,2026-02-21,5 6 8 20 25 | 4
154301,2026-02-21,24 25 29 30 34 | 1
154302,2026-02-21,13 16 20 25 30 | 2
154303,2026-02-21,3 18 19 30 34 | 4
154304,2026-02-21,4 14 26 27 34 | 1
154305,2026-02-21,7 24 27 33 34 | 1
154306,2026-02-21,3 23 27 29 35 | 4
154307,2026-02-21,3 10 14 21 36 | 3
154308,2026-02-21,7 8 9 16 30 | 4
154309,2026-02-21,1 8 22 33 36 | 3
154310,2026-02-21,8 16 17 19 27 | 4
154311,2026-02-21,1 4 20 30 33 | 2
154312,2026-02-21,8 11 19 25 30 | 2
154313,2026-02-21,6 21 25 27 31 | 2
154314,2026-02-21,5 11 13 20 25 | 2
154315,2026-02-21,3 4 31 33 36 | 3
154316,2026-02-21,7 12 25 26 27 | 2
154317,2026-02-21,6 13 14 17 18 | 3
154318,2026-02-21,2 10 25 29 34 | 3
154319,2026-02-21,5 6 15 25 29 | 2
154320,2026-02-21,7 12 15 26 30 | 2
154321,2026-02-21,3 4 12 25 31 | 3
154322,2026-02-21,5 19 22 23 27 | 4
154323,2026-02-21,14 18 26 31 36 | 1
154324,2026-02-21,1 5 17 28 34 | 2
154325,2026-02-21,16 18 24 30 35 | 4
154326,2026-02-21,1 10 16 19 35 | 1
154327,2026-02-21,7 8 19 25 27 | 4
154328,2026-02-21,5 10 14 27 28 | 1
154329,2026-02-21,15 25 27 31 33 | 4
154330,2026-02-21,6 8 9 12 35 | 4
154331,2026-02-21,9 17 18 22 26 | 2
154332,2026-02-22,1 12 16 28 31 | 1
154333,2026-02-22,3 18 31 33 34 | 1
154334,2026-02-22,1 2 9 18 27 | 1
154335,2026-02-22,4 7 11 15 23 | 3
154336,2026-02-22,1 2 12 25 31 | 4
154337,2026-02-22,11 16 18 19 27 | 1
154338,2026-02-22,3 7 17 20 22 | 3
154339,2026-02-22,10 12 15 17 20 | 2
154340,2026-02-22,6 26 27 28 29 | 4
154341,2026-02-22,2 7 11 12 33 | 1
154342,2026-02-22,5 13 22 28 30 | 2
154343,2026-02-22,7 11 22 25 36 | 2
154344,2026-02-22,6 8 12 22 24 | 1
154345,2026-02-22,3 7 12 33 35 | 1
154346,2026-02-22,3 10 17 28 35 | 2
154347,2026-02-22,6 9 16 32 35 | 3
154348,2026-02-22,10 13 24 25 31 | 1
154349,2026-02-22,4 7 10 12 14 | 4
154350,2026-02-22,9 22 23 26 27 | 4
154351,2026-02-22,3 5 11 12 28 | 3
154352,2026-02-22,11 20 22 24 36 | 1
154353,2026-02-22,16 19 20 24 34 | 2
154354,2026-02-22,4 5 14 20 28 | 4
154355,2026-02-22,7 15 18 22 34 | 1
154356,2026-02-22,1 12 13 14 18 | 2
154357,2026-02-22,3 4 20 24 25 | 3
154358,2026-02-22,15 24 26 30 35 | 1
154359,2026-02-22,1 8 23 31 34 | 1
154360,2026-02-22,1 3 16 17 23 | 2
154361,2026-02-22,6 7 27 28 31 | 3
154362,2026-02-22,15 21 25 26 34 | 1
154363,2026-02-22,6 18 19 30 35 | 3
154364,2026-02-22,5 9 16 24 31 | 3
154365,2026-02-22,2 13 19 22 23 | 2
154366,2026-02-22,7 16 27 29 34 | 3
154367,2026-02-22,1 2 15 16 22 | 1
154368,2026-02-22,1 10 13 15 24 | 1
154369,2026-02-22,11 13 23 28 31 | 4
154370,2026-02-22,1 3 18 21 33 | 4
154371,2026-02-22,5 12 17 19 21 | 4
154372,2026-02-22,4 16 17 25 36 | 3
154373,2026-02-22,1 6 7 29 33 | 3
154374,2026-02-22,7 8 9 11 35 | 4
154375,2026-02-22,4 8 19 22 25 | 4
154376,2026-02-22,4 12 15 21 26 | 2
154377,2026-02-22,3 18 27 29 34 | 1
154378,2026-02-22,11 15 17 27 35 | 3
154379,2026-02-22,4 17 19 24 34 | 1
154380,2026-02-22,5 7 9 11 26 | 2
154381,2026-02-22,4 11 15 16 24 | 2
154382,2026-02-22,5 17 18 23 34 | 1
154383,2026-02-22,4 7 10 25 30 | 2
154384,2026-02-22,5 9 16 19 32 | 1
154385,2026-02-22,1 2 12 27 28 | 3
154386,2026-02-22,2 30 31 32 35 | 4
154387,2026-02-22,1 5 8 19 21 | 3
154388,2026-02-22,2 7 19 31 32 | 3
154389,2026-02-22,3 5 16 27 32 | 3
154390,2026-02-22,15 17 28 32 34 | 3
154391,2026-02-22,3 6 18 31 33 | 3
154392,2026-02-23,16 18 19 26 36 | 2
154393,2026-02-23,2 4 6 18 31 | 3
154394,2026-02-23,1 14 17 26 32 | 1
154395,2026-02-23,8 15 20 23 33 | 4
154396,2026-02-23,2 10 18 29 35 | 1
154397,2026-02-23,12 16 26 33 34 | 3
154398,2026-02-23,3 12 18 28 33 | 1
154399,2026-02-23,12 24 25 27 36 | 3
154400,2026-02-23,14 17 18 30 34 | 2
154401,2026-02-23,4 9 18 30 31 | 3
154402,2026-02-23,6 14 20 30 36 | 2
154403,2026-02-23,3 17 18 34 36 | 4
154404,2026-02-23,7 16 17 22 29 | 4
154405,2026-02-23,2 6 17 27 31 | 4
154406,2026-02-23,4 14 15 16 25 | 2
154407,2026-02-23,4 7 13 16 23 | 4
154408,2026-02-23,14 22 25 33 34 | 2
154409,2026-02-23,10 13 21 23 27 | 1
154410,2026-02-23,13 19 22 26 30 | 4
154411,2026-02-23,9 16 20 21 35 | 2
154412,2026-02-23,11 23 26 33 36 | 4
154413,2026-02-23,4 12 17 23 24 | 3
154414,2026-02-23,4 5 12 22 29 | 4
154415,2026-02-23,12 19 23 32 36 | 2
154416,2026-02-23,3 4 8 13 25 | 3
154417,2026-02-23,10 21 27 29 34 | 3
154418,2026-02-23,6 20 30 31 34 | 3
154419,2026-02-23,3 8 18 26 32 | 4
154420,2026-02-23,8 20 21 27 32 | 3
154421,2026-02-23,7 17 19 30 35 | 3
154422,2026-02-23,6 17 19 23 28 | 1
154423,2026-02-23,7 24 28 30 35 | 3
154424,2026-02-23,1 12 14 16 21 | 4
154425,2026-02-23,4 10 20 33 36 | 3
154426,2026-02-23,4 8 13 22 25 | 3
154427,2026-02-23,12 19 20 23 34 | 1
154428,2026-02-23,7 9 14 15 29 | 3
154429,2026-02-23,9 25 28 31 35 | 4
154430,2026-02-23,2 8 9 17 26 | 4
154431,2026-02-23,2 7 15 26 30 | 4
154432,2026-02-23,13 18 25 26 30 | 1
154433,2026-02-23,1 8 23 25 28 | 2
154434,2026-02-23,3 15 23 28 29 | 3
154435,2026-02-23,2 7 11 17 20 | 2
154436,2026-02-23,7 15 17 21 29 | 4
154437,2026-02-23,9 12 15 18 23 | 2
154438,2026-02-23,5 8 19 22 25 | 2
154439,2026-02-23,18 20 31 35 36 | 2
154440,2026-02-23,9 10 15 22 25 | 3
154441,2026-02-23,13 14 24 33 36 | 4
154442,2026-02-23,3 5 11 17 33 | 4
154443,2026-02-23,8 14 15 26 29 | 1
154444,2026-02-23,13 25 33 35 36 | 2
154445,2026-02-23,9 22 23 24 25 | 3
154446,2026-02-23,1 7 18 27 32 | 3
154447,2026-02-23,6 11 22 24 25 | 3
154448,2026-02-23,1 2 3 27 28 | 2
154449,2026-02-23,3 26 27 30 34 | 1
154450,2026-02-23,1 17 26 30 31 | 1
154451,2026-02-23,5 7 18 26 28 | 2
154452,2026-02-24,4 7 26 27 32 | 2
154453,2026-02-24,16 21 23 24 28 | 3
154454,2026-02-24,1 6 30 31 32 | 4
154455,2026-02-24,3 14 20 22 28 | 1
154456,2026-02-24,2 5 15 29 30 | 1
154457,2026-02-24,2 10 11 23 34 | 2
154458,2026-02-24,4 12 17 26 31 | 3
154459,2026-02-24,8 16 20 27 36 | 1
154460,2026-02-24,9 14 17 21 32 | 2
154461,2026-02-24,4 5 22 25 31 | 3
154462,2026-02-24,9 10 12 22 35 | 3
154463,2026-02-24,3 18 24 27 28 | 4
154464,2026-02-24,4 23 25 29 33 | 2
154465,2026-02-24,6 19 25 28 35 | 1
154466,2026-02-24,11 13 15 19 24 | 1
154467,2026-02-24,5 7 8 13 23 | 1
154468,2026-02-24,4 7 12 15 33 | 2
154469,2026-02-24,9 14 19 25 30 | 3
154470,2026-02-24,9 16 20 22 29 | 1
154471,2026-02-24,15 18 23 25 35 | 1
154472,2026-02-24,3 11 24 31 35 | 3
154473,2026-02-24,11 17 18 20 32 | 1
154474,2026-02-24,1 5 12 25 31 | 2
154475,2026-02-24,11 14 20 28 35 | 4
154476,2026-02-24,10 12 28 30 35 | 3
154477,2026-02-24,1 3 15 31 34 | 1
154478,2026-02-24,3 10 17 25 36 | 1
154479,2026-02-24,1 10 27 29 34 | 4
154480,2026-02-24,3 5 6 12 35 | 3
154481,2026-02-24,2 18 21 23 28 | 3
154482,2026-02-24,2 11 24 30 36 | 3
154483,2026-02-24,1 6 15 27 35 | 2
154484,2026-02-24,2 14 19 29 35 | 2
154485,2026-02-24,5 7 14 24 31 | 4
154486,2026-02-24,3 19 21 25 30 | 3
154487,2026-02-24,1 2 6 16 27 | 3
154488,2026-02-24,2 12 18 25 32 | 4
154489,2026-02-24,11 18 24 26 34 | 2
154490,2026-02-24,2 7 29 32 33 | 4
154491,2026-02-24,9 13 27 34 36 | 3
154492,2026-02-24,17 21 29 33 36 | 3
154493,2026-02-24,2 3 8 16 36 | 2
154494,2026-02-24,12 15 19 23 25 | 1
154495,2026-02-24,3 6 8 11 34 | 4
154496,2026-02-24,9 23 24 25 36 | 2
154497,2026-02-24,2 10 14 20 26 | 3
154498,2026-02-24,12 18 19 28 31 | 2
154499,2026-02-24,9 13 22 25 28 | 4
154500,2026-02-24,1 12 14 15 35 | 2
154501,2026-02-24,7 8 9 18 28 | 1
154502,2026-02-24,6 15 18 32 36 | 2
154503,2026-02-24,1 4 5 22 31 | 4
154504,2026-02-24,7 19 28 30 36 | 3
154505,2026-02-24,4 12 14 26 35 | 3
154506,2026-02-24,3 11 16 24 30 | 3
154507,2026-02-24,2 6 16 26 27 | 2
154508,2026-02-24,6 16 27 30 32 | 1
154509,2026-02-24,3 15 26 27 35 | 2
154510,2026-02-24,6 10 27 30 34 | 3
154511,2026-02-24,7 10 13 19 22 | 2
154512,2026-02-25,8 16 17 19 31 | 1
154513,2026-02-25,4 14 20 26 33 | 4
154514,2026-02-25,2 16 19 20 26 | 1
154515,2026-02-25,1 6 9 14 30 | 2
154516,2026-02-25,1 20 31 34 35 | 2
154517,2026-02-25,6 9 10 35 36 | 3
154518,2026-02-25,12 19 25 30 34 | 2
154519,2026-02-25,12 14 27 29 31 | 3
154520,2026-02-25,3 21 25 29 32 | 1
154521,2026-02-25,13 18 22 28 33 | 4
154522,2026-02-25,6 10 17 20 32 | 1
154523,2026-02-25,3 12 26 27 30 | 3
154524,2026-02-25,3 5 10 16 27 | 2
154525,2026-02-25,2 4 17 30 36 | 2
154526,2026-02-25,1 22 24 34 36 | 1
154527,2026-02-25,4 6 8 12 22 | 4
154528,2026-02-25,16 21 27 29 33 | 2
154529,2026-02-25,1 2 3 10 20 | 2
154530,2026-02-25,3 5 21 33 34 | 3
154531,2026-02-25,1 6 11 17 23 | 3
154532,2026-02-25,7 22 25 28 34 | 2
154533,2026-02-25,7 17 29 30 36 | 2
154534,2026-02-25,2 8 11 30 33 | 3
154535,2026-02-25,10 14 16 28 31 | 1
154536,2026-02-25,1 10 17 18 28 | 1
154537,2026-02-25,13 14 19 24 25 | 1
154538,2026-02-25,4 7 21 25 29 | 3
154539,2026-02-25,1 11 12 20 30 | 4
154540,2026-02-25,8 13 15 18 33 | 2
154541,2026-02-25,8 10 23 26 28 | 2
154542,2026-02-25,3 13 17 32 34 | 3
154543,2026-02-25,16 22 25 33 34 | 1
154544,2026-02-25,3 4 18 21 27 | 4
154545,2026-02-25,17 18 22 31 33 | 2
154546,2026-02-25,2 3 5 24 25 | 2
154547,2026-02-25,6 11 14 21 28 | 4
154548,2026-02-25,1 13 18 30 34 | 3
154549,2026-02-25,14 16 21 30 32 | 2
154550,2026-02-25,3 16 22 23 28 | 1
154551,2026-02-25,4 19 33 34 36 | 1
154552,2026-02-25,4 19 20 24 28 | 2
154553,2026-02-25,9 10 14 28 29 | 2
154554,2026-02-25,21 23 26 29 33 | 1
154555,2026-02-25,1 5 25 30 35 | 2
154556,2026-02-25,7 9 23 24 30 | 4
154557,2026-02-25,14 18 20 21 30 | 2
154558,2026-02-25,13 27 28 31 32 | 4
154559,2026-02-25,1 9 10 31 34 | 4
154560,2026-02-25,3 14 21 23 25 | 4
154561,2026-02-25,3 8 17 23 30 | 1
154562,2026-02-25,1 3 12 21 34 | 4
154563,2026-02-25,5 13 26 31 34 | 2
154564,2026-02-25,2 8 9 21 30 | 1
154565,2026-02-25,1 11 15 18 24 | 1
154566,2026-02-25,9 10 24 32 34 | 4
154567,2026-02-25,3 7 9 13 15 | 1
154568,2026-02-25,2 10 21 27 31 | 1
154569,2026-02-25,11 15 26 31 32 | 1
154570,2026-02-25,3 7 9 11 35 | 3
154571,2026-02-25,6 9 12 23 26 | 2
154572,2026-02-26,5 8 15 17 31 | 2
154573,2026-02-26,5 7 17 32 35 | 1
154574,2026-02-26,5 12 33 34 36 | 1
154575,2026-02-26,1 10 16 31 32 | 4
154576,2026-02-26,3 5 8 27 33 | 1
154577,2026-02-26,15 16 17 31 34 | 3
154578,2026-02-26,1 9 14 20 32 | 2
154579,2026-02-26,7 10 13 24 36 | 1
154580,2026-02-26,16 18 22 28 36 | 2
154581,2026-02-26,15 18 28 30 35 | 2
154582,2026-02-26,1 17 28 29 33 | 2
154583,2026-02-26,4 13 19 34 35 | 4
154584,2026-02-26,2 9 13 28 36 | 4
154585,2026-02-26,1 6 9 16 35 | 4
154586,2026-02-26,5 11 12 13 32 | 3
154587,2026-02-26,2 8 16 25 33 | 1
154588,2026-02-26,1 2 7 11 12 | 2
154589,2026-02-26,10 15 20 27 36 | 4
154590,2026-02-26,5 6 7 11 35 | 3
154591,2026-02-26,10 11 14 18 21 | 2
154592,2026-02-26,4 12 14 23 26 | 3
154593,2026-02-26,8 17 27 29 34 | 3
154594,2026-02-26,3 4 14 20 35 | 2
154595,2026-02-26,21 25 26 31 32 | 1
154596,2026-02-26,2 4 11 15 31 | 3
154597,2026-02-26,10 13 14 19 32 | 3
154598,2026-02-26,11 13 20 24 33 | 2
154599,2026-02-26,3 17 24 29 36 | 2
154600,2026-02-26,4 13 15 18 31 | 3
154601,2026-02-26,1 4 15 20 34 | 1
154602,2026-02-26,4 7 17 29 35 | 2
154603,2026-02-26,10 11 16 24 25 | 4
154604,2026-02-26,3 10 18 29 33 | 1
154605,2026-02-26,1 2 8 35 36 | 1
154606,2026-02-26,7 10 18 28 32 | 3
154607,2026-02-26,6 7 8 17 29 | 2
154608,2026-02-26,13 18 24 29 30 | 2
154609,2026-02-26,17 20 24 28 36 | 3
154610,2026-02-26,11 16 20 25 29 | 4
154611,2026-02-26,3 12 20 21 33 | 4
154612,2026-02-26,14 18 22 23 25 | 1
154613,2026-02-26,7 21 26 28 36 | 3
154614,2026-02-26,1 4 7 23 29 | 4
154615,2026-02-26,4 13 14 16 25 | 3
154616,2026-02-26,8 17 18 25 36 | 1
154617,2026-02-26,16 17 19 21 25 | 3
154618,2026-02-26,1 8 12 27 31 | 3
154619,2026-02-26,9 11 30 31 32 | 1
154620,2026-02-26,3 9 23 31 36 | 2
154621,2026-02-26,6 23 26 29 32 | 1
154622,2026-02-26,11 14 17 25 34 | 4
154623,2026-02-26,5 8 14 26 34 | 2
154624,2026-02-26,14 15 19 25 26 | 2
154625,2026-02-26,10 20 23 27 30 | 3
154626,2026-02-26,10 19 32 34 35 | 3
154627,2026-02-26,8 10 14 20 34 | 3
154628,2026-02-26,1 7 22 24 31 | 4
154629,2026-02-26,9 12 15 33 35 | 1
154630,2026-02-26,2 3 30 31 35 | 4
154631,2026-02-26,1 10 20 23 25 | 1
154632,2026-02-27,2 5 12 13 27 | 4
154633,2026-02-27,2 16 18 26 36 | 2
154634,2026-02-27,2 20 22 26 35 | 1
154635,2026-02-27,10 16 24 27 29 | 2
154636,2026-02-27,1 3 9 12 19 | 3
154637,2026-02-27,20 22 26 27 29 | 1
154638,2026-02-27,12 19 21 22 28 | 4
154639,2026-02-27,8 9 14 28 35 | 2
154640,2026-02-27,11 18 21 27 31 | 4
154641,2026-02-27,6 8 25 30 33 | 2
154642,2026-02-27,11 14 18 25 36 | 4
154643,2026-02-27,1 3 19 22 26 | 2
154644,2026-02-27,4 9 22 25 30 | 3
154645,2026-02-27,10 13 14 20 27 | 1
154646,2026-02-27,11 15 19 20 21 | 1
154647,2026-02-27,9 19 23 30 34 | 3
154648,2026-02-27,6 26 34 35 36 | 3
154649,2026-02-27,4 10 16 20 28 | 1
154650,2026-02-27,8 21 22 24 34 | 1
154651,2026-02-27,3 20 21 23 36 | 2
154652,2026-02-27,4 6 14 21 35 | 4
154653,2026-02-27,1 9 10 11 22 | 2
154654,2026-02-27,1 18 23 24 31 | 4
154655,2026-02-27,4 12 20 29 31 | 2
154656,2026-02-27,13 16 25 32 36 | 2
154657,2026-02-27,3 24 26 30 31 | 2
154658,2026-02-27,15 18 23 26 36 | 2
154659,2026-02-27,6 16 19 33 34 | 1
154660,2026-02-27,1 2 10 22 30 | 4
154661,2026-02-27,3 19 28 33 35 | 2
154662,2026-02-27,11 13 17 20 34 | 3
154663,2026-02-27,9 10 23 25 31 | 1
154664,2026-02-27,8 9 10 16 34 | 1
154665,2026-02-27,4 14 23 28 34 | 4
154666,2026-02-27,11 12 15 19 28 | 4
154667,2026-02-27,5 7 22 24 29 | 4
154668,2026-02-27,1 7 17 24 25 | 3
154669,2026-02-27,8 15 17 31 36 | 4
154670,2026-02-27,6 9 12 19 28 | 4
154671,2026-02-27,5 6 13 15 27 | 3
154672,2026-02-27,8 14 19 35 36 | 2
154673,2026-02-27,15 16 17 29 35 | 4
154674,2026-02-27,13 17 19 22 30 | 2
154675,2026-02-27,17 18 22 24 28 | 4
154676,2026-02-27,5 7 10 15 36 | 4
154677,2026-02-27,4 7 9 16 18 | 1
154678,2026-02-27,3 5 8 17 23 | 1
154679,2026-02-27,14 16 22 23 33 | 2
154680,2026-02-27,1 5 6 21 28 | 3
154681,2026-02-27,6 23 27 31 33 | 1
154682,2026-02-27,2 27 28 29 31 | 3
154683,2026-02-27,1 3 27 31 32 | 2
154684,2026-02-27,6 10 17 19 23 | 3
154685,2026-02-27,5 20 21 22 36 | 1
154686,2026-02-27,6 21 23 32 34 | 4
154687,2026-02-27,15 18 23 33 34 | 3
154688,2026-02-27,7 13 21 35 36 | 1
154689,2026-02-27,1 4 7 26 31 | 2
154690,2026-02-27,14 21 23 32 35 | 4
154691,2026-02-27,5 6 13 32 35 | 4
154692,2026-02-28,12 24 25 28 29 | 3
154693,2026-02-28,6 21 27 32 34 | 4
154694,2026-02-28,2 10 32 35 36 | 2
154695,2026-02-28,7 19 21 27 35 | 4
154696,2026-02-28,2 10 19 20 25 | 1
154697,2026-02-28,1 12 20 29 31 | 4
154698,2026-02-28,4 9 25 31 34 | 2
154699,2026-02-28,3 4 16 23 30 | 2
154700,2026-02-28,8 23 28 29 34 | 3
154701,2026-02-28,3 9 21 24 30 | 2
154702,2026-02-28,1 5 17 19 28 | 2
154703,2026-02-28,1 6 14 17 23 | 1
154704,2026-02-28,10 20 25 28 32 | 1
154705,2026-02-28,2 3 4 11 20 | 2
154706,2026-02-28,3 5 6 8 27 | 3
154707,2026-02-28,3 15 32 33 35 | 3
154708,2026-02-28,1 12 16 17 25 | 3
154709,2026-02-28,11 15 20 33 34 | 4
154710,2026-02-28,15 19 20 31 33 | 2
154711,2026-02-28,1 10 21 31 34 | 2
154712,2026-02-28,5 7 9 19 31 | 4
154713,2026-02-28,5 11 21 32 35 | 4
154714,2026-02-28,8 16 28 30 32 | 4
154715,2026-02-28,3 13 17 31 36 | 3
154716,2026-02-28,2 12 21 25 35 | 3
154717,2026-02-28,1 3 9 11 21 | 3
154718,2026-02-28,11 12 17 18 34 | 4
154719,2026-02-28,2 13 14 19 32 | 1
154720,2026-02-28,2 8 14 28 32 | 2
154721,2026-02-28,8 11 17 24 32 | 1
154722,2026-02-28,8 14 15 22 25 | 3
154723,2026-02-28,4 12 18 21 24 | 3
154724,2026-02-28,6 28 31 32 34 | 3
154725,2026-02-28,10 18 23 24 34 | 3
154726,2026-02-28,9 17 20 21 32 | 1
154727,2026-02-28,13 17 20 35 36 | 4
154728,2026-02-28,4 5 8 16 23 | 1
154729,2026-02-28,3 14 17 22 28 | 1
154730,2026-02-28,9 18 22 24 31 | 2
154731,2026-02-28,2 6 25 26 27 | 4
154732,2026-02-28,3 8 9 11 20 | 1
154733,2026-02-28,9 20 21 25 34 | 1
154734,2026-02-28,2 5 7 18 24 | 2
154735,2026-02-28,1 5 19 25 29 | 2
154736,2026-02-28,5 11 20 27 32 | 2
154737,2026-02-28,3 8 19 26 33 | 2
154738,2026-02-28,2 11 19 20 31 | 2
154739,2026-02-28,4 14 21 30 31 | 4
154740,2026-02-28,1 3 11 20 22 | 4
154741,2026-02-28,6 14 17 19 32 | 3
154742,2026-02-28,4 15 22 23 27 | 1
154743,2026-02-28,8 11 18 19 33 | 2
154744,2026-02-28,5 12 13 23 25 | 1
154745,2026-02-28,11 13 15 32 35 | 4
154746,2026-02-28,4 7 21 25 36 | 2
154747,2026-02-28,5 7 16 17 25 | 4
154748,2026-02-28,4 15 18 26 27 | 2
154749,2026-02-28,5 12 24 25 36 | 4
154750,2026-02-28,5 10 14 24 30 | 1
154751,2026-03-01,1 6 17 18 31 | 2
154752,2026-03-01,3 11 27 32 35 | 1
154753,2026-03-01,5 17 26 28 36 | 3
154754,2026-03-01,9 17 27 31 36 | 1
154755,2026-03-01,2 6 16 19 33 | 1
154756,2026-03-01,2 4 23 27 31 | 2
154757,2026-03-01,8 19 25 30 32 | 4
154758,2026-03-01,17 22 29 31 35 | 4
154759,2026-03-01,6 14 22 31 33 | 4
154760,2026-03-01,2 5 20 22 35 | 4
154761,2026-03-01,2 4 14 23 24 | 4
154762,2026-03-01,7 14 22 23 27 | 4
154763,2026-03-01,4 6 11 28 35 | 3
154764,2026-03-01,1 2 8 16 31 | 2
154765,2026-03-01,2 9 10 24 30 | 2
154766,2026-03-01,3 9 11 19 20 | 4
154767,2026-03-01,15 18 25 30 32 | 4
154768,2026-03-01,1 12 26 27 34 | 1
154769,2026-03-01,9 10 23 26 28 | 2
154770,2026-03-01,3 6 20 25 30 | 1
154771,2026-03-01,16 19 29 30 35 | 3
154772,2026-03-01,11 15 23 29 32 | 2
154773,2026-03-01,10 23 27 28 33 | 3
154774,2026-03-01,2 3 20 21 23 | 3
154775,2026-03-01,2 22 27 28 32 | 2
154776,2026-03-01,2 8 12 21 27 | 4
154777,2026-03-01,5 12 25 29 31 | 1
154778,2026-03-01,2 8 19 24 28 | 3
154779,2026-03-01,19 24 32 33 36 | 2
154780,2026-03-01,16 18 23 26 32 | 2
154781,2026-03-01,4 11 13 14 26 | 1
154782,2026-03-01,8 14 17 31 34 | 1
154783,2026-03-01,2 13 21 25 36 | 2
154784,2026-03-01,4 13 19 27 28 | 4
154785,2026-03-01,2 14 16 23 30 | 2
154786,2026-03-01,13 14 20 27 31 | 1
154787,2026-03-01,10 13 15 22 36 | 4
154788,2026-03-01,4 5 6 21 22 | 4
154789,2026-03-01,10 17 22 24 36 | 3
154790,2026-03-01,9 17 23 24 27 | 4
154791,2026-03-01,14 20 24 28 30 | 2
154792,2026-03-01,4 7 18 25 27 | 3
154793,2026-03-01,4 6 23 25 34 | 4
154794,2026-03-01,9 14 16 23 32 | 2
154795,2026-03-01,3 8 12 22 28 | 3
154796,2026-03-01,1 11 18 26 31 | 1
154797,2026-03-01,5 9 13 20 31 | 3
154798,2026-03-01,3 15 16 20 22 | 3
154799,2026-03-01,11 20 33 35 36 | 2
154800,2026-03-01,5 11 18 22 27 | 3
154801,2026-03-01,6 13 26 27 30 | 4
154802,2026-03-01,2 12 13 23 35 | 1
154803,2026-03-01,8 17 28 32 33 | 3
154804,2026-03-01,4 6 10 24 28 | 1
154805,2026-03-01,17 22 27 34 35 | 4
154806,2026-03-01,13 25 26 31 36 | 2
154807,2026-03-01,12 22 23 25 28 | 2
154808,2026-03-01,9 13 24 27 36 | 1
154809,2026-03-01,4 10 16 23 27 | 2
154810,2026-03-01,12 18 21 24 31 | 2
154811,2026-03-02,4 12 18 21 34 | 3
154812,2026-03-02,8 9 15 22 35 | 4
154813,2026-03-02,7 15 16 20 28 | 2
154814,2026-03-02,6 16 17 22 36 | 2
154815,2026-03-02,3 9 10 18 32 | 2
154816,2026-03-02,9 13 14 28 32 | 3
154817,2026-03-02,3 15 24 25 26 | 3
154818,2026-03-02,3 6 7 20 24 | 1
154819,2026-03-02,1 6 8 18 22 | 2
154820,2026-03-02,1 11 12 33 34 | 4
154821,2026-03-02,3 8 21 24 30 | 3
154822,2026-03-02,8 11 13 21 33 | 1
154823,2026-03-02,5 9 16 23 26 | 2
154824,2026-03-02,3 4 17 31 36 | 2
154825,2026-03-02,6 7 19 28 31 | 3
154826,2026-03-02,17 20 29 32 34 | 3
154827,2026-03-02,11 22 29 30 35 | 3
154828,2026-03-02,10 11 16 24 30 | 4
154829,2026-03-02,8 15 17 27 34 | 2
154830,2026-03-02,4 14 24 25 26 | 4
154831,2026-03-02,2 11 14 17 32 | 1
154832,2026-03-02,3 4 19 25 32 | 3
154833,2026-03-02,4 10 15 17 20 | 3
154834,2026-03-02,5 9 17 25 33 | 2
154835,2026-03-02,1 2 24 28 33 | 2
154836,2026-03-02,1 3 5 19 20 | 2
154837,2026-03-02,2 8 20 28 32 | 4
154838,2026-03-02,11 12 19 29 35 | 3
154839,2026-03-02,1 18 21 24 28 | 4
154840,2026-03-02,9 11 15 27 31 | 1
154841,2026-03-02,2 7 13 17 23 | 4
154842,2026-03-02,1 21 25 30 31 | 3
154843,2026-03-02,14 15 22 28 34 | 4
154844,2026-03-02,15 18 27 28 32 | 2
154845,2026-03-02,7 18 21 25 29 | 4
154846,2026-03-02,23 30 32 33 35 | 3
154847,2026-03-02,4 12 16 22 27 | 4
154848,2026-03-02,20 24 25 29 31 | 4
154849,2026-03-02,3 10 12 16 22 | 3
154850,2026-03-02,15 17 20 23 32 | 1
154851,2026-03-02,5 7 16 22 31 | 4
154852,2026-03-02,6 15 19 21 32 | 2
154853,2026-03-02,6 12 15 19 28 | 3
154854,2026-03-02,5 12 14 15 22 | 1
154855,2026-03-02,4 8 16 25 26 | 4
154856,2026-03-02,5 15 22 28 31 | 1
154857,2026-03-02,1 3 11 31 36 | 2
154858,2026-03-02,3 9 15 18 34 | 4
154859,2026-03-02,12 28 30 31 35 | 3
154860,2026-03-02,9 21 26 33 35 | 1
154861,2026-03-02,4 10 13 24 30 | 3
154862,2026-03-02,2 15 20 21 36 | 1
154863,2026-03-02,5 24 25 29 32 | 2
154864,2026-03-02,2 5 14 20 33 | 2
154865,2026-03-02,5 14 22 30 32 | 3
154866,2026-03-02,1 5 7 13 34 | 1
154867,2026-03-02,5 6 7 23 27 | 3
154868,2026-03-02,3 4 6 15 21 | 2
154869,2026-03-02,6 14 17 18 25 | 3
154870,2026-03-02,9 11 15 23 30 | 3
154871,2026-03-03,8 15 17 22 31 | 3
154872,2026-03-03,2 6 10 30 36 | 2
154873,2026-03-03,6 13 26 27 36 | 1
154874,2026-03-03,10 12 19 22 26 | 2
154875,2026-03-03,5 7 14 24 31 | 3
154876,2026-03-03,4 5 15 30 35 | 2
154877,2026-03-03,7 11 29 31 32 | 3
154878,2026-03-03,1 14 18 23 27 | 1
154879,2026-03-03,16 21 22 23 35 | 2
154880,2026-03-03,10 15 16 19 29 | 3
154881,2026-03-03,12 13 14 15 16 | 2
154882,2026-03-03,7 21 25 29 33 | 3
154883,2026-03-03,2 7 18 22 23 | 4
154884,2026-03-03,1 4 30 31 36 | 3
154885,2026-03-03,8 10 16 17 24 | 2
154886,2026-03-03,13 16 17 25 35 | 2
154887,2026-03-03,10 12 13 15 16 | 4
154888,2026-03-03,3 21 30 34 36 | 4
154889,2026-03-03,8 13 16 23 34 | 4
154890,2026-03-03,13 22 25 32 35 | 4
154891,2026-03-03,1 16 23 32 36 | 1
154892,2026-03-03,12 16 23 30 33 | 3
154893,2026-03-03,6 17 21 22 35 | 3
154894,2026-03-03,9 17 20 21 25 | 3
154895,2026-03-03,10 12 16 25 33 | 2
154896,2026-03-03,1 6 19 25 36 | 1
154897,2026-03-03,8 15 24 27 30 | 2
154898,2026-03-03,6 15 17 27 35 | 4
154899,2026-03-03,5 7 12 23 31 | 4
154900,2026-03-03,13 16 17 24 26 | 2
154901,2026-03-03,1 6 10 15 19 | 3
154902,2026-03-03,2 5 12 20 25 | 2
154903,2026-03-03,3 6 28 33 34 | 1
154904,2026-03-03,2 9 12 13 14 | 3
154905,2026-03-03,1 11 16 28 36 | 3
154906,2026-03-03,12 16 17 26 30 | 2
154907,2026-03-03,6 7 9 11 32 | 1
154908,2026-03-03,9 11 16 23 33 | 4
154909,2026-03-03,4 5 7 24 31 | 1
154910,2026-03-03,1 3 17 24 33 | 3
154911,2026-03-03,9 15 32 33 36 | 3
154912,2026-03-03,3 4 12 31 35 | 1
154913,2026-03-03,8 13 16 22 23 | 4
154914,2026-03-03,12 23 25 27 36 | 4
154915,2026-03-03,10 19 20 26 31 | 3
154916,2026-03-03,7 12 14 21 34 | 1
154917,2026-03-03,1 4 12 20 24 | 2
154918,2026-03-03,18 19 22 23 35 | 3
154919,2026-03-03,7 11 14 30 31 | 3
154920,2026-03-03,6 13 22 29 31 | 3
154921,2026-03-03,13 15 20 27 32 | 4
154922,2026-03-03,5 6 29 30 33 | 2
154923,2026-03-03,1 4 11 19 20 | 1
154924,2026-03-03,4 13 14 16 34 | 4
154925,2026-03-03,2 14 17 29 34 | 3
154926,2026-03-03,5 7 14 18 21 | 1
154927,2026-03-03,9 15 19 22 36 | 1
154928,2026-03-03,1 15 20 25 36 | 3
154929,2026-03-03,10 22 30 31 32 | 3
154930,2026-03-03,5 11 16 23 31 | 3
154931,2026-03-04,3 7 8 9 30 | 3
154932,2026-03-04,3 4 30 32 35 | 3
154933,2026-03-04,7 25 27 29 33 | 1
154934,2026-03-04,9 10 13 18 36 | 3
154935,2026-03-04,2 10 16 34 36 | 2
154936,2026-03-04,22 29 32 33 34 | 2
154937,2026-03-04,10 18 19 25 32 | 3
154938,2026-03-04,18 22 25 28 33 | 4
154939,2026-03-04,2 16 22 25 33 | 4
154940,2026-03-04,7 14 17 25 30 | 2
154941,2026-03-04,3 11 16 28 32 | 2
154942,2026-03-04,2 5 10 16 32 | 3
154943,2026-03-04,7 11 14 23 27 | 1
154944,2026-03-04,1 7 8 17 31 | 4
154945,2026-03-04,4 5 18 25 35 | 2
154946,2026-03-04,15 25 31 33 36 | 4
154947,2026-03-04,11 18 20 23 27 | 3
154948,2026-03-04,19 21 22 23 30 | 3
154949,2026-03-04,1 2 6 9 23 | 3
154950,2026-03-04,3 7 10 15 36 | 3
154951,2026-03-04,3 13 18 22 25 | 4
154952,2026-03-04,3 6 24 33 35 | 3
154953,2026-03-04,4 5 14 18 32 | 1
154954,2026-03-04,8 12 15 30 34 | 3
154955,2026-03-04,10 16 32 35 36 | 3
154956,2026-03-04,2 25 27 30 31 | 2
154957,2026-03-04,10 13 17 26 36 | 3
154958,2026-03-04,8 12 15 32 36 | 2
154959,2026-03-04,1 7 19 30 33 | 4
154960,2026-03-04,2 4 28 32 36 | 2
154961,2026-03-04,1 21 23 26 31 | 3
154962,2026-03-04,10 11 14 17 29 | 2
154963,2026-03-04,3 11 27 34 35 | 3
154964,2026-03-04,3 22 27 29 32 | 2
154965,2026-03-04,9 11 18 33 35 | 4
154966,2026-03-04,3 7 9 31 35 | 1
154967,2026-03-04,8 10 14 18 23 | 2
154968,2026-03-04,1 10 11 21 25 | 4
154969,2026-03-04,6 19 22 29 33 | 4
154970,2026-03-04,7 13 23 25 30 | 1
154971,2026-03-04,7 9 14 34 36 | 4
154972,2026-03-04,11 18 20 30 32 | 3
154973,2026-03-04,6 9 23 31 34 | 4
154974,2026-03-04,16 26 28 32 34 | 3
154975,2026-03-04,10 12 17 27 32 | 2
154976,2026-03-04,2 3 11 14 27 | 3
154977,2026-03-04,8 22 23 26 36 | 4
154978,2026-03-04,2 18 26 28 33 | 4
154979,2026-03-04,10 12 18 19 26 | 3
154980,2026-03-04,2 21 33 34 35 | 3
154981,2026-03-04,2 3 6 15 25 | 4
154982,2026-03-04,2 9 16 34 35 | 3
154983,2026-03-04,13 20 21 34 36 | 1
154984,2026-03-04,5 8 14 18 30 | 4
154985,2026-03-04,1 4 6 21 27 | 3
154986,2026-03-04,10 11 15 16 28 | 4
154987,2026-03-04,2 9 10 16 34 | 4
154988,2026-03-04,9 16 18 23 36 | 2
154989,2026-03-04,5 11 22 26 28 | 3
154990,2026-03-04,7 14 18 21 33 | 4
154991,2026-03-05,5 19 25 26 36 | 1
154992,2026-03-05,7 13 19 20 33 | 4
154993,2026-03-05,3 11 20 22 24 | 4
154994,2026-03-05,10 20 26 30 36 | 2
154995,2026-03-05,6 10 11 18 32 | 1
154996,2026-03-05,15 29 30 31 33 | 2
154997,2026-03-05,11 23 29 32 33 | 2
154998,2026-03-05,7 8 16 25 28 | 4
154999,2026-03-05,3 13 29 35 36 | 4
155000,2026-03-05,6 18 25 29 33 | 3
155001,2026-03-05,9 11 19 23 27 | 1
155002,2026-03-05,9 11 15 27 30 | 1
155003,2026-03-05,9 10 16 18 29 | 3
155004,2026-03-05,2 13 20 21 30 | 2
155005,2026-03-05,11 16 21 24 30 | 3
155006,2026-03-05,9 12 22 29 32 | 1
155007,2026-03-05,1 15 16 29 32 | 1
155008,2026-03-05,9 10 14 16 33 | 3
155009,2026-03-05,12 18 24 30 34 | 3
155010,2026-03-05,3 5 8 9 14 | 4
155011,2026-03-05,11 24 31 32 36 | 4
155012,2026-03-05,23 25 30 35 36 | 4
155013,2026-03-05,5 8 18 22 29 | 2
155014,2026-03-05,10 14 23 32 33 | 1
155015,2026-03-05,7 16 21 23 29 | 2
155016,2026-03-05,1 4 31 32 35 | 4
155017,2026-03-05,7 9 16 17 27 | 3
155018,2026-03-05,11 12 24 26 36 | 4
155019,2026-03-05,2 3 6 8 28 | 3
155020,2026-03-05,10 17 22 25 29 | 3
155021,2026-03-05,5 6 17 21 34 | 2
155022,2026-03-05,1 11 16 17 18 | 3
155023,2026-03-05,9 11 14 31 32 | 2
155024,2026-03-05,13 23 28 31 35 | 2
155025,2026-03-05,6 21 28 30 33 | 2
155026,2026-03-05,14 16 21 27 34 | 4
155027,2026-03-05,1 3 8 15 16 | 2
155028,2026-03-05,7 14 18 22 28 | 4
155029,2026-03-05,3 11 13 33 34 | 2
155030,2026-03-05,12 18 21 23 34 | 3
155031,2026-03-05,2 11 18 22 34 | 3
155032,2026-03-05,2 4 15 20 26 | 2
155033,2026-03-05,6 10 11 26 30 | 2
155034,2026-03-05,1 14 16 28 32 | 1
155035,2026-03-05,4 8 21 30 33 | 1
155036,2026-03-05,1 2 4 8 12 | 3
155037,2026-03-05,5 15 25 26 29 | 3
155038,2026-03-05,4 6 9 11 26 | 2
155039,2026-03-05,1 5 10 22 29 | 1
155040,2026-03-05,3 17 18 25 34 | 3
155041,2026-03-05,4 15 21 31 34 | 2
155042,2026-03-05,3 21 29 30 35 | 4
155043,2026-03-05,14 20 24 25 33 | 2
155044,2026-03-05,10 19 24 26 34 | 1
155045,2026-03-05,10 16 22 24 25 | 1
155046,2026-03-05,6 13 18 26 27 | 1
155047,2026-03-05,6 15 19 20 23 | 1
155048,2026-03-05,1 5 28 31 35 | 2
155049,2026-03-05,6 15 22 30 34 | 4
155050,2026-03-05,7 8 9 21 26 | 1
155051,2026-03-06,12 18 24 28 34 | 2
155052,2026-03-06,13 19 21 23 32 | 4
155053,2026-03-06,2 5 14 30 31 | 1
155054,2026-03-06,5 6 25 29 31 | 1
155055,2026-03-06,6 12 14 21 26 | 4
155056,2026-03-06,5 8 12 28 33 | 2
155057,2026-03-06,9 20 25 30 33 | 4
155058,2026-03-06,3 12 21 26 29 | 2
155059,2026-03-06,12 13 25 34 36 | 1
155060,2026-03-06,4 5 16 18 33 | 3
155061,2026-03-06,7 11 13 26 34 | 4
155062,2026-03-06,3 6 14 19 24 | 4
155063,2026-03-06,2 6 7 8 14 | 4
155064,2026-03-06,9 10 22 25 26 | 1
155065,2026-03-06,1 2 20 24 34 | 1
155066,2026-03-06,2 15 20 26 36 | 1
155067,2026-03-06,3 12 14 19 31 | 2
155068,2026-03-06,4 8 11 23 24 | 4
155069,2026-03-06,3 13 17 22 24 | 1
155070,2026-03-06,4 10 14 28 31 | 3
155071,2026-03-06,7 16 26 34 35 | 3
155072,2026-03-06,14 16 25 31 33 | 4
155073,2026-03-06,2 8 14 28 35 | 4
155074,2026-03-06,4 8 10 28 29 | 2
155075,2026-03-06,10 16 17 20 30 | 3
155076,2026-03-06,1 12 26 31 33 | 2
155077,2026-03-06,3 4 9 12 18 | 2
155078,2026-03-06,6 12 21 29 35 | 3
155079,2026-03-06,5 8 23 30 32 | 4
155080,2026-03-06,5 20 27 33 34 | 4
155081,2026-03-06,11 13 26 33 34 | 4
155082,2026-03-06,3 11 20 26 36 | 4
155083,2026-03-06,11 16 22 28 36 | 2
155084,2026-03-06,1 7 16 18 28 | 3
155085,2026-03-06,5 20 21 33 36 | 3
155086,2026-03-06,6 15 25 26 33 | 1
155087,2026-03-06,13 14 22 27 32 | 4
155088,2026-03-06,8 17 21 24 29 | 2
155089,2026-03-06,5 6 17 21 30 | 1
155090,2026-03-06,6 14 24 27 34 | 3
155091,2026-03-06,5 8 15 21 32 | 2
155092,2026-03-06,7 19 21 25 35 | 2
155093,2026-03-06,17 18 20 21 32 | 2
155094,2026-03-06,2 8 10 18 33 | 3
155095,2026-03-06,1 2 18 27 35 | 1
155096,2026-03-06,5 6 10 17 32 | 3
155097,2026-03-06,8 11 12 13 26 | 2
155098,2026-03-06,9 12 14 23 31 | 4
155099,2026-03-06,7 12 13 25 33 | 4
155100,2026-03-06,2 3 10 13 20 | 3
155101,2026-03-06,11 14 16 18 24 | 2
155102,2026-03-06,19 21 25 27 31 | 4
155103,2026-03-06,4 11 23 24 36 | 1
155104,2026-03-06,2 21 22 24 31 | 1
155105,2026-03-06,1 2 6 9 30 | 1
155106,2026-03-06,9 11 12 26 32 | 4
155107,2026-03-06,4 15 20 23 32 | 4
155108,2026-03-06,3 12 22 30 34 | 4
155109,2026-03-06,10 16 24 25 29 | 2
155110,2026-03-06,1 8 12 30 35 | 1
155111,2026-03-07,3 5 7 12 22 | 3
155112,2026-03-07,1 7 14 20 35 | 4
155113,2026-03-07,5 7 18 19 24 | 2
155114,2026-03-07,1 9 15 20 27 | 3
155115,2026-03-07,8 9 12 17 20 | 3
155116,2026-03-07,3 10 14 22 24 | 3
155117,2026-03-07,11 22 25 30 34 | 4
155118,2026-03-07,15 16 20 22 27 | 2
155119,2026-03-07,8 10 12 28 29 | 2
155120,2026-03-07,2 10 22 23 29 | 3
155121,2026-03-07,15 21 24 27 36 | 4
155122,2026-03-07,21 25 26 28 35 | 3
155123,2026-03-07,5 19 30 31 36 | 1
155124,2026-03-07,1 5 16 17 22 | 3
155125,2026-03-07,12 15 25 32 35 | 3
155126,2026-03-07,18 26 27 31 36 | 1
155127,2026-03-07,18 20 23 28 35 | 1
155128,2026-03-07,6 13 19 22 24 | 4
155129,2026-03-07,1 6 14 15 33 | 2
155130,2026-03-07,5 11 27 29 36 | 2
155131,2026-03-07,1 2 9 15 35 | 3
155132,2026-03-07,12 14 22 26 32 | 1
155133,2026-03-07,5 16 22 26 36 | 4
155134,2026-03-07,1 16 19 20 28 | 3
155135,2026-03-07,2 3 6 20 36 | 2
155136,2026-03-07,1 2 13 21 35 | 3
155137,2026-03-07,6 11 17 22 23 | 1
155138,2026-03-07,1 15 26 31 34 | 4
155139,2026-03-07,2 4 10 17 20 | 4
155140,2026-03-07,1 2 27 29 30 | 2
155141,2026-03-07,3 4 9 12 18 | 3
155142,2026-03-07,5 18 24 28 32 | 3
155143,2026-03-07,5 10 15 25 34 | 4
155144,2026-03-07,5 17 19 23 30 | 3
155145,2026-03-07,6 9 20 22 24 | 4
155146,2026-03-07,8 17 28 31 32 | 3
155147,2026-03-07,2 5 16 18 32 | 3
155148,2026-03-07,1 12 13 17 22 | 4
155149,2026-03-07,8 14 15 19 27 | 1
155150,2026-03-07,7 11 12 23 32 | 4
155151,2026-03-07,3 16 20 26 30 | 3
155152,2026-03-07,4 7 16 25 34 | 3
155153,2026-03-07,6 13 14 31 36 | 3
155154,2026-03-07,11 14 15 23 30 | 3
155155,2026-03-07,3 15 19 25 29 | 1
155156,2026-03-07,11 13 16 31 33 | 4
155157,2026-03-07,4 10 13 14 26 | 3
155158,2026-03-07,2 3 13 14 34 | 3
155159,2026-03-07,15 18 26 33 34 | 4
155160,2026-03-07,15 23 28 34 36 | 2
155161,2026-03-07,1 6 13 24 33 | 2
155162,2026-03-07,1 3 19 22 30 | 4
155163,2026-03-07,7 21 30 32 34 | 2
155164,2026-03-07,18 24 29 33 36 | 2
155165,2026-03-07,2 8 20 30 34 | 1
155166,2026-03-07,11 12 19 24 32 | 3
155167,2026-03-07,20 21 24 29 36 | 1
155168,2026-03-07,3 21 26 35 36 | 2
155169,2026-03-07,5 8 17 22 26 | 2
155170,2026-03-08,4 7 23 24 30 | 2
155171,2026-03-08,14 17 20 25 29 | 2
155172,2026-03-08,5 20 24 25 31 | 4
155173,2026-03-08,1 5 8 18 23 | 3
155174,2026-03-08,4 9 13 22 28 | 4
155175,2026-03-08,3 13 15 16 34 | 4
155176,2026-03-08,13 19 21 24 26 | 2
155177,2026-03-08,6 12 22 23 31 | 4
155178,2026-03-08,8 23 26 27 31 | 1
155179,2026-03-08,5 14 15 17 18 | 1
155180,2026-03-08,2 17 20 21 22 | 3
155181,2026-03-08,3 6 8 21 35 | 3
155182,2026-03-08,9 15 17 23 33 | 4
155183,2026-03-08,2 4 8 13 31 | 2
155184,2026-03-08,11 12 27 28 33 | 3
155185,2026-03-08,11 16 17 26 30 | 2
155186,2026-03-08,5 18 24 25 28 | 4
155187,2026-03-08,4 7 21 25 28 | 1
155188,2026-03-08,7 15 22 23 33 | 1
155189,2026-03-08,17 21 22 29 32 | 2
155190,2026-03-08,3 4 17 19 30 | 1
155191,2026-03-08,7 12 16 17 19 | 4
155192,2026-03-08,3 7 8 13 34 | 3
155193,2026-03-08,3 11 13 20 29 | 2
155194,2026-03-08,3 10 19 20 31 | 1
155195,2026-03-08,7 10 18 29 34 | 1
155196,2026-03-08,3 4 14 27 33 | 2
155197,2026-03-08,3 13 18 27 32 | 4
155198,2026-03-08,3 14 28 32 35 | 4
155199,2026-03-08,1 13 19 23 24 | 4
155200,2026-03-08,4 9 10 14 26 | 3
155201,2026-03-08,7 8 12 28 33 | 4
155202,2026-03-08,13 16 17 26 35 | 3
155203,2026-03-08,2 6 7 19 23 | 1
155204,2026-03-08,1 17 20 23 24 | 2
155205,2026-03-08,8 11 12 17 18 | 2
155206,2026-03-08,8 14 25 32 36 | 4
155207,2026-03-08,6 12 16 23 27 | 4
155208,2026-03-08,3 4 5 8 9 | 3
155209,2026-03-08,7 13 14 17 36 | 4
155210,2026-03-08,2 3 16 22 28 | 2
155211,2026-03-08,8 17 27 28 29 | 1
155212,2026-03-08,5 7 19 29 35 | 4
155213,2026-03-08,1 8 10 14 18 | 1
155214,2026-03-08,20 24 28 31 34 | 4
155215,2026-03-08,2 4 21 31 32 | 3
155216,2026-03-08,10 12 29 30 33 | 2
155217,2026-03-08,8 11 26 27 29 | 1
155218,2026-03-08,9 13 16 27 32 | 3
155219,2026-03-08,7 17 23 28 29 | 3
155220,2026-03-08,3 4 23 30 33 | 3
155221,2026-03-08,1 2 25 26 28 | 3
155222,2026-03-08,2 7 20 26 33 | 1
155223,2026-03-08,2 8 18 19 23 | 1
155224,2026-03-08,7 9 13 18 36 | 4
155225,2026-03-08,8 18 27 28 35 | 3
155226,2026-03-08,8 10 16 24 34 | 1
155227,2026-03-08,1 2 13 22 23 | 1
155228,2026-03-08,1 6 21 33 34 | 4
155229,2026-03-08,15 19 23 30 33 | 3
155230,2026-03-09,2 11 19 28 30 | 1
155231,2026-03-09,8 13 23 33 36 | 2
155232,2026-03-09,4 7 18 21 28 | 3
155233,2026-03-09,4 11 17 19 23 | 1
155234,2026-03-09,4 10 14 17 27 | 3
155235,2026-03-09,20 21 26 28 30 | 2
155236,2026-03-09,5 12 15 28 32 | 2
155237,2026-03-09,13 14 16 26 29 | 2
155238,2026-03-09,13 22 26 29 31 | 4
155239,2026-03-09,2 3 4 12 29 | 1
155240,2026-03-09,5 14 16 18 33 | 4
155241,2026-03-09,3 8 13 20 33 | 2
155242,2026-03-09,9 14 17 33 34 | 1
155243,2026-03-09,12 15 28 31 34 | 1
155244,2026-03-09,9 16 31 35 36 | 2
155245,2026-03-09,8 10 21 23 28 | 3
155246,2026-03-09,5 16 22 24 25 | 3
155247,2026-03-09,1 2 13 16 34 | 3
155248,2026-03-09,2 23 30 33 34 | 4
155249,2026-03-09,9 16 21 24 28 | 2
155250,2026-03-09,3 6 11 16 17 | 2
155251,2026-03-09,2 7 9 23 27 | 3
155252,2026-03-09,1 3 15 22 34 | 4
155253,2026-03-09,1 5 10 21 34 | 2
155254,2026-03-09,8 10 19 22 36 | 4
155255,2026-03-09,14 20 31 34 35 | 2
155256,2026-03-09,4 13 20 29 34 | 3
155257,2026-03-09,1 16 18 21 29 | 4
155258,2026-03-09,3 7 27 29 35 | 4
155259,2026-03-09,5 6 8 27 31 | 1
155260,2026-03-09,2 10 20 28 29 | 2
155261,2026-03-09,2 12 14 34 35 | 3
155262,2026-03-09,8 14 18 24 31 | 1
155263,2026-03-09,2 8 11 24 28 | 1
155264,2026-03-09,2 3 21 22 27 | 3
155265,2026-03-09,2 5 10 18 32 | 1
155266,2026-03-09,1 7 17 28 30 | 3
155267,2026-03-09,6 15 30 31 34 | 1
155268,2026-03-09,7 14 16 20 30 | 4
155269,2026-03-09,12 13 24 28 32 | 3
155270,2026-03-09,13 14 17 26 32 | 3
155271,2026-03-09,2 11 18 30 36 | 1
155272,2026-03-09,7 13 24 29 30 | 2
155273,2026-03-09,14 23 27 30 34 | 2
155274,2026-03-09,15 18 24 27 31 | 3
155275,2026-03-09,2 9 27 29 35 | 4
155276,2026-03-09,5 6 17 25 27 | 4
155277,2026-03-09,10 11 14 31 35 | 2
155278,2026-03-09,4 7 9 24 30 | 2
155279,2026-03-09,2 4 8 15 25 | 3
155280,2026-03-09,4 11 22 29 33 | 4
155281,2026-03-09,11 27 29 31 35 | 3
155282,2026-03-09,6 11 25 26 36 | 2
155283,2026-03-09,9 17 23 27 35 | 1
155284,2026-03-09,2 7 21 31 33 | 4
155285,2026-03-09,14 20 23 24 36 | 4
155286,2026-03-09,2 9 21 24 31 | 2
155287,2026-03-09,6 7 10 22 27 | 3
155288,2026-03-09,10 12 22 23 34 | 2
155289,2026-03-09,4 22 26 32 34 | 1
155290,2026-03-10,3 8 22 30 34 | 4
155291,2026-03-10,16 20 27 28 29 | 1
155292,2026-03-10,5 10 14 18 21 | 2
155293,2026-03-10,5 8 23 26 28 | 4
155294,2026-03-10,1 2 24 29 36 | 2
155295,2026-03-10,2 3 10 18 19 | 3
155296,2026-03-10,7 15 16 21 32 | 2
155297,2026-03-10,2 7 12 16 21 | 2
155298,2026-03-10,6 8 14 22 34 | 4
155299,2026-03-10,3 9 12 23 35 | 3
155300,2026-03-10,7 10 11 21 34 | 4
155301,2026-03-10,1 13 14 16 25 | 1
155302,2026-03-10,5 8 10 21 36 | 4
155303,2026-03-10,13 15 16 23 25 | 4
155304,2026-03-10,11 16 17 21 30 | 4
155305,2026-03-10,4 12 19 22 36 | 3
155306,2026-03-10,11 15 22 23 29 | 3
155307,2026-03-10,3 14 16 24 29 | 2
155308,2026-03-10,13 17 21 26 33 | 2
155309,2026-03-10,6 7 20 21 33 | 2
155310,2026-03-10,2 6 13 15 16 | 3
155311,2026-03-10,11 14 17 33 35 | 3
155312,2026-03-10,10 22 25 35 36 | 3
155313,2026-03-10,2 10 25 28 29 | 2
155314,2026-03-10,7 8 13 28 32 | 2
155315,2026-03-10,2 4 25 33 35 | 3
155316,2026-03-10,3 5 21 27 36 | 3
155317,2026-03-10,4 5 17 27 34 | 3
155318,2026-03-10,13 14 23 28 32 | 1
155319,2026-03-10,4 20 24 27 36 | 4
155320,2026-03-10,3 12 20 22 31 | 3
155321,2026-03-10,10 16 20 26 34 | 2
155322,2026-03-10,7 10 15 17 34 | 3
155323,2026-03-10,5 10 23 26 27 | 1
155324,2026-03-10,5 6 18 19 26 | 1
155325,2026-03-10,19 27 29 31 32 | 2
155326,2026-03-10,4 6 19 27 34 | 1
155327,2026-03-10,14 17 19 21 34 | 4
155328,2026-03-10,8 13 15 19 23 | 4
155329,2026-03-10,2 7 9 14 18 | 4
155330,2026-03-10,6 8 12 22 30 | 4
155331,2026-03-10,10 12 14 20 24 | 2
155332,2026-03-10,9 13 14 15 17 | 1
155333,2026-03-10,5 26 27 33 36 | 2
155334,2026-03-10,7 9 14 19 35 | 3
155335,2026-03-10,5 11 22 26 31 | 3
155336,2026-03-10,1 4 5 17 21 | 2
155337,2026-03-11,1 10 19 26 34 | 2
155338,2026-03-11,4 10 24 25 34 | 3
155339,2026-03-11,6 9 10 24 33 | 1
155340,2026-03-11,1 6 20 25 26 | 2
155341,2026-03-11,5 10 12 16 27 | 2
155342,2026-03-11,5 13 16 29 31 | 3
155343,2026-03-11,1 9 18 27 33 | 1
155344,2026-03-11,13 15 24 28 36 | 4
155345,2026-03-11,3 11 22 23 32 | 1
155346,2026-03-11,9 16 22 25 27 | 1
155347,2026-03-11,20 21 25 31 33 | 1
155348,2026-03-11,1 2 8 10 27 | 2
155349,2026-03-11,5 13 19 21 25 | 4
155350,2026-03-11,6 7 14 15 16 | 2
155351,2026-03-11,2 4 26 31 36 | 1
155352,2026-03-11,2 3 31 34 35 | 2
155353,2026-03-11,1 20 21 27 34 | 1
155354,2026-03-11,2 10 22 34 35 | 3
155355,2026-03-11,8 23 25 28 36 | 2
155356,2026-03-11,4 12 18 27 31 | 3
155357,2026-03-11,12 15 16 20 21 | 1
155358,2026-03-11,12 15 27 28 31 | 1
155359,2026-03-11,2 4 16 29 34 | 2
155360,2026-03-11,6 11 12 26 32 | 4
155361,2026-03-11,4 6 19 24 28 | 4
155362,2026-03-11,2 7 11 15 21 | 1
155363,2026-03-11,8 18 22 33 34 | 3
155364,2026-03-11,4 5 18 29 35 | 3
155365,2026-03-11,9 16 24 27 36 | 1
155366,2026-03-11,4 5 6 22 25 | 4
155367,2026-03-11,8 18 23 31 33 | 4
155368,2026-03-11,6 22 28 31 34 | 2
155369,2026-03-11,3 5 13 24 36 | 4
155370,2026-03-11,4 9 17 34 35 | 4
155371,2026-03-11,1 7 8 29 36 | 1
155372,2026-03-11,7 20 21 25 26 | 4
155373,2026-03-11,2 18 22 31 34 | 3
155374,2026-03-11,7 9 17 20 23 | 4
155375,2026-03-11,7 17 24 27 30 | 2
155376,2026-03-11,3 6 18 23 30 | 1
155377,2026-03-11,4 6 21 33 36 | 2
155378,2026-03-11,8 17 19 25 35 | 2
155379,2026-03-11,10 13 20 29 32 | 1
155380,2026-03-11,2 8 18 31 33 | 3
155381,2026-03-11,2 7 9 26 36 | 1
155382,2026-03-11,16 21 22 32 36 | 4
155383,2026-03-11,5 12 18 19 24 | 2
155384,2026-03-11,2 3 33 34 35 | 1
155385,2026-03-11,6 9 27 34 35 | 1
155386,2026-03-11,10 22 29 30 36 | 3
155387,2026-03-11,7 20 21 22 28 | 1
155388,2026-03-11,7 15 26 32 36 | 2
155389,2026-03-11,5 8 10 22 25 | 4
155390,2026-03-11,15 25 29 32 36 | 1
155391,2026-03-11,3 10 11 21 23 | 2
155392,2026-03-11,1 10 20 22 32 | 1
155393,2026-03-11,1 10 26 35 36 | 3
155394,2026-03-11,16 18 19 21 31 | 1
155395,2026-03-11,4 6 9 17 19 | 4
155396,2026-03-11,5 10 16 28 30 | 4
155397,2026-03-12,8 13 20 21 31 | 2
155398,2026-03-12,10 12 28 31 35 | 3
155399,2026-03-12,6 14 25 32 34 | 3
155400,2026-03-12,1 3 11 25 31 | 2
155401,2026-03-12,2 3 14 30 34 | 4
155402,2026-03-12,7 8 10 32 34 | 3
155403,2026-03-12,4 8 19 28 32 | 2
155404,2026-03-12,2 5 9 35 36 | 2
155405,2026-03-12,14 16 23 33 34 | 4
155406,2026-03-12,4 10 11 13 30 | 3
155407,2026-03-12,12 14 17 18 26 | 3
155408,2026-03-12,4 11 23 25 26 | 2
155409,2026-03-12,3 5 15 17 18 | 4
155410,2026-03-12,4 5 7 10 11 | 3
155411,2026-03-12,4 7 10 17 31 | 3
155412,2026-03-12,2 13 31 34 36 | 2
155413,2026-03-12,3 21 28 29 30 | 3
155414,2026-03-12,1 4 18 33 35 | 1
155415,2026-03-12,2 11 12 16 34 | 3
155416,2026-03-12,11 12 14 21 31 | 1
155417,2026-03-12,3 4 25 32 36 | 1
155418,2026-03-12,2 26 27 28 36 | 3
155419,2026-03-12,1 15 19 21 34 | 3
155420,2026-03-12,3 4 11 17 32 | 2
155421,2026-03-12,2 12 18 31 34 | 2
155422,2026-03-12,9 10 19 21 26 | 2
155423,2026-03-12,3 11 12 14 29 | 3
155424,2026-03-12,9 19 22 25 28 | 3
155425,2026-03-12,1 7 13 26 32 | 4
155426,2026-03-12,1 10 16 28 35 | 1
155427,2026-03-12,5 8 10 15 34 | 1
155428,2026-03-12,5 8 14 18 35 | 1
155429,2026-03-12,3 14 17 28 31 | 1
155430,2026-03-12,12 18 28 34 35 | 4
155431,2026-03-12,1 16 24 28 30 | 1
155432,2026-03-12,14 18 19 28 36 | 2
155433,2026-03-12,7 8 14 26 27 | 4
155434,2026-03-12,12 16 33 34 36 | 3
155435,2026-03-12,12 23 26 27 28 | 2
155436,2026-03-12,9 17 18 19 35 | 3
155437,2026-03-12,5 7 23 24 33 | 1
155438,2026-03-12,8 19 29 31 33 | 2
155439,2026-03-12,4 5 24 30 33 | 3
155440,2026-03-12,11 22 30 32 35 | 2
155441,2026-03-12,6 8 10 27 36 | 2
155442,2026-03-12,4 15 25 27 29 | 1
155443,2026-03-12,2 3 5 22 26 | 1
155444,2026-03-12,7 8 13 15 20 | 3
155445,2026-03-12,6 12 13 17 24 | 4
155446,2026-03-12,5 7 9 22 31 | 1
155447,2026-03-12,11 18 27 28 36 | 1
155448,2026-03-12,5 11 28 31 34 | 2
155449,2026-03-12,11 14 24 28 29 | 4
155450,2026-03-12,4 26 31 32 34 | 4
155451,2026-03-12,7 8 12 28 32 | 4
155452,2026-03-12,2 4 9 28 34 | 4
155453,2026-03-12,3 8 12 22 26 | 4
155454,2026-03-12,1 8 17 25 34 | 4
155455,2026-03-12,4 13 14 21 30 | 2
155456,2026-03-12,16 18 19 33 36 | 1
155457,2026-03-13,1 15 25 27 34 | 1
155458,2026-03-13,3 10 28 29 31 | 4
155459,2026-03-13,13 16 18 23 25 | 1
155460,2026-03-13,4 5 19 26 27 | 2
155461,2026-03-13,2 4 9 14 19 | 3
155462,2026-03-13,5 22 25 27 31 | 3
155463,2026-03-13,7 19 20 32 35 | 2
155464,2026-03-13,1 6 12 23 28 | 1
155465,2026-03-13,13 20 27 30 31 | 2
155466,2026-03-13,1 9 18 19 31 | 2
155467,2026-03-13,12 14 25 33 34 | 4
155468,2026-03-13,1 10 13 15 24 | 4
155469,2026-03-13,2 4 19 30 31 | 1
155470,2026-03-13,6 7 13 14 29 | 4
155471,2026-03-13,9 20 29 32 36 | 4
155472,2026-03-13,4 7 18 20 26 | 4
155473,2026-03-13,5 22 26 27 28 | 4
155474,2026-03-13,1 13 16 33 35 | 2
155475,2026-03-13,1 6 12 17 19 | 3
155476,2026-03-13,17 22 24 27 28 | 3
155477,2026-03-13,1 3 16 21 32 | 3
155478,2026-03-13,3 14 28 32 34 | 2
155479,2026-03-13,2 4 6 22 29 | 1
155480,2026-03-13,7 11 24 31 36 | 3
155481,2026-03-13,13 26 27 32 36 | 3
155482,2026-03-13,10 13 15 30 35 | 2
155483,2026-03-13,15 19 27 28 32 | 4
155484,2026-03-13,3 8 13 20 22 | 4
155485,2026-03-13,6 8 12 22 27 | 1
155486,2026-03-13,2 3 4 16 32 | 1
155487,2026-03-13,5 9 13 27 28 | 4
155488,2026-03-13,2 18 26 31 32 | 2
155489,2026-03-13,12 14 26 28 36 | 3
155490,2026-03-13,5 11 13 19 32 | 2
155491,2026-03-13,1 11 12 15 30 | 2
155492,2026-03-13,3 5 21 23 36 | 2
155493,2026-03-13,9 11 12 20 32 | 3
155494,2026-03-13,1 23 24 29 34 | 1
155495,2026-03-13,7 8 32 33 34 | 4
155496,2026-03-13,6 13 19 24 35 | 1
155497,2026-03-13,6 7 18 19 30 | 1
155498,2026-03-13,15 21 30 32 36 | 4
155499,2026-03-13,8 12 13 23 32 | 1
155500,2026-03-13,3 5 10 19 29 | 3
155501,2026-03-13,2 9 16 20 28 | 4
155502,2026-03-13,2 9 14 18 23 | 4
155503,2026-03-13,12 14 21 23 35 | 4
155504,2026-03-13,1 4 24 26 34 | 4
155505,2026-03-13,5 6 15 29 35 | 1
155506,2026-03-13,1 2 4 10 23 | 3
155507,2026-03-13,1 3 18 24 25 | 1
155508,2026-03-13,4 11 15 18 25 | 4
155509,2026-03-13,5 9 11 28 35 | 2
155510,2026-03-13,3 15 17 22 26 | 1
155511,2026-03-13,2 3 11 21 32 | 3
155512,2026-03-13,2 8 16 17 28 | 4
155513,2026-03-13,3 4 6 31 35 | 2
155514,2026-03-13,3 7 11 15 33 | 2
155515,2026-03-13,18 28 32 33 34 | 3
155516,2026-03-13,1 2 5 13 19 | 4
155517,2026-03-14,5 13 15 25 32 | 1
155518,2026-03-14,12 21 24 28 31 | 3
155519,2026-03-14,2 10 22 34 35 | 3
155520,2026-03-14,6 10 32 33 35 | 2
155521,2026-03-14,3 14 17 29 31 | 3
155522,2026-03-14,1 5 6 19 28 | 2
155523,2026-03-14,6 15 28 30 34 | 4
155524,2026-03-14,5 10 12 20 28 | 2
155525,2026-03-14,1 2 3 10 20 | 4
155526,2026-03-14,4 7 14 21 30 | 2
155527,2026-03-14,3 4 12 18 23 | 4
155528,2026-03-14,2 14 26 30 35 | 1
155529,2026-03-14,1 11 15 34 35 | 2
155530,2026-03-14,3 6 11 13 17 | 4
155531,2026-03-14,13 20 21 24 28 | 3
155532,2026-03-14,2 13 15 20 29 | 1
155533,2026-03-14,6 14 15 19 35 | 2
155534,2026-03-14,13 15 20 31 34 | 3
155535,2026-03-14,2 5 8 26 29 | 2
155536,2026-03-14,15 16 19 29 30 | 1
155537,2026-03-14,8 11 15 26 36 | 3
155538,2026-03-14,2 9 10 15 36 | 2
155539,2026-03-14,1 12 19 21 28 | 3
155540,2026-03-14,7 8 14 23 28 | 1
155541,2026-03-14,5 21 25 26 32 | 4
155542,2026-03-14,2 8 9 28 33 | 2
155543,2026-03-14,2 8 23 30 36 | 3
155544,2026-03-14,6 16 18 19 28 | 3
155545,2026-03-14,8 20 21 30 31 | 4
155546,2026-03-14,2 3 4 15 18 | 4
155547,2026-03-14,6 7 9 11 13 | 2
155548,2026-03-14,11 15 21 25 33 | 2
155549,2026-03-14,2 17 20 28 35 | 3
155550,2026-03-14,1 8 13 30 36 | 3
155551,2026-03-14,1 3 6 12 23 | 2
155552,2026-03-14,9 10 15 23 30 | 4
155553,2026-03-14,14 15 24 25 28 | 2
155554,2026-03-14,11 12 14 16 24 | 2
155555,2026-03-14,11 12 22 28 29 | 2
155556,2026-03-14,8 18 19 21 29 | 3
155557,2026-03-14,3 14 17 29 36 | 1
155558,2026-03-14,1 6 15 28 33 | 3
155559,2026-03-14,3 8 14 18 30 | 4
155560,2026-03-14,12 16 24 30 33 | 2
155561,2026-03-14,4 11 19 22 33 | 1
155562,2026-03-14,9 18 30 32 35 | 2
155563,2026-03-14,10 22 30 32 33 | 2
155564,2026-03-14,2 12 19 20 30 | 1
155565,2026-03-14,4 12 19 26 28 | 3
155566,2026-03-14,3 5 8 12 23 | 1
155567,2026-03-14,10 12 16 26 34 | 1
155568,2026-03-14,6 8 14 17 36 | 2
155569,2026-03-14,8 9 22 28 33 | 1
155570,2026-03-14,5 9 21 26 27 | 1
155571,2026-03-14,11 12 21 24 30 | 1
155572,2026-03-14,1 3 23 25 27 | 4
155573,2026-03-14,12 18 25 27 31 | 1
155574,2026-03-14,6 10 25 31 34 | 2
155575,2026-03-14,7 9 22 30 36 | 2
155576,2026-03-15,9 13 15 27 36 | 4
155577,2026-03-15,10 11 15 25 31 | 4
155578,2026-03-15,14 28 32 34 36 | 2
155579,2026-03-15,11 23 26 30 34 | 3
155580,2026-03-15,1 4 8 20 28 | 1
155581,2026-03-15,5 15 17 19 34 | 1
155582,2026-03-15,8 12 27 29 31 | 4
155583,2026-03-15,18 19 21 31 34 | 1
155584,2026-03-15,1 5 7 13 36 | 1
155585,2026-03-15,4 5 19 27 32 | 1
155586,2026-03-15,13 23 26 28 30 | 3
155587,2026-03-15,2 12 19 20 29 | 3
155588,2026-03-15,6 11 14 26 34 | 2
155589,2026-03-15,5 9 19 25 36 | 2
155590,2026-03-15,4 5 17 33 36 | 1
155591,2026-03-15,10 14 20 26 32 | 2
155592,2026-03-15,7 24 27 32 35 | 1
155593,2026-03-15,2 18 19 20 22 | 4
155594,2026-03-15,3 4 12 19 28 | 3
155595,2026-03-15,2 3 8 22 25 | 3
155596,2026-03-15,2 6 14 15 22 | 1
155597,2026-03-15,1 4 7 14 20 | 3
155598,2026-03-15,7 25 27 31 32 | 4
155599,2026-03-15,5 14 15 19 21 | 2
155600,2026-03-15,6 8 27 29 31 | 4
155601,2026-03-15,1 18 22 23 26 | 1
155602,2026-03-15,6 8 12 19 36 | 1
155603,2026-03-15,20 21 30 35 36 | 3
155604,2026-03-15,13 24 32 33 36 | 1
155605,2026-03-15,5 16 21 28 35 | 1
155606,2026-03-15,7 11 22 32 34 | 1
155607,2026-03-15,1 13 20 22 33 | 3
155608,2026-03-15,5 16 21 26 35 | 2
155609,2026-03-15,5 13 19 25 31 | 4
155610,2026-03-15,6 8 10 17 20 | 3
155611,2026-03-15,1 5 19 21 28 | 1
155612,2026-03-15,13 20 28 32 35 | 3
155613,2026-03-15,9 10 21 24 34 | 1
155614,2026-03-15,8 14 15 21 30 | 4
155615,2026-03-15,2 11 26 27 28 | 1
155616,2026-03-15,15 19 21 27 28 | 1
155617,2026-03-15,6 13 19 23 36 | 3
155618,2026-03-15,6 8 9 21 35 | 2
155619,2026-03-15,1 22 23 26 31 | 2
155620,2026-03-15,3 19 20 27 35 | 1
155621,2026-03-15,9 11 12 17 31 | 2
155622,2026-03-15,1 2 6 19 27 | 1
155623,2026-03-15,3 22 27 28 34 | 1
155624,2026-03-15,4 15 19 26 36 | 1
155625,2026-03-15,14 26 28 30 33 | 2
155626,2026-03-15,2 3 10 22 34 | 1
155627,2026-03-15,9 12 13 21 23 | 2
155628,2026-03-15,3 4 18 26 32 | 4
155629,2026-03-15,7 22 26 32 35 | 4
155630,2026-03-15,10 16 24 27 35 | 3
155631,2026-03-15,3 6 10 14 27 | 4
155632,2026-03-15,6 7 18 19 36 | 1
155633,2026-03-15,2 4 9 12 16 | 1
155634,2026-03-15,1 3 15 30 32 | 1
155635,2026-03-15,1 22 24 27 36 | 2
155636,2026-03-16,11 20 27 28 29 | 2
155637,2026-03-16,3 4 7 15 19 | 2
155638,2026-03-16,7 16 27 33 36 | 3
155639,2026-03-16,6 9 10 27 30 | 1
155640,2026-03-16,4 18 31 34 35 | 3
155641,2026-03-16,13 14 17 22 31 | 2
155642,2026-03-16,1 8 15 16 30 | 1
155643,2026-03-16,7 14 20 22 35 | 3
155644,2026-03-16,6 15 24 32 33 | 1
155645,2026-03-16,1 4 17 25 34 | 3
155646,2026-03-16,13 16 19 31 33 | 1
155647,2026-03-16,7 8 18 29 34 | 1
155648,2026-03-16,4 16 24 29 31 | 3
155649,2026-03-16,2 9 13 17 25 | 3
155650,2026-03-16,6 7 10 25 31 | 1
155651,2026-03-16,1 2 4 6 26 | 1
155652,2026-03-16,3 8 9 22 29 | 4
155653,2026-03-16,1 13 19 27 28 | 3
155654,2026-03-16,19 21 26 27 34 | 3
155655,2026-03-16,1 10 22 31 35 | 3
155656,2026-03-16,12 26 28 30 35 | 4
155657,2026-03-16,13 22 29 30 36 | 4
155658,2026-03-16,2 4 28 33 34 | 3
155659,2026-03-16,9 11 12 25 32 | 4
155660,2026-03-16,3 18 23 24 33 | 4
155661,2026-03-16,1 9 10 19 31 | 4
155662,2026-03-16,6 11 14 15 19 | 1
155663,2026-03-16,1 2 5 12 28 | 4
155664,2026-03-16,4 15 23 27 29 | 2
155665,2026-03-16,4 9 13 18 32 | 4
155666,2026-03-16,4 6 21 25 28 | 4
155667,2026-03-16,8 14 23 26 34 | 4
155668,2026-03-16,7 11 22 26 30 | 1
155669,2026-03-16,4 7 14 20 24 | 3
155670,2026-03-16,1 8 10 11 28 | 1
155671,2026-03-16,4 11 19 22 23 | 2
155672,2026-03-16,2 24 28 30 36 | 4
155673,2026-03-16,18 19 27 29 36 | 4
155674,2026-03-16,20 25 26 31 34 | 2
155675,2026-03-16,3 6 18 27 29 | 2
155676,2026-03-16,1 3 10 12 19 | 2
155677,2026-03-16,4 9 10 11 18 | 3
155678,2026-03-16,15 21 23 30 35 | 3
155679,2026-03-16,11 20 23 28 29 | 2
155680,2026-03-16,9 22 26 28 33 | 3
155681,2026-03-16,11 21 27 28 34 | 3
155682,2026-03-16,9 12 13 26 30 | 3
155683,2026-03-16,2 8 12 24 30 | 4
155684,2026-03-16,2 25 30 34 36 | 3
155685,2026-03-16,11 12 17 22 34 | 4
155686,2026-03-16,3 7 8 13 29 | 3
155687,2026-03-16,20 26 27 29 32 | 3
155688,2026-03-16,9 17 25 30 33 | 4
155689,2026-03-16,3 5 18 26 36 | 4
155690,2026-03-16,7 8 9 28 36 | 2
155691,2026-03-16,13 15 17 25 34 | 1
155692,2026-03-16,2 8 9 17 34 | 4
155693,2026-03-16,5 7 15 17 18 | 2
155694,2026-03-16,23 26 30 34 36 | 2
155695,2026-03-16,6 8 16 19 22 | 2
155696,2026-03-17,1 3 10 16 33 | 3
155697,2026-03-17,4 13 22 27 32 | 1
155698,2026-03-17,4 24 26 28 32 | 3
155699,2026-03-17,5 7 17 25 31 | 4
155700,2026-03-17,3 9 18 26 31 | 3
155701,2026-03-17,4 5 13 24 30 | 4
155702,2026-03-17,7 8 12 18 29 | 1
155703,2026-03-17,5 24 26 27 28 | 2
155704,2026-03-17,6 7 12 17 20 | 2
155705,2026-03-17,11 22 28 33 36 | 4
155706,2026-03-17,11 16 19 22 30 | 3
155707,2026-03-17,6 22 31 32 35 | 3
155708,2026-03-17,9 10 15 22 23 | 4
155709,2026-03-17,5 8 9 22 28 | 1
155710,2026-03-17,7 12 17 27 32 | 4
155711,2026-03-17,1 10 16 29 30 | 1
155712,2026-03-17,2 9 18 29 32 | 3
155713,2026-03-17,5 6 14 22 29 | 3
155714,2026-03-17,13 19 32 33 35 | 3
155715,2026-03-17,4 13 14 24 30 | 3
155716,2026-03-17,19 20 21 22 35 | 2
155717,2026-03-17,1 8 17 19 28 | 3
155718,2026-03-17,16 17 24 29 35 | 4
155719,2026-03-17,4 6 13 23 31 | 4
155720,2026-03-17,20 30 31 35 36 | 1
155721,2026-03-17,3 10 14 25 35 | 2
155722,2026-03-17,13 16 18 26 31 | 4
155723,2026-03-17,1 3 13 30 32 | 3
155724,2026-03-17,2 7 8 12 14 | 2
155725,2026-03-17,3 7 16 21 24 | 3
155726,2026-03-17,15 18 20 25 26 | 4
155727,2026-03-17,1 7 21 22 27 | 2
155728,2026-03-17,5 13 20 27 32 | 1
155729,2026-03-17,3 8 17 32 36 | 2
155730,2026-03-17,4 18 20 22 26 | 1
155731,2026-03-17,4 6 25 29 36 | 1
155732,2026-03-17,2 4 10 12 33 | 1
155733,2026-03-17,4 9 15 17 35 | 2
155734,2026-03-17,8 15 16 23 33 | 3
155735,2026-03-17,2 6 7 27 28 | 1
155736,2026-03-17,1 7 23 31 33 | 3
155737,2026-03-17,1 4 8 10 15 | 1
155738,2026-03-17,7 9 10 17 25 | 3
155739,2026-03-17,1 8 13 17 25 | 3
155740,2026-03-17,13 18 20 22 36 | 3
155741,2026-03-17,3 8 18 26 31 | 4
155742,2026-03-17,4 10 11 13 15 | 2
155743,2026-03-17,8 12 16 34 35 | 4
155744,2026-03-17,6 8 10 27 30 | 1
155745,2026-03-17,1 13 18 33 36 | 3
155746,2026-03-17,7 9 14 29 31 | 3
155747,2026-03-17,18 23 28 29 32 | 4
155748,2026-03-17,5 9 13 31 33 | 4
155749,2026-03-17,1 2 17 24 28 | 2
155750,2026-03-17,23 24 25 30 35 | 2
155751,2026-03-17,9 15 23 25 28 | 2
155752,2026-03-17,5 8 13 26 28 | 4
155753,2026-03-17,2 11 15 21 31 | 2
155754,2026-03-17,6 14 18 25 34 | 3
155755,2026-03-17,17 18 31 35 36 | 1
155756,2026-03-18,4 5 17 19 25 | 2
155757,2026-03-18,1 5 17 21 28 | 1
155758,2026-03-18,14 15 18 23 29 | 4
155759,2026-03-18,2 8 17 26 31 | 1
155760,2026-03-18,6 13 14 18 24 | 3
155761,2026-03-18,1 3 7 12 31 | 3
155762,2026-03-18,1 26 28 30 34 | 4
155763,2026-03-18,5 17 20 22 36 | 2
155764,2026-03-18,12 26 27 29 34 | 1
155765,2026-03-18,8 15 17 19 28 | 4
155766,2026-03-18,12 13 14 20 26 | 4
155767,2026-03-18,6 11 13 22 27 | 2
155768,2026-03-18,13 17 22 25 33 | 1
155769,2026-03-18,15 19 21 32 35 | 3
155770,2026-03-18,6 12 15 22 30 | 3
155771,2026-03-18,2 4 14 29 33 | 2
155772,2026-03-18,13 32 33 34 35 | 2
155773,2026-03-18,12 16 20 24 29 | 4
155774,2026-03-18,1 13 30 33 34 | 3
155775,2026-03-18,5 21 28 29 30 | 3
155776,2026-03-18,18 20 23 30 34 | 2
155777,2026-03-18,1 7 26 29 33 | 3
155778,2026-03-18,14 21 32 33 36 | 3
155779,2026-03-18,12 15 23 29 32 | 4
155780,2026-03-18,12 19 20 27 33 | 1
155781,2026-03-18,1 10 13 27 31 | 3
155782,2026-03-18,5 9 10 11 32 | 1
155783,2026-03-18,8 19 21 29 30 | 3
155784,2026-03-18,9 17 19 27 31 | 4
155785,2026-03-18,13 14 22 32 33 | 3
155786,2026-03-18,3 11 17 27 29 | 2
155787,2026-03-18,17 20 24 30 33 | 4
155788,2026-03-18,12 13 16 25 33 | 2
155789,2026-03-18,2 17 21 22 23 | 1
155790,2026-03-18,1 6 10 27 29 | 3
155791,2026-03-18,2 4 14 24 36 | 2
155792,2026-03-18,4 6 18 26 34 | 2
155793,2026-03-18,3 15 18 23 24 | 4
155794,2026-03-18,1 2 12 23 30 | 3
155795,2026-03-18,2 4 16 22 30 | 4
155796,2026-03-18,10 11 14 22 26 | 4
155797,2026-03-18,10 11 23 30 32 | 4
155798,2026-03-18,2 20 30 35 36 | 2
155799,2026-03-18,2 5 11 15 30 | 4
155800,2026-03-18,6 9 10 17 30 | 1
155801,2026-03-18,6 7 14 26 35 | 4
155802,2026-03-18,16 20 21 24 28 | 1
155803,2026-03-18,7 11 23 35 36 | 3
155804,2026-03-18,3 11 13 17 35 | 4
155805,2026-03-18,2 17 20 31 35 | 1
155806,2026-03-18,5 15 33 34 35 | 3
155807,2026-03-18,13 23 25 26 27 | 4
155808,2026-03-18,3 6 14 27 29 | 3
155809,2026-03-18,1 2 27 30 33 | 1
155810,2026-03-18,1 10 16 24 30 | 3
155811,2026-03-18,9 11 20 23 26 | 4
155812,2026-03-18,12 14 29 31 32 | 1
155813,2026-03-18,6 19 23 30 33 | 1
155814,2026-03-18,3 7 28 31 34 | 2
155815,2026-03-18,3 12 14 23 28 | 4
155816,2026-03-19,6 10 12 17 35 | 2
155817,2026-03-19,1 11 26 31 36 | 2
155818,2026-03-19,3 9 16 26 32 | 1
155819,2026-03-19,5 8 9 11 36 | 2
155820,2026-03-19,7 15 21 27 33 | 4
155821,2026-03-19,4 22 27 31 34 | 1
155822,2026-03-19,1 6 12 15 21 | 2
155823,2026-03-19,2 16 18 23 27 | 1
155824,2026-03-19,17 19 26 27 36 | 1
155825,2026-03-19,6 17 21 32 36 | 4
155826,2026-03-19,3 27 29 32 35 | 3
155827,2026-03-19,8 18 24 26 34 | 1
155828,2026-03-19,2 13 24 31 32 | 1
155829,2026-03-19,11 24 26 27 35 | 3
155830,2026-03-19,7 11 13 28 34 | 4
155831,2026-03-19,14 16 19 31 35 | 3
155832,2026-03-19,4 9 11 12 36 | 4
155833,2026-03-19,5 11 14 16 32 | 4
155834,2026-03-19,1 6 7 20 25 | 2
155835,2026-03-19,8 13 20 29 34 | 1
155836,2026-03-19,8 11 19 20 24 | 2
155837,2026-03-19,6 28 29 32 34 | 3
155838,2026-03-19,3 8 15 26 29 | 4
155839,2026-03-19,5 13 22 26 32 | 2
155840,2026-03-19,5 11 12 15 28 | 4
155841,2026-03-19,8 13 22 32 35 | 3
155842,2026-03-19,5 11 19 20 30 | 1
155843,2026-03-19,2 7 25 33 34 | 2
155844,2026-03-19,7 14 21 23 28 | 1
155845,2026-03-19,18 26 30 31 34 | 1
155846,2026-03-19,9 10 17 19 31 | 2
155847,2026-03-19,1 2 3 26 28 | 2
155848,2026-03-19,3 5 12 15 27 | 2
155849,2026-03-19,6 18 24 26 35 | 4
155850,2026-03-19,2 11 23 31 36 | 3
155851,2026-03-19,1 4 12 15 22 | 1
155852,2026-03-19,11 12 18 30 33 | 3
155853,2026-03-19,4 5 7 11 24 | 3
155854,2026-03-19,1 10 18 22 24 | 4
155855,2026-03-19,4 16 26 27 35 | 2
155856,2026-03-19,5 6 11 13 20 | 1
155857,2026-03-19,5 6 14 17 27 | 4
155858,2026-03-19,1 5 13 21 32 | 4
155859,2026-03-19,4 14 16 19 21 | 2
155860,2026-03-19,3 5 14 22 23 | 3
155861,2026-03-19,7 17 28 31 34 | 2
155862,2026-03-19,8 21 29 30 36 | 3
155863,2026-03-19,5 14 18 21 26 | 1
155864,2026-03-19,6 15 16 25 28 | 3
155865,2026-03-19,2 14 16 27 32 | 1
155866,2026-03-19,11 14 15 20 33 | 1
155867,2026-03-19,2 16 18 21 22 | 4
155868,2026-03-19,9 10 11 18 30 | 4
155869,2026-03-19,8 9 13 15 31 | 3
155870,2026-03-19,12 14 19 20 21 | 1
155871,2026-03-19,2 18 21 25 30 | 2
155872,2026-03-19,3 8 20 32 33 | 2
155873,2026-03-19,22 25 30 31 32 | 1
155874,2026-03-19,3 8 14 31 34 | 1
155875,2026-03-19,3 14 21 27 32 | 2
155876,2026-03-20,3 6 8 10 34 | 3
155877,2026-03-20,6 16 23 24 25 | 2
155878,2026-03-20,5 12 14 18 34 | 4
155879,2026-03-20,3 8 15 19 34 | 4
155880,2026-03-20,15 16 18 24 32 | 2
155881,2026-03-20,5 12 22 24 34 | 3
155882,2026-03-20,15 20 21 33 35 | 4
155883,2026-03-20,11 19 20 21 22 | 1
155884,2026-03-20,2 6 19 27 32 | 1
155885,2026-03-20,5 15 17 18 21 | 4
155886,2026-03-20,1 14 19 31 32 | 2
155887,2026-03-20,1 3 15 30 32 | 3
155888,2026-03-20,16 25 30 32 34 | 1
155889,2026-03-20,10 11 16 29 36 | 4
155890,2026-03-20,4 12 15 20 36 | 3
155891,2026-03-20,16 29 30 31 35 | 4
155892,2026-03-20,1 12 23 24 34 | 1
155893,2026-03-20,7 13 30 33 35 | 3
155894,2026-03-20,8 14 18 33 34 | 3
155895,2026-03-20,1 12 14 22 27 | 1
155896,2026-03-20,14 15 22 27 31 | 1
155897,2026-03-20,15 23 27 32 33 | 1
155898,2026-03-20,12 13 21 23 31 | 2
155899,2026-03-20,16 20 22 25 27 | 2
155900,2026-03-20,6 8 9 16 35 | 4
155901,2026-03-20,12 15 18 34 36 | 2
155902,2026-03-20,3 6 17 21 27 | 3
155903,2026-03-20,4 26 29 30 32 | 4
155904,2026-03-20,4 6 9 26 34 | 3
155905,2026-03-20,3 8 13 15 18 | 3
155906,2026-03-20,4 7 15 31 33 | 4
155907,2026-03-20,2 6 9 19 30 | 3
155908,2026-03-20,18 24 29 30 32 | 4
155909,2026-03-20,10 25 29 31 35 | 3
155910,2026-03-20,13 16 17 22 27 | 1
155911,2026-03-20,7 16 18 29 31 | 4
155912,2026-03-20,7 26 29 30 36 | 3
155913,2026-03-20,21 25 27 34 36 | 1
155914,2026-03-20,4 24 25 30 35 | 2
155915,2026-03-20,10 19 21 22 35 | 4
155916,2026-03-20,10 11 16 26 27 | 3
155917,2026-03-20,16 19 23 25 27 | 4
155918,2026-03-20,3 11 14 22 36 | 3
155919,2026-03-20,3 11 12 15 28 | 3
155920,2026-03-20,2 5 6 33 35 | 1
155921,2026-03-20,4 19 20 22 23 | 4
155922,2026-03-20,19 26 32 35 36 | 4
155923,2026-03-20,7 21 22 25 35 | 3
155924,2026-03-20,13 14 16 17 31 | 1
155925,2026-03-20,7 11 19 24 28 | 4
155926,2026-03-20,4 8 10 25 34 | 2
155927,2026-03-20,12 19 30 34 36 | 4
155928,2026-03-20,11 29 30 31 32 | 2
155929,2026-03-20,14 24 27 32 35 | 4
155930,2026-03-20,4 19 22 25 31 | 2
155931,2026-03-20,2 12 16 25 32 | 4
155932,2026-03-20,2 3 6 8 12 | 3
155933,2026-03-20,17 28 29 32 34 | 4
155934,2026-03-20,15 16 23 24 31 | 1
155935,2026-03-20,2 3 21 26 27 | 2
155936,2026-03-21,2 6 7 14 31 | 4
155937,2026-03-21,6 7 12 22 24 | 1
155938,2026-03-21,16 22 27 34 36 | 1
155939,2026-03-21,1 8 16 21 31 | 1
155940,2026-03-21,5 11 13 15 20 | 4
155941,2026-03-21,2 3 6 12 28 | 2
155942,2026-03-21,9 11 14 24 26 | 3
155943,2026-03-21,3 8 26 30 31 | 4
155944,2026-03-21,2 4 7 23 36 | 2
155945,2026-03-21,3 13 18 25 31 | 4
155946,2026-03-21,2 3 10 15 20 | 1
155947,2026-03-21,6 13 14 20 22 | 4
155948,2026-03-21,2 7 13 15 27 | 1
155949,2026-03-21,1 6 20 27 34 | 4
155950,2026-03-21,2 14 15 25 31 | 2
155951,2026-03-21,3 12 20 26 32 | 3
155952,2026-03-21,2 18 23 27 28 | 2
155953,2026-03-21,10 18 21 34 35 | 3
155954,2026-03-21,5 7 18 20 24 | 4
155955,2026-03-21,28 29 30 31 32 | 4
155956,2026-03-21,3 18 22 30 35 | 1
155957,2026-03-21,1 16 18 22 31 | 1
155958,2026-03-21,2 13 24 33 36 | 2
155959,2026-03-21,13 22 27 31 35 | 1
155960,2026-03-21,10 21 23 32 36 | 2
155961,2026-03-21,1 12 13 31 32 | 2
155962,2026-03-21,6 14 17 21 24 | 1
155963,2026-03-21,2 7 19 23 28 | 1
155964,2026-03-21,2 7 9 25 33 | 1
155965,2026-03-21,5 9 16 23 35 | 1
155966,2026-03-21,8 10 11 25 28 | 1
155967,2026-03-21,5 6 12 21 27 | 3
155968,2026-03-21,1 6 9 10 31 | 4
155969,2026-03-21,14 15 24 30 34 | 3
155970,2026-03-21,3 9 11 20 36 | 3
155971,2026-03-21,1 2 4 20 35 | 3
155972,2026-03-21,10 23 27 28 29 | 3
155973,2026-03-21,1 18 24 26 29 | 1
155974,2026-03-21,3 13 23 24 26 | 4
155975,2026-03-21,3 7 8 24 36 | 3
155976,2026-03-21,15 22 26 27 31 | 3
155977,2026-03-21,3 7 12 16 26 | 3
155978,2026-03-21,9 16 21 22 23 | 4
155979,2026-03-21,14 22 29 32 36 | 4
155980,2026-03-21,11 23 31 33 34 | 3
155981,2026-03-21,9 10 17 18 22 | 1
155982,2026-03-21,7 10 13 31 32 | 1
155983,2026-03-21,4 14 18 22 29 | 1
155984,2026-03-21,5 16 18 21 25 | 2
155985,2026-03-21,17 26 27 28 34 | 4
155986,2026-03-21,3 9 13 17 36 | 2
155987,2026-03-21,1 8 14 22 36 | 3
155988,2026-03-21,1 8 12 13 26 | 3
155989,2026-03-21,3 5 12 19 32 | 4
155990,2026-03-21,6 14 15 19 20 | 1
155991,2026-03-21,5 6 7 12 29 | 1
155992,2026-03-21,1 7 10 18 30 | 1
155993,2026-03-22,5 6 16 18 35 | 3
155994,2026-03-22,6 12 23 25 26 | 2
155995,2026-03-22,2 13 19 24 25 | 2
155996,2026-03-22,2 9 13 20 22 | 4
155997,2026-03-22,9 13 23 26 36 | 1
155998,2026-03-22,2 7 8 21 33 | 1
155999,2026-03-22,3 29 33 35 36 | 4
156000,2026-03-22,20 27 28 31 35 | 3
156001,2026-03-22,3 18 19 27 32 | 2
156002,2026-03-22,9 11 12 17 24 | 1
156003,2026-03-22,6 9 15 20 35 | 3
156004,2026-03-22,7 19 22 26 30 | 1
156005,2026-03-22,8 9 27 29 34 | 3
156006,2026-03-22,4 5 21 29 35 | 4
156007,2026-03-22,3 9 18 22 32 | 1
156008,2026-03-22,15 16 20 24 26 | 2
156009,2026-03-22,8 17 26 28 29 | 1
156010,2026-03-22,10 11 13 21 26 | 1
156011,2026-03-22,1 8 14 32 34 | 2
156012,2026-03-22,15 22 26 32 33 | 2
156013,2026-03-22,7 19 26 28 34 | 2
156014,2026-03-22,2 9 23 30 36 | 2
156015,2026-03-22,3 16 27 34 35 | 2
156016,2026-03-22,11 20 24 25 28 | 3
156017,2026-03-22,6 14 18 23 27 | 4
156018,2026-03-22,1 4 19 23 36 | 3
156019,2026-03-22,2 14 17 21 34 | 2
156020,2026-03-22,2 3 9 13 17 | 2
156021,2026-03-22,15 22 26 34 36 | 1
156022,2026-03-22,1 4 6 13 21 | 1
156023,2026-03-22,3 4 19 24 34 | 4
156024,2026-03-22,12 18 21 30 35 | 1
156025,2026-03-22,3 14 19 20 25 | 3
156026,2026-03-22,4 9 12 22 24 | 2
156027,2026-03-22,1 5 7 14 34 | 2
156028,2026-03-22,6 11 27 30 33 | 3
156029,2026-03-22,9 20 21 22 32 | 1
156030,2026-03-22,14 16 18 19 29 | 2
156031,2026-03-22,2 4 24 29 34 | 3
156032,2026-03-22,8 22 28 31 32 | 4
156033,2026-03-22,12 21 24 27 34 | 2
156034,2026-03-22,15 20 23 34 35 | 1
156035,2026-03-22,5 16 19 21 36 | 2
156036,2026-03-22,3 20 27 32 34 | 4
156037,2026-03-22,4 10 15 26 32 | 4
156038,2026-03-22,2 16 22 25 28 | 3
156039,2026-03-22,11 15 16 29 30 | 4
156040,2026-03-22,6 24 27 35 36 | 3
156041,2026-03-22,8 18 21 25 33 | 2
156042,2026-03-22,4 10 21 22 23 | 1
156043,2026-03-22,12 19 23 24 29 | 2
156044,2026-03-22,6 12 16 22 29 | 2
156045,2026-03-22,2 13 23 24 32 | 2
156046,2026-03-22,6 8 19 23 33 | 4
156047,2026-03-22,7 9 12 24 32 | 3
156048,2026-03-22,7 8 11 29 35 | 2
156049,2026-03-22,2 29 32 33 36 | 1
156050,2026-03-22,12 16 17 20 24 | 2
156051,2026-03-22,4 8 16 21 29 | 4
156052,2026-03-22,8 13 26 30 31 | 3
156053,2026-03-23,2 7 16 20 25 | 3
156054,2026-03-23,2 15 22 23 36 | 4
156055,2026-03-23,1 7 14 32 35 | 4
156056,2026-03-23,4 8 9 12 24 | 3
156057,2026-03-23,3 16 21 24 26 | 4
156058,2026-03-23,2 11 24 26 28 | 3
156059,2026-03-23,7 16 18 33 36 | 1
156060,2026-03-23,3 16 19 20 27 | 3
156061,2026-03-23,8 14 22 31 34 | 1
156062,2026-03-23,1 5 6 14 26 | 4
156063,2026-03-23,17 18 23 28 34 | 4
156064,2026-03-23,1 24 26 28 36 | 2
156065,2026-03-23,10 12 13 19 31 | 3
156066,2026-03-23,11 14 20 25 27 | 2
156067,2026-03-23,5 11 13 33 35 | 2
156068,2026-03-23,10 12 13 20 36 | 3
156069,2026-03-23,4 7 18 23 29 | 2
156070,2026-03-23,4 6 13 16 18 | 1
156071,2026-03-23,2 3 7 17 26 | 2
156072,2026-03-23,2 26 27 29 32 | 2
156073,2026-03-23,2 6 18 22 28 | 2
156074,2026-03-23,13 17 29 31 34 | 1
156075,2026-03-23,6 11 17 26 34 | 4
156076,2026-03-23,4 13 15 23 24 | 2
156077,2026-03-23,3 18 22 23 36 | 1
156078,2026-03-23,5 22 26 32 35 | 3
156079,2026-03-23,1 8 12 14 31 | 1
156080,2026-03-23,3 7 8 9 31 | 3
156081,2026-03-23,3 12 15 20 34 | 2
156082,2026-03-23,7 10 15 26 28 | 4
156083,2026-03-23,2 15 16 35 36 | 4
156084,2026-03-23,12 15 26 35 36 | 4
156085,2026-03-23,11 21 23 26 32 | 3
156086,2026-03-23,1 7 9 10 28 | 1
156087,2026-03-23,6 21 22 33 36 | 2
156088,2026-03-23,8 13 17 18 24 | 2
156089,2026-03-23,28 29 31 33 34 | 4
156090,2026-03-23,3 22 30 31 36 | 1
156091,2026-03-23,2 6 17 18 35 | 3
156092,2026-03-23,9 10 25 26 30 | 2
156093,2026-03-23,3 5 12 18 35 | 3
156094,2026-03-23,8 24 26 27 34 | 2
156095,2026-03-23,2 3 23 32 33 | 3
156096,2026-03-23,8 9 22 23 32 | 1
156097,2026-03-23,1 17 20 29 32 | 2
156098,2026-03-23,4 5 22 23 25 | 2
156099,2026-03-23,4 5 8 20 34 | 3
156100,2026-03-23,2 5 6 14 30 | 2
156101,2026-03-23,14 26 28 29 35 | 2
156102,2026-03-23,1 15 19 20 34 | 2
156103,2026-03-23,1 4 14 29 34 | 4
156104,2026-03-23,4 8 26 34 36 | 3
156105,2026-03-23,14 15 18 24 26 | 3
156106,2026-03-23,3 4 5 20 34 | 1
156107,2026-03-23,10 19 21 24 34 | 2
156108,2026-03-23,4 8 10 18 23 | 2
156109,2026-03-23,7 10 13 18 24 | 3
156110,2026-03-23,14 22 24 28 33 | 3
156111,2026-03-23,4 5 16 26 32 | 1
156112,2026-03-24,5 9 28 30 32 | 2
156113,2026-03-24,7 9 12 22 24 | 1
156114,2026-03-24,4 16 22 26 30 | 4
156115,2026-03-24,2 3 31 33 35 | 2
156116,2026-03-24,6 9 14 23 35 | 1
156117,2026-03-24,2 3 22 24 34 | 2
156118,2026-03-24,1 13 22 26 32 | 1
156119,2026-03-24,7 8 22 25 30 | 1
156120,2026-03-24,4 6 11 18 36 | 1
156121,2026-03-24,8 16 23 24 26 | 3
156122,2026-03-24,5 6 7 12 17 | 4
156123,2026-03-24,20 25 27 34 35 | 1
156124,2026-03-24,3 10 27 32 33 | 2
156125,2026-03-24,10 11 16 30 33 | 4
156126,2026-03-24,2 12 15 26 34 | 3
156127,2026-03-24,12 20 31 34 35 | 3
156128,2026-03-24,1 12 13 14 25 | 3
156129,2026-03-24,4 5 7 24 33 | 3
156130,2026-03-24,18 27 31 35 36 | 4
156131,2026-03-24,2 5 12 13 29 | 4
156132,2026-03-24,10 11 14 20 30 | 3
156133,2026-03-24,3 6 15 20 31 | 1
156134,2026-03-24,2 6 24 29 32 | 2
156135,2026-03-24,1 2 14 18 22 | 4
156136,2026-03-24,17 19 26 35 36 | 2
156137,2026-03-24,6 8 14 18 27 | 3
156138,2026-03-24,2 7 8 22 26 | 2
156139,2026-03-24,9 15 16 27 33 | 3
156140,2026-03-24,2 9 12 13 16 | 2
156141,2026-03-24,1 12 28 31 34 | 4
156142,2026-03-24,6 9 19 22 23 | 3
156143,2026-03-24,2 8 10 21 27 | 4
156144,2026-03-24,4 15 16 27 28 | 1
156145,2026-03-24,5 16 17 18 29 | 4
156146,2026-03-24,13 18 22 31 33 | 2
156147,2026-03-24,11 12 17 26 31 | 1
156148,2026-03-24,2 11 25 28 30 | 3
156149,2026-03-24,14 25 27 29 34 | 2
156150,2026-03-24,3 14 30 33 34 | 2
156151,2026-03-24,5 8 11 13 31 | 3
156152,2026-03-24,13 16 17 21 24 | 2
156153,2026-03-24,14 17 19 25 27 | 4
156154,2026-03-24,3 8 16 29 33 | 1
156155,2026-03-24,5 7 8 22 32 | 1
156156,2026-03-24,8 22 28 33 36 | 2
156157,2026-03-24,17 18 20 28 31 | 2
156158,2026-03-24,16 22 24 31 35 | 4
156159,2026-03-24,16 17 19 26 32 | 3
156160,2026-03-24,8 15 18 19 35 | 2
156161,2026-03-24,9 15 25 27 29 | 1
156162,2026-03-24,4 17 20 24 30 | 4
156163,2026-03-24,4 13 30 32 34 | 2
156164,2026-03-24,18 21 22 27 36 | 1
156165,2026-03-24,8 12 21 23 31 | 3
156166,2026-03-24,5 6 15 23 35 | 1
156167,2026-03-24,9 17 25 29 33 | 2
156168,2026-03-24,3 7 14 22 27 | 1
156169,2026-03-24,13 17 28 29 35 | 1
156170,2026-03-24,1 10 15 26 30 | 3
156171,2026-03-25,3 14 20 29 32 | 2
156172,2026-03-25,1 3 10 11 22 | 3
156173,2026-03-25,6 19 20 28 30 | 2
156174,2026-03-25,13 16 23 34 35 | 3
156175,2026-03-25,11 15 19 31 33 | 4
156176,2026-03-25,8 13 18 19 32 | 2
156177,2026-03-25,6 10 12 18 22 | 2
156178,2026-03-25,8 9 33 34 36 | 2
156179,2026-03-25,5 9 22 28 31 | 2
156180,2026-03-25,1 3 11 23 33 | 3
156181,2026-03-25,8 9 11 17 34 | 4
156182,2026-03-25,13 19 28 29 33 | 1
156183,2026-03-25,3 6 21 26 33 | 2
156184,2026-03-25,10 12 18 26 31 | 1
156185,2026-03-25,5 7 16 24 30 | 2
156186,2026-03-25,3 13 14 17 20 | 1
156187,2026-03-25,9 10 12 18 22 | 3
156188,2026-03-25,17 18 25 26 35 | 2
156189,2026-03-25,3 6 24 26 35 | 1
156190,2026-03-25,3 25 27 29 36 | 2
156191,2026-03-25,1 7 11 13 22 | 1
156192,2026-03-25,11 27 28 31 36 | 1
156193,2026-03-25,12 20 30 31 36 | 3
156194,2026-03-25,2 3 7 14 22 | 1
156195,2026-03-25,7 8 23 35 36 | 2
156196,2026-03-25,4 6 21 25 34 | 4
156197,2026-03-25,2 3 7 28 30 | 4
156198,2026-03-25,11 13 23 33 34 | 3
156199,2026-03-25,23 25 27 29 32 | 4
156200,2026-03-25,3 16 21 29 34 | 3
156201,2026-03-25,5 13 18 19 35 | 4
156202,2026-03-25,4 12 16 25 35 | 1
156203,2026-03-25,2 5 23 33 36 | 1
156204,2026-03-25,1 14 22 25 27 | 2
156205,2026-03-25,19 20 33 34 35 | 2
156206,2026-03-25,1 17 25 27 29 | 2
156207,2026-03-25,1 7 23 31 36 | 3
156208,2026-03-25,5 12 27 32 33 | 4
156209,2026-03-25,24 25 29 30 31 | 3
156210,2026-03-25,15 17 26 30 34 | 2
156211,2026-03-25,11 21 22 28 36 | 4
156212,2026-03-25,2 3 7 26 35 | 1
156213,2026-03-25,5 6 10 30 35 | 2
156214,2026-03-25,4 8 9 26 32 | 1
156215,2026-03-25,6 10 20 24 32 | 3
156216,2026-03-25,13 15 23 28 35 | 1
156217,2026-03-25,2 12 23 31 33 | 3
156218,2026-03-25,4 5 24 32 33 | 4
156219,2026-03-25,11 18 23 24 32 | 4
156220,2026-03-25,5 6 11 28 36 | 1
156221,2026-03-25,5 23 31 34 36 | 1
156222,2026-03-25,6 20 25 28 36 | 3
156223,2026-03-25,1 15 23 24 32 | 1
156224,2026-03-25,3 4 9 11 16 | 4
156225,2026-03-25,1 4 14 24 32 | 1
156226,2026-03-25,1 14 17 24 26 | 1
156227,2026-03-25,5 7 14 20 30 | 4
156228,2026-03-25,5 17 23 26 33 | 2
156229,2026-03-25,1 5 14 19 29 | 2
156230,2026-03-26,2 3 19 22 30 | 3
156231,2026-03-26,11 16 17 27 35 | 1
156232,2026-03-26,13 16 25 31 36 | 1
156233,2026-03-26,14 21 28 33 36 | 4
156234,2026-03-26,2 3 14 23 27 | 1
156235,2026-03-26,2 12 20 24 31 | 4
156236,2026-03-26,1 17 18 25 26 | 3
156237,2026-03-26,3 5 7 29 35 | 1
156238,2026-03-26,2 8 15 19 29 | 3
156239,2026-03-26,1 4 8 18 35 | 3
156240,2026-03-26,1 3 11 15 19 | 3
156241,2026-03-26,2 8 15 18 22 | 3
156242,2026-03-26,3 8 16 19 24 | 4
156243,2026-03-26,13 22 29 33 34 | 2
156244,2026-03-26,23 25 27 30 32 | 4
156245,2026-03-26,6 15 25 28 35 | 3
156246,2026-03-26,14 16 24 25 31 | 3
156247,2026-03-26,1 4 20 32 34 | 3
156248,2026-03-26,5 16 17 26 27 | 2
156249,2026-03-26,1 6 15 23 30 | 4
156250,2026-03-26,5 20 21 30 32 | 3
156251,2026-03-26,14 20 25 33 35 | 1
156252,2026-03-26,17 21 26 28 31 | 4
156253,2026-03-26,9 15 21 26 31 | 1
156254,2026-03-26,9 10 16 20 30 | 2
156255,2026-03-26,7 8 18 24 33 | 1
156256,2026-03-26,4 6 8 11 18 | 4
156257,2026-03-26,15 16 26 30 33 | 2
156258,2026-03-26,5 7 16 25 32 | 4
156259,2026-03-26,7 11 17 25 28 | 4
156260,2026-03-26,1 2 5 17 29 | 4
156261,2026-03-26,13 19 24 26 29 | 2
156262,2026-03-26,6 9 11 15 34 | 1
156263,2026-03-26,6 9 16 17 24 | 2
156264,2026-03-26,7 10 12 19 21 | 1
156265,2026-03-26,3 4 9 17 26 | 4
156266,2026-03-26,1 9 13 21 32 | 1
156267,2026-03-26,8 9 11 16 36 | 1
156268,2026-03-26,1 3 14 31 33 | 2
156269,2026-03-26,6 8 10 28 35 | 1
156270,2026-03-26,12 14 21 29 32 | 1
156271,2026-03-26,1 6 12 21 36 | 4
156272,2026-03-26,3 4 14 15 36 | 2
156273,2026-03-26,3 13 22 23 33 | 3
156274,2026-03-26,2 11 12 16 28 | 1
156275,2026-03-26,2 6 22 26 32 | 1
156276,2026-03-26,6 11 15 22 30 | 4
156277,2026-03-26,2 15 24 29 31 | 2
156278,2026-03-26,13 15 17 22 30 | 2
156279,2026-03-26,2 5 23 29 35 | 4
156280,2026-03-26,8 9 13 24 26 | 2
156281,2026-03-26,3 16 20 21 22 | 3
156282,2026-03-26,1 11 14 27 29 | 2
156283,2026-03-26,2 9 17 24 31 | 4
156284,2026-03-26,4 5 10 21 24 | 2
156285,2026-03-26,7 9 24 30 35 | 2
156286,2026-03-26,1 7 11 24 32 | 3
156287,2026-03-26,2 6 13 22 28 | 3
156288,2026-03-26,3 11 26 28 34 | 4
156289,2026-03-27,7 11 15 21 33 | 2
156290,2026-03-27,4 7 9 17 34 | 4
156291,2026-03-27,9 13 17 21 32 | 1
156292,2026-03-27,2 5 18 30 33 | 4
156293,2026-03-27,2 17 18 20 29 | 4
156294,2026-03-27,12 14 16 19 24 | 1
156295,2026-03-27,4 8 11 16 26 | 2
156296,2026-03-27,11 13 14 17 26 | 4
156297,2026-03-27,4 7 18 26 27 | 2
156298,2026-03-27,6 13 14 28 29 | 1
156299,2026-03-27,9 10 12 19 36 | 2
156300,2026-03-27,1 7 8 22 31 | 2
156301,2026-03-27,4 15 28 32 35 | 3
156302,2026-03-27,3 5 18 25 33 | 1
156303,2026-03-27,2 10 14 16 17 | 2
156304,2026-03-27,8 19 30 32 35 | 4
156305,2026-03-27,10 13 15 31 36 | 3
156306,2026-03-27,1 5 28 33 36 | 4
156307,2026-03-27,9 15 17 21 25 | 3
156308,2026-03-27,1 14 15 16 24 | 1
156309,2026-03-27,2 3 4 31 32 | 4
156310,2026-03-27,6 13 17 30 31 | 2
156311,2026-03-27,1 8 10 16 19 | 1
156312,2026-03-27,13 19 21 25 28 | 2
156313,2026-03-27,7 10 19 23 26 | 2
156314,2026-03-27,10 14 24 28 34 | 1
156315,2026-03-27,12 15 28 31 35 | 1
156316,2026-03-27,3 7 14 32 36 | 1
156317,2026-03-27,17 28 29 34 36 | 1
156318,2026-03-27,5 14 16 30 33 | 2
156319,2026-03-27,18 22 30 33 34 | 2
156320,2026-03-27,4 18 23 28 33 | 2
156321,2026-03-27,6 9 22 27 34 | 3
156322,2026-03-27,6 9 18 21 35 | 4
156323,2026-03-27,8 10 12 26 32 | 4
156324,2026-03-27,2 7 10 31 36 | 1
156325,2026-03-27,3 10 13 28 34 | 2
156326,2026-03-27,20 27 29 33 34 | 3
156327,2026-03-27,6 15 32 33 35 | 3
156328,2026-03-27,5 16 25 30 33 | 4
156329,2026-03-27,6 9 11 21 34 | 1
156330,2026-03-27,9 16 18 21 33 | 3
156331,2026-03-27,12 21 23 33 36 | 3
156332,2026-03-27,20 22 28 30 31 | 2
156333,2026-03-27,1 4 20 21 34 | 4
156334,2026-03-27,4 15 23 24 25 | 4
156335,2026-03-27,3 4 17 25 33 | 4
156336,2026-03-27,5 8 12 18 25 | 2
156337,2026-03-27,6 8 10 17 32 | 2
156338,2026-03-27,13 23 24 31 33 | 1
156339,2026-03-27,2 3 8 25 27 | 1
156340,2026-03-27,1 19 22 24 33 | 3
156341,2026-03-27,1 3 8 14 32 | 4
156342,2026-03-27,9 20 27 32 33 | 2
156343,2026-03-27,14 17 21 30 33 | 4
156344,2026-03-27,2 11 13 27 28 | 1
156345,2026-03-27,4 13 18 23 33 | 2
156346,2026-03-27,12 15 19 27 30 | 4
156347,2026-03-27,6 7 11 20 35 | 1
156348,2026-03-28,6 10 12 20 26 | 4
156349,2026-03-28,9 12 17 31 36 | 3
156350,2026-03-28,10 19 24 30 32 | 4
156351,2026-03-28,8 18 25 26 36 | 2
156352,2026-03-28,6 22 28 32 35 | 3
156353,2026-03-28,3 5 7 13 17 | 2
156354,2026-03-28,14 16 24 28 35 | 3
156355,2026-03-28,5 18 21 31 36 | 3
156356,2026-03-28,10 16 21 30 36 | 2
156357,2026-03-28,7 20 21 22 25 | 4
156358,2026-03-28,4 5 15 18 27 | 3
156359,2026-03-28,2 18 24 32 34 | 3
156360,2026-03-28,8 9 13 14 34 | 2
156361,2026-03-28,12 13 27 30 32 | 1
156362,2026-03-28,1 10 12 16 34 | 3
156363,2026-03-28,2 4 10 20 26 | 4
156364,2026-03-28,12 17 21 28 30 | 1
156365,2026-03-28,6 7 11 31 34 | 1
156366,2026-03-28,3 13 20 26 35 | 3
156367,2026-03-28,4 15 22 28 32 | 4
156368,2026-03-28,3 8 14 16 23 | 4
156369,2026-03-28,1 17 26 33 36 | 2
156370,2026-03-28,2 6 8 19 29 | 4
156371,2026-03-28,5 11 15 17 19 | 1
156372,2026-03-28,16 18 28 29 34 | 2
156373,2026-03-28,3 16 17 25 35 | 4
156374,2026-03-28,2 7 14 24 25 | 3
156375,2026-03-28,1 2 14 24 25 | 2
156376,2026-03-28,7 12 15 22 36 | 2
156377,2026-03-28,5 16 17 28 30 | 4
156378,2026-03-28,2 4 6 24 28 | 4
156379,2026-03-28,1 3 5 7 16 | 3
156380,2026-03-28,6 7 22 27 30 | 1
156381,2026-03-28,14 29 32 34 35 | 3
156382,2026-03-28,1 3 12 34 36 | 3
156383,2026-03-28,16 22 32 34 36 | 1
156384,2026-03-28,4 5 9 18 31 | 4
156385,2026-03-28,1 5 14 27 28 | 2
156386,2026-03-28,1 2 4 14 36 | 1
156387,2026-03-28,13 21 26 27 36 | 2
156388,2026-03-28,6 15 22 25 30 | 3
156389,2026-03-28,3 19 26 29 31 | 2
156390,2026-03-28,1 20 21 32 34 | 1
156391,2026-03-28,14 16 26 31 36 | 4
156392,2026-03-28,1 6 19 26 28 | 2
156393,2026-03-28,1 20 28 35 36 | 4
156394,2026-03-28,1 5 8 12 19 | 2
156395,2026-03-28,3 7 8 27 34 | 4
156396,2026-03-28,4 7 11 19 28 | 2
156397,2026-03-28,1 2 7 13 18 | 4
156398,2026-03-28,1 2 18 29 32 | 2
156399,2026-03-28,5 14 16 25 30 | 4
156400,2026-03-28,4 19 26 29 36 | 3
156401,2026-03-28,6 14 23 26 28 | 3
156402,2026-03-28,2 17 21 30 34 | 3
156403,2026-03-28,13 19 24 26 30 | 3
156404,2026-03-28,3 13 14 18 33 | 3
156405,2026-03-29,10 14 23 33 36 | 2
156406,2026-03-29,23 27 29 30 32 | 3
156407,2026-03-29,3 4 5 6 18 | 4
156408,2026-03-29,8 30 31 33 35 | 2
156409,2026-03-29,5 7 22 24 34 | 2
156410,2026-03-29,11 12 14 27 36 | 1
156411,2026-03-29,5 10 20 23 24 | 1
156412,2026-03-29,11 20 25 27 33 | 3
156413,2026-03-29,1 18 23 24 32 | 4
156414,2026-03-29,3 9 15 26 32 | 2
156415,2026-03-29,22 24 28 30 35 | 4
156416,2026-03-29,2 14 21 23 25 | 2
156417,2026-03-29,5 18 22 35 36 | 1
156418,2026-03-29,3 4 14 20 36 | 1
156419,2026-03-29,3 7 9 22 32 | 1
156420,2026-03-29,4 14 20 23 32 | 3
156421,2026-03-29,1 14 15 21 23 | 1
156422,2026-03-29,2 6 23 26 28 | 4
156423,2026-03-29,11 14 26 27 32 | 2
156424,2026-03-29,4 11 15 23 36 | 4
156425,2026-03-29,26 27 29 33 35 | 4
156426,2026-03-29,9 10 14 18 22 | 3
156427,2026-03-29,6 8 23 33 34 | 1
156428,2026-03-29,8 16 18 20 27 | 1
156429,2026-03-29,4 18 27 31 36 | 1
156430,2026-03-29,15 18 19 20 35 | 3
156431,2026-03-29,8 9 24 29 34 | 4
156432,2026-03-29,3 7 15 27 29 | 4
156433,2026-03-29,10 13 17 32 34 | 4
156434,2026-03-29,5 14 17 19 33 | 1
156435,2026-03-29,11 22 25 31 35 | 3
156436,2026-03-29,3 10 20 23 25 | 2
156437,2026-03-29,10 15 22 24 27 | 2
156438,2026-03-29,2 15 20 35 36 | 2
156439,2026-03-29,8 15 18 32 36 | 2
156440,2026-03-29,1 16 22 23 27 | 3
156442,2026-03-29,15 18 24 28 31 | 1
156443,2026-03-29,2 4 5 12 34 | 1
156444,2026-03-29,6 14 17 23 24 | 4
156445,2026-03-29,4 8 13 34 35 | 4
156446,2026-03-29,10 14 17 29 31 | 3
156447,2026-03-29,1 2 5 10 13 | 3
156448,2026-03-29,6 12 17 30 33 | 3
156449,2026-03-29,4 13 17 19 27 | 4
156450,2026-03-29,1 11 21 27 33 | 2
156451,2026-03-29,9 10 20 31 32 | 3
156452,2026-03-29,16 28 30 34 35 | 4
156453,2026-03-29,3 5 30 31 32 | 3
156454,2026-03-29,5 21 23 24 35 | 2
156455,2026-03-29,2 13 14 34 36 | 3
156456,2026-03-29,17 22 27 31 36 | 1
156457,2026-03-29,3 9 25 27 32 | 2
156458,2026-03-29,4 9 10 15 22 | 4
156459,2026-03-29,4 11 23 24 31 | 3
156460,2026-03-29,2 4 10 14 34 | 3
156461,2026-03-29,1 18 21 29 34 | 3
156462,2026-03-29,7 23 33 34 35 | 2
156463,2026-03-29,5 8 16 24 36 | 2
156464,2026-03-29,6 12 17 25 31 | 3
156465,2026-03-30,4 7 15 24 32 | 3
156466,2026-03-30,4 13 14 29 30 | 4
156467,2026-03-30,13 15 25 30 33 | 4
156468,2026-03-30,7 12 13 18 35 | 3
156469,2026-03-30,7 14 15 23 29 | 3
156470,2026-03-30,9 21 26 34 35 | 4
156471,2026-03-30,3 23 27 30 36 | 3
156472,2026-03-30,6 10 16 18 27 | 2
156473,2026-03-30,10 16 22 31 32 | 4
156474,2026-03-30,2 3 13 23 36 | 1
156475,2026-03-30,4 7 18 23 35 | 2
156476,2026-03-30,4 12 18 33 34 | 4
156477,2026-03-30,15 19 25 26 29 | 4
156478,2026-03-30,1 6 11 16 36 | 2
156479,2026-03-30,2 4 6 7 20 | 1
156480,2026-03-30,1 11 13 18 33 | 4
156481,2026-03-30,2 16 18 23 35 | 3
156482,2026-03-30,3 4 8 15 18 | 2
156483,2026-03-30,20 25 29 31 32 | 2
156484,2026-03-30,10 16 22 23 24 | 3
156485,2026-03-30,9 12 16 27 28 | 3
156486,2026-03-30,6 17 23 25 35 | 4
156487,2026-03-30,5 11 14 32 36 | 2
156488,2026-03-30,5 16 22 24 32 | 1
156489,2026-03-30,4 6 16 20 25 | 2
156490,2026-03-30,1 21 27 34 36 | 4
156491,2026-03-30,4 6 10 29 31 | 3
156492,2026-03-30,7 16 19 25 30 | 2
156493,2026-03-30,5 20 22 27 35 | 4
156494,2026-03-30,4 7 11 26 32 | 2
156495,2026-03-30,2 4 7 19 29 | 3
156496,2026-03-30,7 18 26 27 32 | 3
156497,2026-03-30,2 11 12 19 30 | 1
156498,2026-03-30,3 7 11 12 21 | 1
156499,2026-03-30,1 2 10 14 32 | 1
156500,2026-03-30,6 17 18 23 36 | 4
156501,2026-03-30,1 6 25 30 35 | 1
156502,2026-03-30,5 24 25 30 36 | 4
156503,2026-03-30,4 8 9 13 28 | 1
156504,2026-03-30,7 14 23 34 35 | 4
156505,2026-03-30,1 3 10 28 34 | 3
156506,2026-03-30,15 18 33 34 35 | 4
156507,2026-03-30,1 13 26 32 34 | 4
156508,2026-03-30,5 6 18 25 28 | 4
156509,2026-03-30,4 14 22 33 36 | 4
156510,2026-03-30,14 21 24 26 33 | 3
156511,2026-03-30,2 5 16 24 29 | 2
156512,2026-03-30,6 10 15 22 35 | 4
156513,2026-03-30,3 4 5 16 29 | 4
156514,2026-03-30,12 15 23 28 31 | 2
156515,2026-03-30,12 17 32 33 35 | 2
156516,2026-03-30,12 18 25 29 30 | 3
156517,2026-03-30,1 6 24 30 34 | 4
156518,2026-03-30,13 17 18 31 32 | 2
156519,2026-03-30,5 6 19 21 32 | 3
156520,2026-03-30,2 4 7 25 34 | 2
156521,2026-03-30,3 15 31 33 36 | 2
156522,2026-03-30,4 15 21 23 26 | 4
156523,2026-03-30,6 16 17 18 22 | 2
156524,2026-03-31,8 21 22 28 32 | 1
156525,2026-03-31,17 20 24 30 36 | 2
156526,2026-03-31,5 10 11 19 25 | 3
156527,2026-03-31,6 20 25 26 27 | 4
156528,2026-03-31,4 8 10 16 25 | 2
156529,2026-03-31,8 15 21 25 29 | 1
156530,2026-03-31,7 10 19 28 31 | 2
156531,2026-03-31,4 11 17 20 32 | 1
156532,2026-03-31,6 9 12 22 26 | 3
156533,2026-03-31,9 11 16 26 36 | 1
156534,2026-03-31,2 8 23 29 34 | 4
156535,2026-03-31,2 18 19 27 28 | 3
156536,2026-03-31,2 8 17 19 28 | 4
156537,2026-03-31,11 13 16 25 27 | 4
156538,2026-03-31,17 20 24 28 30 | 4
156539,2026-03-31,14 18 28 31 34 | 3
156540,2026-03-31,9 11 14 17 29 | 4
156541,2026-03-31,13 14 15 23 34 | 4
156542,2026-03-31,1 10 17 35 36 | 3
156543,2026-03-31,4 5 6 13 14 | 1
156544,2026-03-31,4 16 24 33 35 | 4
156545,2026-03-31,10 15 20 21 29 | 1
156546,2026-03-31,4 10 12 17 21 | 4
156547,2026-03-31,5 7 20 24 28 | 4
156548,2026-03-31,9 11 18 25 29 | 2
156549,2026-03-31,17 21 22 32 33 | 2
156550,2026-03-31,2 23 24 27 33 | 4
156551,2026-03-31,15 20 21 25 32 | 3
156552,2026-03-31,1 7 22 28 34 | 3
156553,2026-03-31,1 7 12 18 24 | 4
156554,2026-03-31,16 19 23 30 34 | 1
156555,2026-03-31,4 5 13 20 21 | 1
156556,2026-03-31,16 19 29 34 35 | 1
156557,2026-03-31,2 3 25 28 36 | 4
156558,2026-03-31,8 12 16 19 28 | 1
156559,2026-03-31,6 14 23 29 33 | 3
156560,2026-03-31,10 13 15 22 24 | 1
156561,2026-03-31,2 9 10 14 20 | 2
156562,2026-03-31,6 7 20 32 35 | 2
156563,2026-03-31,8 16 18 29 35 | 2
156564,2026-03-31,17 20 25 32 33 | 2
156565,2026-03-31,3 15 26 28 29 | 4
156566,2026-03-31,12 15 17 21 23 | 2
156567,2026-03-31,17 20 21 22 33 | 1
156568,2026-03-31,3 10 12 16 18 | 1
156569,2026-03-31,10 18 20 23 26 | 4
156570,2026-03-31,5 22 23 25 34 | 3
156571,2026-03-31,3 6 10 20 36 | 2
156572,2026-03-31,8 13 24 28 35 | 2
156573,2026-03-31,12 18 27 28 32 | 3
156574,2026-03-31,7 14 19 22 36 | 2
156575,2026-03-31,2 3 16 23 36 | 2
156576,2026-03-31,3 14 16 22 33 | 2
156577,2026-03-31,5 12 25 32 35 | 4
156578,2026-03-31,7 8 27 29 31 | 2
156579,2026-03-31,7 15 26 33 35 | 3
156580,2026-03-31,8 17 23 32 36 | 1
156581,2026-03-31,3 4 11 17 28 | 3
156582,2026-03-31,1 11 12 23 31 | 4
156583,2026-04-01,14 16 20 23 32 | 3
156584,2026-04-01,1 9 19 25 28 | 4
156585,2026-04-01,10 12 23 30 33 | 4
156586,2026-04-01,13 15 20 23 35 | 1
156587,2026-04-01,12 20 22 23 26 | 4
156588,2026-04-01,3 17 19 26 28 | 3
156589,2026-04-01,6 19 27 28 35 | 4
156590,2026-04-01,2 10 16 29 31 | 4
156591,2026-04-01,9 24 26 31 35 | 1
156592,2026-04-01,6 10 13 16 34 | 3
156593,2026-04-01,14 19 21 25 33 | 2
156594,2026-04-01,2 7 11 19 27 | 3
156595,2026-04-01,3 7 24 31 33 | 3
156596,2026-04-01,10 13 15 19 24 | 1
156597,2026-04-01,6 12 14 18 20 | 2
156598,2026-04-01,13 16 23 34 36 | 2
156599,2026-04-01,2 11 15 32 35 | 2
156600,2026-04-01,3 7 8 11 12 | 3
156601,2026-04-01,11 22 23 33 36 | 1
156602,2026-04-01,2 9 16 20 34 | 3
156603,2026-04-01,1 6 11 27 32 | 3
156604,2026-04-01,15 18 21 22 24 | 3
156605,2026-04-01,3 5 6 22 24 | 4
156606,2026-04-01,2 19 21 34 35 | 2
156607,2026-04-01,3 12 17 26 34 | 3
156608,2026-04-01,1 6 8 18 35 | 1
156609,2026-04-01,3 18 26 28 35 | 1
156610,2026-04-01,1 3 14 18 33 | 2
156611,2026-04-01,1 3 18 33 36 | 4
156612,2026-04-01,4 7 15 19 20 | 1
156613,2026-04-01,17 20 22 30 31 | 3
156614,2026-04-01,4 5 9 21 23 | 3
156615,2026-04-01,2 10 18 26 27 | 1
156616,2026-04-01,5 12 14 22 30 | 1
156617,2026-04-01,5 6 19 28 34 | 4
156618,2026-04-01,2 6 14 20 25 | 3
156619,2026-04-01,12 14 16 21 34 | 3
156620,2026-04-01,3 6 16 24 32 | 3
156621,2026-04-01,9 11 12 14 29 | 3
156622,2026-04-01,14 15 16 17 19 | 3
156623,2026-04-01,2 7 17 22 24 | 2
156624,2026-04-01,4 9 20 21 28 | 3
156625,2026-04-01,2 7 21 28 31 | 3
156626,2026-04-01,1 8 22 28 32 | 4
156627,2026-04-01,6 21 24 28 32 | 2
156628,2026-04-01,1 4 9 24 35 | 2
156629,2026-04-01,2 3 5 9 26 | 2
156630,2026-04-01,15 19 22 24 30 | 2
156631,2026-04-01,11 13 17 19 36 | 2
156632,2026-04-01,3 12 14 25 36 | 4
156633,2026-04-01,4 9 17 18 34 | 3
156634,2026-04-01,11 15 17 20 25 | 3
156635,2026-04-01,1 5 13 28 35 | 3
156636,2026-04-01,11 25 27 33 35 | 4
156637,2026-04-01,12 15 18 24 26 | 1
156638,2026-04-01,1 6 7 11 34 | 4
156639,2026-04-01,11 12 18 19 33 | 1
156640,2026-04-01,15 16 23 24 25 | 3
156641,2026-04-01,2 6 7 33 35 | 4
156642,2026-04-02,2 3 5 12 13 | 1
156643,2026-04-02,4 5 11 17 30 | 1
156644,2026-04-02,9 12 14 18 27 | 3
156645,2026-04-02,8 14 15 17 27 | 1
156646,2026-04-02,1 3 6 29 35 | 1
156647,2026-04-02,7 12 27 30 32 | 2
156648,2026-04-02,6 22 31 35 36 | 3
156649,2026-04-02,11 18 24 30 33 | 2
156650,2026-04-02,6 20 21 22 23 | 4
156651,2026-04-02,22 23 28 31 33 | 3
156652,2026-04-02,2 3 21 32 33 | 4
156653,2026-04-02,2 14 15 26 28 | 4
156654,2026-04-02,6 22 29 30 32 | 4
156655,2026-04-02,2 3 9 10 33 | 4
156656,2026-04-02,3 7 24 31 32 | 2
156657,2026-04-02,3 5 13 19 34 | 3
156658,2026-04-02,4 10 12 25 33 | 1
156659,2026-04-02,3 5 11 34 36 | 4
156660,2026-04-02,7 10 19 27 35 | 1
156661,2026-04-02,2 7 13 22 34 | 2
156662,2026-04-02,4 18 29 30 35 | 4
156663,2026-04-02,5 8 12 13 21 | 4
156664,2026-04-02,8 13 26 30 32 | 3
156665,2026-04-02,2 3 7 24 26 | 4
156666,2026-04-02,2 4 8 20 24 | 2
156667,2026-04-02,6 13 18 22 25 | 2
156668,2026-04-02,2 4 26 31 35 | 3
156669,2026-04-02,16 20 27 31 35 | 1
156670,2026-04-02,4 10 14 15 27 | 1
156671,2026-04-02,1 14 18 19 31 | 2
156672,2026-04-02,3 4 7 15 36 | 3
156673,2026-04-02,1 6 13 35 36 | 2
156674,2026-04-02,5 8 10 25 26 | 1
156675,2026-04-02,1 2 16 22 33 | 2
156676,2026-04-02,6 19 21 25 32 | 2
156677,2026-04-02,1 4 10 15 31 | 2
156678,2026-04-02,1 13 14 19 24 | 2
156679,2026-04-02,5 6 9 14 35 | 1
156680,2026-04-02,7 13 28 29 36 | 4
156681,2026-04-02,8 25 26 29 34 | 4
156682,2026-04-02,1 16 18 20 35 | 2
156683,2026-04-02,14 20 28 30 36 | 3
156684,2026-04-02,1 7 17 19 20 | 2
156685,2026-04-02,2 3 8 19 36 | 1
156686,2026-04-02,1 21 22 31 36 | 1
156687,2026-04-02,3 20 24 27 28 | 1
156688,2026-04-02,4 6 17 18 28 | 1
156689,2026-04-02,2 21 28 31 36 | 2
156690,2026-04-02,2 5 8 17 33 | 2
156691,2026-04-02,7 8 10 23 31 | 4
156692,2026-04-02,2 14 23 26 34 | 2
156693,2026-04-02,3 22 25 30 31 | 3
156694,2026-04-02,1 10 23 26 36 | 3
156695,2026-04-02,10 18 22 28 29 | 2
156696,2026-04-02,2 5 10 23 29 | 3
156697,2026-04-02,1 8 15 20 30 | 3
156698,2026-04-02,2 8 12 22 27 | 3
156699,2026-04-02,2 15 17 29 36 | 2
156700,2026-04-02,8 10 11 17 19 | 3
156701,2026-04-03,10 12 15 34 36 | 4
156702,2026-04-03,8 10 18 20 32 | 2
156703,2026-04-03,3 11 16 21 32 | 2
156704,2026-04-03,7 11 22 28 36 | 1
156705,2026-04-03,4 17 23 25 33 | 2
156706,2026-04-03,2 17 19 26 31 | 2
156707,2026-04-03,3 8 20 25 35 | 3
156708,2026-04-03,6 15 17 20 31 | 1
156709,2026-04-03,5 6 10 25 32 | 4
156710,2026-04-03,5 15 29 34 36 | 1
156711,2026-04-03,5 20 22 23 29 | 4
156712,2026-04-03,5 12 13 14 22 | 2
156713,2026-04-03,3 4 12 16 29 | 3
156714,2026-04-03,3 4 11 13 36 | 4
156715,2026-04-03,3 10 12 15 28 | 4
156716,2026-04-03,3 10 13 21 32 | 3
156717,2026-04-03,13 22 30 34 36 | 1
156718,2026-04-03,8 14 28 33 35 | 2
156719,2026-04-03,3 6 15 24 30 | 1
156720,2026-04-03,2 8 18 20 31 | 3
156721,2026-04-03,4 7 22 28 32 | 1
156722,2026-04-03,6 15 16 26 34 | 4
156723,2026-04-03,8 13 18 29 31 | 3
156724,2026-04-03,7 11 23 27 32 | 3
156725,2026-04-03,3 7 13 30 34 | 1
156726,2026-04-03,10 24 27 29 36 | 3
156727,2026-04-03,18 22 27 28 33 | 2
156728,2026-04-03,4 14 18 22 36 | 1
156729,2026-04-03,13 18 21 33 36 | 2
156730,2026-04-03,5 13 15 25 28 | 4
156731,2026-04-03,3 9 10 14 15 | 2
156732,2026-04-03,2 5 10 17 25 | 4
156733,2026-04-03,1 11 15 16 30 | 2
156734,2026-04-03,6 8 16 26 29 | 2
156735,2026-04-03,11 13 14 26 33 | 3
156736,2026-04-03,2 23 24 27 28 | 3
156737,2026-04-03,8 14 15 21 24 | 4
156738,2026-04-03,2 19 32 34 36 | 3
156739,2026-04-03,4 11 17 30 31 | 3
156740,2026-04-03,10 17 30 32 35 | 1
156741,2026-04-03,5 9 14 16 25 | 3
156742,2026-04-03,4 8 24 31 35 | 1
156743,2026-04-03,3 5 8 21 33 | 2
156744,2026-04-03,4 7 12 13 19 | 3
156745,2026-04-03,1 11 26 27 35 | 1
156746,2026-04-03,5 14 21 27 28 | 3
156747,2026-04-03,1 4 13 14 17 | 1
156748,2026-04-03,14 21 31 32 36 | 3
156749,2026-04-03,6 8 9 10 23 | 4
156750,2026-04-03,3 5 15 27 30 | 1
156751,2026-04-03,1 9 18 27 30 | 2
156752,2026-04-03,5 15 17 22 34 | 2
156753,2026-04-03,3 5 8 13 29 | 4
156754,2026-04-03,3 5 18 22 32 | 2
156755,2026-04-03,1 6 10 18 26 | 4
156756,2026-04-03,14 19 26 28 30 | 4
156757,2026-04-03,1 9 20 26 28 | 1
156758,2026-04-03,9 14 29 31 32 | 1
156759,2026-04-03,7 10 13 16 19 | 1
156760,2026-04-04,5 12 13 15 18 | 4
156761,2026-04-04,3 6 17 32 35 | 1
156762,2026-04-04,12 25 29 32 35 | 2
156763,2026-04-04,4 10 25 32 35 | 2
156764,2026-04-04,11 14 17 27 28 | 4
156765,2026-04-04,3 11 16 22 35 | 3
156766,2026-04-04,3 7 10 25 34 | 3
156767,2026-04-04,4 9 10 15 33 | 3
156768,2026-04-04,4 7 16 30 36 | 4
156769,2026-04-04,5 12 23 27 34 | 3
156770,2026-04-04,16 24 26 29 36 | 4
156771,2026-04-04,1 4 7 15 25 | 4
156772,2026-04-04,4 16 20 24 33 | 1
156773,2026-04-04,11 13 29 31 34 | 3
156774,2026-04-04,6 12 17 19 25 | 1
156775,2026-04-04,9 13 14 15 31 | 3
156776,2026-04-04,2 3 11 20 29 | 1
156777,2026-04-04,18 21 26 28 36 | 4
156778,2026-04-04,2 6 12 18 21 | 2
156779,2026-04-04,7 16 17 18 34 | 2
156780,2026-04-04,1 11 24 32 35 | 2
156781,2026-04-04,7 20 30 32 36 | 1
156782,2026-04-04,4 5 19 30 33 | 4
156783,2026-04-04,21 23 28 31 36 | 1
156784,2026-04-04,1 4 18 19 24 | 2
156785,2026-04-04,4 7 14 15 23 | 2
156786,2026-04-04,2 9 11 16 33 | 2
156787,2026-04-04,2 6 16 21 35 | 2
156788,2026-04-04,4 20 26 32 33 | 3
156789,2026-04-04,15 18 23 25 29 | 2
156790,2026-04-04,4 9 17 18 30 | 3
156791,2026-04-04,2 7 10 14 34 | 4
156792,2026-04-04,3 6 31 33 36 | 2
156793,2026-04-04,1 13 14 18 19 | 1
156794,2026-04-04,6 16 18 19 34 | 1
156795,2026-04-04,4 9 14 29 31 | 3
156796,2026-04-04,6 13 19 20 25 | 2
156797,2026-04-04,8 18 24 28 36 | 3
156798,2026-04-04,11 17 21 22 25 | 4
156799,2026-04-04,7 9 15 22 29 | 3
156800,2026-04-04,8 12 13 22 33 | 4
156801,2026-04-04,4 17 19 22 27 | 2
156802,2026-04-04,8 14 23 29 34 | 3
156803,2026-04-04,3 4 19 29 31 | 3
156804,2026-04-04,24 26 27 32 34 | 3
156805,2026-04-04,15 16 22 30 31 | 3
156806,2026-04-04,4 14 15 17 34 | 2
156807,2026-04-04,6 14 22 23 27 | 1
156808,2026-04-04,2 5 27 30 32 | 1
156809,2026-04-04,2 5 18 19 25 | 2
156810,2026-04-04,4 9 17 21 23 | 1
156811,2026-04-04,1 10 20 29 36 | 2
156812,2026-04-04,5 18 24 25 34 | 1
156813,2026-04-04,7 8 13 19 27 | 2
156814,2026-04-04,8 17 19 21 30 | 4
156815,2026-04-04,3 13 16 19 24 | 1
156816,2026-04-04,4 10 22 30 36 | 2
156817,2026-04-05,11 12 26 32 35 | 2
156818,2026-04-05,5 12 13 19 27 | 3
156819,2026-04-05,6 10 11 17 32 | 4
156820,2026-04-05,2 8 10 27 28 | 3
156821,2026-04-05,8 11 25 29 32 | 4
156822,2026-04-05,3 6 18 28 33 | 2
156823,2026-04-05,4 9 17 19 33 | 2
156824,2026-04-05,9 18 20 23 26 | 4
156825,2026-04-05,4 7 9 12 14 | 3
156826,2026-04-05,9 19 21 33 35 | 4
156827,2026-04-05,4 5 7 16 21 | 4
156828,2026-04-05,2 4 6 10 23 | 2
156829,2026-04-05,3 4 6 21 28 | 2
156830,2026-04-05,8 13 15 16 25 | 3
156831,2026-04-05,15 19 20 28 31 | 2
156832,2026-04-05,14 18 29 32 34 | 3
156833,2026-04-05,7 20 23 24 30 | 2
156834,2026-04-05,1 11 12 20 33 | 1
156835,2026-04-05,14 20 26 28 35 | 3
156836,2026-04-05,19 26 34 35 36 | 2
156837,2026-04-05,1 7 11 16 31 | 2
156838,2026-04-05,6 15 18 19 33 | 4
156839,2026-04-05,14 23 28 35 36 | 2
156840,2026-04-05,5 14 19 27 32 | 2
156841,2026-04-05,13 14 17 28 29 | 1
156842,2026-04-05,10 22 24 25 32 | 2
156843,2026-04-05,10 26 28 34 35 | 4
156844,2026-04-05,3 4 9 15 29 | 4
156845,2026-04-05,4 10 14 20 35 | 4
156846,2026-04-05,1 2 13 24 30 | 2
156847,2026-04-05,14 24 25 27 29 | 2
156848,2026-04-05,6 14 30 35 36 | 4
156849,2026-04-05,1 6 15 19 34 | 2
156850,2026-04-05,10 11 13 25 26 | 3
156851,2026-04-05,5 17 25 31 36 | 3
156852,2026-04-05,3 4 16 19 24 | 2
156853,2026-04-05,9 20 25 28 33 | 4
156854,2026-04-05,2 4 6 13 19 | 4
156855,2026-04-05,6 23 27 28 29 | 2
156856,2026-04-05,7 10 12 18 27 | 3
156857,2026-04-05,8 9 10 18 31 | 3
156858,2026-04-05,10 11 13 20 28 | 4
156859,2026-04-05,4 6 10 16 19 | 4
156860,2026-04-05,1 2 7 26 27 | 2
156861,2026-04-05,1 2 11 14 24 | 4
156862,2026-04-05,4 6 13 15 32 | 4
156863,2026-04-05,14 17 21 27 35 | 1
156864,2026-04-05,1 3 4 9 24 | 4
156865,2026-04-05,2 12 15 29 33 | 2
156866,2026-04-05,4 10 15 21 31 | 4
156867,2026-04-05,7 27 31 32 36 | 1
156868,2026-04-05,4 16 32 35 36 | 1
156869,2026-04-05,1 16 18 19 25 | 4
156870,2026-04-05,1 8 19 33 34 | 2
156871,2026-04-05,24 25 28 29 33 | 1
156872,2026-04-05,3 18 22 26 36 | 2
156873,2026-04-05,15 17 20 29 35 | 2
156874,2026-04-05,1 3 5 10 28 | 3
156875,2026-04-05,12 13 15 31 36 | 2
156876,2026-04-05,19 24 26 33 35 | 3
156877,2026-04-06,3 4 9 17 18 | 4
156878,2026-04-06,8 10 16 20 32 | 3
156879,2026-04-06,6 8 20 25 35 | 2
156880,2026-04-06,3 9 12 16 29 | 1
156881,2026-04-06,3 4 23 24 31 | 4
156882,2026-04-06,4 6 9 14 15 | 2
156883,2026-04-06,3 5 11 16 26 | 4
156884,2026-04-06,1 14 19 22 24 | 1
156885,2026-04-06,14 15 24 29 30 | 1
156886,2026-04-06,10 12 20 25 34 | 4
156887,2026-04-06,2 3 14 20 21 | 1
156888,2026-04-06,3 4 7 16 17 | 4
156889,2026-04-06,13 15 20 23 32 | 1
156890,2026-04-06,9 11 20 22 27 | 1
156891,2026-04-06,3 6 7 16 34 | 3
156892,2026-04-06,4 15 21 25 34 | 1
156893,2026-04-06,5 19 25 30 33 | 4
156894,2026-04-06,5 8 15 26 29 | 3
156895,2026-04-06,13 15 16 21 25 | 1
156896,2026-04-06,2 15 18 22 36 | 1
156897,2026-04-06,3 12 13 24 35 | 2
156898,2026-04-06,13 14 22 24 33 | 3
156899,2026-04-06,1 5 20 22 23 | 4
156900,2026-04-06,10 20 22 25 31 | 1
156901,2026-04-06,8 18 19 26 28 | 1
156902,2026-04-06,4 8 13 14 31 | 2
156903,2026-04-06,4 5 18 19 29 | 2
156904,2026-04-06,8 13 14 26 28 | 2
156905,2026-04-06,1 17 20 27 28 | 1
156906,2026-04-06,6 12 17 28 29 | 2
156907,2026-04-06,4 9 10 16 30 | 2
156908,2026-04-06,3 4 25 28 36 | 1
156909,2026-04-06,3 18 29 32 33 | 2
156910,2026-04-06,6 11 18 27 28 | 3
156911,2026-04-06,4 5 13 15 32 | 2
156912,2026-04-06,1 4 20 23 36 | 3
156913,2026-04-06,4 11 14 17 25 | 3
156914,2026-04-06,10 20 21 31 33 | 4
156915,2026-04-06,6 21 26 27 36 | 4
156916,2026-04-06,2 4 8 22 27 | 4
156917,2026-04-06,5 6 17 22 28 | 1
156918,2026-04-06,4 20 21 29 32 | 1
156919,2026-04-06,15 23 29 31 34 | 4
156920,2026-04-06,13 16 20 26 33 | 4
156921,2026-04-06,9 15 21 24 30 | 3
156922,2026-04-06,1 8 21 31 36 | 2
156923,2026-04-06,10 14 21 23 33 | 2
156924,2026-04-06,3 4 7 17 34 | 4
156925,2026-04-06,6 7 15 26 30 | 4
156926,2026-04-06,8 11 12 15 29 | 4
156927,2026-04-06,4 8 22 27 28 | 2
156928,2026-04-06,3 9 27 28 32 | 1
156929,2026-04-06,4 5 9 26 34 | 4
156930,2026-04-06,10 18 24 30 36 | 2
156931,2026-04-06,5 9 15 21 23 | 3
156932,2026-04-06,4 6 10 22 31 | 3
156933,2026-04-06,7 9 20 23 30 | 2
156934,2026-04-06,5 8 14 16 24 | 4
156935,2026-04-06,4 8 17 30 34 | 2
156936,2026-04-07,1 7 14 22 27 | 1
156937,2026-04-07,4 23 25 30 33 | 3
156938,2026-04-07,4 8 24 29 32 | 1
156939,2026-04-07,7 21 27 30 33 | 4
156940,2026-04-07,6 8 16 17 34 | 4
156941,2026-04-07,1 19 25 33 35 | 3
156942,2026-04-07,7 13 20 21 27 | 3
156943,2026-04-07,9 12 15 34 36 | 3
156944,2026-04-07,5 27 31 32 34 | 1
156945,2026-04-07,13 17 21 25 34 | 2
156946,2026-04-07,1 4 13 26 36 | 2
156947,2026-04-07,2 10 21 25 34 | 3
156948,2026-04-07,2 9 24 26 29 | 4
156949,2026-04-07,4 10 11 19 35 | 1
156950,2026-04-07,1 10 13 26 30 | 4
156951,2026-04-07,13 14 21 23 31 | 2
156952,2026-04-07,5 7 27 30 36 | 4
156953,2026-04-07,5 8 15 27 36 | 2
156954,2026-04-07,5 12 18 29 33 | 2
156955,2026-04-07,8 15 16 22 28 | 3
156956,2026-04-07,9 13 28 30 33 | 4
156957,2026-04-07,3 12 16 21 29 | 3
156958,2026-04-07,3 22 24 26 30 | 2
156959,2026-04-07,13 14 21 27 32 | 4
156960,2026-04-07,4 13 24 27 32 | 1
156961,2026-04-07,2 6 12 15 21 | 1
156962,2026-04-07,1 21 29 30 36 | 3
156963,2026-04-07,15 22 27 29 35 | 1
156964,2026-04-07,6 9 22 33 35 | 1
156965,2026-04-07,10 18 24 25 30 | 4
156966,2026-04-07,9 11 17 28 33 | 2
156967,2026-04-07,10 18 24 26 30 | 2
156968,2026-04-07,5 14 29 33 35 | 3
156969,2026-04-07,17 19 24 31 34 | 4
156970,2026-04-07,5 14 25 30 36 | 1
156971,2026-04-07,3 7 9 11 35 | 3
156972,2026-04-07,16 19 23 32 34 | 2
156973,2026-04-07,3 11 23 28 30 | 3
156974,2026-04-07,2 9 22 27 34 | 3
156975,2026-04-07,14 16 23 35 36 | 2
156976,2026-04-07,9 14 21 27 35 | 2
156977,2026-04-07,9 13 17 18 26 | 1
156978,2026-04-07,15 20 21 26 27 | 4
156979,2026-04-07,12 13 15 18 26 | 3
156980,2026-04-07,3 17 19 31 36 | 4
156981,2026-04-07,2 15 16 20 23 | 1
156982,2026-04-07,12 20 28 30 33 | 2
156983,2026-04-07,5 13 14 16 27 | 1
156984,2026-04-07,1 16 18 19 34 | 1
156985,2026-04-07,5 8 11 12 28 | 4
156986,2026-04-07,1 9 11 20 28 | 2
156987,2026-04-07,7 19 27 31 33 | 2
156988,2026-04-07,16 20 24 31 33 | 2
156989,2026-04-07,6 12 13 17 35 | 3
156990,2026-04-07,4 6 13 16 31 | 2
156991,2026-04-07,10 12 13 17 20 | 1
156992,2026-04-07,17 24 25 31 32 | 3
156993,2026-04-07,20 25 27 34 35 | 4
156994,2026-04-07,2 7 14 33 34 | 2
156995,2026-04-08,1 2 3 4 23 | 4
156996,2026-04-08,1 13 14 16 23 | 3
156997,2026-04-08,24 26 31 34 35 | 4
156998,2026-04-08,5 25 26 28 36 | 4
156999,2026-04-08,14 20 26 28 29 | 2
157000,2026-04-08,1 5 7 9 27 | 2
157001,2026-04-08,11 19 21 28 33 | 4
157002,2026-04-08,2 23 27 28 34 | 4
157003,2026-04-08,2 14 18 25 32 | 1
157004,2026-04-08,4 15 17 25 36 | 3
157005,2026-04-08,11 17 25 35 36 | 2
157006,2026-04-08,3 11 12 15 30 | 1
157007,2026-04-08,6 9 15 20 32 | 4
157008,2026-04-08,1 2 3 7 36 | 1
157009,2026-04-08,1 2 18 29 34 | 1
157010,2026-04-08,3 11 22 26 29 | 3
157011,2026-04-08,12 25 29 33 34 | 3
157012,2026-04-08,11 17 19 26 30 | 2
157013,2026-04-08,7 16 19 27 28 | 4
157014,2026-04-08,9 11 14 21 22 | 4
157015,2026-04-08,3 4 15 31 33 | 3
157016,2026-04-08,5 7 11 15 28 | 3
157017,2026-04-08,11 14 18 23 24 | 2
157018,2026-04-08,8 12 14 18 21 | 3
157019,2026-04-08,5 18 29 31 36 | 2
157020,2026-04-08,10 16 18 22 23 | 2
157021,2026-04-08,3 7 14 18 20 | 3
157022,2026-04-08,3 8 14 24 30 | 2
157023,2026-04-08,6 14 17 27 35 | 4
157024,2026-04-08,7 10 30 32 34 | 3
157025,2026-04-08,10 11 22 23 36 | 1
157026,2026-04-08,4 13 18 22 31 | 3
157027,2026-04-08,9 15 17 20 32 | 4
157028,2026-04-08,13 14 30 31 36 | 1
157029,2026-04-08,1 7 15 21 22 | 3
157030,2026-04-08,14 17 18 19 28 | 4
157031,2026-04-08,2 4 11 15 17 | 2
157032,2026-04-08,1 2 8 30 35 | 4
157033,2026-04-08,3 7 10 11 28 | 3
157034,2026-04-08,2 6 7 8 29 | 2
157035,2026-04-08,5 9 33 34 35 | 3
157036,2026-04-08,5 11 13 16 28 | 2
157037,2026-04-08,10 17 25 32 35 | 1
157038,2026-04-08,7 10 30 32 33 | 2
157039,2026-04-08,10 16 19 32 35 | 4
157040,2026-04-08,3 4 7 15 33 | 3
157041,2026-04-08,3 12 25 29 32 | 3
157042,2026-04-08,2 12 16 29 30 | 3
157043,2026-04-08,6 12 21 27 36 | 3
157044,2026-04-08,4 5 13 27 32 | 3
157045,2026-04-08,3 5 12 13 35 | 3
157046,2026-04-08,6 9 17 34 35 | 4
157047,2026-04-08,10 14 23 30 31 | 1
157048,2026-04-08,3 4 10 13 25 | 4
157049,2026-04-08,1 4 7 9 11 | 2
157050,2026-04-08,1 14 15 23 36 | 2
157051,2026-04-08,1 4 14 28 29 | 3
157052,2026-04-08,1 6 9 13 28 | 3
157053,2026-04-08,2 12 14 17 22 | 1
157054,2026-04-09,5 6 12 13 15 | 2
157055,2026-04-09,8 9 21 25 31 | 4
157056,2026-04-09,8 22 27 34 36 | 3
157057,2026-04-09,14 18 20 28 31 | 3
157058,2026-04-09,3 16 22 31 32 | 4
157059,2026-04-09,8 14 15 21 34 | 4
157060,2026-04-09,14 17 21 23 24 | 3
157061,2026-04-09,1 15 19 23 35 | 2
157062,2026-04-09,7 10 15 19 29 | 1
157063,2026-04-09,12 18 23 34 36 | 1
157064,2026-04-09,4 5 8 10 20 | 4
157065,2026-04-09,17 25 30 35 36 | 4
157066,2026-04-09,9 23 28 29 34 | 4
157067,2026-04-09,9 28 29 33 36 | 2
157068,2026-04-09,8 9 18 24 33 | 3
157069,2026-04-09,1 12 14 24 27 | 3
157070,2026-04-09,4 5 26 28 29 | 1
157071,2026-04-09,2 3 5 12 15 | 4
157072,2026-04-09,20 22 27 35 36 | 2
157073,2026-04-09,1 10 13 16 26 | 3
157074,2026-04-09,6 8 22 23 31 | 2
157075,2026-04-09,8 10 24 27 30 | 3
157076,2026-04-09,1 9 13 16 21 | 2
157077,2026-04-09,8 14 19 23 27 | 3
157078,2026-04-09,1 14 18 19 28 | 1
157079,2026-04-09,12 13 14 28 29 | 3
157080,2026-04-09,5 8 14 17 20 | 4
157081,2026-04-09,4 7 21 24 28 | 1
157082,2026-04-09,13 14 20 27 34 | 2
157083,2026-04-09,3 8 20 22 31 | 2
157084,2026-04-09,7 16 23 24 34 | 2
157085,2026-04-09,5 14 15 19 30 | 3
157086,2026-04-09,1 11 12 16 19 | 4
157087,2026-04-09,6 7 23 31 34 | 1
157088,2026-04-09,6 15 19 23 35 | 3
157089,2026-04-09,2 14 20 22 32 | 2
157090,2026-04-09,1 13 15 18 23 | 2
157091,2026-04-09,6 12 16 25 30 | 2
157092,2026-04-09,11 18 24 31 32 | 1
157093,2026-04-09,8 15 30 33 36 | 1
157094,2026-04-09,1 2 8 16 20 | 3
157095,2026-04-09,2 5 15 26 33 | 3
157096,2026-04-09,2 6 9 24 32 | 4
157097,2026-04-09,5 19 21 22 30 | 4
157098,2026-04-09,1 3 14 23 24 | 1
157099,2026-04-09,2 4 8 13 30 | 2
157100,2026-04-09,21 24 29 33 35 | 2
157101,2026-04-09,3 4 20 29 30 | 1
157102,2026-04-09,2 10 22 24 29 | 1
157103,2026-04-09,5 17 18 24 29 | 3
157104,2026-04-09,2 4 10 12 24 | 3
157105,2026-04-09,1 10 13 22 25 | 4
157106,2026-04-09,14 18 22 35 36 | 2
157107,2026-04-09,11 17 23 25 26 | 4
157108,2026-04-09,16 17 24 25 35 | 4
157109,2026-04-09,1 11 13 20 36 | 1
157110,2026-04-09,10 11 15 23 30 | 3
157111,2026-04-09,2 5 20 24 26 | 2
157112,2026-04-09,4 20 33 35 36 | 4
157113,2026-04-10,2 3 28 32 35 | 4
157114,2026-04-10,6 12 25 33 36 | 4
157115,2026-04-10,24 27 30 32 35 | 4
157116,2026-04-10,8 13 20 22 29 | 1
157117,2026-04-10,4 8 23 26 36 | 1
157118,2026-04-10,2 12 17 26 28 | 4
157119,2026-04-10,1 3 6 11 25 | 1
157120,2026-04-10,15 17 23 26 33 | 2
157121,2026-04-10,11 16 20 33 34 | 3
157122,2026-04-10,6 8 21 23 25 | 2
157123,2026-04-10,6 9 22 30 36 | 4
157124,2026-04-10,6 17 24 28 34 | 2
157125,2026-04-10,2 7 12 15 19 | 1
157126,2026-04-10,15 22 23 25 29 | 1
157127,2026-04-10,5 12 14 20 30 | 2
157128,2026-04-10,14 18 24 25 29 | 4
157129,2026-04-10,7 14 27 28 32 | 3
157130,2026-04-10,6 8 16 19 28 | 1
157131,2026-04-10,2 10 25 29 30 | 2
157132,2026-04-10,2 7 20 24 31 | 3
157133,2026-04-10,3 7 25 30 34 | 1
157134,2026-04-10,4 9 16 23 29 | 4
157135,2026-04-10,7 10 29 31 32 | 1
157136,2026-04-10,2 17 24 31 36 | 2
157137,2026-04-10,6 7 9 18 26 | 3
157138,2026-04-10,13 18 22 25 34 | 4
157139,2026-04-10,6 17 18 20 27 | 4
157140,2026-04-10,5 6 24 28 33 | 2
157141,2026-04-10,13 17 19 32 35 | 3
157142,2026-04-10,7 19 21 32 33 | 1
157143,2026-04-10,1 3 4 10 17 | 3
157144,2026-04-10,9 28 30 32 34 | 4
157145,2026-04-10,15 18 20 23 35 | 1
157146,2026-04-10,6 14 30 31 33 | 2
157147,2026-04-10,1 6 13 15 33 | 2
157148,2026-04-10,3 9 14 18 23 | 4
157149,2026-04-10,2 6 13 31 36 | 3
157150,2026-04-10,9 13 23 30 35 | 2
157151,2026-04-10,8 13 17 28 33 | 2
157152,2026-04-10,1 15 19 27 30 | 1
157153,2026-04-10,10 13 25 32 36 | 2
157154,2026-04-10,5 18 20 22 32 | 4
157155,2026-04-10,7 8 11 18 22 | 2
157156,2026-04-10,5 24 27 32 33 | 2
157157,2026-04-10,10 16 23 25 35 | 3
157158,2026-04-10,9 17 20 33 34 | 1
157159,2026-04-10,4 14 27 28 34 | 4
157160,2026-04-10,1 10 12 17 33 | 4
157161,2026-04-10,11 26 32 33 35 | 4
157162,2026-04-10,1 9 10 11 16 | 2
157163,2026-04-10,7 20 28 30 31 | 4
157164,2026-04-10,4 13 21 26 30 | 4
157165,2026-04-10,7 8 28 34 36 | 2
157166,2026-04-10,21 22 24 28 29 | 3
157167,2026-04-10,8 18 28 32 36 | 1
157168,2026-04-10,1 11 18 23 26 | 4
157169,2026-04-10,1 12 13 25 27 | 1
157170,2026-04-10,1 6 10 22 25 | 1
157171,2026-04-10,14 17 23 30 33 | 1
157172,2026-04-11,4 7 19 27 30 | 4
157173,2026-04-11,1 4 6 23 27 | 4
157174,2026-04-11,18 23 27 29 32 | 3
157175,2026-04-11,14 21 23 24 26 | 4
157176,2026-04-11,4 11 21 25 32 | 1
157177,2026-04-11,5 9 15 20 31 | 1
157178,2026-04-11,4 15 21 24 27 | 4
157179,2026-04-11,2 6 11 21 29 | 1
157180,2026-04-11,3 5 29 32 36 | 1
157181,2026-04-11,6 18 28 32 34 | 1
157182,2026-04-11,2 11 20 26 32 | 3
157183,2026-04-11,1 4 5 8 11 | 2
157184,2026-04-11,1 3 11 32 36 | 2
157185,2026-04-11,1 23 24 28 32 | 2
157186,2026-04-11,15 17 21 33 36 | 2
157187,2026-04-11,13 19 25 28 34 | 1
157188,2026-04-11,19 21 25 33 35 | 1
157189,2026-04-11,6 7 8 15 19 | 2
157190,2026-04-11,2 12 28 33 36 | 2
157191,2026-04-11,4 7 10 25 36 | 4
157192,2026-04-11,2 7 8 18 34 | 3
157193,2026-04-11,3 10 26 28 36 | 1
157194,2026-04-11,2 8 13 33 34 | 2
157195,2026-04-11,3 6 15 33 36 | 3
157196,2026-04-11,3 14 16 25 32 | 3
157197,2026-04-11,3 8 17 29 34 | 4
157198,2026-04-11,12 14 25 28 34 | 4
157199,2026-04-11,3 5 11 27 32 | 1
157200,2026-04-11,2 5 9 15 32 | 1
157201,2026-04-11,4 9 23 27 36 | 4
157202,2026-04-11,5 17 25 29 35 | 2
157203,2026-04-11,4 23 27 32 33 | 2
157204,2026-04-11,7 21 26 28 29 | 3
157205,2026-04-11,8 10 20 33 34 | 2
157206,2026-04-11,2 15 17 21 36 | 1
157207,2026-04-11,6 12 13 19 24 | 4
157208,2026-04-11,7 14 19 30 35 | 1
157209,2026-04-11,3 4 5 17 33 | 1
157210,2026-04-11,5 7 29 32 33 | 1
157211,2026-04-11,1 3 6 20 21 | 2
157212,2026-04-11,13 16 17 24 32 | 3
157213,2026-04-11,10 13 24 30 35 | 4
157214,2026-04-11,11 13 23 24 27 | 1
157215,2026-04-11,2 19 25 27 33 | 1
157216,2026-04-11,3 11 15 21 35 | 3
157217,2026-04-11,13 20 26 34 35 | 4
157218,2026-04-11,1 6 14 27 29 | 2
157219,2026-04-11,1 7 13 14 26 | 3
157220,2026-04-11,7 13 27 31 35 | 3
157221,2026-04-11,5 11 29 31 36 | 4
157222,2026-04-11,9 12 15 24 26 | 2
157223,2026-04-11,7 11 24 29 30 | 3
157224,2026-04-11,2 10 18 19 26 | 1
157225,2026-04-11,4 5 19 31 35 | 3
157226,2026-04-11,1 2 5 16 25 | 3
157227,2026-04-11,10 12 15 22 35 | 2
157228,2026-04-11,3 8 22 28 33 | 1
157229,2026-04-12,2 3 18 27 36 | 2
157230,2026-04-12,4 8 10 11 27 | 1
157231,2026-04-12,22 23 26 33 34 | 1
157232,2026-04-12,12 13 20 22 33 | 4
157233,2026-04-12,2 17 20 29 35 | 1
157234,2026-04-12,13 19 23 26 29 | 1
157235,2026-04-12,4 13 22 24 26 | 4
157236,2026-04-12,8 19 21 32 34 | 1
157237,2026-04-12,2 10 20 24 30 | 3
157238,2026-04-12,6 14 32 33 36 | 4
157239,2026-04-12,16 24 27 29 35 | 3
157240,2026-04-12,19 22 24 25 30 | 4
157241,2026-04-12,6 16 22 23 31 | 3
157242,2026-04-12,8 9 11 31 36 | 3
157243,2026-04-12,7 8 18 19 34 | 2
157244,2026-04-12,1 4 25 27 32 | 3
157245,2026-04-12,6 20 22 26 27 | 4
157246,2026-04-12,3 18 26 28 35 | 1
157247,2026-04-12,5 7 13 20 35 | 1
157248,2026-04-12,6 11 17 21 24 | 3
157249,2026-04-12,8 10 13 19 25 | 2
157250,2026-04-12,16 19 20 21 29 | 4
157251,2026-04-12,1 2 9 15 19 | 4
157252,2026-04-12,3 6 15 22 27 | 3
157253,2026-04-12,4 14 24 25 30 | 3
157254,2026-04-12,7 8 13 14 18 | 1
157255,2026-04-12,8 26 29 32 35 | 1
157256,2026-04-12,3 7 29 34 36 | 4
157257,2026-04-12,1 2 20 26 28 | 2
157258,2026-04-12,5 7 10 31 34 | 3
157259,2026-04-12,6 14 15 23 32 | 2
157260,2026-04-12,8 11 14 27 33 | 2
157261,2026-04-12,10 14 18 19 30 | 4
157262,2026-04-12,12 19 30 32 35 | 2
157263,2026-04-12,4 25 28 29 30 | 1
157264,2026-04-12,12 25 29 32 34 | 1
157265,2026-04-12,5 21 23 27 34 | 3
157266,2026-04-12,7 10 11 20 24 | 4
157267,2026-04-12,13 24 28 33 35 | 3
157268,2026-04-12,3 17 28 32 33 | 2
157269,2026-04-12,5 11 15 24 35 | 3
157270,2026-04-12,4 13 23 24 36 | 2
157271,2026-04-12,1 8 12 13 30 | 4
157272,2026-04-12,6 14 18 25 29 | 1
157273,2026-04-12,6 8 15 17 30 | 2
157274,2026-04-12,8 16 18 24 33 | 2
157275,2026-04-12,16 19 26 27 31 | 3
157276,2026-04-12,1 4 17 23 28 | 2
157277,2026-04-12,7 12 13 25 34 | 4
157278,2026-04-12,25 29 33 35 36 | 2
157279,2026-04-12,6 25 28 30 36 | 4
157280,2026-04-12,12 18 23 27 34 | 2
157281,2026-04-12,11 14 25 29 35 | 1
157282,2026-04-12,9 21 25 28 36 | 4
157283,2026-04-12,9 11 16 19 29 | 2
157284,2026-04-12,2 10 24 29 34 | 3
157285,2026-04-12,10 16 18 21 35 | 3
157286,2026-04-12,4 7 15 16 32 | 1
157287,2026-04-12,1 3 11 18 36 | 2
157288,2026-04-12,1 3 17 19 32 | 2
157289,2026-04-13,1 4 18 20 28 | 1
157290,2026-04-13,4 8 18 25 33 | 2
157291,2026-04-13,2 17 29 30 34 | 1
157292,2026-04-13,6 12 14 17 28 | 3
157293,2026-04-13,4 15 27 29 36 | 4
157294,2026-04-13,4 6 25 26 36 | 4
157295,2026-04-13,4 8 11 19 28 | 1
157296,2026-04-13,18 23 26 28 31 | 2
157297,2026-04-13,8 10 11 16 18 | 2
157298,2026-04-13,3 21 23 25 26 | 1
157299,2026-04-13,1 3 5 17 29 | 4
157300,2026-04-13,22 23 24 29 35 | 4
157301,2026-04-13,7 16 21 27 35 | 1
157302,2026-04-13,10 24 29 35 36 | 4
157303,2026-04-13,1 18 20 26 35 | 2
157304,2026-04-13,6 13 25 26 34 | 1
157305,2026-04-13,2 3 17 24 26 | 4
157306,2026-04-13,4 15 20 21 23 | 2
157307,2026-04-13,1 6 10 18 26 | 4
157308,2026-04-13,10 19 20 25 35 | 2
157309,2026-04-13,3 12 16 31 36 | 3
157310,2026-04-13,10 15 28 30 33 | 4
157311,2026-04-13,2 4 27 31 34 | 3
157312,2026-04-13,1 6 10 22 36 | 1
157313,2026-04-13,12 14 23 27 32 | 4
157314,2026-04-13,8 13 16 22 34 | 4
157315,2026-04-13,2 5 17 18 27 | 3
157316,2026-04-13,11 14 15 22 34 | 4
157317,2026-04-13,3 6 31 33 35 | 3
157318,2026-04-13,3 5 10 16 26 | 2
157319,2026-04-13,4 8 9 14 31 | 4
157320,2026-04-13,3 9 12 23 29 | 4
157321,2026-04-13,3 7 17 21 22 | 2
157322,2026-04-13,10 15 24 25 31 | 2
157323,2026-04-13,9 18 24 26 31 | 4
157324,2026-04-13,4 9 19 21 31 | 3
157325,2026-04-13,1 11 23 33 35 | 4
157326,2026-04-13,3 4 19 31 33 | 2
157327,2026-04-13,7 12 20 21 22 | 1
157328,2026-04-13,12 13 18 30 32 | 1
157329,2026-04-13,13 14 16 18 32 | 2
157330,2026-04-13,1 26 33 35 36 | 1
157331,2026-04-13,3 23 30 34 35 | 4
157332,2026-04-13,8 15 18 25 35 | 1
157333,2026-04-13,9 13 17 22 36 | 4
157334,2026-04-13,4 7 14 19 35 | 3
157335,2026-04-13,7 23 25 28 36 | 1
157336,2026-04-13,4 7 22 29 30 | 2
157337,2026-04-13,1 3 8 26 29 | 4
157338,2026-04-13,13 16 17 28 33 | 2
157339,2026-04-13,1 10 15 16 29 | 2
157340,2026-04-13,7 11 13 15 33 | 2
157341,2026-04-13,7 16 27 33 34 | 1
157342,2026-04-13,9 14 32 34 36 | 1
157343,2026-04-13,2 24 26 33 34 | 3
157344,2026-04-13,12 15 16 26 32 | 3
157345,2026-04-13,9 10 12 22 36 | 1
157346,2026-04-13,18 20 25 32 34 | 4
157347,2026-04-13,1 8 13 26 34 | 4
157348,2026-04-14,7 24 30 34 35 | 4
157349,2026-04-14,11 14 16 19 23 | 1
157350,2026-04-14,5 10 17 24 31 | 2
157351,2026-04-14,1 10 17 31 36 | 3
157352,2026-04-14,4 12 23 33 36 | 4
157353,2026-04-14,3 7 12 14 17 | 3
157354,2026-04-14,15 17 25 34 35 | 3
157355,2026-04-14,3 14 16 18 30 | 1
157356,2026-04-14,1 2 24 27 32 | 1
157357,2026-04-14,4 9 13 33 36 | 4
157358,2026-04-14,5 15 17 22 25 | 3
157359,2026-04-14,2 5 6 8 23 | 2
157360,2026-04-14,6 11 12 24 33 | 2
157361,2026-04-14,11 13 18 20 34 | 2
157362,2026-04-14,5 13 15 33 34 | 4
157363,2026-04-14,2 5 6 16 30 | 4
157364,2026-04-14,11 18 27 29 31 | 4
157365,2026-04-14,5 9 13 35 36 | 3
157366,2026-04-14,5 9 23 26 35 | 3
157367,2026-04-14,4 7 14 17 23 | 3
157368,2026-04-14,11 16 17 33 35 | 4
157369,2026-04-14,8 9 10 11 16 | 2
157370,2026-04-14,7 13 18 32 34 | 2
157371,2026-04-14,11 21 22 27 32 | 1
157372,2026-04-14,4 7 9 28 32 | 2
157373,2026-04-14,5 6 17 24 29 | 3
157374,2026-04-14,3 5 20 31 33 | 2
157375,2026-04-14,11 18 26 28 34 | 3
157376,2026-04-14,1 3 4 23 28 | 1
157377,2026-04-14,5 7 19 20 32 | 3
157378,2026-04-14,5 7 10 12 24 | 4
157379,2026-04-14,5 12 15 16 21 | 2
157380,2026-04-14,5 16 18 24 34 | 3
157381,2026-04-14,3 11 14 20 24 | 2
157382,2026-04-14,1 10 15 16 30 | 4
157383,2026-04-14,5 8 18 30 31 | 4
157384,2026-04-14,14 18 24 25 30 | 3
157385,2026-04-14,4 19 25 27 33 | 1
157386,2026-04-14,5 7 8 26 35 | 3
157387,2026-04-14,4 10 14 16 31 | 4
157388,2026-04-14,2 20 21 22 26 | 3
157389,2026-04-14,2 4 11 17 28 | 2
157390,2026-04-14,13 15 23 33 35 | 3
157391,2026-04-14,6 9 12 14 36 | 3
157392,2026-04-14,3 14 19 24 31 | 3
157393,2026-04-14,2 18 25 31 35 | 2
157394,2026-04-14,8 16 18 21 30 | 4
157395,2026-04-14,14 16 25 28 29 | 4
157396,2026-04-14,8 16 32 34 35 | 1
157397,2026-04-14,4 13 28 34 36 | 4
157398,2026-04-14,4 7 9 29 35 | 4
157399,2026-04-14,3 7 24 32 33 | 1
157400,2026-04-14,1 7 12 27 31 | 1
157401,2026-04-14,2 21 24 30 34 | 1
157402,2026-04-14,1 18 26 32 33 | 4
157403,2026-04-14,2 4 14 15 21 | 3
157404,2026-04-14,14 19 24 29 36 | 4
157405,2026-04-14,2 8 25 26 31 | 1
157406,2026-04-14,2 15 31 34 36 | 1
157407,2026-04-15,4 6 19 30 36 | 1
157408,2026-04-15,1 2 8 17 35 | 4
157409,2026-04-15,6 14 23 26 33 | 1
157410,2026-04-15,13 17 21 30 36 | 2
157411,2026-04-15,9 10 14 16 19 | 1
157412,2026-04-15,6 7 10 17 31 | 2
157413,2026-04-15,8 17 25 28 30 | 2
157414,2026-04-15,6 7 11 12 26 | 2
157415,2026-04-15,5 18 19 25 30 | 4
157416,2026-04-15,21 25 26 33 34 | 1
157417,2026-04-15,2 8 11 17 19 | 1
157418,2026-04-15,5 14 23 29 34 | 3
157419,2026-04-15,6 18 21 22 25 | 1
157420,2026-04-15,8 10 24 32 35 | 4
157421,2026-04-15,1 2 10 18 24 | 1
157422,2026-04-15,2 16 22 29 31 | 1
157423,2026-04-15,2 9 16 25 29 | 2
157424,2026-04-15,4 6 18 22 24 | 1
157425,2026-04-15,5 17 20 23 36 | 3
157426,2026-04-15,1 15 18 19 32 | 2
157427,2026-04-15,18 23 33 34 35 | 1
157428,2026-04-15,3 15 17 19 36 | 3
157429,2026-04-15,4 15 25 26 34 | 4
157430,2026-04-15,9 13 17 30 34 | 4
157431,2026-04-15,10 12 29 35 36 | 2
157432,2026-04-15,12 19 21 28 34 | 3
157433,2026-04-15,15 17 30 31 32 | 4
157434,2026-04-15,1 2 16 34 36 | 4
157435,2026-04-15,2 12 14 19 34 | 2
157436,2026-04-15,8 21 25 30 33 | 3
157437,2026-04-15,1 3 8 10 17 | 3
157438,2026-04-15,4 5 19 32 33 | 2
157439,2026-04-15,1 2 11 16 27 | 3
157440,2026-04-15,9 11 18 23 31 | 3
157441,2026-04-15,4 6 16 33 34 | 1
157442,2026-04-15,1 9 18 24 25 | 4
157443,2026-04-15,8 11 15 20 25 | 1
157444,2026-04-15,10 18 21 22 29 | 4
157445,2026-04-15,16 20 26 28 34 | 4
157446,2026-04-15,6 11 27 29 36 | 3
157447,2026-04-15,2 24 27 30 33 | 3
157448,2026-04-15,1 4 6 19 31 | 1
157449,2026-04-15,7 10 12 15 18 | 4
157450,2026-04-15,4 13 17 20 29 | 1
157451,2026-04-15,4 7 8 11 27 | 1
157452,2026-04-15,7 11 21 24 25 | 2
157453,2026-04-15,7 8 24 30 32 | 4
157454,2026-04-15,5 14 24 25 33 | 1
157455,2026-04-15,7 18 24 26 36 | 1
157456,2026-04-15,3 11 20 22 25 | 3
157457,2026-04-15,5 13 28 29 36 | 2
157458,2026-04-15,5 7 12 19 30 | 4
157459,2026-04-15,15 25 30 32 33 | 3
157460,2026-04-15,9 20 22 27 35 | 1
157461,2026-04-15,8 14 15 19 22 | 1
157462,2026-04-15,14 21 24 27 34 | 3
157463,2026-04-15,4 10 16 25 27 | 3
157464,2026-04-15,8 12 16 18 26 | 1
157465,2026-04-15,3 9 12 16 17 | 2
157466,2026-04-16,4 14 23 28 30 | 1
157467,2026-04-16,5 15 20 22 35 | 1
157468,2026-04-16,3 7 15 19 21 | 1
157469,2026-04-16,4 9 24 33 36 | 1
157470,2026-04-16,7 8 21 32 33 | 3
157471,2026-04-16,14 16 21 30 36 | 3
157472,2026-04-16,2 9 14 16 28 | 2
157473,2026-04-16,11 15 17 26 32 | 4
157474,2026-04-16,3 13 28 31 33 | 1
157475,2026-04-16,4 5 19 20 31 | 1
157476,2026-04-16,1 7 10 22 30 | 2
157477,2026-04-16,9 13 22 27 32 | 2
157478,2026-04-16,2 13 19 20 35 | 4
157479,2026-04-16,3 4 13 18 28 | 1
157480,2026-04-16,1 5 6 12 31 | 2
157481,2026-04-16,10 16 18 34 36 | 4
157482,2026-04-16,6 8 25 30 32 | 2
157483,2026-04-16,6 12 13 15 35 | 4
157484,2026-04-16,5 7 30 31 33 | 2
157485,2026-04-16,8 18 19 28 34 | 3
157486,2026-04-16,7 14 18 31 36 | 4
157487,2026-04-16,5 8 16 27 28 | 2
157488,2026-04-16,4 6 10 16 26 | 2
157489,2026-04-16,1 4 10 30 35 | 2
157490,2026-04-16,8 15 27 34 35 | 4
157491,2026-04-16,3 6 20 21 27 | 3
157492,2026-04-16,12 24 26 28 36 | 4
157493,2026-04-16,8 18 32 33 36 | 4
157494,2026-04-16,8 12 29 31 33 | 1
157495,2026-04-16,8 15 23 30 32 | 4
157496,2026-04-16,8 23 28 30 36 | 1
157497,2026-04-16,3 12 17 18 31 | 4
157498,2026-04-16,1 5 11 24 28 | 3
157499,2026-04-16,3 19 26 27 30 | 2
157500,2026-04-16,5 7 25 34 36 | 2
157501,2026-04-16,3 10 21 22 29 | 2
157502,2026-04-16,10 15 18 24 36 | 1
157503,2026-04-16,12 19 28 30 35 | 2
157504,2026-04-16,4 27 31 35 36 | 4
157505,2026-04-16,6 9 13 18 22 | 1
157506,2026-04-16,9 11 12 13 20 | 3
157507,2026-04-16,22 24 26 30 31 | 2
157508,2026-04-16,5 9 18 24 28 | 2
157509,2026-04-16,14 17 18 20 22 | 1
157510,2026-04-16,2 10 25 32 36 | 3
157511,2026-04-16,16 19 23 25 33 | 2
157512,2026-04-16,13 14 19 29 33 | 3
157513,2026-04-16,1 12 16 24 26 | 1
157514,2026-04-16,1 9 16 18 29 | 1
157515,2026-04-16,16 17 19 21 24 | 4
157516,2026-04-16,5 9 19 22 26 | 1
157517,2026-04-16,2 10 13 24 30 | 3
157518,2026-04-16,3 18 24 26 32 | 3
157519,2026-04-16,2 12 13 23 33 | 1
157520,2026-04-16,4 7 11 26 36 | 4
157521,2026-04-16,11 16 26 27 32 | 1
157522,2026-04-16,4 5 9 19 23 | 2
157523,2026-04-16,6 12 15 16 29 | 2
157524,2026-04-16,1 13 19 21 25 | 4
157525,2026-04-17,1 4 5 25 26 | 3
157526,2026-04-17,3 10 11 20 23 | 1
157527,2026-04-17,10 12 14 23 34 | 2
157528,2026-04-17,12 16 22 29 35 | 1
157529,2026-04-17,5 6 8 20 23 | 1
157530,2026-04-17,4 7 8 10 34 | 3
157531,2026-04-17,9 10 20 21 27 | 2
157532,2026-04-17,1 19 22 23 31 | 2
157533,2026-04-17,7 16 17 26 32 | 3
157534,2026-04-17,1 5 17 23 25 | 4
157535,2026-04-17,1 6 17 30 35 | 2
157536,2026-04-17,1 14 18 32 33 | 3
157537,2026-04-17,9 11 18 19 35 | 1
157538,2026-04-17,4 7 15 18 24 | 3
157539,2026-04-17,6 9 10 11 35 | 2
157540,2026-04-17,3 7 26 27 36 | 4
157541,2026-04-17,3 8 25 34 35 | 1
157542,2026-04-17,7 11 18 23 31 | 4
157543,2026-04-17,1 3 8 27 28 | 2
157544,2026-04-17,3 4 27 30 33 | 3
157545,2026-04-17,9 18 23 27 33 | 1
157546,2026-04-17,1 11 18 24 26 | 3
157547,2026-04-17,1 3 18 30 34 | 1
157548,2026-04-17,3 4 6 19 33 | 3
157549,2026-04-17,4 7 14 32 34 | 4
157550,2026-04-17,2 4 12 14 35 | 4
157551,2026-04-17,15 16 20 33 34 | 2
157552,2026-04-17,3 8 23 32 34 | 2
157553,2026-04-17,3 19 22 29 35 | 1
157554,2026-04-17,7 16 23 24 29 | 4
157555,2026-04-17,4 14 15 31 35 | 3
157556,2026-04-17,1 17 19 21 23 | 1
157557,2026-04-17,2 5 21 26 30 | 1
157558,2026-04-17,3 7 11 12 32 | 4
157559,2026-04-17,13 15 24 34 35 | 3
157560,2026-04-17,2 10 11 20 27 | 3
157561,2026-04-17,1 8 16 18 35 | 2
157562,2026-04-17,4 15 23 24 31 | 1
157563,2026-04-17,2 7 10 18 27 | 4
157564,2026-04-17,6 24 26 29 33 | 2
157565,2026-04-17,5 8 9 27 29 | 1
157566,2026-04-17,2 3 6 8 27 | 3
157567,2026-04-17,3 6 16 18 29 | 4
157568,2026-04-17,14 16 19 28 30 | 3
157569,2026-04-17,7 9 24 25 27 | 3
157570,2026-04-17,8 28 30 34 35 | 2
157571,2026-04-17,15 20 24 25 35 | 2
157572,2026-04-17,1 15 16 28 36 | 1
157573,2026-04-17,8 15 21 28 36 | 1
157574,2026-04-17,1 20 23 30 31 | 4
157575,2026-04-17,20 22 27 28 33 | 2
157576,2026-04-17,2 10 12 17 32 | 2
157577,2026-04-17,4 9 18 21 33 | 1
157578,2026-04-17,7 11 15 18 33 | 1
157579,2026-04-17,4 12 14 15 33 | 2
157580,2026-04-17,2 9 13 14 32 | 1
157581,2026-04-17,14 19 23 33 34 | 1
157582,2026-04-17,5 8 16 25 28 | 3
157583,2026-04-17,1 3 9 17 34 | 1
157584,2026-04-18,1 6 13 23 35 | 4
157585,2026-04-18,2 27 29 33 34 | 3
157586,2026-04-18,19 20 21 24 35 | 3
157587,2026-04-18,3 5 10 18 32 | 2
157588,2026-04-18,27 28 29 35 36 | 3
157589,2026-04-18,12 16 24 34 35 | 4
157590,2026-04-18,13 20 23 26 27 | 1
157591,2026-04-18,9 12 14 15 36 | 1
157592,2026-04-18,4 7 26 30 32 | 2
157593,2026-04-18,16 17 19 24 33 | 1
157594,2026-04-18,3 10 13 19 35 | 3
157595,2026-04-18,7 18 23 28 35 | 1
157596,2026-04-18,6 10 18 29 30 | 4
157597,2026-04-18,2 3 8 12 21 | 1
157598,2026-04-18,8 14 16 23 33 | 4
157599,2026-04-18,16 21 31 34 35 | 4
157600,2026-04-18,3 4 13 19 20 | 2
157601,2026-04-18,6 8 26 31 36 | 1
157602,2026-04-18,3 9 13 14 15 | 4
157603,2026-04-18,2 3 5 25 34 | 1
157604,2026-04-18,3 11 15 32 34 | 2
157605,2026-04-18,3 4 21 30 35 | 2
157606,2026-04-18,6 13 15 25 34 | 1
157607,2026-04-18,5 9 18 19 28 | 3
157608,2026-04-18,1 2 13 15 26 | 1
157609,2026-04-18,3 12 26 27 34 | 4
157610,2026-04-18,13 16 22 35 36 | 2
157611,2026-04-18,6 15 24 33 36 | 1
157612,2026-04-18,11 15 18 22 28 | 2
157613,2026-04-18,11 12 15 21 28 | 4
157614,2026-04-18,9 15 26 30 34 | 2
157615,2026-04-18,1 7 9 10 17 | 2
157616,2026-04-18,2 14 15 22 31 | 3
157617,2026-04-18,3 11 18 25 33 | 4
157618,2026-04-18,3 10 24 27 29 | 2
157619,2026-04-18,16 22 23 24 30 | 3
157620,2026-04-18,13 18 21 28 31 | 4
157621,2026-04-18,4 13 16 28 31 | 4
157622,2026-04-18,13 14 21 26 29 | 4
157623,2026-04-18,2 11 12 27 33 | 3
157624,2026-04-18,6 8 9 20 25 | 3
157625,2026-04-18,2 10 11 21 36 | 1
157626,2026-04-18,12 20 22 27 35 | 3
157627,2026-04-18,1 11 23 33 36 | 2
157628,2026-04-18,5 13 15 24 28 | 1
157629,2026-04-18,1 4 21 28 32 | 3
157630,2026-04-18,7 12 21 26 29 | 2
157631,2026-04-18,9 22 28 32 34 | 4
157632,2026-04-18,3 10 24 31 34 | 2
157633,2026-04-18,9 10 13 16 25 | 4
157634,2026-04-18,4 7 16 17 18 | 4
157635,2026-04-18,4 16 20 27 30 | 3
157636,2026-04-18,10 15 16 20 30 | 1
157637,2026-04-18,5 10 25 29 32 | 1
157638,2026-04-18,2 3 7 8 16 | 3
157639,2026-04-18,15 16 20 22 30 | 2
157640,2026-04-18,4 8 19 26 29 | 4
157641,2026-04-19,2 25 27 29 36 | 1
157642,2026-04-19,5 9 18 26 29 | 2
157643,2026-04-19,10 27 28 29 32 | 4
157644,2026-04-19,9 10 17 21 36 | 1
157645,2026-04-19,1 5 15 20 31 | 1
157646,2026-04-19,13 17 22 23 30 | 3
157647,2026-04-19,2 3 5 6 15 | 3
157648,2026-04-19,13 24 27 28 32 | 4
157649,2026-04-19,4 8 23 34 35 | 2
157650,2026-04-19,8 20 22 27 31 | 2
157651,2026-04-19,10 13 19 25 36 | 4
157652,2026-04-19,3 4 6 17 24 | 2
157653,2026-04-19,3 6 7 9 16 | 3
157654,2026-04-19,6 14 21 26 33 | 1
157655,2026-04-19,9 10 14 28 31 | 2
157656,2026-04-19,4 19 29 33 36 | 1
157657,2026-04-19,4 30 32 35 36 | 4
157658,2026-04-19,5 9 21 24 29 | 2
157659,2026-04-19,1 3 11 26 27 | 2
157660,2026-04-19,2 24 28 30 34 | 1
157661,2026-04-19,1 3 4 16 27 | 1
157662,2026-04-19,9 10 16 17 31 | 3
157663,2026-04-19,3 6 15 19 27 | 2
157664,2026-04-19,9 12 14 17 20 | 4
157665,2026-04-19,1 11 16 17 36 | 1
157666,2026-04-19,4 8 9 13 27 | 3
157667,2026-04-19,24 29 32 34 35 | 4
157668,2026-04-19,8 15 16 29 31 | 3
157669,2026-04-19,2 4 14 22 27 | 3
157670,2026-04-19,4 13 25 33 34 | 3
157671,2026-04-19,1 5 6 11 21 | 4
157672,2026-04-19,11 27 30 33 34 | 4
157673,2026-04-19,16 18 26 33 36 | 3
157674,2026-04-19,6 12 21 26 35 | 4
157675,2026-04-19,10 21 33 34 36 | 1
157676,2026-04-19,6 17 21 26 36 | 4
157677,2026-04-19,3 4 7 11 17 | 4
157678,2026-04-19,3 11 21 33 36 | 4
157679,2026-04-19,2 7 14 25 35 | 2
157680,2026-04-19,3 4 6 13 30 | 3
157681,2026-04-19,6 20 21 22 28 | 4
157682,2026-04-19,6 7 12 14 35 | 4
157683,2026-04-19,11 19 25 28 32 | 1
157684,2026-04-19,11 14 18 25 28 | 1
157685,2026-04-19,2 12 17 20 36 | 4
157686,2026-04-19,2 4 14 16 19 | 3
157687,2026-04-19,1 12 27 28 36 | 2
157688,2026-04-19,1 5 24 25 32 | 2
157689,2026-04-19,3 4 19 23 31 | 1
157690,2026-04-19,11 15 19 23 31 | 4
157691,2026-04-19,3 6 20 26 35 | 2
157692,2026-04-19,6 12 15 24 30 | 4
157693,2026-04-19,1 10 31 32 36 | 4
157694,2026-04-19,5 15 23 26 33 | 2
157695,2026-04-19,14 21 25 28 35 | 4
157696,2026-04-19,5 14 20 21 28 | 4
157697,2026-04-19,2 13 24 29 31 | 3
157698,2026-04-19,1 10 16 18 26 | 3
157699,2026-04-19,9 14 25 28 36 | 1
157700,2026-04-19,3 12 18 19 29 | 3
157701,2026-04-20,4 6 18 24 36 | 4
157702,2026-04-20,2 13 17 31 33 | 1
157703,2026-04-20,2 5 13 16 33 | 4
157704,2026-04-20,16 19 26 30 34 | 1
157705,2026-04-20,2 6 15 17 24 | 4
157706,2026-04-20,8 21 22 24 30 | 2
157707,2026-04-20,10 12 16 23 36 | 4
157708,2026-04-20,3 10 33 34 36 | 4
157709,2026-04-20,1 6 8 9 23 | 4
157710,2026-04-20,20 21 26 30 33 | 2
157711,2026-04-20,3 4 11 17 29 | 2
157712,2026-04-20,6 16 18 27 33 | 3
157713,2026-04-20,1 6 25 26 35 | 1
157714,2026-04-20,1 5 10 29 35 | 2
157715,2026-04-20,3 5 7 16 19 | 1
157716,2026-04-20,8 18 19 28 35 | 4
157717,2026-04-20,11 14 30 31 36 | 1
157718,2026-04-20,5 9 11 12 36 | 3
157719,2026-04-20,2 4 18 24 27 | 4
157720,2026-04-20,8 9 10 22 28 | 1
157721,2026-04-20,2 3 7 9 21 | 3
157722,2026-04-20,16 19 23 27 36 | 2
157723,2026-04-20,2 11 15 26 27 | 1
157724,2026-04-20,8 9 11 14 26 | 2
157725,2026-04-20,5 12 15 20 26 | 4
157726,2026-04-20,2 15 16 21 30 | 3
157727,2026-04-20,9 13 19 23 28 | 1
157728,2026-04-20,14 20 24 32 36 | 3
157729,2026-04-20,1 10 30 31 32 | 1
157730,2026-04-20,4 13 15 25 33 | 2
157731,2026-04-20,2 8 9 25 27 | 3
157732,2026-04-20,2 8 9 22 24 | 1
157733,2026-04-20,6 8 12 21 33 | 4
157734,2026-04-20,11 23 24 30 33 | 1
157735,2026-04-20,2 4 5 20 34 | 2
157736,2026-04-20,2 5 24 32 33 | 3
157737,2026-04-20,1 4 19 27 36 | 2
157738,2026-04-20,3 5 7 8 14 | 3
157739,2026-04-20,6 10 14 19 28 | 2
157740,2026-04-20,1 12 19 22 31 | 1
157741,2026-04-20,2 11 12 26 32 | 3
157742,2026-04-20,7 17 20 21 28 | 2
157743,2026-04-20,8 18 30 31 32 | 4
157744,2026-04-20,6 10 26 28 32 | 1
157745,2026-04-20,10 11 14 28 33 | 3
157746,2026-04-20,10 15 19 26 36 | 2
157747,2026-04-20,10 11 30 33 35 | 1
157748,2026-04-20,4 6 7 18 23 | 1
157749,2026-04-20,3 6 20 24 35 | 4
157750,2026-04-20,4 9 19 24 32 | 1
157751,2026-04-20,6 11 22 29 34 | 3
157752,2026-04-20,1 17 24 32 34 | 1
157753,2026-04-20,9 11 23 24 25 | 3
157754,2026-04-20,9 11 12 21 36 | 4
157755,2026-04-20,13 16 22 29 31 | 2
157756,2026-04-20,7 12 24 26 31 | 1
157757,2026-04-20,1 4 6 12 26 | 1
157758,2026-04-20,12 16 23 32 35 | 1
157759,2026-04-20,10 28 30 32 36 | 4
157760,2026-04-21,4 5 7 12 33 | 3
157761,2026-04-21,2 21 34 35 36 | 1
157762,2026-04-21,5 10 12 19 28 | 1
157763,2026-04-21,18 24 26 31 32 | 3
157764,2026-04-21,9 24 29 30 31 | 2
157765,2026-04-21,6 7 12 17 23 | 4
157766,2026-04-21,1 11 14 16 23 | 2
157767,2026-04-21,3 8 15 21 25 | 2
157768,2026-04-21,12 23 32 33 34 | 4
157769,2026-04-21,5 25 27 31 32 | 3
157770,2026-04-21,3 7 12 23 25 | 1
157771,2026-04-21,12 13 20 29 30 | 2
157772,2026-04-21,3 5 28 31 33 | 4
157773,2026-04-21,2 15 24 26 36 | 4
157774,2026-04-21,11 12 18 20 36 | 4
157775,2026-04-21,16 23 27 29 31 | 3
157776,2026-04-21,2 13 20 30 36 | 4
157777,2026-04-21,7 11 25 30 32 | 3
157778,2026-04-21,10 22 25 27 34 | 2
157779,2026-04-21,8 13 15 18 19 | 3
157780,2026-04-21,12 21 27 28 34 | 3
157781,2026-04-21,9 22 31 32 34 | 4
157782,2026-04-21,4 12 13 29 30 | 1
157783,2026-04-21,3 26 27 30 32 | 3
157784,2026-04-21,3 5 19 31 35 | 2
157785,2026-04-21,7 8 20 22 30 | 3
157786,2026-04-21,8 27 28 30 31 | 1
157787,2026-04-21,7 19 20 24 28 | 2
157788,2026-04-21,8 10 16 21 22 | 1
157789,2026-04-21,2 15 19 26 28 | 3
157790,2026-04-21,1 6 9 16 20 | 4
157791,2026-04-21,2 7 8 15 28 | 3
157792,2026-04-21,15 18 21 26 34 | 2
157793,2026-04-21,6 15 16 33 34 | 1
157794,2026-04-21,2 15 20 24 35 | 3
157795,2026-04-21,1 4 9 17 32 | 2
157796,2026-04-21,20 21 29 30 35 | 1
157797,2026-04-21,5 10 20 31 36 | 1
157798,2026-04-21,2 9 15 17 26 | 3
157799,2026-04-21,6 14 18 26 32 | 1
157800,2026-04-21,2 7 16 17 30 | 4
157801,2026-04-21,17 28 31 32 35 | 3
157802,2026-04-21,3 6 8 25 31 | 3
157803,2026-04-21,9 21 24 35 36 | 3
157804,2026-04-21,10 11 24 33 36 | 2
157805,2026-04-21,11 12 17 24 27 | 1
157806,2026-04-21,1 2 19 20 36 | 4
157807,2026-04-21,2 14 17 27 36 | 2
157808,2026-04-21,5 9 17 20 35 | 3
157809,2026-04-21,6 17 24 25 28 | 2
157810,2026-04-21,6 10 18 23 30 | 1
157811,2026-04-21,5 7 27 28 32 | 2
157812,2026-04-21,16 19 29 33 35 | 2
157813,2026-04-21,3 13 29 30 32 | 2
157814,2026-04-21,13 16 25 32 33 | 3
157815,2026-04-21,9 16 18 19 23 | 4
157816,2026-04-21,3 5 18 30 32 | 4
157817,2026-04-21,2 6 15 16 30 | 1
157818,2026-04-21,10 21 24 32 36 | 2
157819,2026-04-22,6 12 14 22 25 | 4
157820,2026-04-22,4 12 14 28 31 | 2
157821,2026-04-22,3 10 16 28 35 | 3
157822,2026-04-22,3 9 24 25 28 | 3
157823,2026-04-22,2 6 11 16 35 | 3
157824,2026-04-22,6 18 19 21 22 | 4
157825,2026-04-22,9 10 24 26 34 | 2
157826,2026-04-22,2 9 16 17 32 | 1
157827,2026-04-22,18 24 25 29 30 | 1
157828,2026-04-22,2 4 8 29 33 | 2
157829,2026-04-22,17 25 30 32 35 | 3
157830,2026-04-22,4 6 10 20 26 | 1
157831,2026-04-22,2 3 11 13 32 | 2
157832,2026-04-22,2 10 24 30 31 | 2
157833,2026-04-22,1 4 14 20 36 | 4
157834,2026-04-22,7 16 30 32 36 | 1
157835,2026-04-22,21 23 27 28 35 | 4
157836,2026-04-22,1 14 15 23 33 | 3
157837,2026-04-22,7 13 16 29 34 | 4
157838,2026-04-22,7 20 32 33 35 | 3
157839,2026-04-22,13 14 17 19 29 | 3
157840,2026-04-22,19 24 28 32 34 | 1
157841,2026-04-22,6 13 19 22 35 | 4
157842,2026-04-22,4 5 17 25 31 | 1
157843,2026-04-22,2 12 21 25 31 | 1
157844,2026-04-22,9 10 17 19 24 | 2
157845,2026-04-22,2 5 15 26 28 | 1
157846,2026-04-22,6 14 16 20 28 | 3
157847,2026-04-22,5 13 20 24 26 | 3
157848,2026-04-22,14 18 20 32 36 | 2
157849,2026-04-22,2 11 18 26 27 | 4
157850,2026-04-22,3 19 22 26 32 | 4
157851,2026-04-22,22 25 27 30 31 | 4
157852,2026-04-22,4 8 17 26 27 | 2
157853,2026-04-22,6 13 29 34 36 | 2
157854,2026-04-22,6 9 20 26 34 | 3
157855,2026-04-22,14 15 16 19 22 | 3
157856,2026-04-22,3 5 8 15 23 | 2
157857,2026-04-22,9 16 17 22 24 | 2
157858,2026-04-22,1 11 16 21 35 | 3
157859,2026-04-22,12 14 27 31 33 | 4
157860,2026-04-22,13 15 17 31 32 | 4
157861,2026-04-22,2 5 11 17 25 | 4
157862,2026-04-22,19 30 32 34 36 | 4
157863,2026-04-22,11 12 15 31 34 | 3
157864,2026-04-22,5 9 13 16 23 | 3
157865,2026-04-22,3 9 15 21 36 | 1
157866,2026-04-22,11 13 23 28 35 | 1
157867,2026-04-22,1 10 12 26 28 | 4
157868,2026-04-22,9 23 24 30 33 | 2
157869,2026-04-22,19 20 25 28 29 | 4
157870,2026-04-22,6 8 15 27 29 | 1
157871,2026-04-22,1 2 9 14 26 | 3
157872,2026-04-22,11 14 24 31 32 | 3
157873,2026-04-22,7 9 17 20 35 | 1
157874,2026-04-22,6 16 17 30 31 | 2
157875,2026-04-22,10 11 14 21 23 | 1
157876,2026-04-22,4 10 12 16 25 | 3
157877,2026-04-22,2 25 26 29 32 | 2
157878,2026-04-23,1 12 21 31 34 | 2
157879,2026-04-23,7 12 15 26 30 | 2
157880,2026-04-23,3 8 22 25 33 | 3
157881,2026-04-23,13 15 26 31 35 | 2
157882,2026-04-23,3 17 22 26 35 | 3
157883,2026-04-23,10 14 24 26 27 | 2
157884,2026-04-23,10 20 28 35 36 | 2
157885,2026-04-23,9 17 22 30 36 | 1
157886,2026-04-23,1 3 15 30 31 | 3
157887,2026-04-23,9 27 28 31 32 | 2
157888,2026-04-23,4 5 9 12 31 | 3
157889,2026-04-23,15 18 21 29 34 | 2
157890,2026-04-23,3 12 16 20 33 | 2
157891,2026-04-23,8 10 15 19 31 | 1
157892,2026-04-23,8 9 12 21 25 | 1
157893,2026-04-23,3 4 30 34 35 | 4
157894,2026-04-23,8 15 24 25 36 | 1
157895,2026-04-23,1 5 18 22 26 | 1
157896,2026-04-23,15 17 23 24 29 | 3
157897,2026-04-23,4 18 22 25 26 | 4
157898,2026-04-23,5 6 11 14 28 | 3
157899,2026-04-23,8 15 18 22 23 | 1
157900,2026-04-23,3 11 19 24 29 | 3
157901,2026-04-23,1 16 22 24 30 | 3
157902,2026-04-23,8 14 18 29 30 | 2
157903,2026-04-23,2 14 21 23 29 | 4
157904,2026-04-23,6 16 26 29 36 | 2
157905,2026-04-23,4 9 17 19 26 | 3
157906,2026-04-23,1 5 17 21 35 | 3
157907,2026-04-23,3 4 6 15 17 | 2
157908,2026-04-23,7 8 19 22 36 | 3
157909,2026-04-23,19 22 26 28 35 | 3
157910,2026-04-23,9 12 20 21 25 | 4
157911,2026-04-23,6 22 25 30 32 | 4
157912,2026-04-23,1 4 15 25 30 | 2
157913,2026-04-23,11 25 26 31 33 | 2
157914,2026-04-23,14 22 23 25 31 | 1
157915,2026-04-23,4 13 17 31 36 | 1
157916,2026-04-23,7 10 16 20 33 | 4
157917,2026-04-23,7 16 19 20 24 | 1
157918,2026-04-23,1 12 14 21 35 | 1
157919,2026-04-23,15 20 32 34 35 | 4
157920,2026-04-23,1 22 27 33 35 | 2
157921,2026-04-23,12 18 20 24 26 | 2
157922,2026-04-23,5 21 29 31 36 | 4
157923,2026-04-23,2 11 17 25 33 | 2
157924,2026-04-23,13 18 31 32 34 | 1
157925,2026-04-23,2 4 6 17 31 | 3
157926,2026-04-23,1 3 4 29 34 | 2
157927,2026-04-23,11 14 15 17 32 | 1
157928,2026-04-23,4 6 18 21 32 | 3
157929,2026-04-23,6 7 13 22 23 | 3
157930,2026-04-23,3 10 18 19 35 | 3
157931,2026-04-23,8 22 27 28 36 | 3
157932,2026-04-23,3 10 20 22 31 | 4
157933,2026-04-23,6 10 22 28 34 | 1
157934,2026-04-23,16 17 19 27 29 | 2
157935,2026-04-23,2 11 23 30 33 | 4
157936,2026-04-23,11 13 19 29 32 | 4
157937,2026-04-24,3 14 26 34 36 | 2
157938,2026-04-24,12 20 21 27 36 | 2
157939,2026-04-24,2 8 23 24 28 | 2
157940,2026-04-24,1 2 5 8 27 | 1
157941,2026-04-24,6 9 17 22 23 | 3
157942,2026-04-24,11 15 24 27 33 | 1
157943,2026-04-24,1 2 9 10 27 | 3
157944,2026-04-24,6 24 26 30 35 | 3
157945,2026-04-24,10 12 13 21 24 | 1
157946,2026-04-24,3 15 16 18 21 | 2
157947,2026-04-24,2 8 9 11 16 | 4
157948,2026-04-24,4 6 14 15 35 | 3
157949,2026-04-24,6 7 12 15 20 | 3
157950,2026-04-24,3 6 9 12 33 | 4
157951,2026-04-24,2 26 29 30 33 | 3
157952,2026-04-24,7 17 24 30 34 | 2
157953,2026-04-24,7 8 14 22 32 | 4
157954,2026-04-24,7 21 25 26 31 | 2
157955,2026-04-24,2 3 9 20 32 | 4
157956,2026-04-24,5 19 21 25 33 | 2
157957,2026-04-24,2 11 23 29 34 | 2
157958,2026-04-24,6 9 24 33 34 | 3
157959,2026-04-24,2 13 25 27 33 | 3
157960,2026-04-24,13 17 23 34 35 | 4
157961,2026-04-24,28 29 33 34 35 | 4
157962,2026-04-24,4 10 14 22 23 | 2
157963,2026-04-24,3 4 21 26 32 | 3
157964,2026-04-24,2 8 17 19 20 | 2
157965,2026-04-24,3 23 27 34 36 | 3
157966,2026-04-24,5 16 18 23 33 | 3
157967,2026-04-24,5 15 16 25 26 | 4
157968,2026-04-24,1 16 19 21 32 | 2
157969,2026-04-24,9 12 18 33 36 | 2
157970,2026-04-24,6 7 28 31 33 | 1
157971,2026-04-24,1 9 10 14 29 | 3
157972,2026-04-24,2 3 24 26 28 | 4
157973,2026-04-24,2 5 8 10 20 | 3
157974,2026-04-24,6 18 24 27 29 | 1
157975,2026-04-24,1 9 31 33 35 | 1
157976,2026-04-24,2 8 15 16 35 | 4
157977,2026-04-24,3 4 9 15 26 | 1
157978,2026-04-24,1 5 6 8 15 | 1
157979,2026-04-24,1 7 12 13 23 | 1
157980,2026-04-24,11 18 22 26 34 | 3
157981,2026-04-24,14 15 19 21 27 | 3
157982,2026-04-24,2 12 16 22 34 | 4
157983,2026-04-24,4 8 17 25 31 | 1
157984,2026-04-24,1 9 21 23 26 | 2
157985,2026-04-24,4 6 11 19 23 | 3
157986,2026-04-24,9 12 20 23 34 | 1
157987,2026-04-24,4 8 21 22 28 | 1
157988,2026-04-24,5 26 29 32 34 | 4
157989,2026-04-24,1 10 18 22 26 | 1
157990,2026-04-24,1 10 12 15 31 | 2
157991,2026-04-24,1 22 25 26 28 | 3
157992,2026-04-24,9 16 22 27 36 | 1
157993,2026-04-24,5 12 13 27 31 | 2
157994,2026-04-24,2 3 23 28 36 | 4
157995,2026-04-24,7 12 20 24 27 | 4
157996,2026-04-25,3 26 28 29 31 | 2
157997,2026-04-25,9 23 28 29 35 | 1
157998,2026-04-25,2 6 18 21 27 | 4
157999,2026-04-25,13 15 16 24 26 | 3
158000,2026-04-25,9 14 19 25 36 | 1
158001,2026-04-25,9 11 25 28 33 | 2
158002,2026-04-25,1 3 15 27 33 | 2
158003,2026-04-25,5 6 8 30 33 | 3
158004,2026-04-25,4 9 12 20 25 | 4
158005,2026-04-25,1 3 14 23 28 | 1
158006,2026-04-25,2 11 16 18 22 | 4
158007,2026-04-25,7 9 16 25 36 | 3
158008,2026-04-25,3 7 9 15 34 | 3
158009,2026-04-25,2 5 16 25 35 | 4
158010,2026-04-25,4 13 21 29 31 | 1
158011,2026-04-25,5 7 28 30 36 | 3
158012,2026-04-25,1 13 19 31 32 | 2
158013,2026-04-25,6 17 25 27 33 | 4
158014,2026-04-25,7 9 11 14 27 | 2
158015,2026-04-25,2 9 19 20 32 | 4
158016,2026-04-25,10 12 18 26 31 | 4
158017,2026-04-25,6 8 16 18 22 | 1
158018,2026-04-25,12 19 24 33 34 | 3
158019,2026-04-25,1 5 13 15 23 | 4
158020,2026-04-25,1 18 21 24 28 | 2
158021,2026-04-25,1 5 7 12 26 | 2
158022,2026-04-25,1 4 16 19 26 | 1
158023,2026-04-25,2 7 14 26 30 | 4
158024,2026-04-25,11 14 16 23 36 | 3
158025,2026-04-25,19 23 27 28 31 | 2
158026,2026-04-25,24 25 26 30 36 | 2
158027,2026-04-25,5 15 22 23 25 | 2
158028,2026-04-25,5 8 18 24 36 | 2
158029,2026-04-25,1 20 30 31 33 | 1
158030,2026-04-25,2 3 6 24 33 | 4
158031,2026-04-25,11 12 22 26 29 | 1
158032,2026-04-25,5 10 15 22 35 | 2
158033,2026-04-25,3 10 21 26 33 | 2
158034,2026-04-25,4 11 12 20 36 | 1
158035,2026-04-25,7 13 22 29 35 | 4
158036,2026-04-25,2 4 15 20 31 | 2
158037,2026-04-25,7 20 23 28 29 | 4
158038,2026-04-25,3 4 14 18 29 | 2
158039,2026-04-25,2 14 15 19 27 | 3
158040,2026-04-25,4 7 17 25 29 | 4
158041,2026-04-25,1 16 18 28 29 | 3
158042,2026-04-25,1 3 6 11 23 | 1
158043,2026-04-25,10 17 20 25 31 | 4
158044,2026-04-25,1 8 15 23 30 | 2
158045,2026-04-25,1 4 6 10 17 | 1
158046,2026-04-25,1 4 5 13 23 | 4
158047,2026-04-25,1 8 20 23 28 | 1
158048,2026-04-25,8 9 16 24 29 | 3
158049,2026-04-25,18 23 27 28 34 | 2
158050,2026-04-25,6 12 13 17 19 | 4
158051,2026-04-25,6 10 14 15 16 | 3
158052,2026-04-25,8 17 20 30 31 | 3
158053,2026-04-26,3 6 11 29 32 | 1
158054,2026-04-26,2 10 22 27 33 | 4
158055,2026-04-26,8 18 20 32 33 | 1
158056,2026-04-26,9 15 24 33 36 | 2
158057,2026-04-26,2 14 22 31 35 | 3
158058,2026-04-26,6 18 22 31 35 | 3
158059,2026-04-26,4 7 17 29 34 | 4
158060,2026-04-26,2 9 20 32 36 | 4
158061,2026-04-26,2 10 19 25 31 | 2
158062,2026-04-26,14 23 25 30 35 | 2
158063,2026-04-26,3 17 24 25 34 | 4
158064,2026-04-26,1 13 15 23 36 | 4
158065,2026-04-26,5 10 15 23 32 | 4
158066,2026-04-26,5 8 11 33 34 | 4
158067,2026-04-26,1 6 20 29 32 | 1
158068,2026-04-26,1 18 24 30 36 | 2
158069,2026-04-26,2 3 13 16 23 | 1
158070,2026-04-26,1 2 30 31 33 | 2
158071,2026-04-26,11 15 16 25 31 | 4
158072,2026-04-26,8 24 28 31 36 | 1
158073,2026-04-26,2 20 27 31 36 | 1
158074,2026-04-26,9 16 21 25 33 | 2
158075,2026-04-26,21 22 33 34 35 | 2
158076,2026-04-26,10 13 15 18 28 | 3
158077,2026-04-26,5 11 17 19 35 | 3
158078,2026-04-26,1 7 8 31 34 | 3
158079,2026-04-26,3 5 25 30 33 | 2
158080,2026-04-26,15 16 18 25 34 | 1
158081,2026-04-26,2 15 22 32 33 | 3
158082,2026-04-26,5 6 14 23 26 | 3
158083,2026-04-26,2 18 22 28 31 | 1
158084,2026-04-26,5 12 20 26 27 | 3
158085,2026-04-26,1 4 9 11 16 | 3
158086,2026-04-26,1 5 15 19 36 | 1
158087,2026-04-26,10 15 20 21 31 | 4
158088,2026-04-26,7 14 20 29 32 | 3
158089,2026-04-26,1 3 18 28 35 | 1
158090,2026-04-26,3 17 18 22 30 | 3
158091,2026-04-26,1 12 30 31 36 | 3
158092,2026-04-26,1 13 24 28 32 | 4
158093,2026-04-26,14 15 19 32 36 | 2
158094,2026-04-26,1 8 9 13 16 | 4
158095,2026-04-26,6 13 16 20 21 | 2
158096,2026-04-26,10 15 21 24 35 | 3
158097,2026-04-26,1 3 6 31 34 | 2
158098,2026-04-26,3 6 14 16 34 | 4
158099,2026-04-26,13 16 19 21 22 | 2
158100,2026-04-26,7 8 12 23 27 | 4
158101,2026-04-26,1 8 27 29 30 | 4
158102,2026-04-26,3 5 11 21 23 | 4
158103,2026-04-26,12 17 27 29 34 | 1
158104,2026-04-26,4 14 17 22 26 | 2
158105,2026-04-26,4 9 14 29 36 | 4
158106,2026-04-26,6 15 18 30 35 | 2
158107,2026-04-26,4 13 19 26 29 | 3
158108,2026-04-26,8 17 23 29 34 | 2
158109,2026-04-26,7 19 24 33 34 | 1
158110,2026-04-26,1 13 21 26 28 | 2
158111,2026-04-26,2 16 25 29 32 | 4
158112,2026-04-26,12 15 27 31 36 | 3
158113,2026-04-27,2 3 9 17 23 | 1
158114,2026-04-27,13 22 28 33 34 | 1
158115,2026-04-27,14 19 23 26 27 | 3
158116,2026-04-27,5 7 25 30 31 | 3
158117,2026-04-27,3 7 14 24 28 | 4
158118,2026-04-27,5 10 21 25 34 | 3
158119,2026-04-27,8 27 29 30 31 | 4
158120,2026-04-27,7 10 17 19 26 | 3
158121,2026-04-27,10 20 30 33 35 | 4
158122,2026-04-27,4 11 16 19 20 | 4
158123,2026-04-27,2 14 25 28 29 | 2
158124,2026-04-27,6 7 13 25 33 | 1
158125,2026-04-27,13 17 20 21 30 | 4
158126,2026-04-27,10 20 31 33 36 | 2
158127,2026-04-27,3 8 11 15 16 | 4
158128,2026-04-27,1 21 26 30 35 | 4
158129,2026-04-27,4 18 25 27 33 | 2
158130,2026-04-27,1 6 7 14 16 | 4
158131,2026-04-27,6 11 14 22 25 | 1
158132,2026-04-27,2 6 12 23 33 | 2
158133,2026-04-27,3 11 15 22 28 | 4
158134,2026-04-27,3 9 15 17 21 | 2
158135,2026-04-27,3 10 28 29 36 | 2
158136,2026-04-27,6 14 23 30 34 | 1
158137,2026-04-27,4 13 18 34 36 | 1
158138,2026-04-27,4 18 22 23 34 | 2
158139,2026-04-27,4 6 7 20 24 | 4
158140,2026-04-27,9 13 28 32 35 | 2
158141,2026-04-27,1 4 13 14 28 | 4
158142,2026-04-27,1 9 12 22 30 | 4
158143,2026-04-27,12 13 33 35 36 | 4
158144,2026-04-27,3 6 20 22 35 | 4
158145,2026-04-27,1 14 20 23 25 | 3
158146,2026-04-27,10 19 22 24 28 | 3
158147,2026-04-27,5 24 33 34 36 | 2
158148,2026-04-27,3 6 11 19 27 | 4
158149,2026-04-27,10 14 25 28 34 | 1
158150,2026-04-27,12 17 26 28 32 | 2
158151,2026-04-27,7 10 21 25 36 | 1
158152,2026-04-27,3 17 18 27 30 | 1
158153,2026-04-27,2 4 10 11 33 | 3
158154,2026-04-27,2 8 16 21 28 | 4
158155,2026-04-27,8 15 16 26 33 | 1
158156,2026-04-27,15 19 24 29 31 | 1
158157,2026-04-27,22 23 24 31 33 | 2
158158,2026-04-27,8 13 27 31 33 | 2
158159,2026-04-28,2 9 15 20 29 | 2
158160,2026-04-28,20 22 28 31 34 | 3
158161,2026-04-28,3 6 10 25 26 | 2
158162,2026-04-28,5 9 10 22 25 | 1
158163,2026-04-28,2 7 17 28 34 | 3
158164,2026-04-28,3 9 15 20 33 | 3
158165,2026-04-28,10 16 18 22 31 | 1
158166,2026-04-28,4 16 22 27 35 | 4
158167,2026-04-28,1 20 27 30 33 | 4
158168,2026-04-28,10 30 32 34 35 | 4
158169,2026-04-28,3 10 24 28 34 | 2
158170,2026-04-28,13 18 26 31 36 | 2
158171,2026-04-28,9 13 28 30 36 | 3
158172,2026-04-28,13 20 22 30 33 | 1
158173,2026-04-28,1 8 10 17 31 | 1
158174,2026-04-28,10 12 17 20 32 | 1
158175,2026-04-28,4 20 30 31 34 | 4
158176,2026-04-28,7 10 11 21 31 | 3
158177,2026-04-28,5 8 10 31 34 | 2
158178,2026-04-28,5 8 12 21 25 | 3
158179,2026-04-28,10 22 26 29 35 | 3
158180,2026-04-28,2 8 18 26 36 | 1
158181,2026-04-28,1 2 17 23 25 | 2
158182,2026-04-28,6 11 14 27 32 | 1
158183,2026-04-28,6 10 11 25 30 | 4
158184,2026-04-28,2 10 15 23 34 | 1
158185,2026-04-28,3 14 16 18 33 | 4
158186,2026-04-28,2 9 18 28 32 | 4
158187,2026-04-28,21 28 30 32 33 | 1
158188,2026-04-28,7 13 14 24 26 | 2
158189,2026-04-28,1 6 8 12 29 | 2
158190,2026-04-28,3 23 25 29 32 | 1
158191,2026-04-28,5 9 24 33 34 | 2
158192,2026-04-28,18 19 21 35 36 | 2
158193,2026-04-28,6 13 20 21 25 | 3
158194,2026-04-28,1 11 19 25 27 | 1
158195,2026-04-28,6 16 34 35 36 | 3
158196,2026-04-28,13 15 18 23 32 | 3
158197,2026-04-28,5 13 15 17 31 | 3
158198,2026-04-28,3 13 27 30 32 | 3
158199,2026-04-28,7 8 27 32 33 | 1
158200,2026-04-28,11 13 18 24 29 | 3
158201,2026-04-28,3 11 17 29 36 | 3
158202,2026-04-28,7 15 18 26 35 | 2
158203,2026-04-28,2 18 26 34 35 | 2
158204,2026-04-28,8 13 24 30 31 | 1
158205,2026-04-28,1 3 9 20 26 | 2
158206,2026-04-28,9 11 12 19 27 | 3
158207,2026-04-28,5 13 21 23 31 | 4
158208,2026-04-28,3 7 18 20 23 | 3
158209,2026-04-28,3 6 16 19 31 | 3
158210,2026-04-28,8 14 15 19 21 | 1
158211,2026-04-28,1 7 10 12 33 | 3
158212,2026-04-28,8 14 15 19 35 | 2
158213,2026-04-28,6 13 15 16 29 | 4
158214,2026-04-28,9 13 17 22 23 | 4
158215,2026-04-28,14 16 20 24 28 | 2
158216,2026-04-28,7 11 15 17 25 | 2
158217,2026-04-28,1 16 21 25 34 | 4
158218,2026-04-29,8 14 19 22 25 | 1
158219,2026-04-29,12 13 17 20 36 | 2
158220,2026-04-29,11 27 28 30 34 | 2
158221,2026-04-29,5 20 23 26 36 | 1
158222,2026-04-29,1 9 11 20 34 | 1
158223,2026-04-29,1 8 20 23 27 | 3
158224,2026-04-29,7 13 26 30 31 | 2
158225,2026-04-29,1 6 14 19 30 | 2
158226,2026-04-29,13 15 18 27 29 | 3
158227,2026-04-29,3 6 11 14 27 | 1
158228,2026-04-29,3 24 26 28 33 | 2
158229,2026-04-29,6 8 30 34 36 | 1
158230,2026-04-29,2 19 20 23 31 | 2
158231,2026-04-29,5 11 20 22 36 | 1
158232,2026-04-29,6 10 27 29 33 | 4
158233,2026-04-29,2 3 10 16 31 | 2
158234,2026-04-29,5 7 9 12 22 | 2
158235,2026-04-29,5 12 15 21 34 | 2
158236,2026-04-29,3 15 28 33 35 | 2
158237,2026-04-29,1 21 25 34 35 | 1
158238,2026-04-29,11 14 25 34 36 | 4
158239,2026-04-29,2 3 6 20 22 | 4
158240,2026-04-29,7 15 32 34 35 | 1
158241,2026-04-29,2 16 24 25 30 | 3
158242,2026-04-29,4 8 9 20 25 | 2
158243,2026-04-29,8 9 13 21 36 | 2
158244,2026-04-29,8 15 25 31 32 | 2
158245,2026-04-29,7 8 22 24 36 | 2
158246,2026-04-29,2 4 10 15 20 | 3
158247,2026-04-29,21 22 24 32 33 | 1
158248,2026-04-29,6 18 20 33 36 | 2
158249,2026-04-29,5 12 32 35 36 | 2
158250,2026-04-29,3 6 9 16 23 | 3
158251,2026-04-29,3 5 7 13 24 | 4
158252,2026-04-29,2 7 10 18 30 | 1
158253,2026-04-29,9 12 15 28 30 | 2
158254,2026-04-29,2 4 14 25 33 | 3
158255,2026-04-29,6 18 19 32 34 | 3
158256,2026-04-29,2 12 17 21 36 | 4
158257,2026-04-29,17 18 21 30 33 | 2
158258,2026-04-29,1 6 14 19 26 | 3
158259,2026-04-29,4 6 15 26 27 | 1
158260,2026-04-29,1 2 17 29 30 | 3
158261,2026-04-29,6 13 14 16 19 | 1
158262,2026-04-29,14 25 28 32 36 | 4
158263,2026-04-29,1 3 7 20 28 | 1
158264,2026-04-29,7 8 9 19 27 | 4
158265,2026-04-29,2 10 11 27 30 | 3
158266,2026-04-29,2 4 19 31 36 | 2
158267,2026-04-29,5 6 13 26 27 | 2
158268,2026-04-29,18 21 29 32 35 | 3
158269,2026-04-29,8 20 26 30 31 | 1
158270,2026-04-29,6 10 14 17 22 | 2
158271,2026-04-29,4 10 22 32 35 | 4
158272,2026-04-29,19 23 26 28 36 | 2
158273,2026-04-29,2 5 15 16 21 | 2
158274,2026-04-29,4 6 14 22 28 | 4
158275,2026-04-29,17 20 21 22 34 | 3
158276,2026-04-29,6 15 21 31 33 | 3
158277,2026-04-30,6 16 27 33 34 | 1
158278,2026-04-30,8 10 16 17 26 | 3
158279,2026-04-30,1 2 9 12 27 | 1
158280,2026-04-30,4 8 9 24 36 | 3
158281,2026-04-30,3 12 14 18 23 | 3
158282,2026-04-30,13 18 20 30 34 | 2
158283,2026-04-30,22 25 28 29 31 | 2
158284,2026-04-30,4 9 14 26 34 | 2
158285,2026-04-30,4 5 6 17 23 | 1
158286,2026-04-30,5 6 20 24 31 | 1
158287,2026-04-30,3 4 8 22 35 | 1
158288,2026-04-30,3 10 18 21 30 | 2
158289,2026-04-30,11 21 22 29 34 | 1
158290,2026-04-30,2 12 17 18 32 | 2
158291,2026-04-30,6 7 10 18 20 | 3
158292,2026-04-30,12 19 23 25 33 | 4
158293,2026-04-30,1 8 10 24 35 | 3
158294,2026-04-30,6 15 16 22 25 | 3
158295,2026-04-30,5 6 15 20 34 | 3
158296,2026-04-30,2 21 22 33 35 | 2
158297,2026-04-30,6 9 22 25 32 | 4
158298,2026-04-30,1 2 21 24 29 | 3
158299,2026-04-30,4 9 13 18 35 | 3
158300,2026-04-30,11 23 24 33 35 | 4
158301,2026-04-30,8 10 18 19 30 | 4
158302,2026-04-30,7 17 19 24 32 | 1
158303,2026-04-30,3 5 14 26 27 | 3
158304,2026-04-30,4 11 21 23 32 | 2
158305,2026-04-30,1 3 6 19 30 | 4
158306,2026-04-30,2 4 16 25 34 | 3
158307,2026-04-30,1 5 7 10 14 | 1
158308,2026-04-30,7 10 11 15 28 | 1
158309,2026-04-30,2 8 18 29 32 | 3
158310,2026-04-30,9 24 31 33 36 | 2
158311,2026-04-30,17 18 30 32 36 | 3
158312,2026-04-30,2 16 19 27 34 | 4
158313,2026-04-30,4 14 18 19 33 | 2
158314,2026-04-30,3 10 13 14 27 | 3
158315,2026-04-30,3 8 16 18 23 | 1
158316,2026-04-30,1 19 21 28 34 | 3
158317,2026-04-30,3 7 12 21 24 | 3
158318,2026-04-30,5 8 23 26 29 | 3
158319,2026-04-30,13 18 20 22 31 | 1
158320,2026-04-30,4 9 15 21 32 | 2
158321,2026-04-30,3 4 14 22 28 | 1
158322,2026-04-30,2 7 8 16 26 | 4
158323,2026-04-30,15 18 23 34 35 | 2
158324,2026-04-30,1 20 23 24 30 | 1
158325,2026-04-30,5 15 16 27 36 | 1
158326,2026-04-30,1 3 11 22 28 | 4
158327,2026-04-30,3 8 13 20 23 | 4
158328,2026-04-30,2 13 17 24 27 | 2
158329,2026-04-30,13 20 22 26 30 | 4
158330,2026-04-30,7 18 26 30 34 | 2
158331,2026-04-30,6 9 31 33 34 | 1
158332,2026-04-30,6 8 11 12 16 | 1
158333,2026-04-30,1 2 8 21 23 | 3
158334,2026-04-30,1 4 19 21 32 | 1
158335,2026-04-30,13 26 28 33 35 | 2
158336,2026-05-01,6 10 31 35 36 | 2
158337,2026-05-01,7 11 17 20 29 | 3
158338,2026-05-01,4 16 22 23 32 | 4
158339,2026-05-01,1 2 11 26 27 | 2
158340,2026-05-01,20 29 30 32 33 | 3
158341,2026-05-01,10 17 21 26 32 | 2
158342,2026-05-01,7 14 17 24 36 | 4
158343,2026-05-01,4 8 10 25 36 | 4
158344,2026-05-01,1 18 28 29 36 | 4
158345,2026-05-01,3 8 9 23 35 | 3
158346,2026-05-01,4 11 12 21 25 | 4
158347,2026-05-01,5 10 11 17 29 | 2
158348,2026-05-01,4 23 29 32 35 | 4
158349,2026-05-01,5 7 8 23 35 | 3
158350,2026-05-01,8 20 24 33 35 | 4
158351,2026-05-01,3 6 11 33 36 | 1
158352,2026-05-01,3 14 21 27 33 | 3
158353,2026-05-01,14 21 26 27 34 | 1
158354,2026-05-01,5 6 12 20 33 | 1
158355,2026-05-01,2 12 26 30 35 | 1
158356,2026-05-01,1 5 11 17 23 | 4
158357,2026-05-01,4 14 16 22 36 | 1
158358,2026-05-01,7 10 12 18 28 | 2
158359,2026-05-01,10 13 14 19 29 | 3
158360,2026-05-01,11 16 19 24 36 | 1
158361,2026-05-01,6 8 12 21 27 | 4
158362,2026-05-01,6 12 34 35 36 | 2
158363,2026-05-01,2 6 13 25 33 | 4
158364,2026-05-01,2 12 17 22 24 | 2
158365,2026-05-01,4 24 27 34 36 | 4
158366,2026-05-01,3 8 11 20 24 | 3
158367,2026-05-01,6 14 17 19 27 | 4
158368,2026-05-01,3 5 8 31 35 | 3
158369,2026-05-01,5 6 21 32 33 | 2
158370,2026-05-01,10 13 21 28 35 | 1
158371,2026-05-01,2 4 27 28 34 | 1
158372,2026-05-01,1 16 22 27 35 | 1
158373,2026-05-01,6 17 20 27 31 | 4
158374,2026-05-01,4 17 19 32 36 | 2
158375,2026-05-01,7 16 25 27 36 | 4
158376,2026-05-01,1 13 19 25 31 | 4
158377,2026-05-01,11 15 29 31 35 | 4
158378,2026-05-01,6 11 17 18 36 | 4
158379,2026-05-01,11 18 22 30 32 | 3
158380,2026-05-01,3 4 17 23 28 | 1
158381,2026-05-01,2 4 8 29 36 | 2
158382,2026-05-01,4 13 16 24 29 | 2
158383,2026-05-01,1 2 4 29 34 | 2
158384,2026-05-01,3 17 18 23 35 | 3
158385,2026-05-01,1 2 20 24 33 | 2
158386,2026-05-01,5 9 15 19 24 | 1
158387,2026-05-01,6 12 18 20 25 | 3
158388,2026-05-01,4 10 20 25 32 | 4
158389,2026-05-01,10 19 21 29 30 | 4
158390,2026-05-01,10 11 14 18 22 | 3
158391,2026-05-01,8 13 15 20 36 | 1
158392,2026-05-01,5 13 15 27 31 | 2
158393,2026-05-01,12 20 21 25 26 | 3
158394,2026-05-01,8 14 17 20 28 | 4
158395,2026-05-02,9 10 12 18 20 | 2
158396,2026-05-02,10 17 27 28 33 | 4
158397,2026-05-02,6 9 11 16 18 | 4
158398,2026-05-02,1 16 20 30 32 | 2
158399,2026-05-02,1 21 29 30 32 | 1
158400,2026-05-02,14 24 26 34 35 | 2
158401,2026-05-02,2 4 11 14 22 | 1
158402,2026-05-02,3 11 15 16 23 | 3
158403,2026-05-02,1 7 12 25 28 | 3
158404,2026-05-02,5 10 17 25 32 | 2
158405,2026-05-02,3 7 9 19 36 | 3
158406,2026-05-02,3 10 20 22 36 | 3
158407,2026-05-02,1 12 16 20 28 | 4
158408,2026-05-02,6 23 25 33 34 | 1
158409,2026-05-02,7 13 14 22 33 | 4
158410,2026-05-02,4 5 9 16 17 | 3
158411,2026-05-02,15 20 27 31 35 | 1
158412,2026-05-02,4 12 28 29 35 | 4
158413,2026-05-02,11 22 27 28 31 | 2
158414,2026-05-02,5 9 12 21 29 | 1
158415,2026-05-02,8 11 14 23 24 | 1
158416,2026-05-02,10 12 14 18 20 | 4
158417,2026-05-02,4 6 8 15 35 | 2
158418,2026-05-02,4 14 17 26 30 | 3
158419,2026-05-02,5 9 20 24 25 | 4
158420,2026-05-02,19 27 28 29 30 | 3
158421,2026-05-02,6 7 27 34 36 | 1
158422,2026-05-02,3 8 12 23 27 | 1
158423,2026-05-02,10 13 28 35 36 | 1
158424,2026-05-02,2 3 11 27 30 | 4
158425,2026-05-02,10 14 15 19 27 | 4
158426,2026-05-02,1 13 23 24 25 | 4
158427,2026-05-02,2 12 18 29 34 | 4
158428,2026-05-02,2 3 14 19 21 | 1
158429,2026-05-02,2 4 9 13 27 | 1
158430,2026-05-02,4 5 20 22 24 | 1
158431,2026-05-02,2 10 31 32 34 | 3
158432,2026-05-02,8 15 23 30 31 | 1
158433,2026-05-02,2 5 27 31 34 | 4
158434,2026-05-02,7 8 20 32 36 | 3
158435,2026-05-02,2 3 6 18 26 | 2
158436,2026-05-02,1 17 26 33 34 | 4
158437,2026-05-02,4 6 14 15 34 | 3
158438,2026-05-02,4 5 14 20 33 | 2
158439,2026-05-02,3 6 23 29 33 | 4
158440,2026-05-02,10 13 14 19 32 | 2
158441,2026-05-02,1 15 31 33 35 | 3
158442,2026-05-02,6 10 15 19 21 | 1
158443,2026-05-02,1 11 24 30 34 | 3
158444,2026-05-02,14 21 27 31 33 | 3
158445,2026-05-02,8 10 14 19 31 | 3
158446,2026-05-02,12 19 24 27 34 | 4
158447,2026-05-02,5 12 16 23 28 | 2
158448,2026-05-02,4 19 20 31 32 | 4
158449,2026-05-02,2 7 16 26 31 | 2
158450,2026-05-02,3 4 10 29 33 | 3
158451,2026-05-02,19 28 29 31 32 | 3
158452,2026-05-03,10 13 16 17 18 | 2
158453,2026-05-03,4 7 10 21 22 | 3
158454,2026-05-03,4 11 20 29 35 | 1
158455,2026-05-03,8 17 27 33 36 | 4
158456,2026-05-03,5 8 19 25 35 | 1
158457,2026-05-03,2 9 11 16 29 | 4
158458,2026-05-03,8 10 25 26 28 | 3
158459,2026-05-03,4 12 21 26 27 | 1
158460,2026-05-03,9 12 18 21 34 | 4
158461,2026-05-03,2 8 15 25 29 | 1
158462,2026-05-03,8 11 19 27 35 | 4
158463,2026-05-03,3 6 16 20 29 | 4
158464,2026-05-03,14 15 20 23 34 | 4
158465,2026-05-03,4 6 13 18 23 | 3
158466,2026-05-03,8 9 26 28 34 | 3
158467,2026-05-03,7 14 18 20 32 | 3
158468,2026-05-03,12 17 24 32 34 | 2
158469,2026-05-03,12 15 29 30 33 | 2
158470,2026-05-03,2 12 16 22 29 | 3
158471,2026-05-03,5 12 13 22 23 | 3
158472,2026-05-03,1 18 23 28 29 | 1
158473,2026-05-03,4 11 17 21 31 | 1
158474,2026-05-03,6 19 21 27 34 | 1
158475,2026-05-03,5 6 26 31 34 | 2
158476,2026-05-03,7 12 13 18 36 | 3
158477,2026-05-03,3 4 14 24 27 | 3
158478,2026-05-03,6 8 20 23 30 | 2
158479,2026-05-03,5 16 22 27 28 | 1
158480,2026-05-03,11 19 20 21 28 | 4
158481,2026-05-03,4 8 18 23 32 | 4
158482,2026-05-03,1 8 12 27 36 | 4
158483,2026-05-03,5 6 18 27 36 | 2
158484,2026-05-03,19 20 22 23 25 | 3
158485,2026-05-03,2 8 11 28 33 | 1
158486,2026-05-03,9 13 18 20 36 | 2
158487,2026-05-03,7 9 12 21 35 | 3
158488,2026-05-03,5 11 26 28 29 | 2
158489,2026-05-03,5 12 22 26 35 | 1
158490,2026-05-03,5 26 27 30 34 | 4
158491,2026-05-03,6 8 22 29 36 | 4
158492,2026-05-03,7 13 17 23 25 | 1
158493,2026-05-03,2 8 11 28 34 | 1
158494,2026-05-03,9 28 31 32 35 | 2
158495,2026-05-03,11 14 17 19 27 | 1
158496,2026-05-03,22 26 29 30 31 | 4
158497,2026-05-03,4 6 9 11 34 | 4
158498,2026-05-03,4 7 14 31 33 | 1
158499,2026-05-03,1 20 22 29 30 | 4
158500,2026-05-03,7 17 27 34 35 | 1
158501,2026-05-03,6 18 25 26 36 | 4
158502,2026-05-03,5 20 32 34 35 | 3
158503,2026-05-03,15 22 24 27 33 | 3
158504,2026-05-03,8 9 17 18 32 | 2
158505,2026-05-03,1 16 19 23 26 | 1
158506,2026-05-03,1 19 21 30 31 | 2
158507,2026-05-03,10 11 16 18 25 | 1
158508,2026-05-03,9 14 26 28 34 | 4
158509,2026-05-03,9 11 27 30 34 | 2
158510,2026-05-03,1 5 7 17 28 | 4
158511,2026-05-03,10 11 18 24 25 | 2
158512,2026-05-04,5 14 28 30 35 | 4
158513,2026-05-04,9 28 31 33 35 | 4
158514,2026-05-04,5 10 13 14 18 | 4
158515,2026-05-04,3 22 25 27 30 | 4
158516,2026-05-04,4 23 26 31 34 | 1
158517,2026-05-04,3 10 15 19 23 | 2
158518,2026-05-04,5 11 15 26 29 | 1
158519,2026-05-04,6 18 25 27 30 | 1
158520,2026-05-04,18 24 25 30 35 | 2
158521,2026-05-04,9 14 18 23 31 | 2
158522,2026-05-04,8 19 22 24 30 | 3
158523,2026-05-04,7 10 11 20 26 | 2
158524,2026-05-04,19 26 28 29 36 | 3
158525,2026-05-04,6 13 14 17 25 | 3
158526,2026-05-04,5 7 9 23 28 | 1
158527,2026-05-04,11 12 16 23 36 | 2
158528,2026-05-04,5 6 10 19 32 | 1
158529,2026-05-04,2 19 24 30 35 | 1
158530,2026-05-04,6 11 27 31 35 | 4
158531,2026-05-04,7 11 33 35 36 | 3
158532,2026-05-04,1 17 25 32 35 | 2
158533,2026-05-04,5 22 24 25 34 | 3
158534,2026-05-04,3 4 9 30 31 | 3
158535,2026-05-04,1 23 26 32 34 | 4
158536,2026-05-04,1 4 5 11 27 | 3
158537,2026-05-04,7 10 12 30 31 | 2
158538,2026-05-04,4 7 21 23 27 | 3
158539,2026-05-04,11 13 14 18 33 | 2
158540,2026-05-04,10 16 17 20 27 | 4
158541,2026-05-04,11 22 23 27 28 | 4
158542,2026-05-04,12 14 25 27 33 | 4
158543,2026-05-04,5 11 15 17 24 | 2
158544,2026-05-04,9 14 18 22 36 | 1
158545,2026-05-04,8 9 17 28 31 | 1
158546,2026-05-04,5 21 22 24 34 | 2
158547,2026-05-04,8 10 24 28 29 | 2
158548,2026-05-04,8 10 11 13 23 | 1
158549,2026-05-04,1 12 25 26 30 | 4
158550,2026-05-04,24 28 29 32 35 | 4
158551,2026-05-04,6 10 18 21 33 | 3
158552,2026-05-04,2 4 5 6 28 | 1
158553,2026-05-04,1 22 26 29 36 | 1
158554,2026-05-04,7 14 16 19 21 | 4
158555,2026-05-04,6 9 14 32 33 | 1
158556,2026-05-04,3 4 11 22 32 | 4
158557,2026-05-04,1 5 6 7 16 | 3
158558,2026-05-04,11 13 16 24 25 | 4
158559,2026-05-04,1 5 25 26 35 | 4
158560,2026-05-04,8 11 17 26 28 | 4
158561,2026-05-04,6 7 12 19 35 | 2
158562,2026-05-04,3 6 14 28 31 | 2
158563,2026-05-04,6 7 10 26 29 | 4
158564,2026-05-04,13 20 21 28 35 | 3
158565,2026-05-04,8 21 26 31 32 | 3
158566,2026-05-04,10 16 17 28 36 | 2
158567,2026-05-04,16 17 18 25 29 | 2
158568,2026-05-04,3 7 20 21 24 | 3
158569,2026-05-04,1 19 20 27 34 | 3
158570,2026-05-04,13 17 23 28 36 | 3
158571,2026-05-05,4 9 14 19 28 | 4
158572,2026-05-05,5 7 18 20 34 | 3
158573,2026-05-05,5 8 22 26 32 | 3
158574,2026-05-05,1 9 20 29 33 | 4
158575,2026-05-05,3 5 9 22 36 | 3
158576,2026-05-05,5 6 12 20 31 | 2
158577,2026-05-05,4 8 12 21 22 | 4
158578,2026-05-05,9 11 18 21 25 | 1
158579,2026-05-05,5 9 13 14 28 | 3
158580,2026-05-05,1 2 23 29 30 | 4
158581,2026-05-05,2 3 6 29 35 | 2
158582,2026-05-05,11 15 17 18 32 | 4
158583,2026-05-05,26 28 33 35 36 | 3
158584,2026-05-05,1 9 18 20 31 | 3
158585,2026-05-05,3 6 13 18 31 | 4
158586,2026-05-05,14 17 21 28 34 | 3
158587,2026-05-05,3 4 12 15 29 | 3
158588,2026-05-05,8 11 15 24 28 | 4
158589,2026-05-05,5 27 28 32 36 | 2
158590,2026-05-05,4 6 13 20 32 | 4
158591,2026-05-05,14 18 27 29 36 | 1
158592,2026-05-05,10 15 23 31 35 | 4
158593,2026-05-05,1 7 10 15 22 | 4
158594,2026-05-05,16 22 25 29 30 | 2
158595,2026-05-05,11 22 23 30 34 | 4
158596,2026-05-05,9 12 16 21 31 | 4
158597,2026-05-05,8 9 19 21 32 | 4
158598,2026-05-05,15 16 24 26 27 | 4
158599,2026-05-05,6 8 21 27 32 | 3
158600,2026-05-05,10 12 14 32 33 | 4
158601,2026-05-05,1 19 23 30 35 | 1
158602,2026-05-05,9 14 18 23 26 | 2
158603,2026-05-05,1 6 13 27 34 | 4
158604,2026-05-05,4 11 18 20 29 | 3
158605,2026-05-05,2 3 9 27 32 | 4
158606,2026-05-05,1 8 18 23 33 | 4
158607,2026-05-05,5 18 27 32 36 | 3
158608,2026-05-05,6 10 14 21 24 | 4
158609,2026-05-05,2 4 14 31 32 | 4
158610,2026-05-05,1 7 12 13 15 | 2
158611,2026-05-05,8 24 26 30 35 | 1
158612,2026-05-05,10 18 26 27 32 | 4
158613,2026-05-05,7 10 11 17 36 | 3
158614,2026-05-05,5 9 13 30 31 | 3
158615,2026-05-05,22 25 31 34 36 | 1
158616,2026-05-05,3 6 17 28 31 | 4
158617,2026-05-05,2 10 14 18 31 | 4
158618,2026-05-05,3 6 21 22 32 | 3
158619,2026-05-05,3 7 19 20 29 | 1
158620,2026-05-05,8 13 23 24 30 | 4
158621,2026-05-05,3 18 22 26 31 | 3
158622,2026-05-05,8 17 21 26 28 | 4
158623,2026-05-05,5 13 18 22 33 | 1
158624,2026-05-05,8 10 11 24 29 | 3
158625,2026-05-05,4 22 30 31 32 | 2
158626,2026-05-05,15 21 29 30 31 | 4
158627,2026-05-05,2 8 20 21 27 | 1
158628,2026-05-05,1 14 15 16 34 | 4
158629,2026-05-05,6 16 17 19 28 | 1
158630,2026-05-06,4 5 11 30 33 | 2
158631,2026-05-06,5 10 12 20 23 | 4
158632,2026-05-06,2 11 27 28 32 | 2
158633,2026-05-06,5 8 11 19 27 | 4
158634,2026-05-06,5 9 18 21 31 | 3
158635,2026-05-06,7 18 23 26 28 | 4
158636,2026-05-06,4 11 19 21 36 | 3
158637,2026-05-06,9 20 30 32 36 | 2
158638,2026-05-06,2 13 14 16 25 | 1
158639,2026-05-06,13 16 32 35 36 | 3
158640,2026-05-06,7 10 11 25 30 | 3
158641,2026-05-06,2 4 5 10 22 | 1
158642,2026-05-06,1 20 25 30 31 | 3
158643,2026-05-06,4 10 11 12 36 | 4
158644,2026-05-06,10 12 27 28 34 | 2
158645,2026-05-06,8 21 24 25 35 | 1
158646,2026-05-06,8 15 25 31 36 | 1
158647,2026-05-06,2 4 12 21 28 | 2
158648,2026-05-06,11 17 22 24 25 | 3
158649,2026-05-06,6 10 18 25 27 | 4
158650,2026-05-06,12 18 21 23 25 | 4
158651,2026-05-06,14 29 31 32 34 | 4
158652,2026-05-06,3 9 26 29 32 | 4
158653,2026-05-06,8 16 25 31 35 | 2
158654,2026-05-06,6 9 10 16 24 | 4
158655,2026-05-06,4 12 18 29 32 | 3
158656,2026-05-06,1 11 12 14 36 | 2
158657,2026-05-06,8 9 11 24 34 | 3
158658,2026-05-06,1 14 15 18 30 | 3
158659,2026-05-06,18 20 21 23 25 | 2
158660,2026-05-06,8 12 15 20 35 | 1
158661,2026-05-06,2 8 14 19 24 | 2
158662,2026-05-06,1 8 10 25 31 | 4
158663,2026-05-06,3 5 14 16 25 | 4
158664,2026-05-06,15 19 26 28 36 | 4
158665,2026-05-06,3 10 12 21 32 | 1
158666,2026-05-06,1 7 18 22 36 | 4
158667,2026-05-06,8 9 16 19 21 | 3
158668,2026-05-06,3 9 15 22 35 | 4
158669,2026-05-06,10 14 19 33 34 | 1
158670,2026-05-06,4 10 23 26 30 | 4
158671,2026-05-06,1 3 6 32 35 | 4
158672,2026-05-06,11 24 25 31 32 | 4
158673,2026-05-06,10 13 15 17 32 | 4
158674,2026-05-06,7 26 27 30 32 | 2
158675,2026-05-06,4 15 24 28 35 | 3
158676,2026-05-06,8 13 31 33 34 | 4
158677,2026-05-06,4 13 21 24 35 | 1
158678,2026-05-06,2 10 24 29 36 | 3
158679,2026-05-06,5 6 20 22 31 | 4
158680,2026-05-06,4 10 23 29 33 | 3
158681,2026-05-06,10 11 22 27 34 | 1
158682,2026-05-06,9 23 25 28 29 | 4
158683,2026-05-06,10 18 29 32 34 | 4
158684,2026-05-06,6 9 11 32 33 | 3
158685,2026-05-06,2 21 29 30 35 | 3
158686,2026-05-06,3 9 13 19 25 | 3
158687,2026-05-06,10 18 26 28 36 | 2
158688,2026-05-06,2 4 10 24 33 | 3
158689,2026-05-07,1 4 13 24 28 | 4
158690,2026-05-07,4 15 20 30 35 | 2
158691,2026-05-07,1 5 19 22 32 | 1
158692,2026-05-07,7 12 13 22 33 | 1
158693,2026-05-07,2 3 7 15 20 | 2
158694,2026-05-07,10 17 21 24 35 | 4
158695,2026-05-07,2 10 12 19 34 | 4
158696,2026-05-07,14 15 34 35 36 | 1
158697,2026-05-07,3 6 9 14 16 | 2
158698,2026-05-07,16 24 25 32 35 | 3
158699,2026-05-07,9 23 27 30 35 | 4
158700,2026-05-07,3 4 12 18 21 | 3
158701,2026-05-07,1 7 14 29 33 | 1
158702,2026-05-07,4 9 13 29 33 | 2
158703,2026-05-07,6 17 23 31 33 | 3
158704,2026-05-07,5 12 22 24 31 | 1
158705,2026-05-07,1 9 13 16 19 | 2
158706,2026-05-07,15 16 22 28 34 | 4
158707,2026-05-07,8 15 18 33 34 | 4
158708,2026-05-07,3 5 10 20 27 | 2
158709,2026-05-07,1 8 9 14 32 | 1
158710,2026-05-07,9 20 24 31 36 | 1
158711,2026-05-07,8 10 20 21 25 | 1
158712,2026-05-07,6 9 19 34 36 | 3
158713,2026-05-07,8 17 23 30 31 | 1
158714,2026-05-07,2 19 23 24 33 | 4
158715,2026-05-07,9 21 33 34 36 | 1
158716,2026-05-07,1 4 5 22 28 | 4
158717,2026-05-07,17 21 22 29 31 | 2
158718,2026-05-07,2 8 18 19 35 | 3
158719,2026-05-07,11 27 28 33 36 | 4
158720,2026-05-07,18 23 25 32 35 | 1
158721,2026-05-07,12 13 15 20 27 | 3
158722,2026-05-07,12 20 21 24 33 | 1
158723,2026-05-07,3 7 12 14 30 | 1
158724,2026-05-07,7 11 18 29 32 | 2
158725,2026-05-07,4 22 26 28 33 | 2
158726,2026-05-07,2 5 20 26 28 | 3
158727,2026-05-07,5 15 20 27 36 | 3
158728,2026-05-07,8 13 14 28 30 | 3
158729,2026-05-07,7 14 17 22 28 | 4
158730,2026-05-07,13 30 31 33 36 | 1
158731,2026-05-07,2 13 24 28 30 | 2
158732,2026-05-07,1 8 12 14 26 | 1
158733,2026-05-07,4 23 30 32 33 | 3
158734,2026-05-07,11 17 18 24 35 | 4
158735,2026-05-07,5 14 32 34 36 | 2
158736,2026-05-07,1 2 6 16 35 | 4
158737,2026-05-07,9 20 22 31 36 | 3
158738,2026-05-07,5 15 16 24 36 | 3
158739,2026-05-07,13 18 23 27 31 | 2
158740,2026-05-07,15 24 29 30 32 | 2
158741,2026-05-07,8 21 31 33 34 | 2
158742,2026-05-07,4 5 8 16 29 | 3
158743,2026-05-07,3 8 9 11 25 | 4
158744,2026-05-07,2 10 17 18 25 | 2
158745,2026-05-07,1 20 21 30 36 | 1
158746,2026-05-07,7 16 19 22 30 | 2
158747,2026-05-07,11 13 22 28 35 | 2
158748,2026-05-08,2 4 15 29 35 | 4
158749,2026-05-08,9 19 25 30 31 | 4
158750,2026-05-08,10 17 29 30 33 | 3
158751,2026-05-08,1 3 7 20 34 | 2
158752,2026-05-08,3 11 12 13 29 | 3
158753,2026-05-08,6 7 27 28 33 | 4
158754,2026-05-08,20 25 30 31 35 | 4
158755,2026-05-08,3 6 10 30 35 | 1
158756,2026-05-08,2 9 10 11 34 | 3
158757,2026-05-08,7 14 27 31 33 | 4
158758,2026-05-08,9 22 24 27 34 | 3
158759,2026-05-08,2 11 14 19 22 | 2
158760,2026-05-08,7 8 11 23 27 | 2
158761,2026-05-08,2 5 21 28 36 | 1
158762,2026-05-08,18 25 27 30 34 | 2
158763,2026-05-08,6 13 14 25 33 | 1
158764,2026-05-08,3 9 20 22 25 | 1
158765,2026-05-08,2 6 14 17 21 | 2
158766,2026-05-08,1 4 5 9 18 | 3
158767,2026-05-08,3 5 23 26 34 | 1
158768,2026-05-08,13 22 24 34 36 | 3
158769,2026-05-08,12 13 18 19 24 | 1
158770,2026-05-08,1 8 17 22 24 | 1
158771,2026-05-08,1 14 20 22 23 | 1
158772,2026-05-08,5 15 30 33 35 | 4
158773,2026-05-08,1 3 8 13 18 | 4
158774,2026-05-08,3 6 12 18 28 | 4
158775,2026-05-08,7 20 23 29 36 | 1
158776,2026-05-08,1 19 20 24 32 | 1
158777,2026-05-08,1 10 13 15 16 | 3
158778,2026-05-08,10 17 24 32 33 | 3
158779,2026-05-08,1 3 14 21 27 | 3
158780,2026-05-08,2 5 14 15 29 | 2
158781,2026-05-08,6 19 20 26 31 | 3
158782,2026-05-08,14 20 24 35 36 | 3
158783,2026-05-08,3 13 15 29 30 | 1
158784,2026-05-08,4 13 17 24 27 | 1
158785,2026-05-08,1 13 15 27 29 | 3
158786,2026-05-08,1 2 8 13 20 | 2
158787,2026-05-08,1 2 13 22 34 | 4
158788,2026-05-08,9 10 14 21 32 | 1
158789,2026-05-08,2 6 8 14 25 | 2
158790,2026-05-08,7 15 16 17 29 | 3
158791,2026-05-08,1 9 15 19 30 | 1
158792,2026-05-08,2 15 33 34 35 | 1
158793,2026-05-08,14 17 18 21 30 | 1
158794,2026-05-08,5 10 16 25 31 | 4
158795,2026-05-08,5 17 25 30 36 | 1
158796,2026-05-08,10 15 16 21 24 | 1
158797,2026-05-08,5 17 30 31 34 | 2
158798,2026-05-08,5 12 22 23 36 | 2
158799,2026-05-08,7 12 25 29 36 | 2
158800,2026-05-08,2 5 17 34 36 | 4
158801,2026-05-08,4 11 20 27 33 | 4
158802,2026-05-08,4 22 30 33 35 | 2
158803,2026-05-08,2 10 13 15 25 | 4
158804,2026-05-08,5 11 21 23 31 | 1
158805,2026-05-08,14 24 25 35 36 | 1
158806,2026-05-08,1 11 14 19 30 | 3
158807,2026-05-09,5 12 17 21 36 | 1
158808,2026-05-09,14 22 34 35 36 | 2
158809,2026-05-09,3 5 34 35 36 | 4
158810,2026-05-09,5 9 11 32 34 | 3
158811,2026-05-09,18 19 28 30 31 | 4
158812,2026-05-09,10 18 31 33 36 | 4
158813,2026-05-09,8 12 18 22 23 | 2
158814,2026-05-09,1 3 5 23 35 | 1
158815,2026-05-09,2 5 22 30 35 | 2
158816,2026-05-09,5 7 14 16 22 | 1
158817,2026-05-09,8 11 14 22 26 | 1
158818,2026-05-09,1 22 24 26 32 | 3
158819,2026-05-09,11 22 25 27 33 | 1
158820,2026-05-09,17 18 22 30 35 | 2
158821,2026-05-09,1 2 12 14 35 | 3
158822,2026-05-09,3 9 14 24 33 | 4
158823,2026-05-09,7 15 20 22 32 | 4
158824,2026-05-09,1 3 12 27 33 | 1
158825,2026-05-09,12 20 30 35 36 | 3
158826,2026-05-09,6 20 27 28 32 | 4
158827,2026-05-09,2 7 22 23 35 | 1
158828,2026-05-09,18 25 27 28 30 | 2
158829,2026-05-09,1 4 6 15 30 | 4
158830,2026-05-09,4 5 11 20 31 | 2
158831,2026-05-09,5 6 20 25 27 | 4
158832,2026-05-09,2 4 15 17 35 | 1
158833,2026-05-09,13 18 20 31 34 | 4
158834,2026-05-09,18 26 27 33 35 | 1
158835,2026-05-09,2 18 24 32 33 | 4
158836,2026-05-09,5 7 8 13 31 | 2
158837,2026-05-09,1 4 7 19 22 | 4
158838,2026-05-09,10 11 19 26 28 | 1
158839,2026-05-09,3 6 10 20 26 | 1
158840,2026-05-09,10 11 13 14 31 | 2
158841,2026-05-09,4 7 17 20 36 | 3
158842,2026-05-09,2 5 8 17 28 | 2
158843,2026-05-09,2 4 12 17 35 | 4
158844,2026-05-09,4 7 8 10 12 | 1
158845,2026-05-09,3 10 22 29 36 | 2
158846,2026-05-09,12 16 19 20 36 | 4
158847,2026-05-09,7 14 24 31 34 | 2
158848,2026-05-09,6 20 25 30 32 | 4
158849,2026-05-09,5 9 16 21 22 | 1
158850,2026-05-09,4 5 10 14 22 | 1
158851,2026-05-09,3 11 16 29 30 | 3
158852,2026-05-09,8 13 19 28 33 | 1
158853,2026-05-09,3 20 25 29 30 | 1
158854,2026-05-09,4 6 15 22 30 | 3
158855,2026-05-09,2 4 21 25 27 | 1
158856,2026-05-09,10 15 19 23 34 | 1
158857,2026-05-09,2 4 7 20 30 | 2
158858,2026-05-09,1 13 17 22 31 | 4
158859,2026-05-09,12 14 18 19 27 | 2
158860,2026-05-09,5 8 9 17 33 | 3
158861,2026-05-09,10 25 26 33 36 | 3
158862,2026-05-09,2 13 15 16 28 | 4
158863,2026-05-09,4 8 12 29 32 | 4
158864,2026-05-10,9 13 14 16 31 | 3
158865,2026-05-10,5 6 17 32 36 | 4
158866,2026-05-10,2 8 9 21 32 | 1
158867,2026-05-10,1 18 22 24 29 | 3
158868,2026-05-10,4 18 20 23 34 | 4
158869,2026-05-10,8 10 25 29 30 | 3
158870,2026-05-10,10 13 16 23 36 | 3
158871,2026-05-10,3 8 22 30 35 | 4
158872,2026-05-10,4 11 12 26 29 | 4
158873,2026-05-10,12 15 25 26 32 | 1
158874,2026-05-10,2 7 9 13 35 | 3
158875,2026-05-10,1 15 30 33 34 | 1
158876,2026-05-10,10 17 25 27 29 | 4
158877,2026-05-10,2 14 15 26 35 | 4
158878,2026-05-10,2 5 9 20 21 | 3
158879,2026-05-10,3 11 14 25 27 | 4
158880,2026-05-10,2 10 19 20 26 | 3
158881,2026-05-10,5 6 10 13 30 | 2
158882,2026-05-10,1 14 22 27 29 | 4
158883,2026-05-10,6 20 24 26 27 | 3
158884,2026-05-10,3 13 14 19 21 | 1
158885,2026-05-10,9 12 20 22 34 | 3
158886,2026-05-10,16 18 21 22 34 | 2
158887,2026-05-10,18 20 22 26 30 | 1
158888,2026-05-10,7 9 16 21 28 | 1
158889,2026-05-10,5 6 9 12 25 | 3
158890,2026-05-10,12 15 24 28 34 | 2
158891,2026-05-10,9 16 19 21 25 | 4
158892,2026-05-10,1 4 11 25 27 | 2
158893,2026-05-10,8 10 14 32 35 | 1
158894,2026-05-10,8 9 17 27 29 | 1
158895,2026-05-10,2 18 25 35 36 | 4
158896,2026-05-10,1 8 19 25 27 | 2
158897,2026-05-10,16 19 20 25 35 | 2
158898,2026-05-10,10 14 18 26 33 | 4
158899,2026-05-10,13 16 21 31 33 | 1
158900,2026-05-10,3 16 27 30 31 | 3
158901,2026-05-10,4 16 18 35 36 | 2
158902,2026-05-10,10 24 27 30 35 | 1
158903,2026-05-10,3 5 9 23 24 | 3
158904,2026-05-10,15 18 23 24 29 | 2
158905,2026-05-10,3 6 11 16 17 | 3
158906,2026-05-10,10 11 12 14 34 | 3
158907,2026-05-10,1 7 15 19 21 | 1
158908,2026-05-10,3 4 25 28 32 | 3
158909,2026-05-10,13 17 20 25 27 | 1
158910,2026-05-10,6 9 10 13 31 | 2
158911,2026-05-10,8 12 15 23 24 | 2
158912,2026-05-10,9 19 29 35 36 | 3
158913,2026-05-10,14 18 20 21 31 | 3
158914,2026-05-10,7 21 22 28 32 | 4
158915,2026-05-10,4 8 25 31 36 | 4
158916,2026-05-10,7 13 16 20 35 | 3
158917,2026-05-10,4 11 18 21 24 | 1
158918,2026-05-10,1 7 11 24 36 | 2
158919,2026-05-10,6 14 28 32 34 | 2
158920,2026-05-10,8 11 20 26 34 | 2
158921,2026-05-10,10 11 12 13 17 | 2
158922,2026-05-10,2 14 17 21 25 | 2
158923,2026-05-10,3 9 25 28 32 | 4
158924,2026-05-11,7 8 10 28 33 | 2
158925,2026-05-11,4 7 28 31 36 | 2
158926,2026-05-11,4 5 24 28 30 | 1
158927,2026-05-11,3 5 10 15 28 | 1
158928,2026-05-11,1 18 27 31 34 | 1
158929,2026-05-11,7 13 18 22 29 | 2
158930,2026-05-11,11 12 16 23 36 | 4
158931,2026-05-11,4 9 15 25 35 | 1
158932,2026-05-11,9 11 23 33 34 | 1
158933,2026-05-11,3 9 12 31 33 | 3
158934,2026-05-11,2 6 9 16 18 | 3
158935,2026-05-11,4 13 14 15 22 | 4
158936,2026-05-11,1 8 13 31 33 | 3
158937,2026-05-11,6 19 22 28 34 | 4
158938,2026-05-11,2 10 19 25 26 | 3
158939,2026-05-11,3 4 24 34 35 | 2
158940,2026-05-11,13 15 30 32 33 | 3
158941,2026-05-11,1 3 12 17 24 | 1
158942,2026-05-11,1 18 27 28 31 | 4
158943,2026-05-11,5 8 12 26 34 | 4
158944,2026-05-11,1 7 12 22 25 | 1
158945,2026-05-11,6 11 20 27 34 | 1
158946,2026-05-11,9 13 17 26 30 | 3
158947,2026-05-11,8 20 26 29 31 | 3
158948,2026-05-11,6 10 13 19 28 | 2
158949,2026-05-11,15 21 22 28 35 | 1
158950,2026-05-11,4 13 23 30 35 | 1
158951,2026-05-11,20 21 26 27 31 | 3
158952,2026-05-11,4 9 10 12 15 | 1
158953,2026-05-11,5 8 23 25 32 | 1
158954,2026-05-11,2 3 17 18 27 | 2
158955,2026-05-11,21 22 25 28 29 | 4
158956,2026-05-11,1 8 10 18 28 | 3
158957,2026-05-11,14 15 16 23 25 | 2
158958,2026-05-11,8 14 15 19 30 | 4
158959,2026-05-11,1 4 5 14 33 | 3
158960,2026-05-11,3 18 20 27 36 | 2
158961,2026-05-11,3 12 21 22 27 | 3
158962,2026-05-11,1 8 15 21 35 | 3
158963,2026-05-11,9 10 12 20 23 | 1
158964,2026-05-11,1 10 16 20 25 | 2
158965,2026-05-11,2 11 22 27 36 | 4
158966,2026-05-11,2 3 22 24 25 | 3
158967,2026-05-11,1 15 17 22 35 | 2
158968,2026-05-11,7 11 12 27 33 | 3
158969,2026-05-11,1 3 13 25 26 | 1
158970,2026-05-11,8 9 19 21 35 | 4
158971,2026-05-11,5 9 15 22 25 | 1
158972,2026-05-11,26 28 29 30 35 | 1
158973,2026-05-11,2 11 12 24 26 | 4
158974,2026-05-11,12 15 17 21 32 | 3
158975,2026-05-11,2 10 19 30 31 | 4
158976,2026-05-11,7 9 15 17 36 | 3
158977,2026-05-11,4 6 23 31 36 | 3
158978,2026-05-11,11 17 23 24 31 | 1
158979,2026-05-11,5 11 12 18 30 | 3
158980,2026-05-11,20 21 22 24 35 | 4
158981,2026-05-11,2 9 15 23 33 | 4
158982,2026-05-11,6 11 15 19 23 | 4
158983,2026-05-12,10 15 25 28 29 | 2
158984,2026-05-12,13 16 21 32 35 | 4
158985,2026-05-12,4 6 28 33 35 | 3
158986,2026-05-12,1 12 20 30 35 | 2
158987,2026-05-12,7 14 33 35 36 | 1
158988,2026-05-12,8 13 15 20 27 | 1
158989,2026-05-12,5 15 16 23 35 | 1
158990,2026-05-12,6 12 29 33 36 | 4
158991,2026-05-12,3 13 14 16 32 | 1
158992,2026-05-12,3 17 30 34 36 | 1
158993,2026-05-12,4 8 21 27 31 | 2
158994,2026-05-12,10 16 19 22 27 | 4
158995,2026-05-12,5 9 12 18 21 | 3
158996,2026-05-12,4 22 24 28 35 | 1
158997,2026-05-12,7 8 11 16 29 | 2
158998,2026-05-12,10 17 19 24 28 | 2
158999,2026-05-12,6 18 22 29 33 | 1
159000,2026-05-12,5 7 12 24 26 | 4
159001,2026-05-12,2 3 9 19 34 | 4
159002,2026-05-12,2 5 17 23 36 | 3
159003,2026-05-12,8 22 23 28 33 | 2
159004,2026-05-12,2 4 27 28 33 | 3
159005,2026-05-12,7 13 15 31 35 | 3
159006,2026-05-12,7 15 23 28 32 | 1
159007,2026-05-12,1 8 16 17 29 | 2
159008,2026-05-12,4 11 12 28 34 | 3
159009,2026-05-12,11 14 19 29 31 | 2
159010,2026-05-12,2 9 29 30 34 | 2
159011,2026-05-12,5 18 25 28 29 | 2
159012,2026-05-12,5 7 12 23 29 | 4
159013,2026-05-12,11 12 28 32 33 | 1
159014,2026-05-12,1 9 19 20 30 | 1
159015,2026-05-12,4 9 21 25 28 | 2
159016,2026-05-12,6 13 16 19 22 | 4
159017,2026-05-12,3 8 17 23 24 | 3
159018,2026-05-12,11 12 13 18 25 | 3
159019,2026-05-12,12 13 26 28 36 | 4
159020,2026-05-12,4 6 10 23 36 | 3
159021,2026-05-12,5 19 23 31 33 | 4
159022,2026-05-12,6 15 24 26 27 | 2
159023,2026-05-12,5 12 21 26 34 | 4
159024,2026-05-12,1 3 25 30 33 | 4
159025,2026-05-12,17 27 30 35 36 | 2
159026,2026-05-12,4 7 8 13 23 | 3
159027,2026-05-12,6 8 18 22 34 | 3
159028,2026-05-12,14 17 18 24 27 | 2
159029,2026-05-12,2 5 11 35 36 | 4
159030,2026-05-12,8 12 13 14 18 | 1
159031,2026-05-12,2 12 15 20 33 | 1
159032,2026-05-12,3 13 15 28 33 | 1
159033,2026-05-12,2 18 19 21 35 | 1
159034,2026-05-12,2 8 15 21 34 | 1
159035,2026-05-12,9 21 23 30 31 | 3
159036,2026-05-12,2 17 20 23 35 | 4
159037,2026-05-12,1 7 11 18 32 | 4
159038,2026-05-12,6 14 20 31 36 | 3
159039,2026-05-12,4 10 19 23 27 | 1
159040,2026-05-12,11 20 24 25 31 | 3
159041,2026-05-12,1 7 10 16 26 | 3
159042,2026-05-13,1 11 14 17 33 | 2
159043,2026-05-13,1 7 11 32 35 | 3
159044,2026-05-13,6 11 17 19 21 | 3
159045,2026-05-13,15 16 19 22 35 | 1
159046,2026-05-13,14 18 28 31 34 | 3
159047,2026-05-13,19 20 21 31 35 | 2
159048,2026-05-13,3 12 15 21 31 | 3
159049,2026-05-13,2 11 12 32 35 | 1
159050,2026-05-13,6 13 16 23 28 | 2
159051,2026-05-13,11 12 16 18 26 | 4
159052,2026-05-13,8 17 19 31 35 | 2
159053,2026-05-13,9 12 16 20 24 | 1
159054,2026-05-13,9 10 13 25 26 | 2
159055,2026-05-13,1 3 5 14 27 | 2
159056,2026-05-13,2 15 19 21 31 | 1
159057,2026-05-13,4 9 10 27 36 | 1
159058,2026-05-13,5 10 16 24 26 | 4
159059,2026-05-13,16 17 18 20 32 | 3
159060,2026-05-13,2 8 10 20 21 | 3
159061,2026-05-13,1 10 12 24 31 | 3
159062,2026-05-13,4 7 15 30 36 | 2
159063,2026-05-13,13 17 22 25 33 | 1
159064,2026-05-13,7 12 22 24 33 | 4
159065,2026-05-13,2 3 16 18 22 | 4
159066,2026-05-13,12 20 24 33 36 | 3
159067,2026-05-13,8 9 15 26 30 | 2
159068,2026-05-13,2 8 21 24 36 | 3
159069,2026-05-13,1 5 9 22 24 | 4
159070,2026-05-13,2 7 14 24 26 | 2
159071,2026-05-13,2 9 12 15 19 | 2
159072,2026-05-13,7 12 15 33 36 | 1
159073,2026-05-13,5 16 27 34 35 | 3
159074,2026-05-13,2 4 10 17 22 | 1
159075,2026-05-13,3 18 20 24 32 | 4
159076,2026-05-13,3 6 11 22 31 | 3
159077,2026-05-13,10 18 26 34 35 | 4
159078,2026-05-13,5 10 14 17 29 | 2
159079,2026-05-13,2 7 12 17 30 | 3
159080,2026-05-13,4 19 21 24 27 | 2
159081,2026-05-13,8 14 25 26 35 | 4
159082,2026-05-13,1 16 18 24 36 | 4
159083,2026-05-13,2 6 9 15 21 | 4
159084,2026-05-13,2 15 17 24 33 | 2
159085,2026-05-13,1 8 10 21 29 | 4
159086,2026-05-13,6 13 27 34 36 | 4
159087,2026-05-13,6 7 10 19 20 | 4
159088,2026-05-13,4 12 13 26 28 | 3
159089,2026-05-13,2 7 11 15 28 | 4
159090,2026-05-13,1 8 19 23 32 | 4
159091,2026-05-13,20 28 33 34 35 | 3
159092,2026-05-13,4 16 18 19 24 | 4
159093,2026-05-13,2 21 22 25 33 | 1
159094,2026-05-13,1 8 13 22 27 | 2
159095,2026-05-13,2 8 30 35 36 | 1
159096,2026-05-13,7 11 17 29 30 | 4
159097,2026-05-13,12 14 15 22 35 | 2
159098,2026-05-13,3 4 7 9 11 | 1
159099,2026-05-13,3 11 17 19 36 | 1
159100,2026-05-13,4 8 13 30 35 | 3
159101,2026-05-14,4 10 21 24 26 | 1
159102,2026-05-14,5 7 16 19 22 | 2
159103,2026-05-14,10 17 22 27 32 | 4
159104,2026-05-14,4 5 12 16 20 | 2
159105,2026-05-14,1 7 17 23 24 | 2
159106,2026-05-14,9 12 18 22 24 | 3
159107,2026-05-14,13 31 32 33 35 | 2
159108,2026-05-14,17 23 25 28 36 | 4
159109,2026-05-14,15 19 25 30 35 | 3
159110,2026-05-14,5 16 21 23 32 | 3
159111,2026-05-14,2 6 8 21 27 | 1
159112,2026-05-14,2 23 29 33 34 | 1
159113,2026-05-14,9 12 18 34 36 | 4
159114,2026-05-14,10 11 17 18 22 | 4
159115,2026-05-14,1 3 10 13 28 | 1
159116,2026-05-14,7 15 19 26 31 | 1
159117,2026-05-14,6 9 18 23 36 | 3
159118,2026-05-14,26 30 31 33 34 | 2
159119,2026-05-14,2 9 15 22 23 | 1
159120,2026-05-14,1 2 8 22 34 | 4
159121,2026-05-14,2 3 19 26 33 | 2
159122,2026-05-14,4 14 16 19 26 | 1
159123,2026-05-14,8 27 29 32 34 | 3
159124,2026-05-14,5 8 11 15 35 | 1
159125,2026-05-14,3 7 8 14 25 | 2
159126,2026-05-14,7 15 16 32 33 | 2
159127,2026-05-14,6 11 14 30 36 | 4
159128,2026-05-14,17 23 25 29 31 | 4
159129,2026-05-14,5 19 29 30 32 | 4
159130,2026-05-14,8 10 16 19 22 | 2
159131,2026-05-14,2 14 16 18 35 | 1
159132,2026-05-14,11 17 21 23 29 | 4
159133,2026-05-14,3 16 22 23 25 | 2
159134,2026-05-14,1 5 15 18 25 | 1
159135,2026-05-14,2 16 17 22 32 | 3
159136,2026-05-14,5 7 9 20 33 | 1
159137,2026-05-14,13 15 23 29 32 | 4
159138,2026-05-14,1 6 25 35 36 | 4
159139,2026-05-14,12 14 21 30 36 | 1
159140,2026-05-14,1 24 25 27 31 | 1
159141,2026-05-14,1 15 16 17 18 | 3
159142,2026-05-14,6 18 26 27 32 | 4
159143,2026-05-14,4 5 13 14 35 | 4
159144,2026-05-14,4 6 12 20 33 | 1
159145,2026-05-14,5 12 21 24 31 | 1
159146,2026-05-14,2 11 12 18 34 | 2
159147,2026-05-14,3 5 7 29 34 | 3
159148,2026-05-14,7 9 10 13 36 | 3
159149,2026-05-14,16 18 23 29 36 | 1
159150,2026-05-14,2 15 20 34 36 | 3
159151,2026-05-14,1 3 5 24 35 | 1
159152,2026-05-14,16 29 30 33 34 | 2
159153,2026-05-14,2 15 18 19 31 | 1
159154,2026-05-14,1 7 8 18 28 | 1
159155,2026-05-14,1 11 13 16 21 | 2
159156,2026-05-14,3 8 26 34 35 | 4
159157,2026-05-14,5 13 27 30 34 | 3
159158,2026-05-14,5 11 12 27 29 | 3
159159,2026-05-14,10 18 22 23 35 | 4
159160,2026-05-15,7 13 17 19 35 | 3
159161,2026-05-15,17 22 28 32 34 | 1
159162,2026-05-15,3 12 13 27 34 | 4
159163,2026-05-15,5 21 25 28 35 | 4
159164,2026-05-15,5 12 27 28 34 | 4
159165,2026-05-15,1 4 13 15 27 | 1
159166,2026-05-15,3 4 11 32 36 | 3
159167,2026-05-15,17 19 20 21 35 | 2
159168,2026-05-15,19 21 23 32 35 | 1
159169,2026-05-15,1 3 10 14 16 | 2
159170,2026-05-15,4 9 10 30 32 | 1
159171,2026-05-15,1 5 20 24 28 | 1
159172,2026-05-15,2 21 26 28 34 | 1
159173,2026-05-15,9 10 13 18 19 | 3
159174,2026-05-15,2 17 18 21 26 | 3
159175,2026-05-15,3 12 20 30 32 | 2
159176,2026-05-15,14 25 26 30 36 | 4
159177,2026-05-15,7 14 21 24 36 | 2
159178,2026-05-15,2 6 14 19 29 | 4
159179,2026-05-15,3 15 29 35 36 | 3
159180,2026-05-15,8 10 15 33 35 | 4
159181,2026-05-15,9 12 20 24 26 | 1
159182,2026-05-15,10 11 13 15 22 | 1
159183,2026-05-15,3 5 6 9 26 | 4
159184,2026-05-15,9 10 17 21 25 | 3
159185,2026-05-15,10 20 27 30 35 | 1
159186,2026-05-15,5 22 23 26 35 | 2
159187,2026-05-15,19 23 26 27 29 | 4
159188,2026-05-15,3 23 24 30 34 | 4
159189,2026-05-15,7 9 12 17 27 | 3
159190,2026-05-15,15 16 29 34 35 | 3
159191,2026-05-15,3 6 8 10 19 | 1
159192,2026-05-15,2 14 19 21 25 | 2
159193,2026-05-15,5 21 23 25 30 | 1
159194,2026-05-15,1 2 17 24 26 | 2
159195,2026-05-15,1 12 19 27 35 | 3
159196,2026-05-15,1 8 12 23 33 | 2
159197,2026-05-15,9 13 21 22 33 | 3
159198,2026-05-15,5 12 20 21 36 | 1
159199,2026-05-15,15 17 23 32 35 | 3
159200,2026-05-15,5 15 19 22 35 | 2
159201,2026-05-15,3 20 25 27 30 | 3
159202,2026-05-15,6 8 29 32 36 | 1
159203,2026-05-15,15 21 25 34 35 | 4
159204,2026-05-15,7 12 16 20 35 | 3
159205,2026-05-15,11 12 14 16 17 | 1
159206,2026-05-15,8 12 20 27 35 | 2
159207,2026-05-15,2 16 20 23 26 | 2
159208,2026-05-15,1 3 6 10 35 | 2
159209,2026-05-15,6 11 21 27 33 | 2
159210,2026-05-15,3 8 9 10 28 | 3
159211,2026-05-15,2 11 13 19 21 | 2
159212,2026-05-15,6 14 23 27 28 | 1
159213,2026-05-15,5 11 14 18 33 | 4
159214,2026-05-15,1 19 20 26 35 | 3
159215,2026-05-15,2 4 10 20 35 | 2
159216,2026-05-15,11 14 22 26 31 | 2
159217,2026-05-15,5 8 19 25 31 | 1
159218,2026-05-15,5 16 23 28 36 | 4
159219,2026-05-16,3 15 20 22 23 | 2
159220,2026-05-16,2 3 10 29 33 | 3
159221,2026-05-16,2 11 13 27 35 | 2
159222,2026-05-16,4 15 19 20 36 | 2
159223,2026-05-16,9 22 24 31 35 | 1
159224,2026-05-16,1 16 27 28 30 | 4
159225,2026-05-16,1 2 5 14 26 | 2
159226,2026-05-16,1 4 27 28 32 | 3
159227,2026-05-16,8 12 17 26 36 | 3
159228,2026-05-16,1 22 23 30 35 | 4
159229,2026-05-16,5 7 12 14 19 | 2
159230,2026-05-16,5 15 20 21 30 | 4
159231,2026-05-16,1 8 12 17 22 | 1
159232,2026-05-16,14 25 29 31 36 | 3
159233,2026-05-16,13 14 15 25 30 | 2
159234,2026-05-16,2 5 11 29 32 | 3
159235,2026-05-16,2 3 5 15 32 | 1
159236,2026-05-16,3 5 25 29 31 | 1
159237,2026-05-16,1 2 7 19 35 | 1
159238,2026-05-16,4 7 9 21 34 | 3
159239,2026-05-16,7 10 11 21 34 | 1
159240,2026-05-16,9 14 26 27 31 | 3
159241,2026-05-16,13 16 28 29 35 | 2
159242,2026-05-16,6 7 8 11 24 | 2
159243,2026-05-16,8 17 21 24 25 | 3
159244,2026-05-16,4 5 7 20 36 | 1
159245,2026-05-16,6 16 22 25 32 | 4
159246,2026-05-16,2 12 16 23 28 | 2
159247,2026-05-16,5 9 15 17 25 | 4
159248,2026-05-16,3 17 20 22 29 | 1
159249,2026-05-16,1 19 27 33 36 | 3
159250,2026-05-16,4 14 19 32 33 | 2
159251,2026-05-16,12 17 20 24 31 | 2
159252,2026-05-16,3 4 20 24 27 | 2
159253,2026-05-16,9 11 14 20 35 | 2
159254,2026-05-16,1 4 7 16 17 | 3
159255,2026-05-16,6 10 27 29 31 | 3
159256,2026-05-16,3 21 27 33 35 | 3
159257,2026-05-16,8 10 11 15 30 | 4
159258,2026-05-16,2 15 19 30 35 | 1
159259,2026-05-16,2 5 15 19 30 | 4
159260,2026-05-16,4 10 20 30 33 | 4
159261,2026-05-16,6 7 16 22 36 | 3
159262,2026-05-16,20 22 26 31 32 | 4
159263,2026-05-16,15 16 21 24 28 | 3
159264,2026-05-16,7 22 30 34 36 | 3
159265,2026-05-16,8 12 24 28 32 | 3
159266,2026-05-16,2 4 11 15 25 | 2
159267,2026-05-16,8 19 25 27 33 | 1
159268,2026-05-16,10 29 31 33 35 | 1
159269,2026-05-16,6 16 26 27 28 | 3
159270,2026-05-16,3 12 17 28 31 | 2
159271,2026-05-16,6 9 17 28 34 | 3
159272,2026-05-16,5 9 10 21 29 | 1
159273,2026-05-16,9 21 31 32 34 | 2
159274,2026-05-16,5 12 13 30 33 | 1
159275,2026-05-16,8 10 21 30 35 | 1
159276,2026-05-17,10 11 17 27 35 | 4
159277,2026-05-17,22 29 31 32 33 | 4
159278,2026-05-17,4 5 21 27 29 | 4
159279,2026-05-17,6 20 29 30 32 | 1
159280,2026-05-17,2 4 18 20 30 | 4
159281,2026-05-17,1 5 10 18 21 | 1
159282,2026-05-17,11 17 23 30 34 | 4
159283,2026-05-17,1 2 7 24 28 | 4
159284,2026-05-17,10 21 26 27 36 | 2
159285,2026-05-17,7 8 10 13 33 | 3
159286,2026-05-17,3 11 22 29 30 | 1
159287,2026-05-17,1 18 24 27 35 | 1
159288,2026-05-17,9 11 23 26 28 | 2
159289,2026-05-17,7 14 15 21 31 | 3
159290,2026-05-17,4 21 28 34 36 | 2
159291,2026-05-17,9 24 26 30 31 | 2
159292,2026-05-17,7 10 11 14 15 | 1
159293,2026-05-17,6 7 23 27 34 | 3
159294,2026-05-17,2 14 19 21 27 | 4
159295,2026-05-17,5 13 18 22 30 | 4
159296,2026-05-17,7 17 18 34 36 | 3
159297,2026-05-17,6 13 18 25 28 | 1
159298,2026-05-17,7 14 18 19 31 | 2
159299,2026-05-17,3 19 22 28 35 | 2
159300,2026-05-17,5 21 25 31 36 | 3
159301,2026-05-17,2 15 22 24 26 | 2
159302,2026-05-17,5 22 24 26 35 | 3
159303,2026-05-17,1 3 23 27 30 | 3
159304,2026-05-17,11 15 17 20 35 | 2
159305,2026-05-17,5 8 16 25 36 | 4
159306,2026-05-17,13 14 22 25 36 | 1
159307,2026-05-17,9 11 12 15 35 | 4
159308,2026-05-17,2 17 21 24 28 | 4
159309,2026-05-17,9 12 17 22 24 | 1
159310,2026-05-17,5 6 24 26 34 | 3
159311,2026-05-17,3 8 18 21 22 | 4
159312,2026-05-17,11 29 30 32 33 | 2
159313,2026-05-17,11 12 23 28 31 | 2
159314,2026-05-17,11 13 17 22 24 | 2
159315,2026-05-17,3 4 13 15 36 | 1
159316,2026-05-17,7 12 27 29 31 | 2
159317,2026-05-17,10 22 27 33 36 | 2
159318,2026-05-17,10 22 25 29 35 | 2
159319,2026-05-17,4 6 26 30 32 | 4
159320,2026-05-17,2 11 22 27 29 | 4
159321,2026-05-17,5 8 16 21 33 | 4
159322,2026-05-17,9 13 18 29 36 | 3
159323,2026-05-17,7 19 21 27 33 | 1
159324,2026-05-17,6 9 14 22 31 | 4
159325,2026-05-17,1 23 25 27 32 | 1
159326,2026-05-17,1 2 27 31 32 | 2
159327,2026-05-17,1 8 10 12 26 | 1
159328,2026-05-17,6 8 12 20 33 | 4
159329,2026-05-17,2 4 17 30 33 | 4
159330,2026-05-17,12 25 31 34 36 | 3
159331,2026-05-17,7 14 16 19 30 | 4
159332,2026-05-17,8 11 30 33 34 | 1
159333,2026-05-17,6 21 28 30 35 | 2
159334,2026-05-17,8 12 21 32 36 | 2
159335,2026-05-17,1 4 7 23 34 | 4
159336,2026-05-18,1 15 16 25 32 | 3
159337,2026-05-18,3 13 16 21 30 | 3
159338,2026-05-18,6 7 23 30 35 | 3
159339,2026-05-18,20 21 24 32 33 | 4
159340,2026-05-18,5 13 19 26 36 | 2
159341,2026-05-18,5 8 11 31 35 | 2
159342,2026-05-18,5 8 9 17 27 | 3
159343,2026-05-18,9 18 23 27 28 | 2
159344,2026-05-18,4 7 10 13 35 | 3
159345,2026-05-18,7 10 23 24 36 | 4
159346,2026-05-18,6 7 17 22 30 | 2
159347,2026-05-18,19 24 25 27 35 | 1
159348,2026-05-18,6 16 24 28 31 | 3
159349,2026-05-18,2 9 13 16 23 | 3
159350,2026-05-18,1 8 9 10 11 | 3
159351,2026-05-18,3 14 15 19 30 | 4
159352,2026-05-18,6 8 16 25 28 | 3
159353,2026-05-18,16 17 30 33 36 | 4
159354,2026-05-18,8 12 18 28 30 | 2
159355,2026-05-18,3 4 17 24 28 | 4
159356,2026-05-18,3 4 18 22 24 | 2
159357,2026-05-18,5 8 24 26 27 | 3
159358,2026-05-18,3 9 15 35 36 | 1
159359,2026-05-18,3 4 17 22 26 | 1
159360,2026-05-18,1 25 27 30 34 | 4
159361,2026-05-18,3 4 13 18 20 | 4
159362,2026-05-18,7 16 22 26 32 | 1
159363,2026-05-18,6 12 19 21 29 | 3
159364,2026-05-18,15 24 25 27 36 | 3
159365,2026-05-18,21 23 28 29 36 | 2
159366,2026-05-18,3 6 10 12 23 | 2
159367,2026-05-18,11 15 16 19 21 | 3
159368,2026-05-18,5 13 16 20 31 | 1
159369,2026-05-18,12 16 17 23 25 | 1
159370,2026-05-18,4 6 26 29 33 | 4
159371,2026-05-18,13 14 28 33 35 | 3
159372,2026-05-18,1 4 6 12 22 | 4
159373,2026-05-18,12 23 24 26 36 | 2
159374,2026-05-18,1 5 16 26 33 | 4
159375,2026-05-18,15 17 18 21 24 | 2
159376,2026-05-18,2 12 25 27 31 | 4
159377,2026-05-18,6 13 19 28 36 | 4
159378,2026-05-18,4 5 24 29 30 | 4
159379,2026-05-18,13 16 22 30 36 | 4
159380,2026-05-18,2 11 24 25 36 | 4
159381,2026-05-18,2 16 17 23 32 | 1
159382,2026-05-18,16 23 24 29 32 | 1
159383,2026-05-18,6 13 19 23 35 | 2
159384,2026-05-18,11 24 26 29 34 | 1
159385,2026-05-18,9 10 17 28 32 | 3
159386,2026-05-18,3 13 16 31 32 | 3
159387,2026-05-18,14 19 29 32 33 | 1
159388,2026-05-18,4 5 13 18 33 | 3
159389,2026-05-18,6 8 22 29 30 | 4
159390,2026-05-18,4 10 16 23 26 | 1
159391,2026-05-18,3 15 21 29 36 | 1
159392,2026-05-18,13 18 20 30 34 | 3
159393,2026-05-18,2 7 21 23 34 | 2
159394,2026-05-18,17 25 30 33 35 | 4
159395,2026-05-19,2 6 15 32 34 | 4
159396,2026-05-19,1 2 6 7 28 | 2
159397,2026-05-19,3 15 19 27 33 | 3
159398,2026-05-19,17 20 21 23 26 | 3
159399,2026-05-19,2 10 24 26 30 | 2
159400,2026-05-19,2 12 18 24 27 | 3
159401,2026-05-19,4 10 15 17 34 | 1
159402,2026-05-19,1 14 16 18 21 | 1
159403,2026-05-19,1 21 30 31 35 | 3
159404,2026-05-19,10 25 26 28 31 | 3
159405,2026-05-19,2 12 19 27 28 | 3
159406,2026-05-19,6 9 15 21 36 | 1
159407,2026-05-19,3 7 13 16 26 | 4
159408,2026-05-19,10 22 32 34 36 | 2
159409,2026-05-19,5 6 18 26 35 | 1
159410,2026-05-19,1 3 5 8 31 | 4
159411,2026-05-19,1 5 6 29 36 | 1
159412,2026-05-19,2 22 25 26 31 | 4
159413,2026-05-19,4 8 20 22 23 | 4
159414,2026-05-19,1 16 20 31 35 | 4
159415,2026-05-19,3 20 24 25 31 | 4
159416,2026-05-19,6 22 25 29 33 | 3
159417,2026-05-19,1 3 15 24 25 | 1
159418,2026-05-19,4 6 8 19 27 | 4
159419,2026-05-19,9 14 17 20 24 | 3
159420,2026-05-19,13 14 18 29 36 | 4
159421,2026-05-19,2 3 14 31 33 | 3
159422,2026-05-19,2 3 10 21 25 | 2
159423,2026-05-19,2 3 7 19 22 | 2
159424,2026-05-19,7 14 15 22 23 | 3
159425,2026-05-19,1 4 25 28 34 | 1
159426,2026-05-19,6 11 23 27 28 | 3
159427,2026-05-19,9 13 15 21 26 | 3
159428,2026-05-19,4 15 20 24 25 | 1
159429,2026-05-19,12 16 18 26 36 | 2
159430,2026-05-19,9 29 30 31 34 | 2
159431,2026-05-19,10 15 16 18 28 | 2
159432,2026-05-19,6 14 16 19 25 | 2
159433,2026-05-19,4 6 10 27 28 | 2
159434,2026-05-19,13 15 17 18 31 | 3
159435,2026-05-19,8 11 24 31 35 | 4
159436,2026-05-19,6 14 30 33 34 | 3
159437,2026-05-19,3 6 8 18 25 | 4
159438,2026-05-19,12 13 18 27 36 | 1
159439,2026-05-19,3 6 8 15 28 | 3
159440,2026-05-19,4 10 12 15 36 | 4
159441,2026-05-19,8 12 13 18 36 | 3
159442,2026-05-19,1 9 24 27 34 | 2
159443,2026-05-19,5 6 10 27 35 | 3
159444,2026-05-19,5 23 28 32 35 | 3
159445,2026-05-19,8 9 19 25 34 | 2
159446,2026-05-19,8 19 20 22 28 | 1
159447,2026-05-19,13 16 19 21 23 | 4
159448,2026-05-19,1 18 26 33 35 | 2
159449,2026-05-19,4 9 17 28 36 | 4
159450,2026-05-19,5 13 25 26 27 | 1
159451,2026-05-19,1 6 26 27 33 | 1
159452,2026-05-19,5 6 19 30 34 | 3
159453,2026-05-19,8 18 31 35 36 | 1
159454,2026-05-20,7 11 19 23 35 | 3
159455,2026-05-20,5 14 28 32 34 | 4
159456,2026-05-20,1 4 9 21 34 | 2
159457,2026-05-20,4 15 20 25 36 | 1
159458,2026-05-20,1 15 16 29 31 | 4
159459,2026-05-20,4 25 28 32 36 | 4
159460,2026-05-20,6 13 17 24 35 | 1
159461,2026-05-20,3 7 14 20 29 | 1
159462,2026-05-20,14 17 25 26 29 | 3
159463,2026-05-20,2 3 16 23 29 | 4
159464,2026-05-20,14 18 22 28 33 | 4
159465,2026-05-20,4 7 17 19 28 | 3
159466,2026-05-20,7 10 13 15 31 | 1
159467,2026-05-20,2 12 14 25 31 | 4
159468,2026-05-20,5 17 22 23 28 | 1
159469,2026-05-20,5 10 11 22 33 | 1
159470,2026-05-20,4 6 21 33 34 | 3
159471,2026-05-20,1 6 9 18 30 | 1
159472,2026-05-20,3 16 21 22 30 | 1
159473,2026-05-20,3 15 20 27 33 | 1
159474,2026-05-20,18 20 22 28 32 | 2
159475,2026-05-20,4 6 14 25 29 | 2
159476,2026-05-20,2 5 13 14 19 | 1
159477,2026-05-20,6 10 11 12 17 | 1
159478,2026-05-20,12 16 17 18 24 | 2
159479,2026-05-20,1 10 27 32 35 | 3
159480,2026-05-20,2 3 4 6 24 | 4
159481,2026-05-20,6 14 18 21 23 | 1
159482,2026-05-20,3 15 21 32 34 | 4
159483,2026-05-20,2 3 9 13 34 | 1
159484,2026-05-20,1 7 10 13 18 | 1
159485,2026-05-20,1 15 22 24 29 | 3
159486,2026-05-20,10 11 16 22 32 | 2
159487,2026-05-20,8 11 22 26 34 | 1
159488,2026-05-20,1 14 25 26 30 | 3
159489,2026-05-20,4 11 15 17 31 | 4
159490,2026-05-20,14 22 27 28 29 | 3
159491,2026-05-20,2 12 21 27 28 | 2
159492,2026-05-20,9 24 28 35 36 | 3
159493,2026-05-20,5 10 16 25 26 | 2
159494,2026-05-20,6 7 12 16 35 | 4
159495,2026-05-20,3 25 27 28 31 | 1
159496,2026-05-20,18 24 32 33 36 | 4
159497,2026-05-20,2 21 26 27 33 | 4
159498,2026-05-20,1 2 9 29 34 | 3
159499,2026-05-20,12 23 33 34 36 | 3
159500,2026-05-20,5 11 18 30 33 | 2
159501,2026-05-20,2 10 13 14 22 | 1
159502,2026-05-20,1 15 20 27 31 | 3
159504,2026-05-20,3 15 17 19 25 | 4
159505,2026-05-20,3 20 28 30 36 | 1
159506,2026-05-20,1 3 23 32 33 | 2
159507,2026-05-20,3 7 13 19 21 | 2
159508,2026-05-20,6 18 21 27 31 | 2
159509,2026-05-20,12 19 28 30 35 | 1
159510,2026-05-20,19 20 25 28 33 | 4
159511,2026-05-20,16 17 22 24 32 | 4
159512,2026-05-20,15 23 31 34 35 | 2
159513,2026-05-21,4 15 17 21 24 | 1
159514,2026-05-21,4 17 26 31 33 | 1
159515,2026-05-21,7 8 15 20 35 | 2
159516,2026-05-21,6 17 24 25 30 | 2
159517,2026-05-21,3 22 29 33 34 | 2
159518,2026-05-21,6 8 17 30 33 | 4
159519,2026-05-21,7 11 14 30 31 | 2
159520,2026-05-21,11 17 31 33 35 | 3
159521,2026-05-21,6 10 18 21 27 | 4
159522,2026-05-21,10 18 20 25 29 | 2
159523,2026-05-21,5 10 17 29 31 | 2
159524,2026-05-21,1 5 11 14 25 | 4
159525,2026-05-21,7 14 28 29 30 | 1
159526,2026-05-21,3 4 10 28 29 | 3
159527,2026-05-21,3 8 12 22 29 | 2
159528,2026-05-21,2 7 13 27 29 | 4
159529,2026-05-21,2 7 10 25 26 | 1
159530,2026-05-21,14 16 19 21 36 | 4
159531,2026-05-21,2 5 32 33 34 | 1
159532,2026-05-21,14 21 25 28 33 | 3
159533,2026-05-21,7 12 25 26 28 | 4
159534,2026-05-21,9 21 23 30 36 | 2
159535,2026-05-21,4 6 20 31 34 | 3
159536,2026-05-21,4 8 15 25 28 | 4
159537,2026-05-21,1 6 16 20 23 | 2
159538,2026-05-21,1 6 7 29 33 | 4
159539,2026-05-21,5 18 29 30 33 | 3
159540,2026-05-21,4 7 19 25 31 | 1
159541,2026-05-21,11 26 28 29 33 | 4
159542,2026-05-21,8 19 22 26 33 | 2
159543,2026-05-21,2 3 4 7 26 | 2
159544,2026-05-21,3 7 15 20 25 | 1
159545,2026-05-21,8 10 22 25 27 | 4
159546,2026-05-21,4 7 25 26 34 | 2
159547,2026-05-21,2 6 17 20 31 | 2
159548,2026-05-21,4 5 14 18 30 | 3
159549,2026-05-21,15 26 29 30 35 | 3
159550,2026-05-21,16 20 22 25 31 | 3
159551,2026-05-21,13 16 17 24 28 | 2
159552,2026-05-21,12 17 28 30 36 | 1
159553,2026-05-21,4 17 21 27 36 | 3
159554,2026-05-21,3 6 10 26 27 | 4
159555,2026-05-21,3 17 28 30 33 | 2
159556,2026-05-21,1 13 21 30 35 | 4
159557,2026-05-21,2 14 16 22 33 | 3
159558,2026-05-21,1 12 18 30 32 | 1
159559,2026-05-21,5 17 26 30 34 | 2
159560,2026-05-21,1 4 6 10 31 | 1
159561,2026-05-21,10 11 21 24 34 | 3
159562,2026-05-21,1 9 15 18 20 | 2
159563,2026-05-21,2 8 10 17 28 | 2
159564,2026-05-21,2 11 17 27 34 | 2
159565,2026-05-21,3 8 17 35 36 | 3
159566,2026-05-21,5 6 12 25 26 | 1
159567,2026-05-21,4 6 12 21 34 | 1
159568,2026-05-21,7 10 14 23 28 | 1
159569,2026-05-21,1 3 16 25 29 | 1
159570,2026-05-21,4 13 18 25 34 | 3
159571,2026-05-21,7 18 19 29 35 | 4
159572,2026-05-22,9 13 25 27 31 | 1
159573,2026-05-22,1 6 11 13 30 | 4
159574,2026-05-22,10 16 28 31 33 | 1
159575,2026-05-22,5 14 19 20 21 | 3
159576,2026-05-22,1 2 14 15 25 | 2
159577,2026-05-22,1 12 23 32 35 | 2
159578,2026-05-22,7 13 22 31 36 | 1
159579,2026-05-22,4 20 25 28 31 | 2
159580,2026-05-22,11 19 22 23 36 | 2
159581,2026-05-22,11 19 20 28 32 | 2
159582,2026-05-22,6 26 27 33 36 | 4
159583,2026-05-22,1 14 16 29 36 | 1
159584,2026-05-22,5 12 27 28 32 | 2
159585,2026-05-22,1 9 10 24 29 | 2
159586,2026-05-22,6 7 21 30 36 | 1
159587,2026-05-22,8 12 19 32 35 | 4
159588,2026-05-22,12 16 22 30 35 | 1
159589,2026-05-22,6 16 17 26 32 | 1
159590,2026-05-22,3 23 24 25 27 | 1
159591,2026-05-22,3 17 18 25 36 | 1
159592,2026-05-22,1 17 19 20 36 | 4
159593,2026-05-22,2 4 6 25 32 | 4
159594,2026-05-22,10 11 15 22 30 | 4
159595,2026-05-22,6 10 13 23 24 | 2
159596,2026-05-22,1 6 7 24 34 | 3
159597,2026-05-22,1 14 17 24 33 | 2
159598,2026-05-22,3 8 16 20 21 | 3
159599,2026-05-22,8 25 27 28 29 | 3
159600,2026-05-22,2 7 10 18 33 | 1
159601,2026-05-22,3 15 20 22 28 | 2
159602,2026-05-22,5 10 21 23 32 | 2
159603,2026-05-22,8 9 20 22 25 | 1
159604,2026-05-22,12 17 24 33 34 | 3
159605,2026-05-22,4 13 28 31 33 | 3
159606,2026-05-22,2 6 9 23 34 | 2
159607,2026-05-22,10 15 17 22 30 | 4
159608,2026-05-22,5 6 8 17 36 | 4
159609,2026-05-22,12 14 17 29 36 | 2
159610,2026-05-22,4 11 22 23 29 | 1
159611,2026-05-22,7 15 18 31 32 | 2
159612,2026-05-22,9 10 21 25 33 | 1
159613,2026-05-22,18 19 22 29 33 | 4
159614,2026-05-22,5 6 8 12 16 | 1
159615,2026-05-22,7 18 30 32 33 | 2
159616,2026-05-22,3 10 11 15 16 | 1
159617,2026-05-22,6 10 17 27 28 | 4
159618,2026-05-22,1 11 19 32 33 | 1
159619,2026-05-22,1 13 18 23 30 | 3
159620,2026-05-22,2 3 4 7 9 | 4
159621,2026-05-22,7 11 14 20 29 | 3
159622,2026-05-22,5 13 24 26 31 | 2
159623,2026-05-22,8 10 27 33 35 | 3
159624,2026-05-22,1 7 12 19 23 | 4
159625,2026-05-22,10 18 28 30 32 | 3
159626,2026-05-22,2 3 5 32 36 | 2
159627,2026-05-22,3 10 15 19 25 | 2
159628,2026-05-22,2 4 7 12 32 | 1
159629,2026-05-22,14 18 22 29 34 | 4
159630,2026-05-22,9 13 17 21 29 | 3
159631,2026-05-23,4 5 25 30 35 | 2
159632,2026-05-23,1 23 25 26 34 | 2
159633,2026-05-23,13 16 19 22 25 | 3
159634,2026-05-23,3 7 9 24 33 | 1
159635,2026-05-23,8 21 22 33 36 | 2
159636,2026-05-23,4 5 20 22 33 | 4
159637,2026-05-23,11 23 26 31 34 | 3
159638,2026-05-23,6 19 23 31 32 | 4
159639,2026-05-23,7 8 16 17 20 | 2
159640,2026-05-23,3 4 7 21 22 | 1
159641,2026-05-23,10 13 14 17 24 | 1
159642,2026-05-23,11 19 20 25 27 | 4
159643,2026-05-23,7 12 14 21 32 | 4
159644,2026-05-23,3 7 9 20 28 | 2
159645,2026-05-23,3 5 17 18 19 | 1
159646,2026-05-23,12 22 27 31 33 | 3
159647,2026-05-23,6 12 25 27 34 | 4
159648,2026-05-23,5 12 25 26 33 | 4
159649,2026-05-23,13 19 20 33 36 | 2
159650,2026-05-23,8 13 21 22 36 | 1
159651,2026-05-23,3 11 24 28 32 | 4
159652,2026-05-23,6 13 17 28 35 | 1
159653,2026-05-23,13 19 20 25 26 | 3
159654,2026-05-23,8 23 24 30 36 | 1
159655,2026-05-23,7 10 13 22 32 | 3
159656,2026-05-23,3 7 8 9 35 | 4
159657,2026-05-23,1 3 21 22 31 | 4
159658,2026-05-23,9 14 19 28 33 | 2
159659,2026-05-23,3 8 16 20 33 | 4
159660,2026-05-23,8 9 14 23 28 | 1
159661,2026-05-23,2 13 14 17 35 | 2
159662,2026-05-23,5 11 21 22 23 | 1
159663,2026-05-23,2 6 12 18 22 | 3
159664,2026-05-23,20 24 31 33 36 | 2
159665,2026-05-23,1 3 6 21 22 | 1
159666,2026-05-23,9 19 21 33 35 | 3
159667,2026-05-23,5 15 22 32 33 | 1
159668,2026-05-23,2 3 14 24 34 | 2
159669,2026-05-23,4 14 15 22 23 | 4
159670,2026-05-23,4 22 23 27 35 | 1
159671,2026-05-23,4 5 9 18 22 | 3
159672,2026-05-23,3 9 20 22 31 | 1
159673,2026-05-23,13 15 28 33 35 | 4
159674,2026-05-23,5 9 17 22 28 | 4
159675,2026-05-23,2 13 24 29 33 | 4
159676,2026-05-23,1 10 30 32 34 | 2
159677,2026-05-23,5 15 20 22 24 | 3
159678,2026-05-23,2 6 26 28 35 | 1
159679,2026-05-23,6 10 12 16 22 | 4
159680,2026-05-23,3 8 14 23 28 | 4
159681,2026-05-23,10 20 26 30 31 | 1
159682,2026-05-23,5 6 19 25 36 | 2
159683,2026-05-23,1 2 7 9 17 | 3
159684,2026-05-23,2 8 16 27 31 | 1
159685,2026-05-23,8 11 15 24 36 | 4
159686,2026-05-23,9 19 24 25 34 | 3
159687,2026-05-23,2 7 21 24 34 | 1
159688,2026-05-24,6 11 14 18 20 | 4
159689,2026-05-24,8 16 27 35 36 | 3
159690,2026-05-24,2 21 23 30 31 | 1
159691,2026-05-24,6 10 19 23 36 | 2
159692,2026-05-24,5 20 26 30 33 | 3
159693,2026-05-24,1 18 20 23 26 | 1
159694,2026-05-24,1 5 10 14 20 | 3
159695,2026-05-24,5 7 12 30 34 | 4
159696,2026-05-24,1 7 13 15 28 | 1
159697,2026-05-24,5 8 11 13 21 | 3
159698,2026-05-24,5 7 18 22 33 | 4
159699,2026-05-24,12 13 16 24 27 | 2
159700,2026-05-24,1 7 19 23 32 | 4
159701,2026-05-24,18 19 22 23 33 | 1
159702,2026-05-24,12 22 27 29 32 | 3
159703,2026-05-24,8 10 13 14 25 | 2
159704,2026-05-24,7 13 19 25 27 | 3
159705,2026-05-24,5 7 8 29 33 | 3
159706,2026-05-24,5 14 26 27 30 | 1
159707,2026-05-24,1 9 12 15 17 | 3
159708,2026-05-24,6 9 19 26 30 | 2
159709,2026-05-24,1 6 8 10 31 | 2
159710,2026-05-24,12 14 16 25 34 | 2
159711,2026-05-24,3 12 16 25 36 | 2
159712,2026-05-24,2 5 19 23 35 | 1
159713,2026-05-24,19 21 24 27 34 | 4
159714,2026-05-24,16 21 24 31 34 | 4
159715,2026-05-24,11 16 23 25 34 | 4
159716,2026-05-24,7 20 28 29 30 | 1
159717,2026-05-24,7 8 22 28 34 | 2
159718,2026-05-24,3 7 12 18 29 | 1
159719,2026-05-24,15 17 18 23 34 | 4
159720,2026-05-24,1 2 7 14 18 | 3
159721,2026-05-24,13 14 15 23 25 | 3
159722,2026-05-24,2 4 9 30 35 | 3
159723,2026-05-24,1 6 11 21 25 | 4
159724,2026-05-24,11 24 27 30 32 | 3
159725,2026-05-24,2 15 21 24 27 | 2
159726,2026-05-24,2 10 12 21 26 | 2
159727,2026-05-24,10 12 16 18 25 | 1
159728,2026-05-24,6 28 30 33 35 | 3
159729,2026-05-24,4 7 17 19 28 | 3
159730,2026-05-24,8 18 20 24 26 | 3
159731,2026-05-24,4 5 22 23 29 | 2
159732,2026-05-24,11 16 17 21 28 | 2
159733,2026-05-24,1 3 4 13 18 | 3
159734,2026-05-24,6 11 27 29 34 | 1
159735,2026-05-24,12 15 17 18 34 | 3
159736,2026-05-24,3 4 24 25 33 | 3
159737,2026-05-24,8 14 17 21 29 | 3
159738,2026-05-24,23 24 30 33 36 | 2
159739,2026-05-24,7 15 17 21 32 | 3
159740,2026-05-24,2 11 16 20 24 | 4
159741,2026-05-24,4 7 17 22 26 | 2
159742,2026-05-24,7 14 20 23 29 | 4
159743,2026-05-24,12 25 26 27 30 | 3
159744,2026-05-24,1 8 11 25 26 | 3
159745,2026-05-24,11 16 20 28 36 | 3
159746,2026-05-24,9 13 18 26 27 | 3
159747,2026-05-24,5 21 22 24 36 | 4
159748,2026-05-25,1 14 22 30 36 | 4
159749,2026-05-25,1 9 16 27 36 | 1
159750,2026-05-25,2 3 7 26 28 | 2
159751,2026-05-25,3 16 18 29 36 | 4
159752,2026-05-25,2 5 13 27 32 | 3
159753,2026-05-25,4 15 22 33 35 | 2
159754,2026-05-25,18 19 29 30 32 | 4
159755,2026-05-25,3 24 27 28 36 | 4
159756,2026-05-25,1 10 17 21 31 | 3
159757,2026-05-25,3 9 20 27 32 | 2
159758,2026-05-25,5 32 33 35 36 | 3
159759,2026-05-25,8 9 22 23 26 | 1
159760,2026-05-25,7 21 22 34 36 | 2
159761,2026-05-25,7 12 26 33 36 | 4
159762,2026-05-25,8 18 22 23 26 | 2
159763,2026-05-25,1 14 18 24 29 | 1
159764,2026-05-25,3 8 23 26 29 | 2
159765,2026-05-25,2 16 19 22 30 | 4
159766,2026-05-25,1 14 31 35 36 | 4
159767,2026-05-25,10 11 22 28 31 | 3
159768,2026-05-25,7 10 20 24 32 | 3
159769,2026-05-25,1 5 19 23 30 | 2
159770,2026-05-25,11 12 23 28 34 | 1
159771,2026-05-25,22 25 29 32 33 | 1
159772,2026-05-25,3 4 9 25 32 | 4
159773,2026-05-25,6 8 12 33 34 | 2
159774,2026-05-25,14 19 22 23 30 | 3
159775,2026-05-25,1 2 4 28 33 | 3
159776,2026-05-25,8 11 15 23 25 | 4
159777,2026-05-25,6 12 18 20 35 | 4
159778,2026-05-25,4 16 18 25 34 | 3
159779,2026-05-25,5 6 15 23 34 | 4
159780,2026-05-25,1 4 7 11 33 | 1
159781,2026-05-25,5 14 19 21 22 | 3
159782,2026-05-25,5 17 23 24 34 | 1
159783,2026-05-25,1 3 20 22 33 | 3
159784,2026-05-25,6 16 17 31 36 | 4
159785,2026-05-25,2 4 5 12 20 | 3
159786,2026-05-25,1 4 19 21 24 | 3
159787,2026-05-25,8 12 15 17 21 | 3
159788,2026-05-25,3 4 6 7 15 | 1
159789,2026-05-25,8 12 18 20 21 | 1
159790,2026-05-25,14 22 28 31 32 | 2
159791,2026-05-25,8 19 21 29 33 | 3
159792,2026-05-25,9 19 26 27 32 | 1
159793,2026-05-25,6 27 29 33 36 | 2
159794,2026-05-25,2 14 24 25 33 | 3
159795,2026-05-25,4 12 13 17 20 | 3
159796,2026-05-25,6 12 15 20 29 | 3
159797,2026-05-25,10 18 19 20 21 | 2
159798,2026-05-25,4 10 11 20 26 | 1
159799,2026-05-25,2 12 23 34 36 | 4
159800,2026-05-25,3 8 9 20 34 | 3
159801,2026-05-25,5 9 17 29 36 | 4
159802,2026-05-25,8 11 15 30 35 | 3
159803,2026-05-25,18 19 26 28 34 | 4
159804,2026-05-25,5 18 21 27 31 | 1
159805,2026-05-25,3 10 25 33 36 | 2
159806,2026-05-25,2 7 25 27 36 | 3
159807,2026-05-26,1 9 12 18 25 | 1
159808,2026-05-26,5 20 27 28 34 | 4
159809,2026-05-26,19 25 26 27 29 | 2
159810,2026-05-26,3 5 12 24 30 | 4
159811,2026-05-26,5 6 8 21 24 | 3
159812,2026-05-26,1 16 24 29 34 | 3
159813,2026-05-26,3 10 12 25 36 | 2
159814,2026-05-26,1 11 12 31 35 | 3
159815,2026-05-26,6 12 16 23 27 | 2
159816,2026-05-26,4 6 9 10 24 | 3
159817,2026-05-26,5 10 11 13 19 | 2
159818,2026-05-26,4 6 9 14 25 | 3
159819,2026-05-26,7 8 34 35 36 | 3
159820,2026-05-26,4 5 7 18 35 | 2
159821,2026-05-26,2 9 18 22 30 | 1
159822,2026-05-26,1 3 4 8 25 | 2
159823,2026-05-26,10 17 18 21 34 | 1
159824,2026-05-26,13 14 19 21 23 | 2
159825,2026-05-26,6 10 24 29 34 | 3
159826,2026-05-26,18 19 25 26 35 | 1
159827,2026-05-26,6 10 18 27 36 | 2
159828,2026-05-26,2 14 30 35 36 | 3
159829,2026-05-26,4 5 11 16 26 | 4
159830,2026-05-26,19 22 23 26 32 | 4
159831,2026-05-26,1 17 20 28 35 | 3
159832,2026-05-26,10 14 20 32 35 | 1
159833,2026-05-26,4 10 20 25 36 | 3
159834,2026-05-26,5 6 18 21 29 | 3
159835,2026-05-26,7 10 16 17 33 | 3
159836,2026-05-26,5 18 19 22 30 | 1
159837,2026-05-26,1 16 17 22 27 | 2
159838,2026-05-26,2 11 19 21 24 | 4
159839,2026-05-26,15 16 19 33 36 | 4
159840,2026-05-26,5 8 9 14 27 | 1
159841,2026-05-26,15 23 32 33 34 | 4
159842,2026-05-26,6 9 10 28 35 | 2
159843,2026-05-26,9 13 28 32 35 | 1
159844,2026-05-26,5 9 12 27 28 | 3
159845,2026-05-26,10 24 26 29 33 | 1
159846,2026-05-26,3 11 21 27 28 | 3
159847,2026-05-26,3 15 17 27 36 | 4
159848,2026-05-26,2 5 9 15 17 | 2
159849,2026-05-26,6 8 13 24 25 | 2
159850,2026-05-26,1 4 7 11 16 | 1
159851,2026-05-26,3 4 18 35 36 | 2
159852,2026-05-26,11 17 23 33 35 | 2
159853,2026-05-26,5 7 27 31 32 | 3
159854,2026-05-26,3 4 24 25 36 | 1
159855,2026-05-26,2 5 7 19 24 | 2
159856,2026-05-26,3 7 14 29 33 | 3
159857,2026-05-26,2 5 13 30 34 | 2
159858,2026-05-26,8 18 24 26 28 | 2
159859,2026-05-26,1 18 19 30 35 | 2
159860,2026-05-26,2 15 23 30 35 | 4
159861,2026-05-26,16 19 21 25 35 | 4
159862,2026-05-26,14 28 33 34 36 | 1
159863,2026-05-26,3 7 8 19 24 | 1
159864,2026-05-26,8 12 19 24 36 | 4
159865,2026-05-26,8 16 22 32 35 | 4
159866,2026-05-27,2 12 15 20 28 | 4
159867,2026-05-27,7 9 25 26 27 | 1
159868,2026-05-27,13 18 20 28 29 | 3
159869,2026-05-27,1 7 13 24 27 | 1
159870,2026-05-27,10 23 28 29 35 | 1
159871,2026-05-27,7 8 15 21 28 | 1
159872,2026-05-27,6 9 21 26 34 | 3
159873,2026-05-27,9 12 14 16 26 | 2
159874,2026-05-27,10 11 14 15 22 | 2
159875,2026-05-27,8 13 26 32 35 | 3
159876,2026-05-27,3 4 11 17 21 | 4
159877,2026-05-27,2 6 23 32 35 | 4
159878,2026-05-27,3 7 34 35 36 | 3
159879,2026-05-27,4 18 22 30 32 | 1
159880,2026-05-27,2 13 16 26 30 | 1
159881,2026-05-27,3 12 14 15 23 | 1
159882,2026-05-27,1 9 13 19 23 | 3
159883,2026-05-27,10 14 24 28 31 | 4
159884,2026-05-27,7 11 29 34 36 | 4
159885,2026-05-27,8 10 19 26 36 | 1
159886,2026-05-27,3 8 26 28 30 | 3
159887,2026-05-27,3 8 18 24 30 | 3
159888,2026-05-27,1 2 26 35 36 | 3
159889,2026-05-27,2 5 15 17 33 | 4
159890,2026-05-27,13 15 25 29 36 | 3
159891,2026-05-27,8 12 14 30 36 | 1
159892,2026-05-27,1 10 21 23 27 | 4
159893,2026-05-27,1 12 16 32 36 | 3
159894,2026-05-27,1 10 14 30 35 | 4
159895,2026-05-27,2 19 25 30 32 | 1
159896,2026-05-27,5 11 14 29 36 | 2
159897,2026-05-27,4 22 23 24 27 | 1
159898,2026-05-27,8 14 19 29 30 | 1
159899,2026-05-27,13 14 21 22 33 | 2
159900,2026-05-27,7 8 15 18 22 | 3
159901,2026-05-27,2 6 19 25 33 | 2
159902,2026-05-27,2 14 21 25 33 | 4
159903,2026-05-27,6 8 9 15 30 | 4
159904,2026-05-27,7 9 25 28 36 | 3
159905,2026-05-27,9 12 26 27 31 | 4
159906,2026-05-27,13 23 24 27 35 | 4
159907,2026-05-27,4 10 19 22 28 | 4
159908,2026-05-27,12 13 23 24 30 | 1
159909,2026-05-27,4 8 17 32 36 | 1
159910,2026-05-27,5 6 27 29 35 | 3
159911,2026-05-27,4 8 28 32 33 | 1
159912,2026-05-27,20 21 25 26 35 | 2
159913,2026-05-27,1 13 20 21 34 | 1
159914,2026-05-27,4 13 25 26 35 | 1
159915,2026-05-27,4 12 16 22 28 | 2
159916,2026-05-27,1 6 12 32 35 | 1
159917,2026-05-27,7 11 14 28 33 | 2
159918,2026-05-27,10 13 27 28 31 | 1
159919,2026-05-27,5 13 21 28 32 | 2
159920,2026-05-27,8 9 17 19 35 | 2
159921,2026-05-27,13 30 32 34 36 | 3
159922,2026-05-27,3 19 26 28 34 | 2
159923,2026-05-27,3 4 26 30 31 | 1
159924,2026-05-27,4 13 26 28 33 | 4
159925,2026-05-28,7 8 18 20 29 | 2
159926,2026-05-28,7 17 19 24 29 | 1
159927,2026-05-28,4 5 14 15 27 | 4
159928,2026-05-28,2 4 15 31 34 | 4
159929,2026-05-28,2 6 15 23 34 | 4
159930,2026-05-28,3 5 16 17 25 | 1
159931,2026-05-28,7 8 18 22 31 | 4
159932,2026-05-28,5 7 8 18 34 | 3
159933,2026-05-28,2 3 5 21 32 | 4
159934,2026-05-28,13 15 22 23 34 | 3
159935,2026-05-28,2 3 8 33 34 | 2
159936,2026-05-28,2 4 12 14 24 | 3
159937,2026-05-28,19 23 27 32 36 | 3
159938,2026-05-28,2 4 10 28 34 | 3
159939,2026-05-28,16 17 23 30 34 | 4
159940,2026-05-28,2 10 20 26 27 | 2
159941,2026-05-28,5 8 11 16 33 | 4
159942,2026-05-28,6 12 15 31 32 | 2
159943,2026-05-28,11 12 22 24 29 | 4
159944,2026-05-28,4 5 11 18 22 | 3
159945,2026-05-28,5 11 17 21 36 | 2
159946,2026-05-28,2 12 18 20 30 | 1
159947,2026-05-28,7 21 30 32 33 | 2
159948,2026-05-28,1 9 11 15 18 | 4
159949,2026-05-28,2 5 29 31 32 | 1
159950,2026-05-28,5 8 10 12 30 | 1
159951,2026-05-28,8 9 18 28 36 | 4
159952,2026-05-28,2 3 11 20 22 | 2
159953,2026-05-28,1 17 19 20 25 | 1
159954,2026-05-28,3 13 24 26 28 | 2
159955,2026-05-28,6 11 18 19 36 | 3
159956,2026-05-28,4 6 15 20 32 | 3
159957,2026-05-28,2 5 13 17 32 | 3
159958,2026-05-28,1 6 17 34 35 | 3
159959,2026-05-28,14 15 24 25 28 | 2
159960,2026-05-28,6 8 13 35 36 | 2
159961,2026-05-28,7 10 15 20 24 | 2
159962,2026-05-28,1 14 24 30 35 | 3
159963,2026-05-28,6 7 9 13 29 | 3
159964,2026-05-28,8 13 19 22 29 | 3
159965,2026-05-28,3 11 16 29 30 | 3
159966,2026-05-28,12 25 30 31 34 | 2
159967,2026-05-28,1 18 24 28 34 | 3
159968,2026-05-28,11 17 22 28 32 | 3
159969,2026-05-28,7 12 21 22 32 | 1
159970,2026-05-28,16 17 28 29 30 | 3
159971,2026-05-28,5 20 28 33 34 | 4
159972,2026-05-28,1 4 12 14 21 | 4
159973,2026-05-28,2 3 5 12 31 | 1
159974,2026-05-28,7 30 32 35 36 | 4
159975,2026-05-28,14 18 20 21 22 | 1
159976,2026-05-28,4 19 20 27 34 | 1
159977,2026-05-28,8 23 28 29 31 | 3
159978,2026-05-28,2 11 14 17 18 | 3
159979,2026-05-28,8 16 19 22 33 | 2
159980,2026-05-28,1 8 10 11 18 | 2
159981,2026-05-28,7 9 13 19 30 | 4
159982,2026-05-28,6 9 13 22 30 | 1
159983,2026-05-28,4 9 10 18 31 | 1
159984,2026-05-29,4 6 7 17 30 | 2
159985,2026-05-29,9 10 14 22 36 | 3
159986,2026-05-29,1 3 21 24 32 | 1
159987,2026-05-29,16 19 22 28 30 | 4
159988,2026-05-29,9 20 25 28 31 | 3
159989,2026-05-29,14 24 25 28 35 | 3
159990,2026-05-29,1 12 15 30 32 | 2
159991,2026-05-29,6 8 12 19 32 | 2
159992,2026-05-29,4 5 15 16 30 | 1
159993,2026-05-29,5 8 20 26 32 | 2
159994,2026-05-29,6 17 26 27 36 | 2
159995,2026-05-29,7 8 17 25 35 | 1
159996,2026-05-29,4 8 18 31 33 | 3
159997,2026-05-29,17 22 27 31 36 | 3
159998,2026-05-29,4 29 30 34 35 | 4
159999,2026-05-29,6 13 14 22 35 | 2
160000,2026-05-29,8 17 21 22 28 | 3
160001,2026-05-29,5 12 15 22 29 | 1
160002,2026-05-29,10 16 21 31 36 | 1
160003,2026-05-29,3 8 9 14 34 | 4
160004,2026-05-29,7 8 20 30 33 | 1
160005,2026-05-29,3 9 14 19 23 | 2
160006,2026-05-29,7 8 9 14 21 | 4
160007,2026-05-29,3 16 29 32 34 | 4
160008,2026-05-29,7 19 28 29 30 | 3
160009,2026-05-29,4 15 21 24 25 | 1
160010,2026-05-29,3 12 24 27 31 | 4
160011,2026-05-29,6 12 22 29 32 | 4
160012,2026-05-29,2 4 6 11 32 | 2
160013,2026-05-29,3 10 11 19 20 | 2
160014,2026-05-29,4 11 16 25 32 | 1
160015,2026-05-29,4 15 22 27 36 | 1
160016,2026-05-29,2 9 18 28 33 | 2
160017,2026-05-29,2 3 10 25 31 | 2
160018,2026-05-29,3 9 19 31 33 | 1
160019,2026-05-29,8 13 14 16 19 | 2
160020,2026-05-29,8 9 11 16 19 | 2
160021,2026-05-29,3 14 17 19 23 | 1
160022,2026-05-29,4 5 13 19 36 | 2
160023,2026-05-29,6 13 16 30 33 | 3
160024,2026-05-29,1 7 18 20 30 | 4
160025,2026-05-29,1 4 13 18 21 | 4
160026,2026-05-29,9 11 12 27 32 | 3
160027,2026-05-29,13 14 16 29 30 | 2
160028,2026-05-29,1 11 15 26 29 | 2
160029,2026-05-29,4 7 13 16 33 | 4
160030,2026-05-29,8 14 16 18 35 | 3
160031,2026-05-29,8 13 20 22 25 | 2
160032,2026-05-29,14 16 21 27 29 | 1
160033,2026-05-29,6 25 26 27 28 | 2
160034,2026-05-29,11 13 18 20 31 | 4
160035,2026-05-29,1 16 18 24 31 | 4
160036,2026-05-29,11 18 19 28 30 | 3
160037,2026-05-29,6 8 10 22 25 | 2
160038,2026-05-29,20 21 23 24 32 | 2
160039,2026-05-29,19 24 26 28 32 | 3
160040,2026-05-29,7 11 13 17 28 | 1
160041,2026-05-29,2 15 17 31 36 | 2
160042,2026-05-29,6 17 22 28 33 | 3
160043,2026-05-30,4 5 19 24 30 | 2
160044,2026-05-30,10 18 25 28 31 | 3
160045,2026-05-30,1 6 12 25 30 | 1
160046,2026-05-30,1 9 11 13 33 | 2
160047,2026-05-30,9 14 17 23 28 | 4
160048,2026-05-30,6 12 17 25 33 | 4
160049,2026-05-30,18 19 26 33 36 | 4
160050,2026-05-30,7 8 9 13 27 | 4
160051,2026-05-30,7 8 26 35 36 | 1
160052,2026-05-30,6 29 33 34 35 | 3
160053,2026-05-30,5 15 22 25 27 | 4
160054,2026-05-30,12 18 21 29 34 | 3
160055,2026-05-30,1 10 24 25 33 | 3
160056,2026-05-30,3 20 31 34 36 | 3
160057,2026-05-30,7 12 16 18 20 | 3
160058,2026-05-30,9 20 28 31 33 | 3
160059,2026-05-30,5 11 12 23 30 | 2
160060,2026-05-30,6 7 8 11 21 | 4
160061,2026-05-30,7 10 15 34 35 | 2
160062,2026-05-30,5 14 15 17 35 | 3
160063,2026-05-30,4 19 22 24 28 | 2
160064,2026-05-30,12 15 30 33 36 | 1
160065,2026-05-30,13 22 34 35 36 | 4
160066,2026-05-30,13 17 20 33 34 | 3
160067,2026-05-30,6 12 13 16 29 | 4
160068,2026-05-30,4 6 16 22 30 | 4
160069,2026-05-30,10 22 32 33 34 | 1
160070,2026-05-30,7 12 21 29 30 | 3
160071,2026-05-30,1 23 31 32 34 | 4
160072,2026-05-30,9 11 12 16 21 | 1
160073,2026-05-30,5 10 16 17 32 | 4
160074,2026-05-30,2 13 16 21 31 | 4
160075,2026-05-30,3 4 8 11 13 | 3
160076,2026-05-30,9 13 23 26 27 | 3
160077,2026-05-30,10 15 24 31 33 | 3
160078,2026-05-30,1 2 6 17 22 | 2
160079,2026-05-30,10 18 27 35 36 | 2
160080,2026-05-30,4 6 10 27 34 | 3
160081,2026-05-30,2 8 9 24 29 | 1
160082,2026-05-30,15 18 19 27 36 | 4
160083,2026-05-30,4 12 26 30 33 | 4
160084,2026-05-30,8 13 20 22 33 | 2
160085,2026-05-30,4 17 18 19 30 | 3
160086,2026-05-30,8 21 27 28 29 | 3
160087,2026-05-30,3 19 21 24 36 | 3
160088,2026-05-30,10 12 15 18 25 | 2
160089,2026-05-30,8 13 14 29 35 | 4
160090,2026-05-30,12 13 31 33 36 | 3
160091,2026-05-30,9 12 18 28 32 | 2
160092,2026-05-30,1 3 5 18 29 | 1
160093,2026-05-30,2 6 17 28 34 | 2
160094,2026-05-30,1 3 12 29 34 | 1
160095,2026-05-30,4 12 21 22 34 | 2
160096,2026-05-30,17 20 30 32 34 | 4
160097,2026-05-30,1 18 20 26 31 | 4
160098,2026-05-30,5 14 19 21 29 | 1
160099,2026-05-30,14 21 22 31 36 | 2
160100,2026-05-31,3 5 10 31 32 | 3
160101,2026-05-31,5 8 27 33 36 | 4
160102,2026-05-31,6 7 10 22 32 | 4
160103,2026-05-31,5 15 19 30 33 | 2
160104,2026-05-31,3 8 23 30 36 | 1
160105,2026-05-31,1 13 31 32 34 | 4
160106,2026-05-31,8 10 15 23 36 | 2
160107,2026-05-31,2 6 9 10 15 | 2
160108,2026-05-31,13 15 21 22 36 | 4
160109,2026-05-31,1 3 10 17 18 | 2
160110,2026-05-31,5 10 20 24 28 | 2
160111,2026-05-31,17 23 26 34 35 | 4
160112,2026-05-31,6 11 18 19 23 | 3
160113,2026-05-31,9 11 15 27 31 | 1
160114,2026-05-31,1 9 17 18 35 | 4
160115,2026-05-31,10 15 25 34 35 | 2
160116,2026-05-31,3 5 14 16 17 | 3
160117,2026-05-31,3 20 28 31 34 | 1
160118,2026-05-31,1 10 13 17 35 | 2
160119,2026-05-31,1 13 19 29 35 | 2
160120,2026-05-31,18 27 28 31 34 | 1
160121,2026-05-31,10 26 28 30 36 | 3
160122,2026-05-31,3 13 18 28 31 | 4
160123,2026-05-31,4 6 14 20 22 | 3
160124,2026-05-31,7 14 22 32 36 | 4
160125,2026-05-31,2 17 25 27 35 | 4
160126,2026-05-31,5 10 21 28 36 | 4
160127,2026-05-31,11 13 19 28 36 | 4
160128,2026-05-31,1 7 11 15 22 | 3
160129,2026-05-31,6 13 14 32 35 | 3
160130,2026-05-31,3 10 22 25 30 | 1
160131,2026-05-31,1 7 10 32 34 | 4
160132,2026-05-31,1 4 6 14 18 | 1
160133,2026-05-31,3 6 27 31 33 | 2
160134,2026-05-31,1 13 15 18 22 | 4
160135,2026-05-31,5 20 23 25 35 | 1
160136,2026-05-31,2 3 28 33 34 | 1
160137,2026-05-31,1 11 14 21 27 | 1
160138,2026-05-31,3 11 17 23 35 | 3
160139,2026-05-31,7 9 21 29 33 | 1
160140,2026-05-31,11 21 25 27 28 | 1
160141,2026-05-31,2 24 26 29 34 | 2
160142,2026-05-31,1 2 15 34 35 | 1
160143,2026-05-31,4 6 14 29 31 | 3
160144,2026-05-31,9 12 13 20 26 | 2
160145,2026-05-31,3 12 15 19 20 | 2
160146,2026-05-31,2 8 12 24 32 | 1
160147,2026-05-31,5 7 8 20 26 | 2
160149,2026-05-31,4 14 21 24 30 | 3
160150,2026-05-31,4 5 9 20 27 | 1
160151,2026-05-31,7 19 20 23 34 | 3
160152,2026-05-31,9 11 12 19 28 | 4
160153,2026-05-31,7 10 19 32 36 | 3
160154,2026-05-31,2 8 15 19 27 | 2
160155,2026-05-31,8 20 27 28 33 | 4
160156,2026-05-31,3 23 25 27 28 | 2
160157,2026-05-31,7 10 28 30 34 | 1
160158,2026-05-31,8 22 28 33 35 | 4
160159,2026-06-01,5 17 20 24 32 | 4
160160,2026-06-01,10 18 19 23 26 | 2
160161,2026-06-01,9 23 30 32 35 | 3
160162,2026-06-01,16 25 30 31 32 | 1
160163,2026-06-01,3 16 22 35 36 | 4
160164,2026-06-01,4 10 15 26 35 | 4
160165,2026-06-01,3 7 20 24 30 | 4
160166,2026-06-01,16 19 22 29 35 | 2
160167,2026-06-01,2 10 21 27 36 | 2
160168,2026-06-01,14 17 23 33 34 | 1
160169,2026-06-01,5 13 15 25 32 | 4
160170,2026-06-01,5 9 15 20 25 | 2
160171,2026-06-01,2 6 13 15 20 | 3
160172,2026-06-01,12 14 17 32 35 | 4
160173,2026-06-01,7 12 15 18 22 | 3
160174,2026-06-01,11 13 31 33 34 | 1
160175,2026-06-01,6 16 28 30 36 | 1
160176,2026-06-01,7 18 21 33 34 | 3
160177,2026-06-01,5 8 15 20 27 | 2
160178,2026-06-01,11 16 21 24 28 | 2
160179,2026-06-01,9 25 27 29 33 | 3
160180,2026-06-01,1 8 19 30 35 | 1
160181,2026-06-01,8 12 26 28 35 | 4
160182,2026-06-01,2 3 6 8 14 | 4
160183,2026-06-01,5 20 23 28 31 | 4
160184,2026-06-01,8 13 19 27 29 | 3
160185,2026-06-01,13 14 23 25 28 | 2
160186,2026-06-01,13 20 24 28 36 | 4
160187,2026-06-01,13 16 17 18 32 | 2
160188,2026-06-01,16 18 19 29 30 | 1
160189,2026-06-01,2 4 28 32 33 | 3
160190,2026-06-01,4 8 14 17 25 | 1
160191,2026-06-01,7 14 20 21 36 | 3
160192,2026-06-01,9 10 11 16 30 | 4
160193,2026-06-01,3 20 25 28 29 | 4
160194,2026-06-01,17 18 22 23 28 | 2
160195,2026-06-01,2 12 21 24 34 | 4
160196,2026-06-01,7 10 14 21 35 | 4
160197,2026-06-01,6 11 23 24 29 | 1
160198,2026-06-01,3 11 12 22 31 | 1
160199,2026-06-01,17 20 28 29 30 | 2
160200,2026-06-01,3 8 17 25 32 | 1
160201,2026-06-01,3 12 14 20 31 | 1
160202,2026-06-01,2 4 5 12 15 | 3
160203,2026-06-01,6 7 22 23 27 | 1
160204,2026-06-01,3 5 17 23 30 | 2
160205,2026-06-01,5 15 21 25 34 | 4
160206,2026-06-01,4 7 24 31 36 | 4
160207,2026-06-01,5 15 17 21 30 | 4
160208,2026-06-01,1 14 18 21 32 | 3
160209,2026-06-01,9 14 27 33 36 | 3
160210,2026-06-01,18 25 27 29 32 | 2
160211,2026-06-01,5 20 22 24 27 | 1
160212,2026-06-01,15 30 31 32 34 | 4
160213,2026-06-01,4 15 16 18 35 | 1
160214,2026-06-01,8 10 11 12 13 | 4
160215,2026-06-01,6 20 22 27 31 | 1
160216,2026-06-01,11 18 31 33 35 | 3
160217,2026-06-01,3 4 6 11 18 | 2
160218,2026-06-02,3 15 21 28 32 | 2
160219,2026-06-02,6 25 31 32 33 | 3
160220,2026-06-02,7 20 25 30 36 | 4
160221,2026-06-02,7 19 25 30 35 | 4
160222,2026-06-02,4 29 31 34 36 | 3
160223,2026-06-02,12 15 22 25 33 | 1
160224,2026-06-02,1 11 19 31 35 | 4
160225,2026-06-02,6 12 15 25 33 | 3
160226,2026-06-02,3 11 21 32 33 | 4
160227,2026-06-02,1 2 20 24 35 | 2
160228,2026-06-02,8 11 17 34 35 | 3
160229,2026-06-02,8 12 25 32 35 | 1
160230,2026-06-02,1 5 17 27 30 | 1
160231,2026-06-02,3 4 8 9 17 | 4
160232,2026-06-02,9 17 18 32 36 | 1
160233,2026-06-02,11 20 26 33 36 | 4
160234,2026-06-02,7 9 13 25 26 | 4
160235,2026-06-02,3 4 8 23 35 | 1
160236,2026-06-02,3 14 17 20 25 | 1
160237,2026-06-02,9 13 16 28 35 | 3
160238,2026-06-02,2 9 17 26 33 | 2
160239,2026-06-02,4 8 17 24 35 | 4
160240,2026-06-02,4 6 29 32 35 | 3
160241,2026-06-02,4 13 25 30 31 | 3
160242,2026-06-02,6 19 20 29 32 | 1
160243,2026-06-02,1 15 21 27 31 | 2
160244,2026-06-02,5 12 14 16 21 | 2
160245,2026-06-02,8 17 28 33 36 | 2
160246,2026-06-02,5 9 13 24 35 | 1
160247,2026-06-02,7 8 9 28 33 | 1
160248,2026-06-02,1 4 5 6 9 | 2
160249,2026-06-02,7 10 16 33 35 | 4
160250,2026-06-02,5 6 15 16 23 | 2
160251,2026-06-02,1 5 11 19 25 | 1
160252,2026-06-02,19 22 25 28 36 | 1
160253,2026-06-02,3 7 9 15 16 | 4
160254,2026-06-02,10 20 21 28 36 | 2
160255,2026-06-02,3 4 18 26 35 | 3
160256,2026-06-02,4 7 25 28 35 | 3
160257,2026-06-02,9 12 15 16 29 | 3
160258,2026-06-02,9 18 28 30 32 | 4
160259,2026-06-02,2 19 21 23 36 | 3
160260,2026-06-02,2 24 25 32 34 | 4
160261,2026-06-02,4 21 29 33 35 | 2
160262,2026-06-02,3 5 7 29 33 | 3
160263,2026-06-02,3 27 30 31 34 | 3
160264,2026-06-02,2 8 9 12 36 | 3
160265,2026-06-02,2 8 13 25 35 | 3
160266,2026-06-02,3 4 10 16 29 | 2
160267,2026-06-02,3 5 14 25 26 | 2
160268,2026-06-02,5 18 25 34 36 | 2
160269,2026-06-02,1 3 13 18 31 | 2
160270,2026-06-02,6 14 19 23 36 | 3
160271,2026-06-02,15 21 25 35 36 | 3
160272,2026-06-02,12 14 19 21 36 | 3
160273,2026-06-02,7 18 29 32 35 | 1
160274,2026-06-02,2 13 22 25 33 | 2
160275,2026-06-02,4 9 18 33 35 | 1
160276,2026-06-02,4 13 23 28 36 | 3
160277,2026-06-03,1 4 12 14 23 | 2
160278,2026-06-03,5 9 23 27 32 | 2
160279,2026-06-03,9 23 29 34 36 | 2
160280,2026-06-03,5 6 19 25 35 | 3
160281,2026-06-03,11 24 33 34 35 | 2
160282,2026-06-03,5 8 13 23 33 | 4
160283,2026-06-03,7 11 29 30 34 | 3
160284,2026-06-03,8 14 17 19 21 | 2
160285,2026-06-03,6 13 16 21 31 | 2
160286,2026-06-03,5 11 13 22 31 | 3
160287,2026-06-03,2 3 9 30 32 | 2
160288,2026-06-03,8 10 19 22 34 | 2
160289,2026-06-03,1 4 7 29 36 | 4
160290,2026-06-03,15 23 26 28 35 | 2
160291,2026-06-03,9 10 17 20 35 | 2
160292,2026-06-03,1 6 10 20 25 | 2
160293,2026-06-03,1 4 5 13 33 | 3
160294,2026-06-03,13 14 16 17 19 | 2
160295,2026-06-03,3 7 13 30 32 | 1
160296,2026-06-03,16 18 23 32 34 | 2
160297,2026-06-03,1 7 15 25 27 | 2
160298,2026-06-03,16 17 30 31 35 | 1
160299,2026-06-03,7 18 22 26 35 | 3
160300,2026-06-03,4 9 10 11 21 | 2
160301,2026-06-03,1 2 13 21 36 | 2
160302,2026-06-03,16 17 26 30 31 | 2
160303,2026-06-03,16 20 24 29 34 | 2
160304,2026-06-03,5 11 20 31 32 | 4
160305,2026-06-03,8 18 28 30 35 | 1
160306,2026-06-03,4 10 18 23 35 | 2
160307,2026-06-03,3 4 8 26 34 | 3
160308,2026-06-03,3 7 8 14 19 | 4
160309,2026-06-03,1 13 26 28 33 | 3
160310,2026-06-03,5 15 25 28 34 | 1
160311,2026-06-03,2 9 11 13 27 | 2
160312,2026-06-03,8 9 15 21 22 | 4
160313,2026-06-03,10 12 13 22 28 | 3
160314,2026-06-03,3 11 21 29 33 | 2
160315,2026-06-03,2 9 10 17 34 | 3
160316,2026-06-03,5 6 25 31 32 | 1
160317,2026-06-03,1 10 12 21 36 | 2
160318,2026-06-03,1 7 23 24 26 | 3
160319,2026-06-03,5 14 18 29 34 | 4
160320,2026-06-03,2 4 19 20 36 | 1
160321,2026-06-03,5 14 20 22 33 | 4
160322,2026-06-03,4 8 13 21 22 | 4
160323,2026-06-03,5 6 12 14 23 | 4
160324,2026-06-03,2 6 10 25 31 | 2
160325,2026-06-03,1 23 26 34 35 | 2
160326,2026-06-03,5 12 16 35 36 | 1
160327,2026-06-03,11 13 16 24 30 | 2
160328,2026-06-03,1 16 19 21 34 | 1
160329,2026-06-03,10 13 21 26 31 | 4
160330,2026-06-03,2 23 29 30 35 | 3
160331,2026-06-03,10 20 22 27 30 | 2
160332,2026-06-03,8 10 23 31 33 | 1
160333,2026-06-03,3 4 18 20 35 | 3
160334,2026-06-03,2 6 24 26 27 | 2
160335,2026-06-03,12 14 16 18 25 | 2
160336,2026-06-04,6 17 19 21 23 | 4
160337,2026-06-04,4 13 24 32 35 | 3
160338,2026-06-04,2 15 19 31 33 | 4
160339,2026-06-04,9 12 15 18 31 | 1
160340,2026-06-04,8 11 12 20 27 | 2
160341,2026-06-04,10 13 15 17 22 | 3
160342,2026-06-04,2 12 24 32 34 | 4
160343,2026-06-04,4 23 29 31 32 | 4
160344,2026-06-04,7 16 24 30 33 | 4
160345,2026-06-04,5 12 23 30 33 | 2
160346,2026-06-04,12 19 25 33 34 | 3
160347,2026-06-04,9 16 20 24 32 | 3
160348,2026-06-04,4 16 17 33 35 | 2
160349,2026-06-04,18 21 31 34 36 | 3
160350,2026-06-04,3 6 9 23 32 | 1
160351,2026-06-04,2 8 26 34 35 | 1
160352,2026-06-04,4 8 15 32 35 | 4
160353,2026-06-04,8 12 13 26 27 | 1
160354,2026-06-04,6 9 18 19 26 | 1
160355,2026-06-04,4 5 14 20 26 | 3
160356,2026-06-04,11 13 18 21 33 | 2
160357,2026-06-04,1 7 14 24 35 | 4
160358,2026-06-04,2 9 12 22 34 | 2
160359,2026-06-04,19 25 28 29 30 | 4
160360,2026-06-04,19 20 23 34 36 | 4
160361,2026-06-04,9 11 15 26 33 | 4
160362,2026-06-04,4 9 15 23 36 | 1
160363,2026-06-04,6 21 25 33 36 | 4
160364,2026-06-04,12 19 20 28 35 | 3
160365,2026-06-04,2 4 9 11 19 | 2
160366,2026-06-04,8 19 24 29 30 | 2
160367,2026-06-04,8 11 13 17 28 | 1
160368,2026-06-04,5 14 20 24 36 | 1
160369,2026-06-04,7 11 15 25 31 | 2
160370,2026-06-04,7 18 20 32 36 | 3
160371,2026-06-04,8 10 21 23 31 | 2
160372,2026-06-04,5 17 20 24 31 | 1
160373,2026-06-04,4 19 24 33 35 | 1
160374,2026-06-04,1 3 22 23 24 | 3
160375,2026-06-04,14 22 23 24 35 | 1
160376,2026-06-04,5 10 30 34 36 | 4
160377,2026-06-04,2 10 17 22 33 | 4
160378,2026-06-04,13 19 25 30 34 | 4
160379,2026-06-04,15 17 24 31 34 | 1
160380,2026-06-04,7 10 22 34 35 | 1
160381,2026-06-04,6 8 20 23 34 | 3
160382,2026-06-04,7 9 12 21 33 | 3
160383,2026-06-04,10 16 19 20 24 | 1
160384,2026-06-04,3 9 15 17 32 | 2
160385,2026-06-04,3 18 21 32 34 | 1
160386,2026-06-04,3 13 15 31 33 | 3
160387,2026-06-04,3 6 19 20 26 | 4
160388,2026-06-04,4 7 16 25 28 | 3
160389,2026-06-04,3 9 13 22 27 | 2
160390,2026-06-04,3 15 23 24 34 | 3
160391,2026-06-04,6 10 12 22 25 | 1
160392,2026-06-04,9 16 19 20 33 | 3
160393,2026-06-04,4 6 17 25 34 | 1
160394,2026-06-04,8 16 26 29 30 | 1
160395,2026-06-05,4 11 14 26 34 | 2
160396,2026-06-05,16 23 26 35 36 | 3
160397,2026-06-05,5 7 15 17 28 | 1
160398,2026-06-05,1 15 21 23 36 | 3
160399,2026-06-05,11 15 21 28 32 | 4
160400,2026-06-05,1 9 14 35 36 | 3
160401,2026-06-05,4 10 13 24 36 | 4
160402,2026-06-05,3 7 10 18 35 | 2
160403,2026-06-05,1 4 14 21 30 | 2
160404,2026-06-05,6 11 13 22 31 | 2
160405,2026-06-05,5 21 26 27 36 | 4
160406,2026-06-05,2 6 12 23 27 | 2
160407,2026-06-05,9 13 19 20 31 | 3
160408,2026-06-05,8 9 13 30 31 | 3
160409,2026-06-05,6 15 17 18 28 | 1
160410,2026-06-05,10 11 17 18 25 | 3
160411,2026-06-05,3 6 10 14 34 | 1
160412,2026-06-05,14 16 18 20 21 | 2
160413,2026-06-05,2 6 7 11 20 | 1
160414,2026-06-05,2 4 6 10 35 | 4
160415,2026-06-05,28 31 32 33 35 | 1
160416,2026-06-05,4 9 16 29 33 | 2
160417,2026-06-05,11 15 20 22 24 | 2
160418,2026-06-05,1 6 9 15 32 | 3
160419,2026-06-05,26 28 31 34 36 | 4
160420,2026-06-05,5 6 13 26 35 | 4
160421,2026-06-05,2 5 8 12 24 | 2
160422,2026-06-05,5 16 20 22 31 | 3
160423,2026-06-05,4 16 19 23 26 | 4
160424,2026-06-05,9 11 12 15 20 | 3
160425,2026-06-05,8 9 10 24 26 | 3
160426,2026-06-05,4 6 10 15 21 | 1
160427,2026-06-05,4 8 10 19 32 | 3
160428,2026-06-05,11 21 23 26 35 | 1
160429,2026-06-05,10 15 18 19 27 | 4
160430,2026-06-05,14 23 26 28 33 | 4
160431,2026-06-05,9 14 19 31 33 | 1
160432,2026-06-05,8 21 30 31 32 | 3
160433,2026-06-05,2 8 13 33 35 | 3
160434,2026-06-05,13 16 21 22 30 | 3
160435,2026-06-05,6 11 13 24 25 | 3
160436,2026-06-05,4 11 26 29 31 | 1
160437,2026-06-05,2 6 10 18 29 | 3
160438,2026-06-05,4 7 8 16 20 | 3
160439,2026-06-05,5 12 13 25 35 | 4
160440,2026-06-05,11 12 17 25 26 | 1
160441,2026-06-05,20 24 26 32 34 | 2
160442,2026-06-05,8 10 17 23 27 | 2
160443,2026-06-05,6 11 12 24 27 | 2
160444,2026-06-05,3 8 20 26 31 | 4
160445,2026-06-05,5 8 10 15 32 | 1
160446,2026-06-05,6 10 17 30 36 | 3
160447,2026-06-05,1 5 10 12 19 | 2
160448,2026-06-05,11 19 20 21 33 | 2
160449,2026-06-05,9 22 26 28 29 | 3
160450,2026-06-05,9 17 19 26 33 | 3
160451,2026-06-05,9 13 17 21 31 | 1
160452,2026-06-05,4 11 14 16 33 | 2
160453,2026-06-05,4 9 11 24 36 | 2
160454,2026-06-06,7 11 15 19 29 | 3
160455,2026-06-06,11 12 16 23 28 | 3
160456,2026-06-06,5 17 22 27 30 | 3
160457,2026-06-06,25 26 27 32 34 | 4
160458,2026-06-06,4 5 14 16 21 | 2
160459,2026-06-06,5 7 14 22 23 | 2
160460,2026-06-06,10 14 16 21 29 | 2
160461,2026-06-06,7 26 31 32 34 | 2
160462,2026-06-06,21 24 28 30 35 | 1
160463,2026-06-06,7 10 12 21 24 | 2
160464,2026-06-06,9 13 18 25 28 | 3
160465,2026-06-06,16 18 20 23 25 | 2
160466,2026-06-06,10 15 21 23 25 | 1
160467,2026-06-06,6 17 18 32 34 | 2
160468,2026-06-06,3 11 15 19 22 | 3
160469,2026-06-06,6 11 21 23 32 | 4
160470,2026-06-06,1 12 16 23 28 | 3
160471,2026-06-06,3 9 13 15 30 | 2
160472,2026-06-06,8 15 21 29 35 | 1
160473,2026-06-06,10 12 13 26 29 | 2
160474,2026-06-06,1 4 23 29 33 | 4
160475,2026-06-06,7 14 16 19 27 | 4
160476,2026-06-06,3 11 19 21 25 | 1
160477,2026-06-06,3 4 5 16 35 | 2
160478,2026-06-06,8 13 15 20 24 | 1
160479,2026-06-06,2 17 21 32 34 | 2
160480,2026-06-06,5 10 17 33 34 | 1
160481,2026-06-06,1 5 18 22 26 | 3
160482,2026-06-06,1 3 20 24 27 | 2
160483,2026-06-06,1 10 19 21 23 | 1
160484,2026-06-06,8 9 32 34 35 | 3
160485,2026-06-06,2 18 22 27 32 | 1
160486,2026-06-06,1 7 19 27 31 | 2
160487,2026-06-06,10 14 22 32 33 | 4
160488,2026-06-06,6 17 27 32 33 | 2
160489,2026-06-06,10 16 18 34 35 | 3
160490,2026-06-06,8 9 25 30 32 | 2
160491,2026-06-06,1 2 6 20 30 | 1
160492,2026-06-06,9 11 12 18 36 | 1
160493,2026-06-06,2 12 19 35 36 | 1
160494,2026-06-06,11 15 19 24 30 | 1
160495,2026-06-06,7 14 28 31 36 | 2
160496,2026-06-06,14 17 27 32 35 | 2
160497,2026-06-06,3 8 25 28 36 | 4
160498,2026-06-06,8 10 16 22 30 | 1
160499,2026-06-06,9 14 28 34 35 | 3
160500,2026-06-06,7 24 25 29 34 | 1
160501,2026-06-06,12 13 16 19 20 | 1
160502,2026-06-06,7 8 13 17 21 | 2
160503,2026-06-06,1 19 21 33 36 | 3
160504,2026-06-06,10 16 18 25 29 | 4
160505,2026-06-06,3 14 15 19 21 | 2
160506,2026-06-06,10 16 22 25 27 | 2
160507,2026-06-06,2 12 30 35 36 | 1
160508,2026-06-06,4 13 29 30 32 | 4
160509,2026-06-06,5 11 15 20 31 | 2
160510,2026-06-06,4 7 10 17 18 | 4
160511,2026-06-07,1 5 18 22 36 | 2
160512,2026-06-07,7 9 17 24 29 | 1
160513,2026-06-07,7 8 12 14 29 | 4
160514,2026-06-07,3 6 11 22 27 | 1
160515,2026-06-07,15 24 28 29 34 | 3
160516,2026-06-07,6 9 11 25 34 | 2
160517,2026-06-07,12 13 16 27 30 | 1
160518,2026-06-07,5 6 17 24 31 | 3
160519,2026-06-07,11 17 20 30 32 | 4
160520,2026-06-07,15 17 22 24 29 | 3
160521,2026-06-07,10 13 21 30 34 | 3
160522,2026-06-07,7 12 26 29 34 | 2
160523,2026-06-07,7 22 26 30 31 | 1
160524,2026-06-07,5 13 15 16 29 | 1
160525,2026-06-07,3 5 32 34 35 | 3
160526,2026-06-07,9 11 12 13 16 | 2
160527,2026-06-07,10 11 14 15 18 | 2
160528,2026-06-07,4 10 13 20 24 | 3
160529,2026-06-07,10 13 18 23 31 | 4
160530,2026-06-07,6 13 14 34 35 | 3
160531,2026-06-07,23 24 27 33 35 | 4
160532,2026-06-07,5 7 14 18 26 | 2
160533,2026-06-07,4 18 23 31 35 | 2
160534,2026-06-07,2 20 25 26 34 | 1
160535,2026-06-07,8 24 26 27 34 | 1
160536,2026-06-07,1 12 14 26 27 | 4
160537,2026-06-07,1 4 5 6 30 | 2
160538,2026-06-07,1 6 21 22 36 | 1
160539,2026-06-07,5 9 16 32 33 | 3
160540,2026-06-07,3 5 12 23 29 | 1
160541,2026-06-07,9 18 19 24 28 | 2
160542,2026-06-07,6 7 8 18 33 | 2
160543,2026-06-07,10 18 20 26 27 | 4
160544,2026-06-07,4 7 21 31 36 | 2
160545,2026-06-07,13 18 27 32 34 | 3
160546,2026-06-07,7 12 27 33 36 | 2
160547,2026-06-07,5 6 11 16 20 | 1
160548,2026-06-07,11 16 17 24 30 | 3
160549,2026-06-07,2 9 14 24 27 | 1
160550,2026-06-07,3 11 24 34 36 | 2
160551,2026-06-07,19 24 28 29 33 | 3
160552,2026-06-07,16 20 26 30 32 | 4
160553,2026-06-07,1 4 12 25 31 | 2
160554,2026-06-07,2 12 17 28 33 | 4
160555,2026-06-07,3 13 15 24 34 | 4
160556,2026-06-07,16 17 24 28 35 | 2
160557,2026-06-07,1 8 12 15 34 | 4
160558,2026-06-07,2 5 18 28 32 | 4
160559,2026-06-07,13 22 23 27 36 | 4
160560,2026-06-07,5 16 20 26 29 | 4
160561,2026-06-07,1 3 7 16 29 | 4
160562,2026-06-07,2 6 10 18 32 | 4
160563,2026-06-07,9 12 13 25 28 | 1
160564,2026-06-07,2 3 5 12 30 | 2
160565,2026-06-07,6 17 23 30 32 | 1
160566,2026-06-07,3 4 7 15 29 | 4
160567,2026-06-07,7 10 13 20 23 | 4
160568,2026-06-07,7 15 29 30 33 | 1
160569,2026-06-07,2 5 12 15 33 | 3
160570,2026-06-08,5 7 26 34 35 | 4
160571,2026-06-08,1 4 16 24 28 | 2
160572,2026-06-08,3 7 14 21 27 | 2
160573,2026-06-08,5 9 13 22 34 | 2
160574,2026-06-08,7 10 25 27 35 | 4
160575,2026-06-08,13 15 25 26 29 | 4
160576,2026-06-08,17 19 25 29 31 | 3
160577,2026-06-08,10 19 21 29 33 | 2
160578,2026-06-08,14 15 16 30 34 | 2
160579,2026-06-08,2 11 17 20 26 | 1
160580,2026-06-08,4 8 13 26 29 | 4
160581,2026-06-08,4 7 9 22 23 | 2
160582,2026-06-08,1 2 15 20 27 | 4
160583,2026-06-08,9 12 19 20 22 | 2
160584,2026-06-08,5 8 17 18 20 | 1
160585,2026-06-08,6 9 15 28 34 | 3
160586,2026-06-08,7 11 22 24 30 | 2
160587,2026-06-08,1 15 22 23 27 | 1
160588,2026-06-08,6 8 9 20 23 | 2
160589,2026-06-08,3 8 11 16 36 | 1
160590,2026-06-08,3 6 11 16 33 | 4
160591,2026-06-08,11 22 30 31 33 | 3
160592,2026-06-08,4 12 13 26 32 | 3
160593,2026-06-08,9 14 24 33 34 | 3
160594,2026-06-08,4 6 11 32 33 | 1
160595,2026-06-08,1 9 11 14 32 | 2
160596,2026-06-08,2 4 5 7 32 | 4
160597,2026-06-08,2 3 16 20 30 | 2
160598,2026-06-08,19 20 26 30 33 | 3
160599,2026-06-08,6 8 17 18 29 | 2
160600,2026-06-08,1 5 13 27 36 | 2
160601,2026-06-08,6 10 26 29 35 | 1
160602,2026-06-08,8 20 23 28 35 | 4
160603,2026-06-08,4 8 11 30 36 | 3
160604,2026-06-08,1 2 12 22 23 | 3
160605,2026-06-08,2 7 9 16 25 | 1
160606,2026-06-08,4 5 7 10 18 | 4
160607,2026-06-08,6 22 27 32 35 | 4
160608,2026-06-08,2 7 16 27 31 | 4
160609,2026-06-08,17 19 22 28 35 | 3
160610,2026-06-08,13 16 30 31 33 | 3
160611,2026-06-08,1 3 11 18 28 | 1
160612,2026-06-08,4 15 25 26 34 | 1
160613,2026-06-08,1 9 17 20 28 | 2
160614,2026-06-08,1 4 13 21 22 | 1
160615,2026-06-08,4 7 27 31 36 | 2
160616,2026-06-08,9 13 17 18 25 | 4
160617,2026-06-08,6 10 19 32 36 | 4
160618,2026-06-08,6 7 17 30 35 | 3
160619,2026-06-08,4 13 18 22 31 | 2
160620,2026-06-08,13 14 22 23 34 | 4
160621,2026-06-08,15 18 29 31 33 | 1
160622,2026-06-08,19 20 30 32 34 | 3
160623,2026-06-08,5 7 18 27 30 | 2
160624,2026-06-08,2 5 8 12 22 | 4
160625,2026-06-08,2 4 5 24 35 | 2
160626,2026-06-08,11 12 18 26 32 | 1
160627,2026-06-08,1 6 15 17 31 | 1
160628,2026-06-08,1 11 19 26 29 | 3
160629,2026-06-09,3 10 15 18 36 | 2
160630,2026-06-09,22 23 31 34 36 | 1
160631,2026-06-09,9 10 19 21 26 | 2
160632,2026-06-09,3 9 13 15 35 | 1
160633,2026-06-09,6 14 17 31 33 | 1
160634,2026-06-09,5 7 21 31 36 | 2
160635,2026-06-09,11 18 23 31 36 | 3
160636,2026-06-09,5 15 20 23 24 | 1
160637,2026-06-09,9 15 18 22 32 | 3
160638,2026-06-09,1 12 15 22 25 | 4
160639,2026-06-09,3 5 20 22 27 | 4
160640,2026-06-09,2 14 25 26 33 | 4
160641,2026-06-09,5 13 19 29 36 | 4
160642,2026-06-09,13 18 23 33 34 | 4
160643,2026-06-09,9 12 15 25 31 | 4
160644,2026-06-09,2 9 22 23 31 | 2
160645,2026-06-09,8 10 13 17 20 | 2
160646,2026-06-09,14 23 29 35 36 | 1
160647,2026-06-09,8 18 19 21 27 | 4
160648,2026-06-09,11 14 21 34 36 | 3
160649,2026-06-09,8 12 13 23 30 | 1
160650,2026-06-09,7 11 14 15 20 | 1
160651,2026-06-09,5 6 11 19 36 | 1
160652,2026-06-09,11 19 24 26 27 | 3
160653,2026-06-09,2 26 33 35 36 | 2
160654,2026-06-09,11 18 26 28 30 | 3
160655,2026-06-09,3 7 14 17 18 | 1
160656,2026-06-09,6 17 22 28 30 | 4
160657,2026-06-09,1 9 13 15 32 | 1
160658,2026-06-09,11 24 28 30 33 | 2
160659,2026-06-09,2 4 8 11 15 | 1
160660,2026-06-09,6 18 20 30 34 | 1
160661,2026-06-09,6 7 11 17 28 | 1
160662,2026-06-09,4 12 16 29 30 | 1
160663,2026-06-09,7 10 26 29 35 | 1
160664,2026-06-09,3 7 15 26 36 | 3
160665,2026-06-09,8 11 21 23 31 | 2
160666,2026-06-09,1 15 18 35 36 | 1
160667,2026-06-09,1 7 25 32 34 | 2
160668,2026-06-09,2 3 7 23 31 | 3
160669,2026-06-09,2 8 13 14 27 | 1
160670,2026-06-09,7 8 12 15 35 | 4
160671,2026-06-09,1 6 8 12 31 | 3
160672,2026-06-09,2 3 25 26 27 | 2
160673,2026-06-09,5 8 12 25 35 | 2
160674,2026-06-09,3 8 13 29 33 | 3
160675,2026-06-09,1 14 22 26 31 | 2
160676,2026-06-09,13 16 17 18 32 | 4
160677,2026-06-09,2 23 29 31 34 | 3
160678,2026-06-09,2 22 30 33 36 | 4
160679,2026-06-09,6 10 15 26 35 | 4
160680,2026-06-09,2 5 6 15 20 | 1
160681,2026-06-09,6 15 29 33 34 | 1
160682,2026-06-09,6 16 22 29 31 | 2
160683,2026-06-09,13 21 32 35 36 | 2
160684,2026-06-09,16 24 30 35 36 | 1
160685,2026-06-09,15 16 18 27 36 | 4
160686,2026-06-09,11 14 21 24 25 | 2
160687,2026-06-09,5 7 11 12 13 | 1
160688,2026-06-10,5 9 23 31 36 | 2
160689,2026-06-10,7 10 20 22 25 | 4
160690,2026-06-10,8 10 14 25 29 | 2
160691,2026-06-10,22 27 28 35 36 | 1
160692,2026-06-10,15 18 26 30 31 | 2
160693,2026-06-10,20 24 28 31 34 | 4
160694,2026-06-10,8 9 20 32 36 | 2
160695,2026-06-10,9 14 27 29 35 | 2
160696,2026-06-10,4 14 18 20 24 | 4
160697,2026-06-10,1 12 19 22 28 | 3
160698,2026-06-10,6 12 22 32 33 | 4
160699,2026-06-10,2 6 13 15 27 | 4
160700,2026-06-10,5 14 16 22 33 | 3
160701,2026-06-10,6 15 16 18 31 | 3
160702,2026-06-10,8 18 19 21 22 | 3
160703,2026-06-10,10 14 16 23 36 | 2
160704,2026-06-10,6 8 16 30 31 | 2
160705,2026-06-10,3 18 26 30 31 | 3
160706,2026-06-10,8 11 14 18 32 | 3
160707,2026-06-10,10 19 20 27 29 | 4
160708,2026-06-10,3 5 9 29 32 | 2
160709,2026-06-10,19 22 25 33 36 | 4
160710,2026-06-10,5 8 18 19 31 | 2
160711,2026-06-10,9 25 26 35 36 | 2
160712,2026-06-10,10 11 16 18 27 | 1
160713,2026-06-10,3 5 17 24 27 | 3
160714,2026-06-10,7 14 24 32 34 | 3
160715,2026-06-10,4 5 16 22 30 | 4
160716,2026-06-10,1 7 19 22 34 | 2
160717,2026-06-10,1 3 9 12 14 | 4
160718,2026-06-10,4 12 25 31 36 | 1
160719,2026-06-10,3 6 20 27 30 | 1
160720,2026-06-10,1 3 12 17 21 | 1
160721,2026-06-10,7 8 19 20 36 | 4
160722,2026-06-10,9 13 15 16 36 | 4
160723,2026-06-10,2 3 15 22 25 | 2
160724,2026-06-10,19 21 28 34 35 | 4
160725,2026-06-10,1 10 17 27 34 | 3
160726,2026-06-10,1 2 10 12 28 | 4
160727,2026-06-10,6 9 19 27 35 | 4
160728,2026-06-10,2 3 21 26 34 | 2
160729,2026-06-10,5 6 9 13 36 | 2
160730,2026-06-10,1 8 19 21 34 | 1
160731,2026-06-10,2 8 11 17 19 | 1
160732,2026-06-10,1 20 26 28 30 | 2
160733,2026-06-10,9 12 15 22 24 | 4
160734,2026-06-10,6 23 24 26 36 | 2
160735,2026-06-10,1 12 13 15 33 | 2
160736,2026-06-10,8 12 22 25 33 | 4
160737,2026-06-10,13 24 26 27 34 | 3
160738,2026-06-10,14 16 20 23 24 | 1
160739,2026-06-10,7 8 14 17 19 | 4
160740,2026-06-10,4 19 23 29 33 | 1
160741,2026-06-10,9 10 18 31 33 | 3
160742,2026-06-10,4 7 15 23 36 | 3
160743,2026-06-10,7 9 13 14 33 | 4
160744,2026-06-10,7 12 13 23 35 | 1
160745,2026-06-10,5 7 12 17 29 | 1
160746,2026-06-10,8 10 21 25 27 | 3
160747,2026-06-11,1 8 14 25 35 | 3
160748,2026-06-11,5 6 17 18 31 | 2
160749,2026-06-11,10 11 18 28 35 | 2
160750,2026-06-11,3 5 21 24 29 | 1
160751,2026-06-11,5 12 13 29 33 | 4
160752,2026-06-11,7 12 17 30 31 | 4
160753,2026-06-11,2 13 21 24 30 | 2
160754,2026-06-11,10 21 24 28 36 | 2
160755,2026-06-11,11 13 15 22 27 | 1
160756,2026-06-11,6 12 18 21 33 | 2
160757,2026-06-11,6 7 19 21 33 | 4
160758,2026-06-11,7 12 13 31 35 | 4
160759,2026-06-11,2 18 19 26 29 | 2
160760,2026-06-11,4 12 13 26 29 | 3
160761,2026-06-11,7 21 26 29 36 | 3
160762,2026-06-11,7 9 12 15 34 | 1
160763,2026-06-11,10 15 26 31 33 | 4
160764,2026-06-11,7 10 13 29 36 | 4
160765,2026-06-11,5 10 20 24 28 | 4
160766,2026-06-11,1 6 17 22 30 | 2
160767,2026-06-11,18 23 25 27 31 | 2
160768,2026-06-11,9 16 21 32 35 | 2
160769,2026-06-11,3 13 24 28 33 | 4
160770,2026-06-11,7 19 21 23 29 | 2
160771,2026-06-11,8 11 15 27 32 | 3
160772,2026-06-11,8 10 17 22 28 | 2
160773,2026-06-11,1 21 23 33 35 | 1
160774,2026-06-11,3 14 15 19 29 | 4
160775,2026-06-11,3 8 10 18 32 | 2
160776,2026-06-11,14 15 18 27 31 | 2
160777,2026-06-11,5 15 18 20 33 | 1
160778,2026-06-11,6 10 19 25 29 | 4
160779,2026-06-11,7 14 24 28 36 | 2
160780,2026-06-11,1 2 14 16 34 | 3
160781,2026-06-11,4 18 23 26 36 | 4
160782,2026-06-11,3 9 18 28 31 | 3
160783,2026-06-11,2 4 29 33 34 | 1
160784,2026-06-11,2 6 13 19 30 | 4
160785,2026-06-11,9 15 19 33 35 | 1
160786,2026-06-11,2 7 9 18 35 | 4
160787,2026-06-11,1 3 8 19 26 | 1
160788,2026-06-11,1 5 13 16 32 | 1
160789,2026-06-11,8 16 17 18 19 | 2
160790,2026-06-11,1 13 20 21 28 | 4
160791,2026-06-11,8 12 18 22 25 | 2
160792,2026-06-11,18 19 20 25 33 | 1
160793,2026-06-11,1 7 15 31 32 | 4
160794,2026-06-11,23 26 30 33 36 | 2
160795,2026-06-11,4 10 15 21 35 | 2
160796,2026-06-11,2 25 28 29 32 | 4
160797,2026-06-11,3 7 17 28 34 | 1
160798,2026-06-11,2 3 13 22 26 | 1
160799,2026-06-11,1 2 8 9 13 | 1
160800,2026-06-11,12 14 15 16 28 | 4
160801,2026-06-11,3 8 13 21 34 | 3
160802,2026-06-11,2 6 7 10 31 | 2
160803,2026-06-11,5 9 10 22 33 | 1
160804,2026-06-11,2 5 21 23 33 | 1
160805,2026-06-11,13 19 21 31 36 | 3
160806,2026-06-12,3 7 16 21 22 | 4
160807,2026-06-12,1 5 9 11 19 | 3
160808,2026-06-12,19 22 25 29 30 | 2
160809,2026-06-12,9 10 14 29 35 | 1
160810,2026-06-12,8 9 10 26 35 | 2
160811,2026-06-12,9 10 11 14 20 | 1
160812,2026-06-12,4 17 20 32 34 | 4
160813,2026-06-12,18 21 24 29 30 | 4
160814,2026-06-12,4 16 18 26 32 | 1
160815,2026-06-12,3 9 18 21 24 | 1
160816,2026-06-12,3 9 12 16 19 | 2
160817,2026-06-12,2 7 17 19 31 | 3
160818,2026-06-12,8 13 15 17 22 | 3
160819,2026-06-12,9 15 17 20 34 | 3
160820,2026-06-12,8 22 23 29 31 | 4
160821,2026-06-12,1 8 23 26 33 | 3
160822,2026-06-12,1 7 12 19 34 | 4
160823,2026-06-12,17 18 27 34 36 | 3
160824,2026-06-12,5 14 20 21 32 | 2
160825,2026-06-12,3 5 9 16 27 | 2
160826,2026-06-12,5 11 18 23 34 | 3
160827,2026-06-12,1 4 16 27 30 | 2
160828,2026-06-12,6 18 21 32 36 | 2
160829,2026-06-12,5 7 21 23 35 | 2
160830,2026-06-12,4 9 17 24 35 | 1
160831,2026-06-12,2 3 8 22 26 | 3
160832,2026-06-12,4 6 12 14 33 | 4
160833,2026-06-12,9 13 14 23 29 | 2
160834,2026-06-12,17 20 22 35 36 | 1
160835,2026-06-12,11 19 25 29 35 | 2
160836,2026-06-12,11 23 33 34 35 | 4
160837,2026-06-12,15 25 26 31 35 | 2
160838,2026-06-12,6 9 21 24 25 | 2
160839,2026-06-12,8 23 25 29 34 | 4
160840,2026-06-12,9 20 21 30 31 | 4
160841,2026-06-12,17 25 30 31 32 | 2
160842,2026-06-12,6 7 20 24 26 | 4
160843,2026-06-12,1 9 10 17 29 | 2
160844,2026-06-12,1 3 6 11 20 | 4
160845,2026-06-12,2 3 4 20 31 | 1
160846,2026-06-12,3 16 28 34 35 | 4
160847,2026-06-12,13 15 18 19 27 | 1
160848,2026-06-12,9 14 16 18 23 | 3
160849,2026-06-12,7 21 22 23 31 | 4
160850,2026-06-12,4 11 21 23 32 | 4
160851,2026-06-12,6 7 18 19 34 | 3
160852,2026-06-12,3 9 19 22 26 | 4
160853,2026-06-12,3 8 14 15 35 | 4
160854,2026-06-12,5 6 15 30 35 | 1
160855,2026-06-12,1 7 14 16 28 | 1
160856,2026-06-12,9 19 22 25 28 | 3
160857,2026-06-12,10 12 17 30 34 | 1
160858,2026-06-12,3 6 14 19 22 | 3
160859,2026-06-12,8 13 17 19 34 | 3
160860,2026-06-12,14 26 29 32 36 | 1
160861,2026-06-12,13 14 15 29 35 | 1
160862,2026-06-12,5 6 21 34 35 | 3
160863,2026-06-12,9 13 17 30 32 | 2
160864,2026-06-12,2 11 22 23 33 | 4
160865,2026-06-13,3 9 16 19 33 | 3
160866,2026-06-13,1 4 11 19 36 | 4
160867,2026-06-13,12 13 26 28 29 | 3
160868,2026-06-13,1 8 19 28 30 | 4
160869,2026-06-13,3 7 9 14 26 | 4
160870,2026-06-13,4 7 8 12 13 | 1
160871,2026-06-13,14 25 27 31 35 | 1
160872,2026-06-13,10 16 22 23 30 | 3
160873,2026-06-13,1 12 14 17 23 | 2
160874,2026-06-13,8 9 20 22 24 | 4
160875,2026-06-13,2 5 9 14 21 | 2
160876,2026-06-13,2 3 10 20 36 | 2
160877,2026-06-13,28 29 30 35 36 | 4
160878,2026-06-13,4 8 10 15 23 | 4
160879,2026-06-13,10 13 22 32 35 | 1
160880,2026-06-13,8 24 25 31 32 | 4
160881,2026-06-13,18 24 29 31 33 | 2
160882,2026-06-13,7 11 18 20 23 | 3
160883,2026-06-13,1 11 14 21 23 | 2
160884,2026-06-13,2 18 19 25 26 | 4
160885,2026-06-13,2 12 17 22 27 | 2
160886,2026-06-13,2 18 19 22 30 | 4
160887,2026-06-13,3 6 14 16 18 | 1
160888,2026-06-13,2 9 11 28 35 | 1
160889,2026-06-13,7 10 22 24 30 | 3
160890,2026-06-13,3 5 9 11 27 | 4
160891,2026-06-13,7 12 22 25 32 | 1
160892,2026-06-13,4 5 11 12 18 | 4
160893,2026-06-13,1 4 6 23 28 | 1
160894,2026-06-13,1 3 11 31 36 | 2
160895,2026-06-13,2 3 7 28 36 | 1
160896,2026-06-13,7 19 20 22 23 | 1
160897,2026-06-13,15 17 27 30 31 | 4
160898,2026-06-13,3 16 23 25 34 | 3
160899,2026-06-13,3 22 24 26 29 | 1
160900,2026-06-13,1 9 12 22 34 | 1
160901,2026-06-13,8 9 11 13 29 | 4
160902,2026-06-13,2 12 16 18 34 | 2
160903,2026-06-13,5 9 11 14 17 | 3
160904,2026-06-13,13 20 33 34 36 | 4
160905,2026-06-13,5 17 18 29 34 | 1
160906,2026-06-13,2 5 25 33 34 | 3
160907,2026-06-13,4 14 18 23 24 | 4
160908,2026-06-13,8 27 30 34 36 | 3
160909,2026-06-13,10 18 20 23 35 | 2
160910,2026-06-13,3 12 22 25 27 | 4
160911,2026-06-13,1 5 9 24 28 | 2
160912,2026-06-13,1 4 9 17 23 | 4
160913,2026-06-13,1 8 11 16 25 | 2
160914,2026-06-13,6 13 28 30 31 | 2
160915,2026-06-13,3 8 22 27 32 | 1
160916,2026-06-13,10 16 17 22 23 | 1
160917,2026-06-13,1 15 17 26 35 | 1
160918,2026-06-13,2 19 26 27 30 | 3
160919,2026-06-13,2 19 26 27 32 | 4
160920,2026-06-13,12 19 22 25 35 | 4
160921,2026-06-13,2 8 14 21 26 | 2
160922,2026-06-14,4 11 24 25 34 | 3
160923,2026-06-14,16 19 22 24 34 | 3
160924,2026-06-14,7 15 21 31 35 | 2
160925,2026-06-14,3 6 8 16 22 | 1
160926,2026-06-14,1 19 22 33 35 | 4
160927,2026-06-14,4 8 20 23 27 | 4
160928,2026-06-14,4 6 21 25 26 | 1
160929,2026-06-14,6 14 18 25 36 | 1
160930,2026-06-14,4 8 9 13 15 | 1
160931,2026-06-14,4 6 13 25 35 | 3
160932,2026-06-14,10 12 23 24 28 | 4
160933,2026-06-14,4 16 17 29 32 | 1
160934,2026-06-14,2 14 17 29 32 | 4
160935,2026-06-14,6 22 23 26 31 | 4
160936,2026-06-14,4 5 7 14 30 | 4
160937,2026-06-14,1 4 10 12 36 | 3
160938,2026-06-14,20 21 22 26 33 | 2
160939,2026-06-14,3 20 22 24 36 | 1
160940,2026-06-14,20 22 25 26 28 | 3
160941,2026-06-14,13 23 25 26 31 | 2
160942,2026-06-14,3 4 6 9 11 | 1
160943,2026-06-14,10 13 18 28 30 | 4
160944,2026-06-14,5 19 23 28 34 | 1
160945,2026-06-14,1 2 26 30 32 | 3
160946,2026-06-14,2 4 8 10 27 | 4
160947,2026-06-14,6 9 10 22 34 | 3
160948,2026-06-14,1 2 8 25 27 | 4
160949,2026-06-14,3 8 14 16 22 | 4
160950,2026-06-14,16 26 27 30 34 | 4
160951,2026-06-14,1 3 13 18 22 | 1
160952,2026-06-14,4 7 8 21 29 | 1
160953,2026-06-14,13 23 28 33 36 | 3
160954,2026-06-14,4 5 11 19 32 | 2
160955,2026-06-14,6 14 19 25 27 | 1
160956,2026-06-14,2 5 16 19 32 | 3
160957,2026-06-14,8 15 21 22 35 | 4
160958,2026-06-14,3 4 8 24 31 | 4
160959,2026-06-14,9 21 24 30 33 | 3
160960,2026-06-14,5 7 8 9 28 | 2
160961,2026-06-14,2 5 21 29 34 | 1
160962,2026-06-14,5 17 18 27 31 | 1
160963,2026-06-14,3 19 25 29 32 | 3
160964,2026-06-14,16 22 30 33 34 | 3
160965,2026-06-14,1 14 24 28 34 | 3
160966,2026-06-14,3 14 16 27 29 | 4
160967,2026-06-14,3 5 8 9 10 | 3
160968,2026-06-14,8 12 23 26 32 | 2
160969,2026-06-14,7 19 20 26 33 | 3
160970,2026-06-14,18 20 21 27 35 | 4
160971,2026-06-14,9 12 14 30 31 | 3
160972,2026-06-14,3 8 16 24 26 | 1
160973,2026-06-14,4 6 9 10 36 | 3
160974,2026-06-14,3 6 17 27 29 | 1
160975,2026-06-14,9 12 21 22 26 | 2
160976,2026-06-14,3 4 9 25 27 | 3
160977,2026-06-14,4 11 12 24 28 | 4
160978,2026-06-14,5 8 21 28 35 | 2
160979,2026-06-14,3 9 15 34 36 | 2
160980,2026-06-14,11 13 14 15 25 | 2
160981,2026-06-15,8 11 12 20 22 | 4
160982,2026-06-15,1 2 27 28 33 | 3
160983,2026-06-15,5 10 11 23 26 | 2
160984,2026-06-15,1 21 24 26 35 | 3
160985,2026-06-15,11 23 28 29 30 | 4
160986,2026-06-15,5 7 13 20 25 | 1
160987,2026-06-15,4 6 11 33 36 | 4
160988,2026-06-15,8 17 22 25 29 | 2
160989,2026-06-15,3 7 12 24 28 | 3
160990,2026-06-15,5 6 11 19 36 | 3
160991,2026-06-15,5 7 8 13 23 | 1
160992,2026-06-15,3 8 19 20 29 | 3
160993,2026-06-15,11 18 22 31 36 | 1
160994,2026-06-15,7 8 12 13 35 | 4
160995,2026-06-15,8 24 31 34 35 | 2
160996,2026-06-15,2 11 12 19 34 | 3
160997,2026-06-15,6 12 16 24 29 | 4
160998,2026-06-15,7 22 23 26 32 | 2
160999,2026-06-15,2 4 12 13 14 | 1
161000,2026-06-15,2 13 19 31 33 | 2
161001,2026-06-15,3 13 15 27 35 | 3
161002,2026-06-15,14 17 24 26 36 | 4
161003,2026-06-15,7 18 20 25 35 | 1
161004,2026-06-15,9 10 18 19 22 | 3
161005,2026-06-15,2 10 16 17 28 | 1
161006,2026-06-15,2 7 12 28 36 | 2
161007,2026-06-15,7 16 17 21 36 | 1
161008,2026-06-15,5 9 14 30 32 | 2
161009,2026-06-15,3 16 20 29 30 | 3
161010,2026-06-15,18 22 28 30 35 | 3
161011,2026-06-15,1 6 8 13 20 | 1
161012,2026-06-15,5 14 18 22 30 | 1
161013,2026-06-15,2 10 11 16 21 | 1
161014,2026-06-15,8 14 20 23 35 | 1
161015,2026-06-15,12 20 22 23 25 | 2
161016,2026-06-15,2 8 10 26 32 | 3
161017,2026-06-15,12 14 16 20 30 | 4
161018,2026-06-15,5 16 23 27 33 | 4
161019,2026-06-15,12 15 19 30 33 | 4
161020,2026-06-15,1 2 21 28 33 | 2
161021,2026-06-15,9 19 21 27 36 | 2
161022,2026-06-15,3 4 8 11 32 | 4
161023,2026-06-15,10 15 20 22 29 | 2
161024,2026-06-15,3 10 15 23 24 | 3
161025,2026-06-15,14 21 26 34 35 | 4
161026,2026-06-15,1 2 7 14 32 | 4
161027,2026-06-15,8 10 15 18 31 | 3
161028,2026-06-15,10 12 16 26 30 | 1
161029,2026-06-15,3 13 23 24 33 | 3
161030,2026-06-15,8 11 14 16 17 | 2
161031,2026-06-15,1 5 8 12 19 | 1
161032,2026-06-15,5 6 19 26 29 | 2
161033,2026-06-15,1 6 9 33 34 | 2
161034,2026-06-15,2 23 26 32 35 | 3
161035,2026-06-15,6 12 24 26 31 | 4
161036,2026-06-15,1 2 13 28 30 | 4
161037,2026-06-15,3 16 22 27 35 | 3
161038,2026-06-15,6 19 21 29 36 | 2
161039,2026-06-15,3 7 14 31 32 | 3
161040,2026-06-16,5 8 11 17 29 | 2
161041,2026-06-16,2 10 16 28 35 | 1
161042,2026-06-16,9 10 15 26 28 | 1
161043,2026-06-16,2 3 11 25 36 | 3
161044,2026-06-16,4 9 15 16 18 | 1
161045,2026-06-16,7 8 17 25 26 | 3
161046,2026-06-16,4 5 21 26 33 | 2
161047,2026-06-16,4 7 9 17 34 | 4
161048,2026-06-16,2 6 13 16 34 | 1
161049,2026-06-16,1 12 23 27 33 | 4
161050,2026-06-16,8 12 16 20 32 | 3
161051,2026-06-16,4 8 14 23 34 | 1
161052,2026-06-16,8 15 25 31 34 | 2
161053,2026-06-16,2 4 20 24 31 | 2
161054,2026-06-16,14 19 23 26 30 | 2
161055,2026-06-16,5 11 20 25 27 | 2
161056,2026-06-16,4 10 19 31 32 | 2
161057,2026-06-16,16 23 25 33 35 | 1
161058,2026-06-16,19 23 30 33 35 | 3
161059,2026-06-16,6 16 32 33 34 | 4
161060,2026-06-16,1 6 14 32 34 | 2
161061,2026-06-16,11 20 23 29 35 | 4
161062,2026-06-16,12 16 22 33 34 | 2
161063,2026-06-16,6 18 21 28 32 | 2
161064,2026-06-16,9 10 15 16 32 | 1
161065,2026-06-16,5 9 10 18 22 | 2
161066,2026-06-16,3 4 5 7 24 | 2
161067,2026-06-16,11 12 27 29 36 | 1
161068,2026-06-16,1 10 25 26 32 | 2
161069,2026-06-16,5 19 21 32 34 | 3
161070,2026-06-16,7 27 34 35 36 | 2
161071,2026-06-16,3 22 25 32 35 | 4
161072,2026-06-16,6 15 20 32 35 | 1
161073,2026-06-16,5 17 29 30 36 | 4
161074,2026-06-16,1 3 20 24 30 | 3
161075,2026-06-16,2 6 12 17 23 | 1
161076,2026-06-16,21 28 31 33 34 | 1
161077,2026-06-16,7 21 25 27 33 | 2
161078,2026-06-16,3 21 25 30 33 | 1
161079,2026-06-16,25 26 32 34 35 | 4
161080,2026-06-16,14 17 24 29 30 | 4
161081,2026-06-16,9 14 19 26 31 | 4
161082,2026-06-16,11 21 23 28 33 | 4
161083,2026-06-16,14 16 17 23 30 | 1
161084,2026-06-16,10 14 19 27 32 | 1
161085,2026-06-16,5 18 26 27 28 | 1
161086,2026-06-16,3 7 15 29 32 | 3
161087,2026-06-16,2 7 10 18 31 | 4
161088,2026-06-16,1 16 23 26 28 | 1
161089,2026-06-16,2 5 6 15 27 | 4
161090,2026-06-16,2 5 8 23 34 | 2
161091,2026-06-16,1 5 8 25 29 | 1
161092,2026-06-16,5 9 28 33 36 | 4
161093,2026-06-16,3 7 10 28 34 | 4
161094,2026-06-16,2 13 16 24 30 | 1
161095,2026-06-16,6 8 10 16 33 | 3
161096,2026-06-16,3 7 12 21 36 | 1
161097,2026-06-16,1 7 11 16 29 | 4
161098,2026-06-16,11 18 23 27 33 | 4
161099,2026-06-17,5 9 24 27 33 | 3
161100,2026-06-17,7 8 11 20 22 | 4
161101,2026-06-17,4 10 15 26 29 | 3
161102,2026-06-17,21 22 23 30 34 | 4
161103,2026-06-17,3 5 14 15 18 | 4
161104,2026-06-17,11 12 14 23 35 | 4
161105,2026-06-17,1 4 23 35 36 | 4
161106,2026-06-17,9 10 24 26 31 | 3
161107,2026-06-17,7 17 22 30 35 | 1
161108,2026-06-17,5 16 20 25 28 | 2
161109,2026-06-17,7 13 20 28 36 | 3
161110,2026-06-17,6 20 22 35 36 | 1
161111,2026-06-17,7 10 17 22 24 | 1
161112,2026-06-17,1 3 4 9 34 | 1
161113,2026-06-17,19 25 31 32 36 | 2
161114,2026-06-17,11 14 15 20 30 | 4
161115,2026-06-17,1 5 21 25 31 | 4
161116,2026-06-17,5 7 15 29 34 | 4
161117,2026-06-17,10 28 30 33 35 | 4
161118,2026-06-17,13 15 17 27 28 | 2
161119,2026-06-17,6 13 15 19 35 | 2
161120,2026-06-17,2 7 9 23 28 | 2
161121,2026-06-17,7 13 15 19 21 | 4
161122,2026-06-17,14 18 19 23 24 | 4
161123,2026-06-17,12 13 25 28 35 | 4
161124,2026-06-17,9 11 19 24 34 | 3
161125,2026-06-17,7 10 16 19 22 | 2
161126,2026-06-17,10 18 23 29 30 | 3
161127,2026-06-17,5 15 19 20 30 | 1
161128,2026-06-17,4 19 23 25 31 | 1
161129,2026-06-17,6 20 21 31 32 | 2
161130,2026-06-17,6 8 12 13 33 | 1
161131,2026-06-17,9 10 12 20 21 | 1
161132,2026-06-17,5 9 16 20 36 | 1
161133,2026-06-17,7 10 16 24 34 | 2
161134,2026-06-17,2 12 22 25 29 | 2
161135,2026-06-17,2 6 8 16 29 | 1
161136,2026-06-17,2 9 17 24 31 | 3
161137,2026-06-17,9 20 22 28 30 | 1
161138,2026-06-17,8 18 20 30 33 | 3
161139,2026-06-17,6 11 17 31 36 | 2
161140,2026-06-17,2 5 12 22 29 | 4
161141,2026-06-17,5 21 25 27 32 | 1
161142,2026-06-17,2 14 27 30 32 | 3
161143,2026-06-17,16 25 29 31 33 | 1
161144,2026-06-17,5 12 13 28 29 | 4
161145,2026-06-17,6 20 26 31 35 | 1
161146,2026-06-17,2 14 22 27 35 | 2
161147,2026-06-17,3 11 15 24 35 | 2
161148,2026-06-17,10 17 23 25 30 | 2
161149,2026-06-17,11 20 21 34 36 | 4
161150,2026-06-17,5 9 20 21 36 | 1
161151,2026-06-17,25 26 30 32 33 | 1
161152,2026-06-17,4 10 11 19 25 | 1
161153,2026-06-17,1 3 15 20 28 | 2
161154,2026-06-17,5 11 18 19 29 | 4
161155,2026-06-17,5 21 27 31 36 | 2
161156,2026-06-17,4 10 18 23 24 | 2
161157,2026-06-17,3 6 21 31 36 | 3
161158,2026-06-18,5 6 12 23 25 | 4
161159,2026-06-18,1 12 21 25 36 | 1
161160,2026-06-18,9 14 15 18 32 | 4
161161,2026-06-18,7 10 21 23 24 | 3
161162,2026-06-18,9 18 22 25 33 | 1
161163,2026-06-18,1 2 4 5 35 | 4
161164,2026-06-18,8 14 15 17 25 | 2
161165,2026-06-18,9 17 21 32 33 | 1
161166,2026-06-18,1 4 11 20 24 | 1
161167,2026-06-18,14 18 21 22 25 | 4
161168,2026-06-18,8 22 26 32 33 | 3
161169,2026-06-18,12 27 28 29 33 | 1
161170,2026-06-18,6 8 10 21 35 | 2
161171,2026-06-18,3 5 16 19 35 | 3
161172,2026-06-18,15 20 24 25 28 | 4
161173,2026-06-18,11 12 19 26 28 | 4
161174,2026-06-18,3 4 9 18 33 | 2
161175,2026-06-18,1 29 33 35 36 | 1
161176,2026-06-18,3 9 11 16 26 | 2
161177,2026-06-18,1 3 8 12 23 | 4
161178,2026-06-18,6 10 16 29 30 | 1
161179,2026-06-18,1 8 9 10 12 | 1
161180,2026-06-18,4 6 8 22 36 | 2
161181,2026-06-18,4 6 12 26 29 | 3
161182,2026-06-18,3 4 12 16 30 | 3
161183,2026-06-18,2 3 13 16 18 | 1
161184,2026-06-18,1 5 9 17 22 | 4
161185,2026-06-18,3 5 11 15 33 | 2
161186,2026-06-18,23 33 34 35 36 | 2
161187,2026-06-18,7 12 14 19 23 | 3
161188,2026-06-18,1 11 18 30 31 | 1
161189,2026-06-18,11 12 16 19 36 | 4
161190,2026-06-18,8 21 24 27 33 | 2
161191,2026-06-18,4 17 23 25 34 | 1
161192,2026-06-18,10 14 21 33 35 | 3
161193,2026-06-18,1 9 22 24 28 | 3
161194,2026-06-18,4 10 24 26 33 | 4
161195,2026-06-18,1 11 25 28 34 | 1
161196,2026-06-18,3 4 16 22 28 | 2
161197,2026-06-18,5 14 26 30 34 | 4
161198,2026-06-18,9 11 14 26 29 | 1
161199,2026-06-18,10 11 23 25 26 | 4
161200,2026-06-18,11 13 18 24 30 | 2
161201,2026-06-18,4 5 8 10 20 | 2
161202,2026-06-18,9 13 15 19 20 | 3
161203,2026-06-18,11 15 17 26 31 | 1
161204,2026-06-18,2 8 13 14 16 | 2
161205,2026-06-18,8 9 16 23 32 | 3
161206,2026-06-18,10 12 15 19 35 | 1
161207,2026-06-18,6 18 19 21 32 | 4
161208,2026-06-18,10 12 16 32 34 | 3
161209,2026-06-18,1 9 10 26 27 | 2
161210,2026-06-18,6 16 21 24 34 | 2
161211,2026-06-18,2 8 28 31 32 | 2
161212,2026-06-18,3 4 23 25 29 | 1
161213,2026-06-18,1 8 26 28 32 | 3
161214,2026-06-18,1 6 12 22 25 | 2
161215,2026-06-18,7 10 28 29 36 | 2
161216,2026-06-18,2 14 27 34 36 | 1
161217,2026-06-19,2 10 28 32 34 | 1
161218,2026-06-19,9 16 23 24 32 | 1
161219,2026-06-19,8 15 24 26 35 | 4
161220,2026-06-19,1 11 15 19 25 | 3
161221,2026-06-19,10 18 22 24 29 | 4
161222,2026-06-19,7 13 19 27 34 | 4
161223,2026-06-19,3 6 22 32 36 | 1
161224,2026-06-19,10 11 12 15 25 | 1
161225,2026-06-19,1 16 20 29 36 | 3
161226,2026-06-19,9 10 13 17 33 | 4
161227,2026-06-19,16 20 23 26 30 | 4
161228,2026-06-19,1 2 7 15 23 | 4
161229,2026-06-19,5 17 19 21 29 | 4
161230,2026-06-19,5 8 24 25 36 | 4
161231,2026-06-19,6 18 19 25 33 | 4
161232,2026-06-19,7 10 21 22 34 | 1
161233,2026-06-19,15 21 22 25 35 | 3
161234,2026-06-19,3 10 11 21 28 | 1
161235,2026-06-19,1 11 14 25 26 | 4
161236,2026-06-19,1 2 25 28 34 | 1
161237,2026-06-19,3 13 14 18 36 | 3
161238,2026-06-19,5 12 18 21 32 | 1
161239,2026-06-19,14 18 24 28 34 | 3
161240,2026-06-19,7 19 25 33 35 | 2
161241,2026-06-19,6 13 18 29 36 | 3
161242,2026-06-19,14 15 25 27 31 | 3
161243,2026-06-19,1 5 8 34 36 | 2
161244,2026-06-19,7 14 20 32 34 | 4
161245,2026-06-19,13 20 21 25 27 | 2
161246,2026-06-19,1 3 6 15 35 | 2
161247,2026-06-19,1 10 12 14 24 | 2
161248,2026-06-19,8 12 14 20 24 | 3
161249,2026-06-19,10 20 26 29 36 | 1
161250,2026-06-19,1 21 24 27 29 | 3
161251,2026-06-19,1 20 21 23 33 | 2
161252,2026-06-19,4 6 33 34 35 | 1
161253,2026-06-19,11 18 22 30 34 | 3
161254,2026-06-19,2 11 12 18 23 | 4
161255,2026-06-19,8 22 25 28 36 | 1
161256,2026-06-19,8 9 12 25 28 | 4
161257,2026-06-19,10 11 14 28 34 | 3
161258,2026-06-19,8 10 19 31 35 | 2
161259,2026-06-19,2 18 25 32 36 | 4
161260,2026-06-19,4 11 23 28 35 | 2
161261,2026-06-19,1 13 16 20 32 | 2
161262,2026-06-19,9 19 22 25 27 | 4
161263,2026-06-19,1 9 25 26 33 | 4
161264,2026-06-19,6 13 20 26 30 | 3
161265,2026-06-19,3 6 7 10 22 | 2
161266,2026-06-19,1 5 19 20 24 | 2
161267,2026-06-19,9 12 13 14 30 | 4
161268,2026-06-19,8 10 15 28 30 | 1
161269,2026-06-19,6 17 19 20 30 | 4
161270,2026-06-19,5 15 25 30 33 | 4
161271,2026-06-19,5 9 12 27 31 | 2
161272,2026-06-19,14 23 25 26 32 | 1
161273,2026-06-19,3 10 11 17 24 | 2
161274,2026-06-19,3 10 20 27 36 | 1
161275,2026-06-19,4 11 16 19 21 | 2
161276,2026-06-20,4 10 12 23 32 | 4
161277,2026-06-20,12 21 27 31 36 | 3
161278,2026-06-20,3 4 16 21 23 | 3
161279,2026-06-20,5 12 14 27 29 | 3
161280,2026-06-20,4 14 31 33 36 | 1
161281,2026-06-20,14 15 22 25 30 | 4
161282,2026-06-20,5 7 15 16 25 | 3
161283,2026-06-20,1 3 15 29 30 | 4
161284,2026-06-20,2 8 11 17 32 | 4
161285,2026-06-20,11 16 20 28 36 | 1
161286,2026-06-20,2 5 19 26 33 | 3
161287,2026-06-20,2 12 17 19 24 | 2
161288,2026-06-20,3 4 10 15 26 | 4
161289,2026-06-20,3 14 15 27 30 | 3
161290,2026-06-20,3 5 10 28 36 | 3
161291,2026-06-20,3 13 25 29 35 | 3
161292,2026-06-20,6 7 13 18 36 | 2
161293,2026-06-20,13 22 25 31 34 | 2
161294,2026-06-20,4 9 18 25 35 | 3
161295,2026-06-20,6 11 16 22 34 | 4
161296,2026-06-20,4 11 16 20 24 | 1
161297,2026-06-20,3 6 10 14 32 | 4
161298,2026-06-20,7 9 11 25 30 | 2
161299,2026-06-20,15 21 24 28 34 | 1
161300,2026-06-20,12 15 25 29 30 | 1
161301,2026-06-20,5 15 26 27 36 | 2
161302,2026-06-20,3 4 13 16 26 | 3
161303,2026-06-20,2 13 17 18 28 | 3
161304,2026-06-20,3 12 16 23 33 | 2
161305,2026-06-20,10 16 24 25 35 | 4
161306,2026-06-20,2 9 13 18 25 | 1
161307,2026-06-20,3 11 12 14 24 | 4
161308,2026-06-20,2 21 23 24 29 | 1
161309,2026-06-20,13 18 20 22 34 | 2
161310,2026-06-20,3 4 24 29 33 | 1
161311,2026-06-20,9 15 20 35 36 | 4
161312,2026-06-20,3 15 18 24 28 | 1
161313,2026-06-20,6 15 25 32 35 | 4
161314,2026-06-20,10 15 32 33 35 | 3
161315,2026-06-20,3 5 8 21 33 | 1
161316,2026-06-20,6 11 17 27 33 | 2
161317,2026-06-20,6 25 26 31 35 | 4
161318,2026-06-20,7 13 15 16 20 | 2
161319,2026-06-20,3 14 20 27 28 | 3
161320,2026-06-20,1 13 22 23 32 | 2
161321,2026-06-20,1 8 12 14 33 | 1
161322,2026-06-20,3 4 10 32 35 | 1
161323,2026-06-20,3 17 18 26 36 | 2
161324,2026-06-20,2 14 21 28 32 | 2
161325,2026-06-20,13 17 18 34 36 | 3
161326,2026-06-20,1 2 5 15 24 | 2
161327,2026-06-20,2 11 17 26 27 | 2
161328,2026-06-20,2 4 10 13 26 | 4
161329,2026-06-20,2 15 19 30 34 | 2
161330,2026-06-20,12 20 23 29 36 | 3
161331,2026-06-20,3 21 22 25 28 | 3
161332,2026-06-20,2 10 13 15 27 | 3
161333,2026-06-21,2 9 17 32 35 | 1
161334,2026-06-21,2 8 16 18 24 | 4
161335,2026-06-21,1 2 7 19 21 | 4
161336,2026-06-21,2 8 10 31 34 | 1
161337,2026-06-21,2 12 16 32 34 | 2
161338,2026-06-21,1 12 13 21 28 | 1
161339,2026-06-21,5 9 16 23 25 | 3
161340,2026-06-21,9 14 20 23 31 | 3
161341,2026-06-21,1 11 22 25 35 | 3
161342,2026-06-21,8 13 14 22 28 | 2
161343,2026-06-21,13 16 23 27 28 | 1
161344,2026-06-21,1 6 18 22 25 | 2
161345,2026-06-21,16 27 28 33 34 | 2
161346,2026-06-21,11 15 28 30 35 | 3
161347,2026-06-21,4 16 25 29 32 | 1
161348,2026-06-21,15 22 23 30 35 | 1
161349,2026-06-21,11 19 20 35 36 | 3
161350,2026-06-21,5 10 16 29 33 | 2
161351,2026-06-21,2 13 14 20 34 | 1
161352,2026-06-21,4 16 23 28 33 | 4
161353,2026-06-21,9 17 22 27 36 | 4
161354,2026-06-21,12 19 23 32 34 | 3
161355,2026-06-21,1 3 9 16 22 | 3
161356,2026-06-21,1 10 19 21 28 | 3
161357,2026-06-21,4 5 7 12 34 | 2
161358,2026-06-21,10 22 23 30 31 | 1
161359,2026-06-21,8 27 29 30 36 | 2
161360,2026-06-21,5 7 19 24 26 | 2
161361,2026-06-21,8 15 19 25 31 | 4
161362,2026-06-21,1 7 11 33 35 | 3
161363,2026-06-21,2 3 8 20 25 | 4
161364,2026-06-21,1 11 24 28 32 | 3
161365,2026-06-21,12 18 21 23 32 | 1
161366,2026-06-21,2 8 10 24 35 | 3
161367,2026-06-21,3 6 24 34 36 | 2
161368,2026-06-21,13 14 23 27 30 | 3
161369,2026-06-21,4 7 8 25 33 | 1
161370,2026-06-21,7 16 24 29 34 | 4
161371,2026-06-21,7 10 15 28 29 | 3
161372,2026-06-21,9 12 14 17 35 | 4
161373,2026-06-21,5 10 20 26 31 | 1
161374,2026-06-21,6 8 13 25 34 | 4
161375,2026-06-21,8 10 14 30 31 | 4
161376,2026-06-21,3 10 11 20 32 | 3
161377,2026-06-21,5 6 15 17 31 | 1
161378,2026-06-21,9 10 19 23 24 | 2
161379,2026-06-21,4 14 19 26 36 | 4
161380,2026-06-21,1 2 20 29 32 | 1
161381,2026-06-21,1 5 19 20 31 | 4
161382,2026-06-21,6 13 23 31 36 | 1
161383,2026-06-21,2 3 6 9 13 | 4
161384,2026-06-21,2 5 22 28 29 | 1
161385,2026-06-21,8 14 17 25 33 | 3
161386,2026-06-21,12 19 22 30 32 | 1
161387,2026-06-21,17 21 31 34 35 | 3
161388,2026-06-21,3 10 18 20 21 | 3
161389,2026-06-21,1 2 5 18 33 | 4
161390,2026-06-21,6 16 18 24 31 | 2
161391,2026-06-21,10 12 22 31 32 | 1
161392,2026-06-22,9 13 16 21 25 | 1
161393,2026-06-22,15 16 20 32 34 | 3
161394,2026-06-22,2 8 12 16 22 | 3
161395,2026-06-22,3 11 21 23 32 | 2
161396,2026-06-22,1 8 18 34 35 | 2
161397,2026-06-22,2 10 14 21 28 | 1
161398,2026-06-22,2 11 12 17 32 | 4
161399,2026-06-22,26 29 30 32 33 | 2
161400,2026-06-22,4 11 26 29 31 | 1
161401,2026-06-22,6 12 14 30 35 | 1
161402,2026-06-22,11 14 18 24 27 | 4
161403,2026-06-22,2 5 13 30 31 | 1
161404,2026-06-22,4 9 12 24 30 | 2
161405,2026-06-22,5 11 14 24 31 | 2
161406,2026-06-22,2 17 22 25 31 | 2
161407,2026-06-22,1 3 6 16 20 | 1
161408,2026-06-22,4 6 27 28 34 | 2
161409,2026-06-22,7 8 18 23 25 | 1
161410,2026-06-22,9 10 24 28 36 | 4
161411,2026-06-22,16 17 24 31 32 | 4
161412,2026-06-22,4 17 20 25 26 | 3
161413,2026-06-22,14 18 19 30 34 | 3
161414,2026-06-22,1 13 15 23 36 | 2
161415,2026-06-22,6 12 20 26 36 | 3
161416,2026-06-22,6 13 15 21 22 | 4
161417,2026-06-22,1 12 18 23 24 | 1
161418,2026-06-22,14 20 28 33 36 | 3
161419,2026-06-22,4 11 24 26 36 | 1
161420,2026-06-22,3 11 19 21 31 | 2
161421,2026-06-22,10 21 23 26 27 | 2
161422,2026-06-22,8 10 12 24 30 | 2
161423,2026-06-22,2 8 26 32 36 | 3
161424,2026-06-22,1 2 12 13 28 | 3
161425,2026-06-22,23 26 28 30 35 | 2
161426,2026-06-22,4 13 19 23 28 | 1
161427,2026-06-22,2 5 6 7 34 | 1
161428,2026-06-22,4 14 20 26 28 | 3
161429,2026-06-22,14 16 18 20 26 | 2
161430,2026-06-22,3 5 7 15 16 | 4
161431,2026-06-22,1 4 9 17 25 | 4
161432,2026-06-22,1 19 21 26 29 | 3
161433,2026-06-22,11 12 15 31 36 | 2
161434,2026-06-22,3 7 9 12 27 | 2
161435,2026-06-22,2 8 11 18 24 | 1
161436,2026-06-22,18 22 25 27 29 | 4
161437,2026-06-22,7 13 23 27 33 | 1
161438,2026-06-22,4 11 14 16 17 | 2
161439,2026-06-22,12 18 22 27 28 | 1
161440,2026-06-22,3 7 11 18 28 | 3
161441,2026-06-22,13 14 20 25 35 | 2
161442,2026-06-22,1 5 10 29 32 | 1
161443,2026-06-22,4 7 10 23 29 | 2
161444,2026-06-22,10 17 22 27 31 | 3
161445,2026-06-22,4 13 19 24 36 | 4
161446,2026-06-22,12 22 24 25 30 | 3
161447,2026-06-22,1 2 19 25 34 | 3
161448,2026-06-22,7 14 22 29 30 | 1
161449,2026-06-22,3 13 16 28 30 | 3
161450,2026-06-22,16 17 24 28 30 | 3
161451,2026-06-23,2 12 22 23 29 | 3
161452,2026-06-23,9 10 19 23 25 | 2
161453,2026-06-23,3 7 16 25 31 | 1
161454,2026-06-23,1 4 16 17 19 | 2
161455,2026-06-23,1 15 16 27 31 | 4
161456,2026-06-23,11 12 18 19 24 | 3
161457,2026-06-23,1 2 4 12 32 | 4
161458,2026-06-23,1 12 14 20 33 | 1
161459,2026-06-23,15 16 24 27 36 | 4
161460,2026-06-23,2 6 9 21 29 | 1
161461,2026-06-23,7 13 17 22 31 | 1
161462,2026-06-23,10 18 21 22 27 | 3
161463,2026-06-23,4 7 8 10 35 | 1
161464,2026-06-23,11 14 25 27 36 | 1
161465,2026-06-23,9 12 23 27 31 | 3
161466,2026-06-23,16 26 29 32 34 | 1
161467,2026-06-23,16 22 23 26 36 | 3
161468,2026-06-23,1 10 20 30 32 | 4
161469,2026-06-23,6 13 25 26 31 | 1
161470,2026-06-23,15 19 26 29 31 | 3
161471,2026-06-23,16 17 20 22 34 | 3
161472,2026-06-23,8 17 24 25 26 | 2
161473,2026-06-23,2 8 16 24 27 | 1
161474,2026-06-23,12 14 32 33 35 | 3
161475,2026-06-23,2 13 15 27 31 | 4
161476,2026-06-23,2 21 22 26 28 | 3
161477,2026-06-23,2 13 15 28 32 | 1
161478,2026-06-23,3 4 11 17 28 | 4
161479,2026-06-23,3 14 25 32 35 | 1
161480,2026-06-23,3 13 16 26 29 | 3
161481,2026-06-23,9 11 19 20 33 | 1
161482,2026-06-23,1 5 12 23 27 | 2
161483,2026-06-23,1 10 12 13 14 | 4
161484,2026-06-23,7 11 19 29 34 | 4
161485,2026-06-23,1 6 10 19 23 | 2
161486,2026-06-23,10 15 23 28 31 | 2
161487,2026-06-23,2 6 21 29 30 | 1
161488,2026-06-23,1 5 20 29 30 | 1
161489,2026-06-23,3 11 14 23 32 | 4
161490,2026-06-23,1 7 8 12 20 | 2
161491,2026-06-23,3 12 21 35 36 | 4
161492,2026-06-23,2 5 6 9 16 | 1
161493,2026-06-23,10 19 20 24 25 | 4
161494,2026-06-23,2 9 11 17 19 | 3
161495,2026-06-23,10 13 18 22 24 | 3
161496,2026-06-23,2 11 15 34 35 | 4
161497,2026-06-23,2 3 28 34 36 | 1
161498,2026-06-23,16 17 22 28 31 | 2
161499,2026-06-23,1 2 17 29 31 | 4
161500,2026-06-23,2 5 20 24 29 | 1
161501,2026-06-23,7 10 13 23 28 | 1
161502,2026-06-23,5 15 17 27 28 | 4
161503,2026-06-23,4 12 20 33 35 | 2
161504,2026-06-23,5 7 17 24 28 | 2
161505,2026-06-23,10 12 13 23 33 | 1
161506,2026-06-23,3 19 31 32 36 | 1
161507,2026-06-23,7 10 19 24 28 | 4
161508,2026-06-23,3 6 14 19 29 | 3
161509,2026-06-23,6 7 17 24 36 | 2
161510,2026-06-24,1 9 14 30 31 | 1
161511,2026-06-24,6 10 18 21 33 | 4
161512,2026-06-24,18 26 28 30 36 | 3
161513,2026-06-24,1 17 23 28 34 | 1
161514,2026-06-24,3 8 28 29 34 | 4
161515,2026-06-24,12 18 19 26 34 | 2
161516,2026-06-24,4 20 21 31 34 | 3
161517,2026-06-24,6 15 26 34 35 | 2
161518,2026-06-24,17 27 29 31 33 | 2
161519,2026-06-24,7 26 27 34 36 | 2
161520,2026-06-24,4 8 16 22 35 | 4
161521,2026-06-24,14 15 16 31 36 | 2
161522,2026-06-24,16 17 18 23 32 | 3
161523,2026-06-24,11 20 29 32 36 | 1
161524,2026-06-24,3 20 21 22 35 | 1
161525,2026-06-24,5 7 14 19 36 | 3
161526,2026-06-24,4 14 18 22 32 | 4
161527,2026-06-24,7 11 17 22 31 | 4
161528,2026-06-24,10 20 24 26 30 | 4
161529,2026-06-24,3 7 14 27 33 | 2
161530,2026-06-24,3 4 7 16 30 | 4
161531,2026-06-24,2 16 17 25 28 | 4
161532,2026-06-24,3 9 25 34 36 | 4
161533,2026-06-24,4 16 22 25 28 | 2
161534,2026-06-24,6 8 11 25 27 | 1
161535,2026-06-24,9 16 18 20 36 | 4
161536,2026-06-24,5 24 31 34 36 | 4
161537,2026-06-24,5 9 17 32 35 | 2
161538,2026-06-24,6 11 14 30 32 | 4
161539,2026-06-24,15 18 25 28 31 | 1
161540,2026-06-24,13 23 26 31 33 | 3
161541,2026-06-24,2 8 12 16 21 | 2
161542,2026-06-24,4 5 11 16 26 | 3
161543,2026-06-24,4 8 15 25 33 | 4
161544,2026-06-24,1 2 3 7 33 | 2
161545,2026-06-24,4 20 26 28 29 | 1
161546,2026-06-24,6 9 13 20 27 | 4
161547,2026-06-24,4 14 23 26 29 | 3
161548,2026-06-24,7 20 26 29 35 | 1
161549,2026-06-24,4 7 8 27 31 | 4
161550,2026-06-24,8 30 32 33 36 | 3
161551,2026-06-24,15 17 26 31 32 | 1
161552,2026-06-24,11 16 19 20 24 | 4
161553,2026-06-24,16 22 30 31 34 | 1
161554,2026-06-24,2 10 11 14 27 | 2
161555,2026-06-24,4 15 23 34 35 | 1
161556,2026-06-24,2 9 12 19 22 | 1
161557,2026-06-24,9 10 17 20 32 | 3
161558,2026-06-24,8 9 10 11 35 | 2
161559,2026-06-24,5 12 14 26 32 | 3
161560,2026-06-24,3 21 25 26 36 | 1
161561,2026-06-24,3 6 8 23 25 | 3
161562,2026-06-24,12 14 17 22 26 | 2
161563,2026-06-24,5 13 23 26 32 | 2
161564,2026-06-24,2 7 18 23 32 | 2
161565,2026-06-24,1 13 16 17 22 | 1
161566,2026-06-24,15 25 27 33 35 | 4
161567,2026-06-24,10 22 26 27 32 | 2
161568,2026-06-24,5 9 11 16 30 | 1
161569,2026-06-25,9 12 15 30 35 | 3
161570,2026-06-25,2 7 14 16 36 | 4
161571,2026-06-25,9 14 23 29 31 | 1
161572,2026-06-25,14 17 20 22 24 | 2
161573,2026-06-25,1 12 19 20 31 | 1
161574,2026-06-25,6 12 18 26 32 | 3
161575,2026-06-25,2 3 18 24 29 | 1
161576,2026-06-25,5 8 11 18 21 | 4
161577,2026-06-25,7 14 25 30 33 | 2
161578,2026-06-25,17 22 23 31 36 | 2
161579,2026-06-25,10 14 17 19 28 | 1
161580,2026-06-25,7 8 18 31 35 | 2
161581,2026-06-25,15 17 19 23 24 | 1
161582,2026-06-25,1 6 11 24 36 | 3
161583,2026-06-25,7 8 17 23 27 | 4
161584,2026-06-25,7 8 11 12 18 | 1
161585,2026-06-25,13 14 24 27 28 | 3
161586,2026-06-25,7 9 15 22 30 | 2
161587,2026-06-25,18 20 21 26 27 | 1
161588,2026-06-25,5 21 22 32 35 | 1
161589,2026-06-25,4 6 12 20 36 | 3
161590,2026-06-25,1 11 19 22 29 | 1
161591,2026-06-25,10 11 20 24 28 | 4
161592,2026-06-25,18 26 29 33 35 | 4
161593,2026-06-25,2 5 16 28 33 | 3
161594,2026-06-25,13 21 22 23 32 | 1
161595,2026-06-25,1 5 13 23 28 | 1
161596,2026-06-25,3 4 5 32 34 | 2
161597,2026-06-25,3 4 12 24 29 | 3
161598,2026-06-25,6 9 16 19 33 | 1
161599,2026-06-25,5 10 18 28 30 | 4
161600,2026-06-25,8 10 16 29 31 | 2
161601,2026-06-25,6 18 23 28 29 | 1
161602,2026-06-25,5 10 13 30 33 | 3
161603,2026-06-25,6 12 17 29 31 | 4
161604,2026-06-25,2 7 12 30 34 | 2
161605,2026-06-25,7 8 9 16 18 | 1
161606,2026-06-25,1 5 10 26 33 | 2
161607,2026-06-25,1 7 15 20 29 | 4
161608,2026-06-25,3 5 7 19 34 | 1
161609,2026-06-25,8 11 14 20 29 | 4
161610,2026-06-25,3 4 14 17 33 | 1
161611,2026-06-25,17 18 25 26 29 | 1
161612,2026-06-25,9 12 17 20 25 | 1
161613,2026-06-25,3 20 24 34 35 | 1
161614,2026-06-25,1 18 21 26 34 | 2
161615,2026-06-25,4 6 17 20 26 | 2
161616,2026-06-25,8 10 16 22 27 | 1
161617,2026-06-25,6 15 16 31 36 | 3
161618,2026-06-25,10 31 32 34 35 | 1
161619,2026-06-25,2 15 27 29 35 | 2
161620,2026-06-25,1 4 15 25 31 | 1
161621,2026-06-25,9 16 18 23 32 | 4
161622,2026-06-25,7 8 15 19 29 | 3
161623,2026-06-25,1 10 12 15 27 | 2
161624,2026-06-25,6 10 20 25 32 | 1
161625,2026-06-25,2 9 12 18 27 | 1
161626,2026-06-25,1 5 15 20 29 | 1
161627,2026-06-25,10 14 20 21 27 | 2
161628,2026-06-26,11 12 19 22 31 | 4
161629,2026-06-26,1 3 8 10 22 | 2
161630,2026-06-26,5 14 15 16 20 | 2
161631,2026-06-26,1 4 13 22 23 | 4
161632,2026-06-26,13 17 28 30 35 | 2
161633,2026-06-26,12 13 15 21 27 | 3
161634,2026-06-26,7 9 15 16 24 | 2
161635,2026-06-26,3 13 20 21 33 | 4
161636,2026-06-26,2 9 10 13 20 | 4
161637,2026-06-26,9 11 12 14 25 | 2
161638,2026-06-26,1 12 15 16 23 | 3
161639,2026-06-26,1 2 7 28 36 | 2
161640,2026-06-26,1 5 19 24 36 | 1
161641,2026-06-26,1 2 10 13 16 | 4
161642,2026-06-26,6 12 18 26 28 | 4
161643,2026-06-26,10 17 23 31 35 | 3
161644,2026-06-26,12 15 20 23 31 | 3
161645,2026-06-26,21 24 25 27 34 | 3
161646,2026-06-26,3 11 19 26 27 | 1
161647,2026-06-26,2 6 12 27 35 | 4
161648,2026-06-26,1 13 23 26 30 | 4
161649,2026-06-26,7 10 27 28 33 | 2
161650,2026-06-26,9 17 26 27 28 | 3
161651,2026-06-26,3 7 9 16 34 | 2
161652,2026-06-26,16 22 24 25 36 | 3
161653,2026-06-26,4 8 14 30 33 | 2
161654,2026-06-26,15 22 27 33 36 | 3
161655,2026-06-26,13 17 26 27 35 | 4
161656,2026-06-26,1 3 11 23 24 | 4
161657,2026-06-26,12 13 26 30 32 | 3
161658,2026-06-26,5 10 24 29 36 | 2
161659,2026-06-26,14 25 28 29 32 | 4
161660,2026-06-26,5 12 25 26 36 | 1
161661,2026-06-26,1 12 19 25 32 | 1
161662,2026-06-26,1 9 10 15 17 | 4
161663,2026-06-26,12 13 27 35 36 | 2
161664,2026-06-26,10 12 25 26 28 | 1
161665,2026-06-26,14 20 23 26 34 | 1
161666,2026-06-26,1 3 5 10 27 | 4
161667,2026-06-26,7 13 21 25 29 | 4
161668,2026-06-26,2 17 21 22 23 | 1
161669,2026-06-26,1 3 8 20 35 | 4
161670,2026-06-26,5 15 19 26 35 | 1
161671,2026-06-26,8 17 20 23 34 | 4
161672,2026-06-26,3 13 16 17 26 | 2
161673,2026-06-26,17 20 23 25 35 | 1
161674,2026-06-26,17 22 28 30 36 | 1
161675,2026-06-26,6 8 10 16 19 | 4
161676,2026-06-26,11 21 23 32 35 | 1
161677,2026-06-26,2 16 17 29 36 | 4
161678,2026-06-26,3 14 16 21 36 | 2
161679,2026-06-26,7 9 19 24 30 | 4
161680,2026-06-26,10 17 30 33 35 | 1
161681,2026-06-26,17 18 23 24 36 | 1
161682,2026-06-26,5 10 15 17 21 | 3
161683,2026-06-26,6 10 18 25 34 | 1
161684,2026-06-26,1 14 15 22 29 | 2
161685,2026-06-26,6 16 19 24 31 | 3
161686,2026-06-26,7 17 19 23 36 | 4
161687,2026-06-27,6 13 20 21 30 | 4
161688,2026-06-27,7 8 22 23 35 | 1
161689,2026-06-27,5 16 22 29 35 | 2
161690,2026-06-27,4 6 15 22 25 | 3
161691,2026-06-27,12 14 15 20 28 | 2
161692,2026-06-27,7 20 23 31 36 | 3
161693,2026-06-27,14 18 21 29 34 | 1
161694,2026-06-27,4 8 11 13 22 | 2
161695,2026-06-27,5 13 14 17 32 | 4
161696,2026-06-27,15 16 17 22 25 | 3
161697,2026-06-27,12 19 20 27 29 | 3
161698,2026-06-27,6 17 21 23 32 | 3
161699,2026-06-27,9 10 15 24 32 | 3
161700,2026-06-27,1 9 12 17 18 | 4
161701,2026-06-27,3 9 17 23 35 | 4
161702,2026-06-27,6 13 26 29 34 | 4
161703,2026-06-27,20 25 27 31 33 | 2
161704,2026-06-27,7 9 19 31 36 | 2
161705,2026-06-27,9 14 21 32 33 | 2
161706,2026-06-27,14 22 23 30 35 | 3
161707,2026-06-27,7 21 33 35 36 | 2
161708,2026-06-27,18 23 24 30 32 | 4
161709,2026-06-27,11 28 29 30 36 | 2
161710,2026-06-27,19 20 21 25 36 | 1
161711,2026-06-27,9 17 19 33 36 | 3
161712,2026-06-27,3 22 23 30 34 | 4
161713,2026-06-27,7 11 14 18 30 | 2
161714,2026-06-27,8 21 25 29 32 | 2
161715,2026-06-27,5 7 16 28 33 | 4
161716,2026-06-27,13 20 28 31 35 | 4
161717,2026-06-27,17 18 21 23 26 | 1
161718,2026-06-27,5 13 15 22 23 | 4
161719,2026-06-27,2 9 10 22 30 | 1
161720,2026-06-27,2 6 14 16 31 | 4
161721,2026-06-27,7 9 29 34 36 | 4
161722,2026-06-27,2 5 11 20 27 | 4
161723,2026-06-27,8 9 12 16 33 | 4
161724,2026-06-27,10 15 24 26 36 | 3
161725,2026-06-27,3 13 18 33 36 | 2
161726,2026-06-27,21 28 29 31 34 | 4
161727,2026-06-27,1 9 21 24 28 | 3
161728,2026-06-27,1 3 15 28 33 | 3
161729,2026-06-27,5 29 31 32 34 | 3
161730,2026-06-27,5 9 13 31 35 | 1
161731,2026-06-27,7 8 12 17 31 | 4
161732,2026-06-27,1 5 6 15 34 | 4
161733,2026-06-27,3 22 27 28 33 | 1
161734,2026-06-27,1 9 10 20 30 | 4
161735,2026-06-27,15 16 25 28 30 | 1
161736,2026-06-27,6 8 30 34 35 | 3
161737,2026-06-27,9 21 28 30 34 | 4
161738,2026-06-27,11 23 24 30 34 | 1
161739,2026-06-27,1 13 14 21 33 | 3
161740,2026-06-27,5 8 19 27 31 | 2
161741,2026-06-27,3 5 25 31 33 | 3
161742,2026-06-27,16 18 22 27 31 | 3
161743,2026-06-27,3 7 20 23 32 | 1
161744,2026-06-28,3 4 8 12 17 | 4
161745,2026-06-28,1 2 8 10 23 | 2
161746,2026-06-28,2 7 21 22 34 | 1
161747,2026-06-28,3 6 14 23 35 | 1
161748,2026-06-28,3 5 17 28 33 | 1
161749,2026-06-28,2 9 25 31 33 | 3
161750,2026-06-28,1 7 14 16 20 | 2
161751,2026-06-28,5 24 27 29 33 | 4
161752,2026-06-28,8 10 24 27 34 | 1
161753,2026-06-28,4 6 23 33 35 | 3
161754,2026-06-28,6 14 18 27 32 | 3
161755,2026-06-28,5 9 21 35 36 | 1
161756,2026-06-28,4 10 11 14 33 | 2
161757,2026-06-28,8 9 28 30 36 | 2
161758,2026-06-28,1 2 3 27 34 | 1
161759,2026-06-28,8 9 11 15 28 | 4
161760,2026-06-28,9 13 17 19 28 | 1
161761,2026-06-28,2 16 21 27 28 | 4
161762,2026-06-28,19 25 30 33 36 | 3
161763,2026-06-28,22 29 30 31 34 | 3
161764,2026-06-28,3 11 22 34 36 | 1
161765,2026-06-28,3 6 7 28 34 | 4
161766,2026-06-28,11 12 15 19 27 | 3
161767,2026-06-28,11 17 18 19 22 | 3
161768,2026-06-28,5 12 15 24 30 | 2
161769,2026-06-28,7 13 14 18 31 | 3
161770,2026-06-28,19 21 24 27 33 | 2
161771,2026-06-28,1 4 12 32 33 | 1
161772,2026-06-28,8 18 22 25 31 | 3
161773,2026-06-28,6 17 24 29 30 | 4
161774,2026-06-28,4 8 20 25 30 | 1
161775,2026-06-28,8 13 23 30 34 | 2
161776,2026-06-28,5 20 25 29 31 | 4
161777,2026-06-28,9 12 13 31 34 | 2
161778,2026-06-28,10 16 23 26 28 | 1
161779,2026-06-28,13 21 23 30 36 | 3
161780,2026-06-28,5 6 18 27 35 | 2
161781,2026-06-28,14 17 19 26 33 | 4
161782,2026-06-28,7 15 20 26 36 | 1
161783,2026-06-28,14 21 30 33 34 | 2
161784,2026-06-28,2 5 6 15 17 | 4
161785,2026-06-28,9 19 23 30 33 | 1
161786,2026-06-28,9 11 12 15 24 | 1
161787,2026-06-28,10 11 12 26 36 | 1
161788,2026-06-28,2 3 4 6 26 | 2
161789,2026-06-28,2 5 9 15 34 | 2
161790,2026-06-28,7 14 31 32 35 | 4
161791,2026-06-28,6 16 19 21 31 | 4
161792,2026-06-28,9 14 27 35 36 | 2
161793,2026-06-28,13 18 24 26 36 | 4
161794,2026-06-28,11 14 15 25 31 | 2
161795,2026-06-28,14 16 17 23 30 | 4
161796,2026-06-28,4 7 20 31 36 | 4
161797,2026-06-28,20 22 23 26 27 | 3
161798,2026-06-28,4 16 17 21 22 | 3
161799,2026-06-28,4 5 6 34 35 | 1
161800,2026-06-28,3 10 11 17 29 | 4
161801,2026-06-28,8 12 26 27 36 | 1
161802,2026-06-28,7 22 25 28 33 | 1
161803,2026-06-29,6 12 21 30 34 | 1
161804,2026-06-29,9 16 17 25 33 | 1
161805,2026-06-29,14 21 26 31 32 | 3
161806,2026-06-29,1 4 14 15 21 | 4
161807,2026-06-29,16 19 26 29 33 | 3
161808,2026-06-29,3 5 8 15 33 | 1
161809,2026-06-29,1 18 21 28 35 | 4
161810,2026-06-29,4 7 8 10 36 | 2
161811,2026-06-29,4 26 28 29 34 | 1
161812,2026-06-29,10 24 26 27 35 | 4
161813,2026-06-29,5 8 18 21 23 | 4
161814,2026-06-29,14 15 24 26 35 | 1
161815,2026-06-29,9 10 25 31 34 | 3
161816,2026-06-29,9 17 19 33 36 | 2
161817,2026-06-29,1 2 8 16 17 | 4
161818,2026-06-29,5 20 26 27 35 | 1
161819,2026-06-29,1 6 10 13 29 | 4
161820,2026-06-29,7 13 21 25 29 | 3
161821,2026-06-29,7 9 12 32 33 | 2
161822,2026-06-29,17 19 23 25 34 | 1
161823,2026-06-29,4 16 24 27 29 | 3
161824,2026-06-29,2 16 20 26 30 | 2
161825,2026-06-29,7 17 19 23 34 | 1
161826,2026-06-29,6 11 24 27 35 | 3
161827,2026-06-29,7 13 19 22 31 | 2
161828,2026-06-29,5 11 15 21 22 | 2
161829,2026-06-29,5 6 7 16 20 | 3
161830,2026-06-29,9 10 25 26 34 | 2
161831,2026-06-29,3 10 17 21 22 | 3
161832,2026-06-29,2 3 8 12 13 | 3
161833,2026-06-29,7 24 25 31 36 | 2
161834,2026-06-29,6 14 18 23 33 | 3
161835,2026-06-29,5 15 28 29 30 | 2
161836,2026-06-29,3 11 13 18 23 | 1
161837,2026-06-29,15 22 30 33 34 | 2
161838,2026-06-29,1 23 28 33 35 | 4
161839,2026-06-29,3 10 18 19 30 | 3
161840,2026-06-29,5 8 25 26 30 | 2
161841,2026-06-29,7 14 22 32 35 | 4
161842,2026-06-29,2 8 9 14 28 | 1
161843,2026-06-29,12 16 22 25 32 | 1
161844,2026-06-29,9 23 24 33 34 | 1
161845,2026-06-29,3 10 16 22 29 | 3
161846,2026-06-29,17 19 23 25 29 | 2
161847,2026-06-29,5 14 15 19 34 | 4
161848,2026-06-29,1 10 14 20 34 | 4
161849,2026-06-29,11 25 27 30 31 | 2
161850,2026-06-29,5 24 27 28 29 | 1
161851,2026-06-29,3 11 13 22 26 | 1
161852,2026-06-29,2 4 6 15 28 | 1
161853,2026-06-29,5 14 20 23 32 | 3
161854,2026-06-29,5 9 24 30 32 | 1
161855,2026-06-29,3 5 7 9 10 | 3
161856,2026-06-29,1 5 12 24 30 | 1
161857,2026-06-29,2 3 17 25 32 | 4
161858,2026-06-29,1 3 10 20 30 | 2
161859,2026-06-29,2 18 24 27 33 | 2
161860,2026-06-29,1 2 11 12 18 | 2
161861,2026-06-29,2 4 7 19 29 | 2
161862,2026-06-30,5 12 21 32 33 | 2
161863,2026-06-30,3 6 10 14 21 | 2
161864,2026-06-30,12 15 32 33 36 | 1
161865,2026-06-30,12 23 28 33 35 | 1
161866,2026-06-30,6 19 21 26 35 | 4
161867,2026-06-30,13 15 22 31 32 | 3
161868,2026-06-30,1 7 24 25 27 | 1
161869,2026-06-30,7 8 16 21 26 | 1
161870,2026-06-30,1 5 9 10 34 | 3
161871,2026-06-30,1 3 16 27 32 | 3
161872,2026-06-30,7 12 17 25 35 | 4
161873,2026-06-30,5 13 16 19 31 | 4
161874,2026-06-30,13 16 23 30 33 | 3
161875,2026-06-30,3 7 11 28 33 | 2
161876,2026-06-30,8 24 26 33 35 | 1
161877,2026-06-30,2 6 16 19 25 | 1
161878,2026-06-30,4 9 14 20 22 | 1
161879,2026-06-30,11 13 16 20 34 | 3
161880,2026-06-30,6 12 24 28 34 | 2
161881,2026-06-30,1 2 7 23 25 | 3
161882,2026-06-30,5 11 18 19 22 | 2
161883,2026-06-30,7 8 13 29 35 | 2
161884,2026-06-30,8 16 23 24 36 | 4
161885,2026-06-30,11 18 23 26 34 | 4
161886,2026-06-30,2 8 15 22 24 | 3
161887,2026-06-30,1 11 24 28 33 | 1
161888,2026-06-30,17 21 23 24 30 | 4
161889,2026-06-30,3 11 13 14 31 | 1
161890,2026-06-30,1 14 21 34 36 | 2
161891,2026-06-30,2 7 12 29 33 | 2
161892,2026-06-30,7 13 26 33 36 | 4
161893,2026-06-30,6 9 27 28 33 | 4
161894,2026-06-30,1 9 11 18 35 | 3
161895,2026-06-30,10 13 15 17 23 | 3
161896,2026-06-30,4 13 17 21 33 | 3
161897,2026-06-30,6 11 18 31 32 | 2
161898,2026-06-30,6 8 28 33 34 | 2
161899,2026-06-30,7 9 12 14 22 | 2
161900,2026-06-30,2 11 21 24 29 | 3
161901,2026-06-30,9 16 17 21 29 | 2
161902,2026-06-30,8 13 20 23 27 | 3
161903,2026-06-30,1 8 23 30 35 | 1
161904,2026-06-30,3 11 12 17 25 | 1
161905,2026-06-30,3 14 25 29 34 | 4
161906,2026-06-30,1 4 19 32 35 | 2
161907,2026-06-30,9 10 14 34 36 | 1
161908,2026-06-30,3 5 15 24 34 | 2
161909,2026-06-30,12 16 22 28 35 | 3
161910,2026-06-30,3 6 18 25 33 | 3
161911,2026-06-30,1 7 28 30 36 | 3
161912,2026-06-30,14 17 18 23 28 | 3
161913,2026-06-30,3 13 15 19 29 | 3
161914,2026-06-30,4 15 18 24 25 | 3
161915,2026-06-30,5 11 14 19 35 | 3
161916,2026-06-30,1 15 18 21 32 | 2
161917,2026-06-30,6 10 18 25 32 | 2
161918,2026-06-30,18 19 23 26 33 | 4
161919,2026-06-30,5 8 13 32 34 | 1
161920,2026-06-30,11 13 20 23 30 | 3
161921,2026-07-01,7 22 26 30 35 | 2
161922,2026-07-01,22 27 32 34 36 | 2
161923,2026-07-01,6 16 19 31 36 | 3
161924,2026-07-01,12 13 15 19 20 | 1
161925,2026-07-01,3 10 15 18 29 | 3
161926,2026-07-01,14 26 30 34 36 | 1
161927,2026-07-01,18 19 21 28 31 | 1
161928,2026-07-01,10 19 23 27 33 | 2
161929,2026-07-01,7 14 17 20 36 | 3
161930,2026-07-01,5 10 11 15 26 | 2
161931,2026-07-01,2 4 5 23 35 | 2
161932,2026-07-01,1 12 19 22 26 | 4
161933,2026-07-01,4 7 11 16 23 | 1
161934,2026-07-01,15 17 18 32 34 | 4
161935,2026-07-01,15 16 23 31 36 | 1
161936,2026-07-01,1 5 11 29 33 | 3
161937,2026-07-01,7 22 23 32 33 | 3
161938,2026-07-01,2 4 6 25 29 | 3
161939,2026-07-01,12 15 17 21 30 | 1
161940,2026-07-01,1 14 21 23 35 | 3
161941,2026-07-01,8 12 17 21 31 | 4
161942,2026-07-01,1 10 18 25 36 | 4
161943,2026-07-01,4 14 22 30 33 | 2
161944,2026-07-01,8 11 27 32 35 | 4
161945,2026-07-01,6 19 24 25 35 | 1
161946,2026-07-01,5 12 23 35 36 | 2
161947,2026-07-01,1 15 17 25 26 | 1
161948,2026-07-01,5 18 19 24 32 | 2
161949,2026-07-01,15 17 18 26 31 | 4
161950,2026-07-01,1 5 10 21 25 | 2
161951,2026-07-01,6 8 18 31 35 | 1
161952,2026-07-01,2 12 13 14 30 | 3
161953,2026-07-01,3 11 19 21 31 | 4
161954,2026-07-01,9 10 14 16 35 | 1
161955,2026-07-01,4 16 29 30 33 | 1
161956,2026-07-01,2 7 10 23 27 | 2
161957,2026-07-01,6 16 22 26 34 | 2
161958,2026-07-01,2 5 17 25 31 | 2
161959,2026-07-01,9 10 22 23 34 | 2
161960,2026-07-01,3 8 15 17 27 | 1
161961,2026-07-01,3 7 23 24 32 | 3
161962,2026-07-01,5 10 21 31 32 | 2
161963,2026-07-01,2 13 14 24 32 | 4
161964,2026-07-01,1 14 19 24 25 | 4
161965,2026-07-01,1 2 9 14 27 | 2
161966,2026-07-01,3 13 17 22 29 | 3
161967,2026-07-01,1 12 16 27 29 | 4
161968,2026-07-01,1 10 13 21 24 | 4
161969,2026-07-01,8 18 21 31 33 | 4
161970,2026-07-01,3 4 22 26 36 | 4
161971,2026-07-01,10 12 33 35 36 | 2
161972,2026-07-01,9 21 22 28 30 | 2
161973,2026-07-01,4 16 19 29 31 | 2
161974,2026-07-01,1 10 13 22 28 | 1
161975,2026-07-01,1 23 24 27 32 | 4
161976,2026-07-01,2 19 22 24 33 | 3
161977,2026-07-01,5 7 15 26 29 | 3
161978,2026-07-01,3 21 28 32 33 | 3
161979,2026-07-01,6 9 20 26 33 | 2
161980,2026-07-02,10 15 23 33 35 | 4
161981,2026-07-02,7 13 25 33 34 | 3
161982,2026-07-02,1 5 7 17 26 | 3
161983,2026-07-02,2 6 17 20 36 | 1
161984,2026-07-02,2 5 13 16 34 | 2
161985,2026-07-02,10 22 24 27 36 | 2
161986,2026-07-02,5 10 20 25 35 | 1
161987,2026-07-02,12 16 28 33 35 | 1
161988,2026-07-02,1 12 23 28 36 | 2
161989,2026-07-02,10 20 28 29 34 | 4
161990,2026-07-02,3 7 13 22 33 | 1
161991,2026-07-02,10 14 27 29 34 | 2
161992,2026-07-02,6 10 25 31 32 | 3
161993,2026-07-02,8 10 22 24 30 | 3
161994,2026-07-02,14 16 17 20 22 | 3
161995,2026-07-02,13 23 25 26 33 | 1
161996,2026-07-02,1 4 14 23 33 | 3
161997,2026-07-02,7 22 23 25 35 | 1
161998,2026-07-02,2 9 14 21 31 | 2
161999,2026-07-02,12 16 20 23 27 | 3
162000,2026-07-02,4 6 9 14 35 | 3
162001,2026-07-02,8 15 20 27 31 | 4
162002,2026-07-02,8 9 17 25 34 | 1
162003,2026-07-02,2 9 22 27 35 | 3
162004,2026-07-02,1 6 17 28 29 | 4
162005,2026-07-02,2 7 13 32 35 | 1
162006,2026-07-02,2 19 21 26 27 | 4
162007,2026-07-02,7 16 25 31 36 | 2
162008,2026-07-02,26 29 30 35 36 | 2
162009,2026-07-02,11 13 16 21 25 | 3
162010,2026-07-02,1 11 12 25 27 | 1
162011,2026-07-02,10 11 12 17 22 | 4
162012,2026-07-02,7 10 11 27 28 | 2
162013,2026-07-02,2 14 26 27 34 | 1
162014,2026-07-02,2 4 29 32 34 | 3
162015,2026-07-02,1 17 20 26 36 | 3
162016,2026-07-02,1 14 27 29 36 | 2
162017,2026-07-02,19 23 26 35 36 | 2
162018,2026-07-02,6 9 20 22 31 | 2
162019,2026-07-02,4 9 11 14 31 | 1
162020,2026-07-02,9 15 20 26 33 | 4
162021,2026-07-02,1 12 20 22 33 | 3
162022,2026-07-02,6 22 25 31 35 | 1
162023,2026-07-02,6 24 25 34 36 | 2
162024,2026-07-02,5 8 15 27 30 | 1
162025,2026-07-02,2 3 9 26 27 | 2
162026,2026-07-02,8 22 25 32 34 | 1
162027,2026-07-02,2 3 9 14 15 | 1
162028,2026-07-02,7 10 18 34 36 | 2
162029,2026-07-02,4 14 19 24 32 | 3
162030,2026-07-02,4 12 13 22 36 | 1
162031,2026-07-02,5 15 22 31 33 | 3
162032,2026-07-02,2 4 6 29 35 | 3
162033,2026-07-02,2 5 23 26 31 | 3
162034,2026-07-03,15 20 25 30 36 | 3
162035,2026-07-03,12 16 17 25 28 | 3
162036,2026-07-03,10 17 19 25 32 | 1
162037,2026-07-03,1 6 12 24 25 | 4
162038,2026-07-03,1 20 23 30 32 | 4
162039,2026-07-03,1 4 18 22 28 | 2
162040,2026-07-03,5 17 23 29 36 | 1
162041,2026-07-03,7 11 16 17 24 | 2
162042,2026-07-03,6 10 25 30 34 | 3
162043,2026-07-03,3 8 9 15 30 | 4
162044,2026-07-03,3 9 12 29 36 | 2
162045,2026-07-03,4 9 18 19 30 | 3
162046,2026-07-03,2 4 5 6 13 | 4
162047,2026-07-03,2 14 19 20 31 | 1
162048,2026-07-03,3 25 29 31 32 | 4
162049,2026-07-03,10 17 27 33 34 | 4
162050,2026-07-03,6 18 30 33 34 | 1
162051,2026-07-03,7 9 12 16 27 | 1
162052,2026-07-03,5 9 14 23 28 | 1
162053,2026-07-03,1 9 12 20 30 | 2
162054,2026-07-03,8 9 12 22 27 | 2
162055,2026-07-03,1 2 21 23 36 | 2
162056,2026-07-03,10 15 17 18 32 | 3
162057,2026-07-03,2 4 15 27 36 | 2
162058,2026-07-03,7 13 14 15 17 | 3
162059,2026-07-03,5 17 29 32 34 | 1
162060,2026-07-03,8 14 15 17 36 | 2
162061,2026-07-03,4 9 18 21 23 | 1
162062,2026-07-03,4 7 12 19 36 | 1
162063,2026-07-03,2 10 16 19 35 | 2
162064,2026-07-03,1 11 17 20 27 | 4
162065,2026-07-03,3 12 13 18 29 | 1
162066,2026-07-03,1 16 21 24 31 | 3
162067,2026-07-03,12 14 22 29 32 | 1
162068,2026-07-03,2 16 27 30 32 | 1
162069,2026-07-03,3 24 29 31 33 | 1
162070,2026-07-03,1 4 6 18 23 | 4
162071,2026-07-03,15 16 26 28 30 | 3
162072,2026-07-03,10 21 27 29 31 | 4
162073,2026-07-03,9 14 20 24 27 | 2
162074,2026-07-03,5 14 15 20 30 | 1
162075,2026-07-03,14 26 29 31 33 | 4
162076,2026-07-03,9 12 13 17 23 | 4
162077,2026-07-03,1 6 14 27 34 | 1
162078,2026-07-03,5 14 23 30 32 | 2
162079,2026-07-03,1 13 20 25 26 | 2
162080,2026-07-03,15 20 21 28 33 | 1
162081,2026-07-03,1 2 4 34 35 | 4
162082,2026-07-03,1 2 10 22 25 | 2
162083,2026-07-03,3 9 10 12 25 | 4
162084,2026-07-03,6 8 11 22 27 | 2
162085,2026-07-03,3 8 24 28 33 | 4
162086,2026-07-03,2 8 21 30 32 | 3
162087,2026-07-03,5 8 18 19 25 | 3
162088,2026-07-03,7 18 19 22 25 | 3
162089,2026-07-03,2 4 9 13 23 | 1
162090,2026-07-03,11 18 25 26 33 | 1
162091,2026-07-03,6 10 17 18 25 | 2
162092,2026-07-03,7 9 11 13 21 | 2
162093,2026-07-04,5 10 20 21 27 | 4
162094,2026-07-04,1 8 14 16 27 | 4
162095,2026-07-04,5 12 27 30 33 | 1
162096,2026-07-04,1 11 13 14 22 | 4
162097,2026-07-04,4 5 12 17 20 | 4
162098,2026-07-04,3 6 15 18 26 | 1
162099,2026-07-04,2 3 32 33 35 | 1
162100,2026-07-04,10 18 29 34 35 | 2
162101,2026-07-04,2 14 20 23 26 | 3
162102,2026-07-04,4 5 11 21 22 | 1
162103,2026-07-04,4 10 18 26 35 | 3
162104,2026-07-04,1 4 30 32 35 | 2
162105,2026-07-04,14 19 24 33 34 | 3
162106,2026-07-04,2 5 19 21 32 | 3
162107,2026-07-04,7 14 26 32 33 | 4
162108,2026-07-04,6 7 16 33 34 | 3
162109,2026-07-04,4 16 17 18 25 | 3
162110,2026-07-04,2 11 17 19 23 | 4
162111,2026-07-04,1 13 16 18 32 | 3
162112,2026-07-04,1 8 31 32 33 | 2
162113,2026-07-04,13 16 24 31 35 | 2
162114,2026-07-04,14 22 23 28 34 | 2
162115,2026-07-04,10 13 15 19 30 | 4
162116,2026-07-04,20 21 26 27 29 | 2
162117,2026-07-04,2 3 8 12 28 | 2
162118,2026-07-04,1 6 9 14 31 | 2
162119,2026-07-04,2 4 5 11 24 | 2
162120,2026-07-04,1 11 19 20 34 | 1
162121,2026-07-04,7 17 20 22 24 | 2
162122,2026-07-04,6 9 12 18 33 | 1
162123,2026-07-04,9 10 13 16 36 | 1
162124,2026-07-04,9 17 20 29 32 | 1
162125,2026-07-04,3 18 23 33 34 | 4
162126,2026-07-04,10 21 24 26 32 | 4
162127,2026-07-04,2 9 10 13 15 | 2
162128,2026-07-04,2 7 20 24 33 | 3
162129,2026-07-04,1 12 16 20 35 | 4
162130,2026-07-04,2 3 18 24 25 | 4
162131,2026-07-04,1 2 3 11 34 | 4
162132,2026-07-04,10 12 20 29 31 | 4
162133,2026-07-04,20 23 29 32 35 | 2
162134,2026-07-04,5 13 18 29 30 | 1
162135,2026-07-04,10 19 28 30 33 | 3
162136,2026-07-04,4 12 14 17 22 | 1
162137,2026-07-04,4 8 25 27 31 | 3
162138,2026-07-04,3 23 24 26 30 | 4
162139,2026-07-04,19 24 25 26 34 | 1
162140,2026-07-04,18 25 30 33 34 | 2
162141,2026-07-04,11 15 20 33 35 | 1
162142,2026-07-04,3 7 10 12 32 | 2
162143,2026-07-04,14 16 20 27 30 | 3
162144,2026-07-04,2 6 8 19 30 | 2
162145,2026-07-04,4 18 25 28 36 | 1
162146,2026-07-04,2 7 8 10 11 | 2
162147,2026-07-04,10 12 26 28 34 | 1
162148,2026-07-04,1 7 17 35 36 | 1
162149,2026-07-04,1 2 18 19 32 | 1
162150,2026-07-05,6 9 12 22 36 | 1
162151,2026-07-05,4 7 8 13 24 | 4
162152,2026-07-05,1 12 14 16 24 | 2
162153,2026-07-05,14 19 28 29 32 | 1
162154,2026-07-05,1 13 22 28 35 | 2
162155,2026-07-05,2 8 10 12 31 | 1
162156,2026-07-05,6 12 19 23 26 | 3
162157,2026-07-05,3 4 6 7 36 | 3
162158,2026-07-05,4 11 12 18 19 | 3
162159,2026-07-05,10 16 21 22 34 | 4
162160,2026-07-05,6 14 22 30 33 | 3
162161,2026-07-05,6 8 11 21 34 | 4
162162,2026-07-05,8 9 18 25 30 | 3
162163,2026-07-05,12 21 30 31 33 | 2
162164,2026-07-05,10 16 18 29 30 | 2
162165,2026-07-05,10 13 18 21 36 | 4
162166,2026-07-05,16 19 22 26 34 | 1
162167,2026-07-05,1 20 21 26 30 | 2
162168,2026-07-05,18 22 23 28 30 | 2
162169,2026-07-05,9 11 12 20 30 | 2
162170,2026-07-05,3 18 20 33 34 | 2
162171,2026-07-05,1 5 6 12 22 | 3
162172,2026-07-05,7 12 15 16 20 | 1
162173,2026-07-05,10 12 15 19 29 | 4
162174,2026-07-05,5 16 26 31 36 | 3
162175,2026-07-05,7 18 19 20 25 | 2
162176,2026-07-05,2 7 13 17 32 | 2
162177,2026-07-05,11 16 17 21 32 | 4
162178,2026-07-05,3 29 30 35 36 | 4
162179,2026-07-05,4 13 19 26 31 | 2
162180,2026-07-05,8 15 16 18 25 | 1
162181,2026-07-05,9 14 21 22 23 | 1
162182,2026-07-05,2 8 9 15 30 | 1
162183,2026-07-05,2 3 29 30 33 | 2
162184,2026-07-05,7 8 10 15 32 | 2
162185,2026-07-05,1 4 8 27 30 | 2
162186,2026-07-05,3 8 12 14 19 | 3
162187,2026-07-05,1 13 14 17 33 | 4
162188,2026-07-05,9 12 21 25 32 | 2
162189,2026-07-05,1 2 4 23 36 | 4
162190,2026-07-05,7 19 25 29 36 | 1
162191,2026-07-05,3 7 12 24 31 | 3
162192,2026-07-05,4 14 20 28 32 | 2
162193,2026-07-05,7 8 20 22 29 | 2
162194,2026-07-05,12 30 33 35 36 | 1
162195,2026-07-05,2 6 17 26 34 | 2
162196,2026-07-05,2 3 5 14 32 | 1
162197,2026-07-05,5 11 14 23 35 | 2
162198,2026-07-05,3 7 13 19 30 | 2
162199,2026-07-05,14 26 28 30 33 | 1
162200,2026-07-05,10 16 19 20 33 | 2
162201,2026-07-05,4 22 27 33 34 | 2
162202,2026-07-05,4 18 29 30 33 | 2
162203,2026-07-05,4 15 18 29 35 | 2
162204,2026-07-05,3 10 18 20 26 | 3
162205,2026-07-05,5 9 17 24 32 | 1
162206,2026-07-05,12 14 27 31 34 | 3
162207,2026-07-05,13 17 18 23 24 | 1
162208,2026-07-05,12 21 24 25 26 | 1
162209,2026-07-06,19 22 26 31 33 | 4
162210,2026-07-06,12 13 15 19 28 | 4
162211,2026-07-06,7 13 15 23 33 | 1
162212,2026-07-06,14 23 24 30 33 | 4
162213,2026-07-06,1 2 10 26 30 | 3
162214,2026-07-06,8 12 13 18 35 | 3
162215,2026-07-06,3 12 13 24 28 | 1
162216,2026-07-06,7 10 20 21 35 | 4
162217,2026-07-06,4 6 17 19 20 | 2
162218,2026-07-06,11 12 13 22 32 | 1
162219,2026-07-06,6 22 26 30 32 | 1
162220,2026-07-06,4 30 31 33 36 | 4
162221,2026-07-06,10 17 18 24 32 | 2
162222,2026-07-06,4 7 16 25 36 | 1
162223,2026-07-06,1 28 32 34 36 | 4
162224,2026-07-06,3 6 8 23 26 | 4
162225,2026-07-06,3 10 11 16 33 | 1
162226,2026-07-06,2 12 23 34 35 | 3
162227,2026-07-06,17 23 29 31 32 | 2
162228,2026-07-06,1 3 19 28 32 | 3
162229,2026-07-06,4 6 18 32 36 | 1
162230,2026-07-06,5 6 8 15 30 | 4
162231,2026-07-06,2 6 10 13 23 | 3
162232,2026-07-06,3 5 15 20 21 | 3
162233,2026-07-06,3 22 24 26 28 | 2
162234,2026-07-06,6 8 14 21 29 | 4
162235,2026-07-06,8 12 28 31 34 | 1
162236,2026-07-06,10 19 28 30 33 | 3
162237,2026-07-06,12 19 28 29 32 | 1
162238,2026-07-06,4 11 12 17 35 | 3
162239,2026-07-06,1 2 25 31 35 | 4
162240,2026-07-06,4 8 12 13 19 | 3
162241,2026-07-06,7 8 23 25 35 | 4
162242,2026-07-06,5 16 18 20 28 | 1
162243,2026-07-06,11 19 23 31 34 | 2
162244,2026-07-06,1 2 12 24 31 | 3
162245,2026-07-06,10 15 16 17 25 | 4
162246,2026-07-06,5 9 26 28 33 | 2
162247,2026-07-06,6 15 26 30 35 | 3
162248,2026-07-06,6 7 11 22 24 | 2
162249,2026-07-06,1 9 10 21 24 | 1
162250,2026-07-06,3 9 13 17 25 | 2
162251,2026-07-06,2 4 9 11 30 | 4
162252,2026-07-06,17 22 24 29 35 | 1
162253,2026-07-06,4 6 7 10 25 | 2
162254,2026-07-06,17 19 21 30 31 | 3
162255,2026-07-06,6 7 11 26 34 | 2
162256,2026-07-06,6 10 31 32 35 | 1
162257,2026-07-06,6 23 26 33 36 | 3
162258,2026-07-06,16 19 22 29 32 | 4
162259,2026-07-06,9 17 23 30 36 | 1
162260,2026-07-07,3 5 18 29 35 | 1
162261,2026-07-07,2 11 27 32 34 | 1
162262,2026-07-07,1 20 30 31 35 | 4
162263,2026-07-07,11 14 17 20 30 | 2
162264,2026-07-07,1 12 24 29 30 | 2
162265,2026-07-07,14 25 27 30 36 | 4
162266,2026-07-07,15 19 20 24 28 | 1
162267,2026-07-07,2 3 5 11 15 | 2
162268,2026-07-07,5 6 14 24 28 | 1
162269,2026-07-07,2 8 10 22 33 | 3
162270,2026-07-07,1 4 19 29 36 | 3
162271,2026-07-07,1 12 13 22 26 | 1
162272,2026-07-07,2 21 23 30 34 | 2
162273,2026-07-07,11 12 18 19 33 | 2
162274,2026-07-07,2 7 8 21 32 | 4
162275,2026-07-07,4 15 23 26 30 | 4
162276,2026-07-07,11 23 28 29 35 | 2
162277,2026-07-07,8 16 18 24 36 | 2
162278,2026-07-07,3 16 18 27 34 | 2
162279,2026-07-07,2 6 15 26 30 | 4
162280,2026-07-07,12 16 32 33 35 | 2
162281,2026-07-07,11 20 21 29 32 | 1
162282,2026-07-07,5 6 19 21 32 | 2
162283,2026-07-07,2 9 14 24 34 | 3
162284,2026-07-07,2 3 14 19 26 | 4
162285,2026-07-07,1 10 21 34 35 | 3
162286,2026-07-07,1 11 20 22 25 | 1
162287,2026-07-07,8 13 22 28 36 | 4
162288,2026-07-07,1 25 28 29 36 | 4
162289,2026-07-07,1 2 3 16 34 | 2
162290,2026-07-07,2 5 9 11 36 | 1
162291,2026-07-07,1 11 28 31 34 | 3
162292,2026-07-07,2 8 11 21 32 | 4
162293,2026-07-07,1 3 5 18 30 | 1
162294,2026-07-07,2 8 14 23 28 | 2
162295,2026-07-07,2 5 6 16 31 | 3
162296,2026-07-07,2 6 10 15 28 | 4
162297,2026-07-07,7 12 30 35 36 | 2
162298,2026-07-07,5 20 23 26 30 | 1
162299,2026-07-07,3 9 17 21 30 | 1
162300,2026-07-07,5 9 15 21 31 | 3
162301,2026-07-07,6 19 24 28 36 | 3
162302,2026-07-07,2 13 24 31 35 | 4
162303,2026-07-07,1 5 13 22 34 | 2
162304,2026-07-07,2 7 9 25 32 | 3
162305,2026-07-07,12 21 32 33 36 | 3
162306,2026-07-07,1 9 14 16 36 | 1
162307,2026-07-07,12 13 14 33 35 | 3
162308,2026-07-07,6 10 22 23 26 | 2
162309,2026-07-07,7 13 23 28 32 | 1
162310,2026-07-07,4 17 18 19 28 | 3
162311,2026-07-07,5 6 7 12 14 | 2
162312,2026-07-07,1 4 6 11 16 | 2
162313,2026-07-07,3 9 17 27 29 | 1
162314,2026-07-07,1 3 7 25 26 | 4
162315,2026-07-07,7 16 25 27 29 | 4
162316,2026-07-07,17 20 23 24 32 | 2
162317,2026-07-07,19 20 25 26 33 | 4
162318,2026-07-07,6 13 21 27 32 | 2
162319,2026-07-08,2 12 13 15 30 | 3
162320,2026-07-08,15 17 26 31 36 | 4
162321,2026-07-08,4 9 13 30 34 | 1
162322,2026-07-08,7 16 19 20 24 | 3
162323,2026-07-08,24 25 26 28 29 | 4
162324,2026-07-08,5 15 21 22 31 | 2
162325,2026-07-08,10 12 17 34 36 | 2
162326,2026-07-08,16 19 20 21 35 | 2
162327,2026-07-08,1 13 15 17 23 | 2
162328,2026-07-08,20 23 26 33 36 | 2
162329,2026-07-08,3 11 15 34 35 | 1
162330,2026-07-08,4 8 11 29 34 | 4
162331,2026-07-08,15 18 22 28 36 | 4
162332,2026-07-08,15 18 23 24 36 | 4
162333,2026-07-08,7 9 16 27 36 | 2
162334,2026-07-08,3 4 5 11 26 | 3
162335,2026-07-08,1 23 30 32 33 | 4
162336,2026-07-08,6 11 15 22 36 | 3
162337,2026-07-08,5 9 17 20 36 | 4
162338,2026-07-08,4 10 11 15 32 | 4
162339,2026-07-08,12 15 22 29 34 | 4
162340,2026-07-08,14 19 31 35 36 | 4
162341,2026-07-08,9 14 22 32 36 | 2
162342,2026-07-08,3 7 13 16 30 | 4
162343,2026-07-08,18 19 26 27 34 | 3
162344,2026-07-08,1 22 23 26 29 | 3
162345,2026-07-08,3 6 22 27 29 | 4
162346,2026-07-08,9 18 27 29 36 | 2
162347,2026-07-08,1 3 5 25 28 | 3
162348,2026-07-08,2 12 18 19 35 | 4
162349,2026-07-08,5 8 9 19 26 | 2
162350,2026-07-08,2 18 20 31 34 | 3
162351,2026-07-08,7 19 23 29 33 | 3
162352,2026-07-08,3 5 16 26 30 | 2
162353,2026-07-08,3 9 14 22 24 | 3
162354,2026-07-08,4 13 21 23 35 | 2
162355,2026-07-08,23 27 29 31 36 | 4
162356,2026-07-08,7 10 13 20 27 | 4
162357,2026-07-08,16 17 19 22 27 | 2
162358,2026-07-08,3 6 11 27 31 | 1
162359,2026-07-08,8 11 13 25 35 | 1
162360,2026-07-08,5 10 20 30 34 | 3
162361,2026-07-08,5 26 32 34 36 | 1
162362,2026-07-08,18 23 24 27 36 | 4
162363,2026-07-08,5 11 14 29 31 | 4
162364,2026-07-08,7 16 27 28 33 | 3
162365,2026-07-08,1 12 29 31 33 | 2
162366,2026-07-08,3 13 21 22 33 | 4
162367,2026-07-08,12 19 20 28 34 | 2
162368,2026-07-08,8 14 17 24 31 | 2
162369,2026-07-08,7 9 15 17 34 | 3
162370,2026-07-08,2 5 19 21 29 | 2
162371,2026-07-08,2 4 5 11 30 | 2
162372,2026-07-08,11 19 23 27 36 | 3
162373,2026-07-08,1 2 10 16 33 | 2
162374,2026-07-08,3 7 14 19 32 | 3
162375,2026-07-08,9 23 29 31 32 | 1
162376,2026-07-08,6 9 20 29 32 | 1
162377,2026-07-08,1 7 8 29 36 | 1
162378,2026-07-09,2 5 10 12 26 | 4
162379,2026-07-09,2 6 11 20 26 | 3
162380,2026-07-09,13 16 19 33 34 | 1
162381,2026-07-09,1 5 13 20 33 | 3
162382,2026-07-09,4 12 19 33 36 | 1
162383,2026-07-09,3 11 18 27 34 | 1
162384,2026-07-09,8 12 23 24 36 | 3
162385,2026-07-09,5 19 22 26 35 | 4
162386,2026-07-09,12 15 17 23 27 | 1
162387,2026-07-09,22 26 27 30 31 | 4
162388,2026-07-09,14 18 23 24 27 | 1
162389,2026-07-09,9 12 25 27 34 | 4
162390,2026-07-09,17 26 28 30 32 | 2
162391,2026-07-09,4 6 18 30 34 | 2
162392,2026-07-09,4 8 20 22 29 | 1
162393,2026-07-09,15 17 27 32 33 | 1
162394,2026-07-09,1 5 10 19 22 | 2
162395,2026-07-09,2 8 12 21 29 | 3
162396,2026-07-09,10 11 24 31 33 | 2
162397,2026-07-09,4 5 14 33 35 | 2
162398,2026-07-09,3 6 9 10 29 | 2
162399,2026-07-09,11 16 20 24 33 | 2
162400,2026-07-09,4 5 21 31 34 | 4
162401,2026-07-09,2 13 24 34 36 | 4
162402,2026-07-09,16 17 19 28 32 | 4
162403,2026-07-09,7 9 18 23 26 | 4
162404,2026-07-09,3 4 5 12 17 | 4
162405,2026-07-09,11 15 22 26 30 | 1
162406,2026-07-09,9 15 17 25 30 | 2
162407,2026-07-09,3 5 16 19 30 | 2
162408,2026-07-09,5 6 21 24 31 | 2
162409,2026-07-09,1 3 17 30 36 | 2
162410,2026-07-09,1 10 28 29 35 | 1
162411,2026-07-09,5 16 19 20 32 | 1
162412,2026-07-09,7 9 32 34 36 | 2
162413,2026-07-09,14 23 27 31 36 | 1
162414,2026-07-09,6 11 14 23 24 | 2
162415,2026-07-09,5 7 13 18 31 | 1
162416,2026-07-09,2 13 17 24 25 | 1
162417,2026-07-09,8 12 16 25 29 | 2
162418,2026-07-09,9 10 24 32 35 | 3
162419,2026-07-09,15 27 28 32 33 | 2
162420,2026-07-09,12 16 22 33 36 | 3
162421,2026-07-09,5 13 26 30 36 | 2
162422,2026-07-09,11 20 28 34 35 | 4
162423,2026-07-09,11 15 16 18 36 | 3
162424,2026-07-09,1 14 17 19 27 | 2
162425,2026-07-09,2 11 21 26 36 | 2
162426,2026-07-09,17 19 21 24 26 | 1
162427,2026-07-09,6 15 21 31 34 | 4
162428,2026-07-09,3 9 15 22 23 | 2
162429,2026-07-09,6 7 15 18 19 | 1
162430,2026-07-09,2 16 25 27 28 | 3
162431,2026-07-09,4 7 24 32 36 | 4
162432,2026-07-09,1 11 16 31 35 | 3
162433,2026-07-09,5 19 28 30 33 | 3
162434,2026-07-09,6 10 24 30 32 | 2
162435,2026-07-09,3 10 14 33 36 | 4
162436,2026-07-09,1 2 10 22 33 | 2
162437,2026-07-10,2 9 23 27 29 | 1
162438,2026-07-10,9 16 17 30 35 | 4
162439,2026-07-10,1 4 8 18 26 | 1
162440,2026-07-10,5 14 20 29 34 | 3
162441,2026-07-10,16 24 28 31 35 | 4
162442,2026-07-10,1 14 22 30 32 | 2
162443,2026-07-10,2 5 7 31 34 | 4
162444,2026-07-10,16 17 23 26 30 | 1
162445,2026-07-10,1 7 12 14 34 | 2
162446,2026-07-10,4 6 11 15 19 | 4
162447,2026-07-10,7 18 26 29 36 | 1
162448,2026-07-10,3 6 32 33 35 | 4
162449,2026-07-10,3 8 9 12 30 | 4
162450,2026-07-10,5 11 12 30 34 | 1
162451,2026-07-10,14 20 25 33 34 | 1
162452,2026-07-10,9 10 11 12 21 | 1
162453,2026-07-10,9 17 20 32 34 | 4
162454,2026-07-10,3 11 20 22 28 | 2
162455,2026-07-10,6 10 16 26 32 | 1
162456,2026-07-10,7 20 23 25 30 | 4
162457,2026-07-10,2 3 12 26 32 | 3
162458,2026-07-10,11 22 28 30 33 | 4
162459,2026-07-10,3 7 9 11 32 | 2
162460,2026-07-10,10 15 18 21 22 | 2
162461,2026-07-10,6 14 23 26 31 | 4
162462,2026-07-10,6 7 8 22 36 | 4
162463,2026-07-10,5 12 26 29 34 | 3
162464,2026-07-10,2 13 14 20 25 | 4
162465,2026-07-10,9 12 20 27 32 | 1
162466,2026-07-10,14 15 29 31 35 | 4
162467,2026-07-10,2 7 13 28 30 | 1
162468,2026-07-10,4 14 19 20 26 | 2
162469,2026-07-10,6 7 12 15 35 | 1
162470,2026-07-10,7 19 23 26 35 | 1
162471,2026-07-10,1 6 17 21 24 | 2
162472,2026-07-10,2 12 16 20 29 | 1
162473,2026-07-10,6 16 21 27 33 | 3
162474,2026-07-10,11 12 17 30 33 | 4
162475,2026-07-10,1 2 5 7 17 | 1
162476,2026-07-10,15 19 21 23 33 | 1
162477,2026-07-10,7 8 14 21 25 | 4
162478,2026-07-10,10 20 22 33 36 | 4
162479,2026-07-10,4 14 20 25 35 | 1
162480,2026-07-10,1 11 14 27 29 | 3
162481,2026-07-10,3 28 30 34 35 | 4
162482,2026-07-10,2 15 18 25 30 | 1
162483,2026-07-10,13 17 23 30 36 | 4
162484,2026-07-10,3 9 12 27 36 | 3
162485,2026-07-10,2 14 21 24 26 | 1
162486,2026-07-10,4 5 13 19 28 | 4
162487,2026-07-10,1 3 4 11 32 | 4
162488,2026-07-10,8 18 27 30 35 | 2
162489,2026-07-10,5 12 15 27 30 | 2
162490,2026-07-10,4 13 16 25 32 | 4
162491,2026-07-10,2 8 11 21 24 | 2
162492,2026-07-10,1 15 16 22 28 | 1
162493,2026-07-10,7 10 16 25 29 | 1
162494,2026-07-10,2 7 8 13 26 | 4
162495,2026-07-10,4 16 17 29 32 | 3
162496,2026-07-11,1 5 12 30 35 | 3
162497,2026-07-11,6 13 14 28 36 | 3
162498,2026-07-11,6 10 15 26 32 | 2
162499,2026-07-11,1 4 6 16 18 | 1
162500,2026-07-11,4 8 15 35 36 | 2
162501,2026-07-11,5 6 7 33 34 | 1
162502,2026-07-11,4 9 10 22 24 | 1
162503,2026-07-11,2 10 22 25 31 | 4
162504,2026-07-11,6 8 23 28 32 | 1
162505,2026-07-11,1 2 11 12 36 | 1
162506,2026-07-11,7 16 25 26 28 | 4
162507,2026-07-11,5 8 11 13 30 | 1
162508,2026-07-11,2 14 18 21 26 | 1
162509,2026-07-11,2 19 29 30 32 | 1
162510,2026-07-11,4 8 13 22 28 | 4
162511,2026-07-11,3 4 15 30 32 | 3
162512,2026-07-11,4 13 23 24 25 | 3
162513,2026-07-11,1 7 14 17 31 | 3
162514,2026-07-11,10 16 22 26 31 | 1
162515,2026-07-11,4 21 27 28 32 | 1
162516,2026-07-11,1 3 6 15 34 | 3
162517,2026-07-11,4 11 13 19 32 | 4
162518,2026-07-11,1 7 22 23 34 | 1
162519,2026-07-11,6 15 17 32 33 | 1
162520,2026-07-11,18 24 26 29 36 | 1
162521,2026-07-11,5 9 13 23 36 | 1
162522,2026-07-11,4 6 10 17 30 | 4
162523,2026-07-11,3 8 10 23 29 | 3
162524,2026-07-11,6 9 13 17 29 | 1
162525,2026-07-11,1 5 6 11 30 | 1
162526,2026-07-11,13 33 34 35 36 | 1
162527,2026-07-11,7 16 19 20 23 | 3
162528,2026-07-11,3 19 21 26 36 | 3
162529,2026-07-11,4 10 12 15 20 | 1
162530,2026-07-11,2 11 19 25 35 | 4
162531,2026-07-11,3 8 11 12 13 | 2
162532,2026-07-11,10 14 27 28 34 | 1
162533,2026-07-11,3 14 17 19 27 | 3
162534,2026-07-11,4 6 18 33 35 | 4
162535,2026-07-11,1 2 3 22 25 | 4
162536,2026-07-11,1 12 15 16 32 | 1
162537,2026-07-11,5 6 8 23 35 | 2
162538,2026-07-11,11 18 22 25 32 | 2
162539,2026-07-11,7 15 16 24 27 | 1
162540,2026-07-11,2 7 8 9 14 | 4
162541,2026-07-11,5 18 20 23 24 | 1
162542,2026-07-11,8 20 24 25 33 | 1
162543,2026-07-11,5 13 18 25 35 | 2
162544,2026-07-11,2 19 22 34 36 | 4
162545,2026-07-11,8 11 13 18 25 | 3
162546,2026-07-11,4 10 11 16 34 | 2
162547,2026-07-11,7 13 14 19 34 | 2
162548,2026-07-11,1 18 19 22 33 | 2
162549,2026-07-11,5 8 13 17 20 | 1
162550,2026-07-11,2 6 22 26 33 | 2
162551,2026-07-11,5 7 10 17 22 | 3
162552,2026-07-11,5 17 19 23 30 | 1
162553,2026-07-12,3 4 21 27 34 | 4
162554,2026-07-12,2 5 7 34 36 | 1
162555,2026-07-12,1 4 13 17 25 | 4
162556,2026-07-12,6 12 19 24 28 | 1
162557,2026-07-12,7 12 16 21 35 | 3
162558,2026-07-12,5 18 24 33 34 | 2
162559,2026-07-12,1 7 18 22 26 | 2
162560,2026-07-12,7 11 16 23 29 | 2
162561,2026-07-12,7 23 25 32 36 | 2
162562,2026-07-12,6 8 30 31 33 | 3
162563,2026-07-12,7 22 25 28 35 | 1
162564,2026-07-12,2 9 14 29 30 | 2
162565,2026-07-12,6 10 21 24 28 | 1
162566,2026-07-12,4 5 6 18 22 | 3
162567,2026-07-12,5 22 23 31 34 | 4
162568,2026-07-12,3 13 26 29 32 | 3
162569,2026-07-12,1 20 24 26 27 | 3
162570,2026-07-12,2 14 19 26 31 | 3
162571,2026-07-12,13 18 19 27 28 | 2
162572,2026-07-12,4 10 29 32 33 | 3
162573,2026-07-12,12 16 20 29 34 | 4
162574,2026-07-12,7 13 23 29 32 | 2
162575,2026-07-12,2 21 22 32 34 | 3
162576,2026-07-12,12 14 19 29 36 | 3
162577,2026-07-12,9 15 16 32 34 | 1
162578,2026-07-12,3 4 5 23 32 | 3
162579,2026-07-12,4 7 10 14 19 | 3
162580,2026-07-12,15 16 17 22 30 | 1
162581,2026-07-12,8 15 19 26 33 | 2
162582,2026-07-12,11 16 19 20 36 | 3
162583,2026-07-12,1 5 7 24 32 | 3
162584,2026-07-12,6 14 21 30 36 | 4
162585,2026-07-12,13 27 28 31 33 | 1
162586,2026-07-12,4 10 24 28 29 | 4
162587,2026-07-12,14 16 27 28 30 | 4
162588,2026-07-12,4 5 17 18 26 | 3
162589,2026-07-12,2 13 17 29 31 | 4
162590,2026-07-12,6 9 12 24 32 | 1
162591,2026-07-12,2 12 13 20 24 | 2
162592,2026-07-12,18 20 25 31 32 | 3
162593,2026-07-12,1 18 21 23 30 | 2
162594,2026-07-12,1 14 27 33 36 | 2
162595,2026-07-12,4 16 25 31 34 | 4
162596,2026-07-12,10 11 18 22 24 | 3
162597,2026-07-12,18 19 26 29 34 | 3
162598,2026-07-12,2 13 26 31 33 | 3
162599,2026-07-12,1 10 14 16 27 | 3
162600,2026-07-12,10 19 22 32 35 | 2
162601,2026-07-12,10 20 27 31 33 | 1
162602,2026-07-12,1 8 16 17 18 | 2
162603,2026-07-12,6 9 13 20 21 | 3
162604,2026-07-12,13 15 24 33 34 | 4
162605,2026-07-12,8 9 11 21 24 | 3
162606,2026-07-12,1 4 6 9 23 | 4
162607,2026-07-12,14 21 23 30 32 | 2
162608,2026-07-12,11 14 15 16 28 | 2
162609,2026-07-12,1 6 7 18 33 | 4
162610,2026-07-12,1 6 16 19 32 | 4
162611,2026-07-12,7 9 13 27 34 | 1
162612,2026-07-13,9 10 16 17 33 | 3
162613,2026-07-13,14 15 17 21 26 | 1
162614,2026-07-13,4 9 11 19 36 | 4
162615,2026-07-13,4 14 16 18 32 | 4
162616,2026-07-13,8 11 18 20 30 | 3
162617,2026-07-13,5 18 24 25 29 | 1
162618,2026-07-13,10 16 23 25 36 | 1
162619,2026-07-13,4 5 16 28 30 | 2
162620,2026-07-13,1 11 19 23 25 | 4
162621,2026-07-13,12 14 18 22 26 | 1
162622,2026-07-13,2 7 15 34 36 | 3
162623,2026-07-13,5 13 15 25 34 | 4
162624,2026-07-13,6 8 11 16 31 | 4
162625,2026-07-13,1 8 11 13 14 | 4
162626,2026-07-13,2 6 12 15 33 | 2
162627,2026-07-13,3 7 16 20 22 | 1
162628,2026-07-13,3 6 15 16 25 | 4
162629,2026-07-13,8 12 15 32 33 | 1
162630,2026-07-13,11 12 17 18 25 | 4
162631,2026-07-13,3 4 6 19 35 | 2
162632,2026-07-13,7 28 31 35 36 | 3
162633,2026-07-13,2 3 4 5 25 | 3
162634,2026-07-13,5 9 12 14 21 | 4
162635,2026-07-13,5 11 12 15 23 | 1
162636,2026-07-13,9 16 20 24 32 | 3
162637,2026-07-13,1 4 11 23 32 | 4
162638,2026-07-13,1 12 14 16 32 | 2
162639,2026-07-13,10 15 19 23 31 | 2
162640,2026-07-13,2 12 17 24 30 | 2
162641,2026-07-13,6 13 24 34 35 | 1
162642,2026-07-13,7 8 10 18 20 | 2
162643,2026-07-13,3 22 27 29 33 | 2
162644,2026-07-13,1 5 17 19 33 | 4
162645,2026-07-13,4 14 27 32 35 | 3
162646,2026-07-13,1 3 8 18 23 | 2
162647,2026-07-13,15 19 27 31 36 | 1
162648,2026-07-13,4 9 12 25 32 | 3
162649,2026-07-13,13 22 25 28 32 | 3
162650,2026-07-13,2 3 16 17 30 | 2
162651,2026-07-13,1 12 18 26 28 | 3
162652,2026-07-13,2 5 9 16 33 | 2
162653,2026-07-13,13 22 32 34 36 | 4
162654,2026-07-13,8 11 17 29 35 | 3
162655,2026-07-13,2 10 22 28 29 | 1
162656,2026-07-13,16 21 23 26 28 | 1
162657,2026-07-13,7 9 19 21 31 | 1
162658,2026-07-13,1 15 30 32 35 | 2
162659,2026-07-13,13 21 28 32 35 | 3
162660,2026-07-13,5 7 8 20 35 | 4
162661,2026-07-13,1 3 13 15 19 | 4
162662,2026-07-13,4 10 18 26 34 | 2
162663,2026-07-13,1 23 25 28 29 | 1
162664,2026-07-13,9 23 27 29 36 | 4
162665,2026-07-13,2 12 16 22 31 | 2
162666,2026-07-13,9 18 21 31 32 | 2
162667,2026-07-13,18 20 26 29 33 | 3
162668,2026-07-13,2 3 6 11 27 | 4
162669,2026-07-13,6 16 23 28 29 | 1
162670,2026-07-13,2 5 10 14 23 | 3
162671,2026-07-14,2 3 18 21 25 | 1
162672,2026-07-14,19 23 28 32 35 | 2
162673,2026-07-14,7 13 18 19 35 | 4
162674,2026-07-14,6 11 20 26 30 | 3
162675,2026-07-14,3 9 14 16 31 | 3
162676,2026-07-14,8 16 18 19 24 | 3
162677,2026-07-14,4 12 21 29 31 | 3
162678,2026-07-14,2 4 9 16 29 | 1
162679,2026-07-14,5 26 27 31 36 | 3
162680,2026-07-14,1 2 7 8 20 | 4
162681,2026-07-14,4 5 17 33 35 | 1
162682,2026-07-14,1 2 6 9 17 | 3
162683,2026-07-14,1 9 13 17 18 | 2
162684,2026-07-14,2 4 18 22 36 | 2
162685,2026-07-14,1 3 12 26 36 | 2
162686,2026-07-14,4 9 10 13 24 | 1
162687,2026-07-14,1 8 18 28 36 | 3
162688,2026-07-14,2 14 23 30 35 | 2
162689,2026-07-14,3 8 9 20 32 | 3
162690,2026-07-14,10 15 20 29 33 | 3
162691,2026-07-14,11 14 27 31 32 | 3
162692,2026-07-14,19 24 32 35 36 | 2
162693,2026-07-14,1 6 15 19 29 | 4
162694,2026-07-14,2 20 31 33 34 | 3
162695,2026-07-14,8 15 18 26 30 | 3
162696,2026-07-14,14 23 27 28 31 | 4
162697,2026-07-14,5 19 21 35 36 | 2
162698,2026-07-14,7 9 14 23 27 | 3
162699,2026-07-14,7 12 24 29 35 | 2
162700,2026-07-14,11 17 30 31 34 | 4
162701,2026-07-14,6 8 17 18 26 | 2
162702,2026-07-14,3 9 19 28 34 | 4
162703,2026-07-14,1 9 11 24 33 | 3
162704,2026-07-14,2 9 19 20 25 | 4
162705,2026-07-14,3 5 17 32 36 | 3
162706,2026-07-14,2 10 17 25 35 | 1
162707,2026-07-14,2 4 11 20 24 | 4
162708,2026-07-14,1 11 25 27 32 | 1
162709,2026-07-14,2 21 23 32 36 | 4
162710,2026-07-14,5 9 15 33 34 | 1
162711,2026-07-14,2 5 6 12 18 | 4
162712,2026-07-14,2 3 26 28 30 | 1
162713,2026-07-14,12 13 14 17 31 | 2
162714,2026-07-14,1 2 25 26 32 | 2
162715,2026-07-14,8 15 21 31 32 | 3
162716,2026-07-14,4 5 6 8 29 | 3
162717,2026-07-14,11 14 15 30 33 | 2
162718,2026-07-14,1 7 9 12 27 | 1
162719,2026-07-14,1 25 26 29 30 | 4
162720,2026-07-14,1 4 7 20 23 | 2
162721,2026-07-14,8 12 13 25 35 | 4
162722,2026-07-14,10 13 23 30 34 | 2
162723,2026-07-14,8 16 28 30 35 | 4
162724,2026-07-14,11 15 22 29 33 | 1
162725,2026-07-14,2 20 23 24 33 | 3
162726,2026-07-14,1 7 12 13 32 | 1
162727,2026-07-14,2 7 22 25 26 | 4
162728,2026-07-14,4 10 11 17 21 | 3
162729,2026-07-14,1 16 25 26 34 | 2
162730,2026-07-15,1 10 12 18 32 | 4
162731,2026-07-15,1 11 23 25 36 | 2
162732,2026-07-15,1 2 17 28 33 | 1
162733,2026-07-15,4 7 10 11 28 | 1
162734,2026-07-15,10 14 21 24 28 | 4
162735,2026-07-15,13 18 19 25 35 | 1
162736,2026-07-15,2 8 9 11 33 | 1
162737,2026-07-15,2 8 9 20 25 | 3
162738,2026-07-15,2 3 5 12 15 | 1
162739,2026-07-15,3 7 18 27 31 | 3
162740,2026-07-15,5 17 25 30 36 | 3
162741,2026-07-15,1 11 20 21 33 | 1
162742,2026-07-15,3 16 18 21 27 | 3
162743,2026-07-15,2 9 17 23 31 | 4
162744,2026-07-15,14 18 23 25 36 | 3
162745,2026-07-15,6 7 14 27 34 | 2
162746,2026-07-15,17 19 22 24 31 | 4
162747,2026-07-15,7 12 16 34 35 | 1
162748,2026-07-15,3 13 14 33 36 | 2
162749,2026-07-15,4 5 22 28 32 | 1
162750,2026-07-15,1 2 17 19 33 | 2
162751,2026-07-15,7 10 20 25 36 | 3
162752,2026-07-15,14 22 24 31 34 | 4
162753,2026-07-15,9 13 14 26 33 | 3
162754,2026-07-15,10 15 17 18 33 | 3
162755,2026-07-15,18 19 32 34 35 | 1
162756,2026-07-15,2 10 11 18 20 | 4
162757,2026-07-15,10 16 26 32 35 | 4
162758,2026-07-15,11 13 15 28 35 | 2
162759,2026-07-15,3 7 8 21 30 | 1
162760,2026-07-15,6 17 22 23 36 | 4
162761,2026-07-15,17 18 22 26 33 | 3
162762,2026-07-15,4 5 15 29 30 | 2
162763,2026-07-15,17 18 19 24 28 | 4
162764,2026-07-15,7 10 12 15 22 | 2
162765,2026-07-15,3 12 28 30 31 | 1
162766,2026-07-15,10 12 20 22 28 | 4
162767,2026-07-15,8 20 26 28 32 | 2
162768,2026-07-15,1 6 18 22 34 | 1
162769,2026-07-15,3 17 24 27 32 | 4
162770,2026-07-15,8 14 25 27 30 | 4
162771,2026-07-15,13 16 17 20 30 | 4
162772,2026-07-15,5 17 27 32 35 | 2
162773,2026-07-15,6 9 18 28 33 | 3
162774,2026-07-15,2 9 24 30 34 | 3
162775,2026-07-15,6 14 18 22 28 | 1
162776,2026-07-15,5 10 25 26 28 | 3
162777,2026-07-15,3 4 9 16 32 | 1
162778,2026-07-15,5 13 22 26 27 | 4
162779,2026-07-15,4 5 26 32 35 | 3
162780,2026-07-15,10 14 17 34 35 | 2
162781,2026-07-15,6 19 21 25 27 | 3
162782,2026-07-15,1 3 4 5 16 | 4
162783,2026-07-15,7 16 29 30 32 | 3
162784,2026-07-15,4 9 17 26 32 | 4
162785,2026-07-15,7 13 19 20 30 | 1
162786,2026-07-15,13 15 22 23 24 | 3
162787,2026-07-15,6 9 26 28 30 | 3
162788,2026-07-15,17 25 27 34 35 | 3
162789,2026-07-16,3 20 21 35 36 | 2
162790,2026-07-16,2 13 15 16 31 | 4
162791,2026-07-16,7 21 24 26 28 | 2
162792,2026-07-16,1 3 24 31 33 | 4
162793,2026-07-16,13 18 20 35 36 | 1
162794,2026-07-16,4 18 24 33 36 | 2
162795,2026-07-16,6 7 22 23 33 | 1
162796,2026-07-16,3 10 28 29 35 | 4
162797,2026-07-16,2 19 21 25 34 | 2
162798,2026-07-16,12 17 18 27 31 | 3
162799,2026-07-16,1 7 8 19 35 | 3
162800,2026-07-16,3 12 18 27 28 | 2
162801,2026-07-16,3 9 18 19 35 | 1
162802,2026-07-16,17 18 22 26 34 | 3
162803,2026-07-16,6 7 15 17 25 | 2
162804,2026-07-16,8 9 17 20 24 | 3
162805,2026-07-16,1 4 14 21 29 | 1
162806,2026-07-16,3 17 21 30 33 | 1
162807,2026-07-16,4 10 24 30 33 | 2
162808,2026-07-16,1 18 21 32 36 | 2
162809,2026-07-16,1 5 8 14 20 | 4
162810,2026-07-16,3 7 17 22 26 | 3
162811,2026-07-16,13 17 18 20 27 | 1
162812,2026-07-16,10 19 25 26 36 | 2
162813,2026-07-16,3 7 8 9 21 | 1
162814,2026-07-16,8 9 12 18 31 | 3
162815,2026-07-16,3 8 20 21 26 | 3
162816,2026-07-16,2 6 16 20 34 | 1
162817,2026-07-16,1 4 7 8 12 | 3
162818,2026-07-16,9 18 25 26 28 | 3
162819,2026-07-16,4 10 13 14 35 | 4
162820,2026-07-16,8 14 17 20 34 | 3
162821,2026-07-16,3 6 16 25 34 | 3
162822,2026-07-16,9 13 22 24 25 | 4
162823,2026-07-16,1 5 10 18 35 | 2
162824,2026-07-16,7 8 28 33 34 | 3
162825,2026-07-16,9 13 15 24 32 | 2
162826,2026-07-16,6 14 22 25 30 | 3
162827,2026-07-16,4 17 20 28 35 | 1
162828,2026-07-16,2 15 25 28 34 | 3
162829,2026-07-16,19 21 23 27 31 | 3
162830,2026-07-16,7 11 12 14 26 | 3
162831,2026-07-16,2 4 10 19 26 | 1
162832,2026-07-16,2 21 24 27 36 | 4
162833,2026-07-16,13 14 24 28 35 | 2
162834,2026-07-16,18 19 21 26 31 | 3
162835,2026-07-16,4 15 16 17 25 | 1
162836,2026-07-16,1 18 19 29 31 | 1
162837,2026-07-16,2 16 18 23 29 | 3
162838,2026-07-16,2 15 17 18 19 | 3
162839,2026-07-16,10 18 24 27 32 | 3
162840,2026-07-16,7 9 20 23 25 | 4
162841,2026-07-16,10 17 24 27 28 | 1
162842,2026-07-16,2 14 23 24 34 | 3
162843,2026-07-16,5 18 21 22 32 | 3
162844,2026-07-16,6 12 26 28 32 | 2
162845,2026-07-16,8 16 19 20 29 | 2
162846,2026-07-16,7 8 10 29 36 | 2
162847,2026-07-16,5 16 18 26 32 | 2
162848,2026-07-17,8 11 23 24 28 | 4
162849,2026-07-17,4 11 20 30 35 | 4
162850,2026-07-17,8 9 17 22 28 | 2
162851,2026-07-17,2 12 13 25 35 | 3
162852,2026-07-17,5 10 23 26 32 | 3
162853,2026-07-17,6 16 19 26 29 | 1
162854,2026-07-17,14 15 16 27 29 | 4
162855,2026-07-17,1 6 12 14 35 | 2
162856,2026-07-17,14 19 20 33 34 | 3
162857,2026-07-17,7 10 12 14 31 | 3
162858,2026-07-17,4 5 20 26 36 | 2
162859,2026-07-17,10 16 24 26 36 | 2
162860,2026-07-17,6 15 20 21 32 | 4
162861,2026-07-17,1 3 25 27 36 | 2
162862,2026-07-17,13 18 22 25 29 | 3
162863,2026-07-17,9 10 16 18 22 | 1
162864,2026-07-17,4 5 6 23 33 | 1
162865,2026-07-17,13 28 29 33 34 | 1
162866,2026-07-17,1 2 8 22 34 | 4
162867,2026-07-17,4 13 20 24 25 | 3
162868,2026-07-17,11 13 18 28 31 | 4
162869,2026-07-17,10 20 21 25 30 | 3
162870,2026-07-17,5 11 18 26 34 | 2
162871,2026-07-17,8 22 24 33 34 | 2
162872,2026-07-17,3 10 13 22 29 | 3
162873,2026-07-17,2 4 14 16 26 | 4
162874,2026-07-17,1 8 12 20 23 | 2
162875,2026-07-17,1 5 10 11 28 | 4
162876,2026-07-17,4 13 18 25 31 | 3
162877,2026-07-17,6 11 17 24 33 | 3
162878,2026-07-17,4 17 21 27 35 | 2
162879,2026-07-17,7 9 13 26 30 | 1
162880,2026-07-17,3 9 17 30 32 | 1
162881,2026-07-17,4 14 17 28 36 | 2
162882,2026-07-17,7 12 28 30 34 | 4
162883,2026-07-17,13 16 22 28 33 | 4
162884,2026-07-17,3 12 24 31 35 | 4
162885,2026-07-17,3 8 22 35 36 | 3
162886,2026-07-17,7 11 14 19 31 | 1
162887,2026-07-17,6 7 18 23 30 | 4
162888,2026-07-17,6 19 25 29 32 | 2
162889,2026-07-17,5 9 20 21 24 | 1
162890,2026-07-17,13 18 20 22 34 | 4
162891,2026-07-17,1 4 17 18 29 | 2
162892,2026-07-17,5 17 21 22 24 | 2
162893,2026-07-17,4 8 23 34 36 | 4
162894,2026-07-17,15 21 26 27 36 | 1
162895,2026-07-17,9 13 17 30 32 | 2
162896,2026-07-17,1 10 11 23 25 | 2
162897,2026-07-17,7 13 17 34 35 | 3
162898,2026-07-17,3 9 22 24 26 | 2
162899,2026-07-17,19 20 23 29 33 | 2
162900,2026-07-17,13 17 26 27 30 | 2
162901,2026-07-17,13 22 25 31 34 | 3
162902,2026-07-17,3 5 25 34 35 | 4
162903,2026-07-17,1 18 22 30 32 | 3
162904,2026-07-17,7 13 26 28 32 | 2
162905,2026-07-17,1 8 16 30 33 | 3
162906,2026-07-17,3 11 24 26 31 | 2
162907,2026-07-18,1 6 7 9 21 | 1
162908,2026-07-18,12 18 24 26 33 | 3
162909,2026-07-18,10 14 22 23 24 | 2
162910,2026-07-18,1 7 10 11 13 | 4
162911,2026-07-18,6 10 18 27 31 | 1
162912,2026-07-18,6 17 23 25 27 | 1
162913,2026-07-18,3 13 14 33 35 | 3
162914,2026-07-18,5 8 14 29 31 | 3
162915,2026-07-18,15 16 26 30 32 | 1
162916,2026-07-18,1 4 7 22 23 | 3
162917,2026-07-18,5 9 10 16 17 | 4
162918,2026-07-18,6 7 10 22 29 | 3
162919,2026-07-18,5 11 17 24 28 | 1
162920,2026-07-18,4 20 28 33 34 | 4
162921,2026-07-18,14 15 21 26 35 | 4
162922,2026-07-18,5 7 14 24 33 | 4
162923,2026-07-18,3 5 17 33 35 | 4
162924,2026-07-18,7 12 20 25 27 | 2
162925,2026-07-18,4 6 13 18 26 | 1
162926,2026-07-18,2 5 19 23 24 | 3
162927,2026-07-18,5 14 23 34 36 | 3
162928,2026-07-18,10 12 21 34 36 | 3
162929,2026-07-18,1 16 20 25 30 | 1
162930,2026-07-18,15 18 23 33 34 | 1
162931,2026-07-18,8 18 19 23 29 | 2
162932,2026-07-18,13 24 32 33 35 | 3
162933,2026-07-18,24 29 30 31 35 | 2
162934,2026-07-18,2 5 19 23 35 | 1
162935,2026-07-18,3 7 29 32 35 | 2
162936,2026-07-18,2 6 18 20 33 | 2
162937,2026-07-18,1 18 20 32 34 | 1
162938,2026-07-18,1 4 7 18 28 | 3
162939,2026-07-18,20 21 23 28 32 | 3
162940,2026-07-18,3 22 23 31 33 | 1
162941,2026-07-18,1 2 8 29 31 | 4
162942,2026-07-18,1 12 24 25 32 | 3
162943,2026-07-18,3 9 11 23 31 | 3
162944,2026-07-18,6 7 14 17 25 | 2
162945,2026-07-18,3 4 10 14 29 | 2
162946,2026-07-18,10 13 17 25 36 | 3
162947,2026-07-18,4 8 10 14 34 | 2
162948,2026-07-18,2 4 11 33 36 | 1
162949,2026-07-18,4 10 20 21 34 | 2
162950,2026-07-18,5 9 10 34 36 | 1
162951,2026-07-18,8 9 10 12 23 | 2
162952,2026-07-18,5 14 15 18 26 | 3
162953,2026-07-18,3 5 25 27 35 | 2
162954,2026-07-18,6 19 21 22 25 | 3
162955,2026-07-18,12 15 25 27 32 | 3
162956,2026-07-18,6 9 27 34 36 | 2
162957,2026-07-18,6 14 18 22 24 | 2
162958,2026-07-18,4 7 11 27 30 | 3
162959,2026-07-18,1 7 10 13 33 | 2
162960,2026-07-18,11 13 17 20 26 | 1
162961,2026-07-18,12 17 24 34 35 | 4
162962,2026-07-18,3 16 20 24 32 | 3
162963,2026-07-18,7 10 11 15 27 | 3
162964,2026-07-19,12 14 24 25 30 | 1
162965,2026-07-19,10 20 23 26 31 | 4
162966,2026-07-19,6 8 10 28 32 | 2
162967,2026-07-19,7 14 27 29 36 | 4
162968,2026-07-19,2 13 17 26 35 | 2
162969,2026-07-19,12 14 17 20 23 | 3
162970,2026-07-19,12 14 19 20 36 | 1
162971,2026-07-19,1 20 22 25 33 | 1
162972,2026-07-19,1 14 25 30 36 | 2
162973,2026-07-19,5 11 22 27 29 | 4
162974,2026-07-19,10 14 29 35 36 | 1
162975,2026-07-19,1 2 30 34 36 | 2
162976,2026-07-19,10 19 20 22 31 | 2
162977,2026-07-19,1 6 13 14 29 | 1
162978,2026-07-19,3 8 9 13 35 | 3
162979,2026-07-19,12 14 15 19 31 | 1
162980,2026-07-19,13 14 20 28 34 | 4
162981,2026-07-19,7 9 16 28 30 | 2
162982,2026-07-19,2 4 21 30 32 | 1
162983,2026-07-19,6 14 15 17 33 | 4
162984,2026-07-19,4 10 18 21 25 | 3
162985,2026-07-19,6 15 22 28 30 | 1
162986,2026-07-19,6 19 22 35 36 | 2
162987,2026-07-19,16 18 26 28 32 | 1
162988,2026-07-19,11 17 19 23 28 | 4
162989,2026-07-19,11 17 22 23 35 | 2
162990,2026-07-19,18 25 29 33 36 | 3
162991,2026-07-19,16 18 20 21 22 | 4
162992,2026-07-19,4 8 18 24 30 | 4
162993,2026-07-19,2 8 11 19 21 | 4
162994,2026-07-19,2 9 21 22 36 | 1
162995,2026-07-19,7 29 31 32 36 | 2
162996,2026-07-19,11 16 19 25 28 | 2
162997,2026-07-19,1 2 8 31 34 | 4
162998,2026-07-19,7 21 24 27 34 | 2
162999,2026-07-19,1 3 21 30 35 | 2
163000,2026-07-19,6 15 21 24 29 | 2
163001,2026-07-19,12 22 31 33 35 | 4
163002,2026-07-19,11 15 25 27 33 | 1
163003,2026-07-19,2 3 7 17 24 | 3
163004,2026-07-19,15 19 27 28 32 | 1
163005,2026-07-19,5 6 7 12 19 | 3
163006,2026-07-19,3 5 16 23 24 | 1
163007,2026-07-19,15 24 26 27 35 | 2
163008,2026-07-19,1 2 7 22 26 | 4
163009,2026-07-19,3 8 11 12 24 | 1
163010,2026-07-19,1 6 9 11 26 | 4
163011,2026-07-19,8 16 18 24 35 | 2
163012,2026-07-19,1 2 9 12 14 | 3
163013,2026-07-19,2 19 22 34 35 | 1
163014,2026-07-19,6 7 10 15 32 | 2
163015,2026-07-19,2 3 5 15 20 | 2
163016,2026-07-19,2 6 16 25 33 | 2
163017,2026-07-19,2 7 9 13 14 | 2
163018,2026-07-19,1 14 19 21 33 | 2
163019,2026-07-19,12 14 15 26 29 | 2
163020,2026-07-19,13 20 21 30 35 | 3
163021,2026-07-19,2 4 9 10 32 | 2
163022,2026-07-19,11 15 17 19 25 | 2
163023,2026-07-20,6 9 10 22 32 | 1
163024,2026-07-20,14 16 21 23 34 | 4
163025,2026-07-20,3 5 9 16 28 | 1
163026,2026-07-20,6 7 15 17 19 | 1
163027,2026-07-20,13 18 26 29 36 | 1
163028,2026-07-20,2 9 11 16 27 | 1
163029,2026-07-20,4 10 11 13 20 | 3
163030,2026-07-20,7 15 16 17 29 | 4
163031,2026-07-20,7 30 32 33 35 | 2
163032,2026-07-20,5 6 11 12 22 | 4
163033,2026-07-20,3 9 17 19 25 | 4
163034,2026-07-20,7 23 27 30 36 | 3
163035,2026-07-20,5 7 12 20 24 | 2
163036,2026-07-20,6 11 25 28 32 | 1
163037,2026-07-20,1 4 5 9 16 | 1
163038,2026-07-20,1 2 6 18 26 | 1
163039,2026-07-20,4 8 13 28 33 | 4
163040,2026-07-20,1 14 23 27 30 | 2
163041,2026-07-20,12 14 21 25 33 | 4
163042,2026-07-20,2 3 12 24 27 | 4
163043,2026-07-20,1 22 25 26 31 | 3
163044,2026-07-20,5 9 15 19 22 | 2
163045,2026-07-20,10 12 17 29 33 | 3
163046,2026-07-20,9 15 24 27 36 | 1
163047,2026-07-20,3 7 14 15 36 | 3
163048,2026-07-20,12 25 28 30 31 | 4
163049,2026-07-20,4 8 18 25 35 | 3
163050,2026-07-20,1 5 6 9 34 | 4
163051,2026-07-20,8 10 11 15 24 | 3
163052,2026-07-20,5 17 20 24 33 | 1
163053,2026-07-20,5 11 29 34 36 | 4
163054,2026-07-20,2 7 26 27 33 | 3
163055,2026-07-20,9 22 26 31 33 | 1
163056,2026-07-20,8 21 29 30 33 | 1
163057,2026-07-20,6 17 19 21 27 | 4
163058,2026-07-20,5 14 22 26 29 | 2
163059,2026-07-20,8 13 32 35 36 | 1
163060,2026-07-20,2 16 20 26 34 | 4
163061,2026-07-20,11 16 21 27 30 | 1
163062,2026-07-20,6 26 28 31 33 | 1
163063,2026-07-20,5 9 24 33 36 | 1
163064,2026-07-20,2 10 27 30 31 | 4
163065,2026-07-20,3 11 19 29 36 | 3
163066,2026-07-20,6 11 17 22 36 | 3
163067,2026-07-20,1 3 11 19 29 | 3
163068,2026-07-20,3 6 15 24 31 | 2
163069,2026-07-20,14 20 31 34 35 | 3
163070,2026-07-20,7 12 25 27 29 | 4
163071,2026-07-20,1 7 14 16 24 | 3
163072,2026-07-20,4 13 16 17 20 | 3
163073,2026-07-20,1 3 16 29 32 | 4
163074,2026-07-20,2 15 22 25 30 | 2
163075,2026-07-20,7 8 20 30 31 | 3
163076,2026-07-20,12 22 24 26 33 | 2
163077,2026-07-20,14 21 34 35 36 | 2
163078,2026-07-20,3 7 19 26 35 | 3
163079,2026-07-20,4 5 6 19 36 | 3
163080,2026-07-20,8 10 13 17 27 | 4
163081,2026-07-20,3 7 17 23 31 | 2
163082,2026-07-21,13 14 15 25 27 | 1
163083,2026-07-21,5 13 19 22 32 | 4
163084,2026-07-21,3 8 12 15 17 | 4
163085,2026-07-21,1 12 25 28 30 | 3
163086,2026-07-21,5 10 16 29 34 | 1
163087,2026-07-21,3 5 16 31 36 | 2
163088,2026-07-21,5 18 28 32 36 | 3
163089,2026-07-21,7 9 10 21 27 | 2
163090,2026-07-21,21 26 27 29 32 | 3
163091,2026-07-21,6 16 23 26 32 | 2
163092,2026-07-21,14 25 27 30 34 | 4
163093,2026-07-21,11 17 20 21 35 | 2
163094,2026-07-21,11 13 14 18 27 | 3
163095,2026-07-21,6 19 26 28 31 | 4
163096,2026-07-21,16 22 23 26 30 | 1
163097,2026-07-21,4 19 21 24 27 | 4
163098,2026-07-21,10 14 22 26 29 | 4
163099,2026-07-21,8 26 32 33 35 | 2
163100,2026-07-21,2 11 17 20 22 | 3
163101,2026-07-21,2 9 19 28 34 | 3
163102,2026-07-21,3 13 19 27 31 | 1
163103,2026-07-21,12 23 32 33 34 | 1
163104,2026-07-21,17 19 20 26 36 | 3
163105,2026-07-21,16 20 25 27 29 | 1
163106,2026-07-21,8 9 19 22 25 | 3
163107,2026-07-21,8 12 16 19 31 | 1
163108,2026-07-21,2 3 20 23 27 | 1
163109,2026-07-21,2 7 9 25 33 | 2
163110,2026-07-21,7 10 17 18 28 | 4
163111,2026-07-21,5 21 25 27 35 | 3
163112,2026-07-21,6 9 18 25 36 | 2
163113,2026-07-21,3 8 15 20 24 | 3
163114,2026-07-21,12 19 20 22 24 | 3
163115,2026-07-21,1 6 19 27 34 | 3
163116,2026-07-21,1 5 12 15 27 | 2
163117,2026-07-21,9 18 22 23 36 | 4
163118,2026-07-21,11 19 20 26 28 | 4
163119,2026-07-21,1 7 9 21 34 | 1
163120,2026-07-21,2 4 13 21 34 | 2
163121,2026-07-21,2 6 19 20 35 | 4
163122,2026-07-21,8 18 19 27 33 | 4
163123,2026-07-21,9 15 18 19 31 | 3
163124,2026-07-21,6 14 27 32 33 | 1
163125,2026-07-21,2 26 28 31 35 | 2
163126,2026-07-21,6 7 21 23 35 | 4
163127,2026-07-21,20 21 25 32 34 | 2
163128,2026-07-21,2 13 14 15 29 | 3
163129,2026-07-21,6 16 20 21 29 | 2
163130,2026-07-21,11 18 31 35 36 | 3
163131,2026-07-21,8 20 25 27 36 | 2
163132,2026-07-21,5 15 18 27 33 | 1
163133,2026-07-21,11 23 27 30 34 | 3
163134,2026-07-21,21 22 24 29 31 | 1
163135,2026-07-21,2 11 16 29 34 | 3
163136,2026-07-21,3 10 13 16 36 | 3
163137,2026-07-21,2 10 31 32 34 | 1
163138,2026-07-21,7 10 30 31 36 | 2
163139,2026-07-21,3 6 16 17 32 | 2
163140,2026-07-21,1 4 7 10 30 | 3
163141,2026-07-22,6 9 23 34 36 | 2
163142,2026-07-22,1 3 6 24 34 | 3
163143,2026-07-22,9 11 21 27 34 | 3
163144,2026-07-22,6 11 12 16 17 | 1
163145,2026-07-22,16 21 22 30 35 | 4
163146,2026-07-22,1 3 7 15 21 | 2
163147,2026-07-22,12 14 16 25 27 | 1
163148,2026-07-22,8 13 17 21 28 | 1
163149,2026-07-22,5 13 19 26 31 | 1
163150,2026-07-22,1 14 25 26 33 | 3
163151,2026-07-22,6 15 17 23 29 | 3
163152,2026-07-22,7 11 24 25 32 | 1
163153,2026-07-22,9 18 19 25 27 | 2
163154,2026-07-22,1 4 9 10 18 | 3
163155,2026-07-22,14 17 20 29 33 | 4
163156,2026-07-22,3 4 6 28 34 | 4
163157,2026-07-22,8 14 15 18 30 | 2
163158,2026-07-22,2 11 19 24 36 | 4
163159,2026-07-22,4 11 24 32 36 | 3
163160,2026-07-22,3 8 28 32 33 | 2
163161,2026-07-22,2 4 22 28 35 | 1
163162,2026-07-22,3 7 19 32 35 | 3
163163,2026-07-22,3 16 19 35 36 | 3
163164,2026-07-22,8 12 23 24 33 | 3
163165,2026-07-22,1 3 11 33 35 | 2
163166,2026-07-22,1 10 18 20 25 | 3
163167,2026-07-22,1 9 12 14 34 | 1
163168,2026-07-22,10 18 22 24 29 | 1
163169,2026-07-22,4 7 16 24 32 | 2
163170,2026-07-22,8 15 23 30 36 | 2
163171,2026-07-22,8 9 11 22 32 | 2
163172,2026-07-22,2 22 27 31 34 | 1
163173,2026-07-22,3 9 10 11 19 | 2
163174,2026-07-22,8 19 21 26 36 | 1
163175,2026-07-22,9 15 19 29 33 | 1
163176,2026-07-22,5 8 17 18 31 | 4
163177,2026-07-22,7 9 14 16 33 | 2
163178,2026-07-22,2 10 11 12 14 | 2
163179,2026-07-22,1 8 19 24 27 | 1
163180,2026-07-22,4 8 21 23 33 | 3
163181,2026-07-22,12 18 24 25 26 | 4
163182,2026-07-22,1 3 12 19 22 | 4
163183,2026-07-22,3 9 17 26 35 | 4
163184,2026-07-22,7 18 21 25 27 | 3
163185,2026-07-22,14 24 30 33 35 | 3
163186,2026-07-22,8 13 17 25 36 | 3
163187,2026-07-22,3 15 20 28 32 | 4
163188,2026-07-22,19 20 21 22 31 | 4
163189,2026-07-22,6 8 14 26 28 | 4
163190,2026-07-22,5 7 14 16 17 | 3
163191,2026-07-22,5 22 29 30 31 | 1
163192,2026-07-22,5 17 24 27 36 | 2
163193,2026-07-22,11 19 20 26 35 | 2
163194,2026-07-22,2 9 21 24 33 | 4
163195,2026-07-22,7 13 18 19 25 | 3
163196,2026-07-22,3 8 27 30 33 | 2
163197,2026-07-22,6 8 19 24 36 | 1
163198,2026-07-22,28 29 30 31 33 | 1
163199,2026-07-22,1 9 21 22 24 | 2
163200,2026-07-23,24 28 33 34 36 | 1
163201,2026-07-23,13 23 27 31 34 | 2
163202,2026-07-23,8 18 19 20 30 | 4
163203,2026-07-23,4 14 16 17 19 | 3
163204,2026-07-23,13 16 17 19 30 | 4
163205,2026-07-23,2 3 17 28 32 | 2
163206,2026-07-23,5 6 8 20 33 | 2
163207,2026-07-23,3 10 14 16 24 | 1
163208,2026-07-23,4 7 10 19 26 | 3
163209,2026-07-23,7 9 18 26 31 | 2
163210,2026-07-23,4 5 13 22 23 | 4
163211,2026-07-23,13 15 25 35 36 | 4
163212,2026-07-23,10 14 18 28 29 | 1
163213,2026-07-23,3 5 13 21 28 | 4
163214,2026-07-23,2 16 18 24 25 | 3
163215,2026-07-23,4 14 24 34 35 | 3
163216,2026-07-23,3 18 19 24 35 | 2
163217,2026-07-23,4 6 13 18 24 | 4
163218,2026-07-23,1 14 16 19 26 | 1
163219,2026-07-23,1 9 19 26 28 | 3
163220,2026-07-23,3 7 8 25 27 | 3
163221,2026-07-23,1 3 12 21 24 | 4
163222,2026-07-23,1 15 16 18 29 | 1
163223,2026-07-23,20 22 26 32 33 | 4
163224,2026-07-23,7 12 23 26 34 | 3
163225,2026-07-23,1 16 27 34 36 | 2
163226,2026-07-23,4 18 22 23 26 | 2
163227,2026-07-23,9 11 26 28 33 | 2
163228,2026-07-23,14 15 22 32 35 | 1
163229,2026-07-23,12 14 17 20 36 | 3
163230,2026-07-23,6 7 8 33 34 | 1
163231,2026-07-23,3 8 18 19 25 | 2
163232,2026-07-23,3 11 13 22 32 | 2
163233,2026-07-23,8 12 19 31 35 | 4
163234,2026-07-23,2 5 7 20 23 | 1
163235,2026-07-23,5 7 14 19 29 | 4
163236,2026-07-23,2 6 16 21 23 | 3
163237,2026-07-23,5 18 22 30 32 | 4
163238,2026-07-23,10 14 15 19 34 | 2
163239,2026-07-23,5 11 16 20 36 | 2
163240,2026-07-23,3 17 21 25 32 | 1
163241,2026-07-23,4 5 21 32 33 | 2
163242,2026-07-23,6 7 17 33 35 | 3
163243,2026-07-23,5 7 12 27 36 | 1
163244,2026-07-23,10 20 30 34 36 | 4
163245,2026-07-23,6 10 20 24 29 | 1
163246,2026-07-23,3 7 14 20 30 | 1
163247,2026-07-23,1 4 9 15 17 | 2
163248,2026-07-23,4 8 24 25 35 | 4
163249,2026-07-23,8 9 10 16 20 | 4
163250,2026-07-23,3 8 12 18 30 | 2
163251,2026-07-23,1 5 14 22 34 | 3
163252,2026-07-23,8 9 11 21 24 | 3
163253,2026-07-23,4 7 12 13 27 | 1
163254,2026-07-23,8 19 27 28 31 | 3
163255,2026-07-23,3 8 21 24 36 | 1
163256,2026-07-23,7 10 29 30 33 | 1
163257,2026-07-23,1 4 16 32 33 | 2
163258,2026-07-23,1 21 25 30 32 | 1
163259,2026-07-24,4 9 23 25 27 | 2
163260,2026-07-24,8 28 29 32 36 | 2
163261,2026-07-24,10 16 28 35 36 | 2
163262,2026-07-24,1 4 5 20 32 | 4
163263,2026-07-24,5 13 15 20 26 | 3
163264,2026-07-24,20 25 29 34 35 | 1
163265,2026-07-24,2 7 8 14 33 | 2
163266,2026-07-24,3 10 11 19 22 | 4
163267,2026-07-24,2 5 15 21 26 | 4
163268,2026-07-24,9 11 20 27 30 | 4
163269,2026-07-24,4 9 14 15 22 | 1
163270,2026-07-24,12 23 27 29 35 | 2
163271,2026-07-24,4 5 6 22 25 | 4
163272,2026-07-24,4 7 9 11 22 | 4
163273,2026-07-24,2 16 18 26 35 | 1
163274,2026-07-24,4 18 20 31 34 | 3
163275,2026-07-24,2 18 25 29 31 | 2
163276,2026-07-24,16 17 20 23 30 | 2
163277,2026-07-24,2 4 8 34 36 | 4
163278,2026-07-24,5 11 12 29 30 | 2
163279,2026-07-24,15 16 22 24 28 | 1
163280,2026-07-24,2 7 10 27 35 | 3
163281,2026-07-24,5 7 18 19 25 | 1
163282,2026-07-24,4 5 19 28 31 | 4
163283,2026-07-24,20 22 25 31 32 | 3
163284,2026-07-24,5 12 13 15 21 | 4
163285,2026-07-24,11 23 29 30 35 | 3
163286,2026-07-24,4 6 17 24 31 | 3
163287,2026-07-24,7 9 10 16 22 | 2
163288,2026-07-24,8 13 28 30 34 | 3
163289,2026-07-24,4 5 10 14 18 | 3
163290,2026-07-24,2 23 24 27 36 | 3
163291,2026-07-24,11 13 19 23 36 | 4
163292,2026-07-24,2 5 12 19 21 | 1
163293,2026-07-24,2 3 15 20 35 | 3
163294,2026-07-24,6 12 16 18 21 | 3
163295,2026-07-24,2 17 22 25 34 | 3
163296,2026-07-24,8 10 12 31 34 | 4
163297,2026-07-24,8 14 16 19 22 | 3
163298,2026-07-24,4 19 20 21 28 | 2
163299,2026-07-24,13 16 17 33 35 | 1
163300,2026-07-24,8 13 17 25 34 | 1
163301,2026-07-24,10 11 15 17 31 | 1
163302,2026-07-24,11 14 17 21 29 | 2
163303,2026-07-24,9 11 17 21 23 | 3
163304,2026-07-24,3 8 20 34 35 | 2
163305,2026-07-24,1 11 17 23 25 | 3
163306,2026-07-24,12 18 23 27 35 | 1
163307,2026-07-24,1 13 26 31 34 | 4
163308,2026-07-24,12 26 28 31 34 | 3
163309,2026-07-24,16 20 21 29 36 | 1
163310,2026-07-24,10 16 17 24 25 | 1
163311,2026-07-24,18 23 24 29 31 | 1
163312,2026-07-24,19 28 31 33 34 | 2
163313,2026-07-24,17 19 24 31 33 | 3
163314,2026-07-24,3 13 26 32 35 | 2
163315,2026-07-24,8 16 20 25 28 | 1
163316,2026-07-24,12 15 20 24 27 | 4
163317,2026-07-24,1 4 18 32 36 | 3
163318,2026-07-25,14 20 22 31 33 | 2
163319,2026-07-25,1 5 22 23 35 | 4
163320,2026-07-25,2 10 11 16 23 | 3
163321,2026-07-25,6 16 19 25 33 | 1
163322,2026-07-25,8 13 14 17 29 | 3
163323,2026-07-25,9 13 18 20 30 | 2
163324,2026-07-25,6 8 12 17 24 | 1
163325,2026-07-25,13 15 27 28 32 | 3
163326,2026-07-25,9 21 24 25 33 | 4
163327,2026-07-25,4 5 14 26 32 | 4
163328,2026-07-25,9 20 22 33 36 | 3
163329,2026-07-25,3 7 10 15 22 | 4
163330,2026-07-25,4 13 16 23 31 | 3
163331,2026-07-25,12 13 14 21 25 | 1
163332,2026-07-25,10 12 19 27 30 | 2
163333,2026-07-25,4 15 16 21 22 | 4
163334,2026-07-25,1 12 25 31 34 | 2
163335,2026-07-25,3 9 21 25 35 | 1
163336,2026-07-25,7 12 29 35 36 | 3
163337,2026-07-25,16 17 20 21 32 | 4
163338,2026-07-25,2 22 23 25 28 | 2
163339,2026-07-25,3 21 23 27 33 | 4
163340,2026-07-25,15 17 22 29 34 | 4
163341,2026-07-25,2 3 22 33 35 | 3
163342,2026-07-25,1 12 23 31 34 | 1
163343,2026-07-25,4 7 13 21 27 | 4
163344,2026-07-25,1 14 15 25 33 | 2
163345,2026-07-25,4 10 16 25 30 | 1
163346,2026-07-25,7 12 23 30 33 | 4
163347,2026-07-25,7 15 22 26 32 | 1
163348,2026-07-25,6 17 23 30 36 | 4
163349,2026-07-25,1 8 18 27 35 | 4
163350,2026-07-25,12 13 18 20 35 | 1
163351,2026-07-25,1 7 17 18 28 | 1
163352,2026-07-25,8 28 33 35 36 | 4
163353,2026-07-25,2 28 29 33 34 | 2
163354,2026-07-25,12 16 20 28 33 | 1
163355,2026-07-25,5 13 14 21 25 | 2
163356,2026-07-25,16 17 32 33 36 | 2
163357,2026-07-25,11 18 29 35 36 | 2
163358,2026-07-25,4 14 23 30 35 | 1
163359,2026-07-25,3 10 12 18 22 | 3
163360,2026-07-25,8 13 23 28 33 | 3
163361,2026-07-25,8 18 22 23 34 | 4
163362,2026-07-25,9 11 13 23 28 | 1
163363,2026-07-25,10 11 30 31 34 | 4
163364,2026-07-25,6 12 16 18 26 | 1
163365,2026-07-25,2 19 20 32 35 | 1
163366,2026-07-25,3 8 13 14 35 | 3
163367,2026-07-25,12 16 25 27 30 | 3
163368,2026-07-25,6 16 18 19 25 | 3
163369,2026-07-25,15 18 20 23 24 | 2
163370,2026-07-25,19 21 24 30 31 | 4
163371,2026-07-25,2 8 26 30 35 | 4
163372,2026-07-25,3 4 17 20 21 | 2
163373,2026-07-25,8 16 20 22 26 | 3
163374,2026-07-25,16 20 26 28 35 | 2
163375,2026-07-26,2 4 14 17 26 | 3
163376,2026-07-26,10 11 14 17 33 | 2
163377,2026-07-26,2 5 9 28 29 | 1
163378,2026-07-26,1 3 5 34 35 | 1
163379,2026-07-26,3 5 10 24 30 | 1
163380,2026-07-26,5 14 17 25 26 | 2
163381,2026-07-26,15 19 27 29 30 | 3
163382,2026-07-26,2 4 10 15 21 | 3
163383,2026-07-26,7 17 28 33 35 | 3
163384,2026-07-26,9 12 19 30 35 | 1
163385,2026-07-26,4 10 19 28 29 | 2
163386,2026-07-26,1 9 18 21 27 | 2
163387,2026-07-26,20 22 23 25 33 | 3
163388,2026-07-26,1 7 15 23 32 | 1
163389,2026-07-26,7 22 26 28 30 | 1
163390,2026-07-26,1 3 27 29 34 | 1
163391,2026-07-26,1 3 6 22 25 | 4
163392,2026-07-26,1 7 15 18 26 | 2
163393,2026-07-26,3 15 23 28 35 | 2
163394,2026-07-26,10 12 13 19 31 | 2
163395,2026-07-26,4 5 19 25 27 | 2
163396,2026-07-26,14 22 23 28 30 | 1
163397,2026-07-26,9 11 22 23 33 | 2
163398,2026-07-26,1 4 8 17 23 | 3
163399,2026-07-26,10 13 15 23 36 | 3
163400,2026-07-26,8 20 27 29 33 | 4
163401,2026-07-26,5 13 18 24 36 | 1
163402,2026-07-26,3 7 16 25 33 | 3
163403,2026-07-26,10 16 22 28 32 | 2
163404,2026-07-26,2 8 14 22 29 | 4
163405,2026-07-26,15 18 26 29 33 | 2
163406,2026-07-26,2 10 32 35 36 | 2
163407,2026-07-26,8 14 18 20 35 | 4
163408,2026-07-26,7 17 18 21 28 | 4
163409,2026-07-26,15 17 18 20 33 | 4
163410,2026-07-26,9 13 21 32 36 | 2
163411,2026-07-26,2 6 7 29 34 | 2
163412,2026-07-26,4 14 24 28 29 | 4
163413,2026-07-26,2 9 18 31 33 | 3
163414,2026-07-26,4 9 16 20 34 | 3
163415,2026-07-26,3 14 18 22 26 | 2
163416,2026-07-26,15 19 23 31 32 | 2
163417,2026-07-26,5 8 11 13 35 | 1
163418,2026-07-26,7 8 14 15 32 | 4
163419,2026-07-26,1 2 5 9 32 | 2
163420,2026-07-26,1 5 12 28 34 | 4
163421,2026-07-26,1 5 7 11 25 | 1
163422,2026-07-26,10 20 27 28 29 | 1
163423,2026-07-26,2 12 23 32 33 | 4
163424,2026-07-26,13 14 25 31 32 | 2
163425,2026-07-26,2 19 22 27 36 | 4
163426,2026-07-26,20 22 24 28 31 | 3
163427,2026-07-26,2 9 19 21 26 | 2
163428,2026-07-26,7 11 26 30 31 | 2
163429,2026-07-26,5 17 24 28 36 | 2
163430,2026-07-26,1 9 11 22 36 | 4
163431,2026-07-26,6 7 20 23 36 | 1
163432,2026-07-26,2 20 25 31 32 | 1
163433,2026-07-26,2 5 11 14 18 | 1
163434,2026-07-27,1 2 20 29 36 | 1
163435,2026-07-27,10 29 30 32 33 | 3
163436,2026-07-27,7 12 18 25 28 | 3
163437,2026-07-27,7 9 24 25 29 | 2
163438,2026-07-27,4 19 28 30 31 | 2
163439,2026-07-27,4 7 23 25 29 | 1
163440,2026-07-27,1 14 15 16 27 | 1
163441,2026-07-27,5 13 27 28 36 | 2
163442,2026-07-27,1 14 16 24 26 | 1
163443,2026-07-27,3 20 24 27 31 | 4
163444,2026-07-27,6 10 12 13 26 | 2
163445,2026-07-27,4 7 18 32 33 | 4
163446,2026-07-27,6 22 23 25 36 | 1
163447,2026-07-27,2 9 14 20 33 | 4
163448,2026-07-27,6 21 23 30 36 | 3
163449,2026-07-27,4 10 12 26 35 | 1
163450,2026-07-27,3 5 8 11 30 | 4
163451,2026-07-27,1 7 10 17 30 | 4
163452,2026-07-27,2 14 18 34 35 | 4
163453,2026-07-27,1 14 18 26 32 | 1
163454,2026-07-27,7 17 20 28 33 | 1
163455,2026-07-27,17 24 25 35 36 | 4
163456,2026-07-27,2 3 11 14 30 | 3
163457,2026-07-27,6 16 22 26 31 | 3
163458,2026-07-27,1 18 19 32 33 | 3
163459,2026-07-27,2 7 8 32 33 | 2
163460,2026-07-27,10 11 14 28 29 | 4
163461,2026-07-27,3 4 6 10 33 | 1
163462,2026-07-27,1 19 23 27 32 | 2
163463,2026-07-27,3 12 13 24 26 | 3
163464,2026-07-27,5 6 21 26 35 | 1
163465,2026-07-27,4 8 10 19 29 | 2
163466,2026-07-27,13 18 20 22 35 | 4
163467,2026-07-27,9 15 18 20 27 | 3
163468,2026-07-27,2 22 23 24 36 | 4
163469,2026-07-27,1 7 15 20 29 | 4
163470,2026-07-27,4 8 9 17 24 | 2
163471,2026-07-27,3 11 13 23 27 | 2
163472,2026-07-27,11 12 13 25 28 | 2
163473,2026-07-27,3 7 8 12 17 | 2
163474,2026-07-27,4 8 10 19 33 | 4
163475,2026-07-27,2 4 24 28 35 | 2
163476,2026-07-27,16 20 24 34 35 | 4
163477,2026-07-27,1 3 21 32 35 | 2
163478,2026-07-27,2 3 17 25 26 | 1
163479,2026-07-27,14 19 20 23 36 | 1
163480,2026-07-27,6 9 19 23 29 | 2
163481,2026-07-27,1 11 16 26 28 | 3
163482,2026-07-27,16 18 23 24 29 | 4
163483,2026-07-27,5 7 8 25 35 | 3
163484,2026-07-27,2 6 14 16 31 | 3
163485,2026-07-27,5 6 19 28 33 | 2
163486,2026-07-27,11 14 18 23 31 | 2
163487,2026-07-27,9 23 28 32 36 | 3
163488,2026-07-27,1 4 9 25 31 | 2
163489,2026-07-27,1 6 9 13 25 | 4
163490,2026-07-27,10 11 21 24 26 | 2
163491,2026-07-27,5 13 14 15 35 | 4
163492,2026-07-27,14 16 17 22 33 | 3
163493,2026-07-28,7 13 15 24 35 | 3
163494,2026-07-28,5 6 13 15 18 | 2
163495,2026-07-28,7 9 11 23 31 | 4
163496,2026-07-28,9 11 16 30 34 | 4
163497,2026-07-28,9 16 25 32 36 | 4
163498,2026-07-28,6 8 11 26 32 | 2
163499,2026-07-28,3 17 20 21 24 | 2
163500,2026-07-28,3 19 28 30 33 | 2
163501,2026-07-28,1 6 25 28 32 | 3
163502,2026-07-28,5 8 34 35 36 | 3
163503,2026-07-28,12 16 31 32 34 | 3
163504,2026-07-28,1 7 13 20 26 | 1
163505,2026-07-28,13 22 23 29 36 | 3
163506,2026-07-28,3 8 25 26 34 | 3
163507,2026-07-28,12 21 24 26 32 | 4
163508,2026-07-28,4 6 9 14 36 | 2
163509,2026-07-28,6 16 22 23 29 | 3
163510,2026-07-28,2 4 22 25 26 | 3
163511,2026-07-28,5 13 15 19 31 | 3
163512,2026-07-28,1 2 22 33 34 | 2
163513,2026-07-28,1 11 16 19 26 | 4
163514,2026-07-28,7 23 26 27 36 | 3
163515,2026-07-28,1 11 12 19 31 | 2
163516,2026-07-28,18 19 20 32 36 | 4
163517,2026-07-28,4 13 16 23 30 | 4
163518,2026-07-28,3 22 27 34 36 | 1
163519,2026-07-28,2 9 11 23 25 | 1
163520,2026-07-28,2 6 13 16 20 | 4
163521,2026-07-28,1 3 22 24 34 | 4
163522,2026-07-28,14 17 19 32 34 | 4
163523,2026-07-28,10 12 13 15 34 | 2
163524,2026-07-28,1 2 6 8 34 | 1
163525,2026-07-28,14 19 20 28 30 | 4
163526,2026-07-28,2 13 14 23 31 | 4
163527,2026-07-28,13 15 16 23 30 | 2
163528,2026-07-28,13 14 19 32 36 | 3
163529,2026-07-28,17 20 23 30 31 | 1
163530,2026-07-28,3 7 12 20 30 | 2
163531,2026-07-28,6 7 13 26 33 | 4
163532,2026-07-28,2 9 20 22 33 | 3
163533,2026-07-28,3 13 16 20 34 | 2
163534,2026-07-28,4 11 19 20 27 | 3
163535,2026-07-28,14 20 24 27 30 | 3
163536,2026-07-28,12 17 20 23 30 | 4
163537,2026-07-28,1 24 25 35 36 | 4
163538,2026-07-28,8 9 11 23 26 | 2
163539,2026-07-28,1 10 12 15 31 | 1
163540,2026-07-28,4 6 22 31 35 | 1
163541,2026-07-28,1 6 11 14 21 | 4
163542,2026-07-28,4 7 20 25 36 | 1
163543,2026-07-28,7 15 19 21 22 | 2
163544,2026-07-28,5 15 20 29 33 | 3
163545,2026-07-28,4 13 23 26 36 | 4
163546,2026-07-28,10 14 30 32 34 | 1
163547,2026-07-28,14 15 18 22 30 | 1
163548,2026-07-28,18 19 22 24 28 | 2
163549,2026-07-28,12 15 16 24 28 | 4
163550,2026-07-28,21 26 31 32 34 | 1
163551,2026-07-28,11 14 18 33 36 | 3
163552,2026-07-29,6 7 12 19 31 | 4
163553,2026-07-29,3 4 10 18 19 | 4
163554,2026-07-29,3 16 19 32 36 | 3
163555,2026-07-29,7 13 19 28 36 | 2
163556,2026-07-29,3 14 16 18 34 | 4
163557,2026-07-29,10 18 23 28 35 | 3
163558,2026-07-29,13 16 17 22 27 | 4
163559,2026-07-29,4 10 11 21 27 | 2
163560,2026-07-29,2 3 18 20 26 | 3
163561,2026-07-29,7 8 22 30 31 | 1
163562,2026-07-29,13 18 22 24 25 | 1
163563,2026-07-29,3 4 5 6 8 | 2
163564,2026-07-29,6 25 33 34 36 | 2
163565,2026-07-29,12 19 21 24 25 | 1
163566,2026-07-29,18 21 22 25 36 | 1
163567,2026-07-29,1 7 25 30 34 | 3
163568,2026-07-29,3 9 17 28 31 | 2
163569,2026-07-29,1 12 29 34 35 | 4
163570,2026-07-29,4 5 14 26 28 | 1
163571,2026-07-29,6 15 27 32 35 | 2
163572,2026-07-29,3 8 25 33 34 | 2
163573,2026-07-29,15 16 17 19 35 | 3
163574,2026-07-29,9 11 17 22 28 | 1
163575,2026-07-29,11 17 30 33 36 | 2
163576,2026-07-29,2 4 20 21 31 | 1
163577,2026-07-29,4 14 25 26 35 | 3
163578,2026-07-29,3 5 14 15 35 | 4
163579,2026-07-29,2 10 23 29 33 | 3
163580,2026-07-29,14 24 26 27 36 | 4
163581,2026-07-29,1 11 19 26 34 | 2
163582,2026-07-29,7 10 23 24 25 | 3
163583,2026-07-29,6 11 15 21 33 | 4
163584,2026-07-29,1 11 23 27 36 | 1
163585,2026-07-29,4 5 10 11 30 | 4
163586,2026-07-29,3 21 23 32 36 | 2
163587,2026-07-29,2 10 14 24 26 | 3
163588,2026-07-29,5 9 10 20 23 | 4
163589,2026-07-29,13 14 22 25 33 | 4
163590,2026-07-29,15 20 22 29 33 | 3
163591,2026-07-29,7 8 11 24 34 | 2
163592,2026-07-29,6 14 26 30 36 | 2
163593,2026-07-29,5 6 16 22 32 | 2
163594,2026-07-29,10 20 27 29 36 | 2
163595,2026-07-29,4 7 10 13 23 | 2
163596,2026-07-29,7 13 15 21 22 | 1
163597,2026-07-29,10 11 22 30 34 | 3
163598,2026-07-29,3 11 31 33 36 | 3
163599,2026-07-29,4 9 29 30 31 | 2
163600,2026-07-29,3 13 18 23 29 | 3
163601,2026-07-29,11 14 19 23 35 | 4
163602,2026-07-29,11 16 20 22 36 | 4
163603,2026-07-29,15 17 18 29 35 | 1
163604,2026-07-29,8 15 21 25 32 | 1
163605,2026-07-29,4 18 19 29 34 | 2
163606,2026-07-29,1 11 27 28 32 | 2
163607,2026-07-29,4 7 10 16 29 | 2
163608,2026-07-29,6 14 18 23 27 | 1
163609,2026-07-29,15 16 22 34 35 | 4
163610,2026-07-29,13 15 24 26 28 | 3
163611,2026-07-30,4 11 27 28 29 | 1
163612,2026-07-30,7 21 24 25 36 | 4
163613,2026-07-30,1 11 14 20 21 | 3
163614,2026-07-30,9 13 19 22 34 | 3
163615,2026-07-30,11 14 15 24 26 | 3
163616,2026-07-30,9 13 14 28 31 | 4
163617,2026-07-30,8 20 22 23 25 | 2
163618,2026-07-30,1 3 12 13 34 | 3
163619,2026-07-30,3 4 20 25 29 | 3
163620,2026-07-30,5 12 20 24 26 | 2
163621,2026-07-30,3 12 19 32 36 | 4
163622,2026-07-30,11 24 28 29 30 | 1
163623,2026-07-30,8 13 15 18 25 | 3
163624,2026-07-30,7 12 13 27 28 | 2
163625,2026-07-30,12 19 20 22 29 | 4
163626,2026-07-30,1 8 11 31 34 | 1
163627,2026-07-30,1 4 13 31 32 | 4
163628,2026-07-30,5 6 9 17 24 | 4
163629,2026-07-30,6 14 16 28 33 | 1
163630,2026-07-30,8 10 16 27 29 | 3
163631,2026-07-30,7 8 10 16 36 | 3
163632,2026-07-30,6 11 20 26 30 | 2
163633,2026-07-30,7 17 18 26 31 | 4
163634,2026-07-30,5 11 29 32 35 | 4
163635,2026-07-30,1 5 13 19 20 | 1
163636,2026-07-30,1 4 7 24 35 | 1
163637,2026-07-30,14 17 28 32 33 | 1
163638,2026-07-30,2 3 10 24 35 | 3
163639,2026-07-30,3 10 21 30 35 | 4
163640,2026-07-30,5 10 13 20 35 | 4
163641,2026-07-30,9 12 26 32 34 | 1
163642,2026-07-30,3 4 18 26 32 | 4
163643,2026-07-30,2 10 13 15 21 | 4
163644,2026-07-30,15 22 26 28 30 | 2
163645,2026-07-30,4 5 9 20 30 | 1
163646,2026-07-30,3 17 20 25 29 | 1
163647,2026-07-30,2 5 21 22 26 | 2
163648,2026-07-30,5 12 17 23 36 | 1
163649,2026-07-30,8 11 12 22 26 | 4
163650,2026-07-30,2 7 17 21 32 | 1
163651,2026-07-30,23 24 26 27 35 | 4
163652,2026-07-30,8 16 23 28 36 | 2
163653,2026-07-30,7 8 9 12 30 | 1
163654,2026-07-30,2 10 12 17 21 | 2
163655,2026-07-30,3 10 15 25 32 | 4
163656,2026-07-30,3 6 7 12 27 | 1
163657,2026-07-30,1 4 6 9 26 | 2
163658,2026-07-30,9 10 19 22 31 | 4
163659,2026-07-30,1 9 11 21 35 | 1
163660,2026-07-30,8 12 14 17 19 | 4
163661,2026-07-30,21 23 26 29 35 | 1
163662,2026-07-30,6 13 20 29 35 | 1
163663,2026-07-30,5 14 28 29 34 | 2
163664,2026-07-30,12 15 23 33 35 | 3
163665,2026-07-30,6 10 25 28 31 | 4
163666,2026-07-30,1 2 7 13 16 | 3
163667,2026-07-30,6 8 9 15 25 | 3
163668,2026-07-30,15 24 26 28 35 | 2
163669,2026-07-30,3 15 24 31 36 | 3
163670,2026-07-31,3 25 26 27 34 | 4
163671,2026-07-31,3 12 19 21 28 | 3
163672,2026-07-31,4 7 13 25 30 | 4
163673,2026-07-31,3 7 14 21 31 | 2
163674,2026-07-31,12 14 23 26 33 | 3
163675,2026-07-31,2 9 20 25 31 | 1
163676,2026-07-31,21 28 29 32 34 | 4
163677,2026-07-31,3 15 19 33 36 | 2
163678,2026-07-31,8 12 16 21 26 | 3
163679,2026-07-31,7 14 15 18 29 | 3
163680,2026-07-31,1 19 21 24 29 | 1
163681,2026-07-31,7 18 19 22 33 | 3
163682,2026-07-31,11 16 24 31 36 | 2
163683,2026-07-31,4 6 19 21 22 | 4
163684,2026-07-31,1 13 18 23 34 | 4
163685,2026-07-31,5 7 15 23 33 | 4
163686,2026-07-31,7 13 26 27 32 | 1
163687,2026-07-31,1 6 20 21 36 | 4
163688,2026-07-31,7 17 19 20 34 | 1
163689,2026-07-31,15 17 22 24 30 | 2
163690,2026-07-31,4 11 15 28 34 | 2
163691,2026-07-31,2 3 6 16 30 | 2
163692,2026-07-31,2 14 20 27 31 | 3
163693,2026-07-31,2 6 8 13 35 | 4
163694,2026-07-31,1 7 29 32 36 | 2
163695,2026-07-31,2 13 17 20 28 | 2
163696,2026-07-31,10 16 21 24 36 | 4
163697,2026-07-31,11 15 17 26 29 | 2
163698,2026-07-31,5 21 22 27 35 | 1
163699,2026-07-31,10 19 30 32 34 | 4
163700,2026-07-31,12 16 21 22 24 | 2
163701,2026-07-31,6 7 9 18 34 | 3
163702,2026-07-31,6 19 21 29 34 | 3
163703,2026-07-31,1 17 20 25 28 | 3
163704,2026-07-31,2 15 16 23 30 | 2
163705,2026-07-31,20 23 24 32 33 | 3
163706,2026-07-31,5 8 13 15 20 | 2
163707,2026-07-31,16 18 23 29 30 | 4
163708,2026-07-31,7 25 26 34 36 | 1
163709,2026-07-31,5 22 29 34 36 | 4
163710,2026-07-31,3 18 27 32 35 | 1
163711,2026-07-31,5 7 10 18 36 | 3
163712,2026-07-31,2 8 12 25 35 | 1
163713,2026-07-31,3 5 10 19 22 | 4
163714,2026-07-31,6 8 13 21 23 | 3
163715,2026-07-31,2 6 14 22 35 | 4
163716,2026-07-31,5 9 11 15 32 | 2
163717,2026-07-31,1 4 7 9 18 | 2
163718,2026-07-31,3 13 27 31 34 | 4
163719,2026-07-31,6 8 19 24 35 | 1
163720,2026-07-31,1 17 24 28 33 | 2
163721,2026-07-31,5 18 22 28 36 | 4
163722,2026-07-31,11 18 19 22 36 | 2
163723,2026-07-31,4 9 25 28 30 | 3
163724,2026-07-31,3 13 16 26 34 | 2
163725,2026-07-31,1 30 32 34 36 | 1
163726,2026-07-31,1 2 9 20 27 | 3
163727,2026-07-31,3 17 23 25 30 | 3
163728,2026-07-31,1 3 6 25 30 | 1
163729,2026-08-01,7 18 26 28 34 | 4
163730,2026-08-01,17 18 20 33 34 | 1
163731,2026-08-01,2 7 15 25 30 | 4
163732,2026-08-01,2 7 14 26 35 | 4
163733,2026-08-01,1 4 6 30 34 | 4
163734,2026-08-01,3 5 6 30 32 | 1
163735,2026-08-01,13 17 22 25 28 | 3
163736,2026-08-01,2 5 8 21 27 | 3
163737,2026-08-01,20 25 32 35 36 | 1
163738,2026-08-01,2 5 9 11 21 | 3
163739,2026-08-01,2 20 23 31 34 | 1
163740,2026-08-01,6 11 14 23 33 | 4
163741,2026-08-01,10 18 21 23 26 | 4
163742,2026-08-01,2 7 8 24 34 | 2
163743,2026-08-01,16 21 23 31 35 | 3
163744,2026-08-01,9 12 13 19 34 | 3
163745,2026-08-01,21 22 25 29 32 | 2
163746,2026-08-01,2 5 21 27 31 | 1
163747,2026-08-01,6 7 12 14 33 | 1
163748,2026-08-01,1 2 7 30 34 | 3
163749,2026-08-01,7 8 9 19 22 | 4
163750,2026-08-01,5 11 20 22 25 | 3
163751,2026-08-01,1 2 10 11 28 | 1
163752,2026-08-01,10 27 34 35 36 | 3
163753,2026-08-01,2 11 16 19 36 | 3
163754,2026-08-01,9 20 24 25 33 | 4
163755,2026-08-01,9 15 21 30 32 | 1
163756,2026-08-01,3 19 20 26 34 | 1
163757,2026-08-01,1 10 18 21 27 | 4
163758,2026-08-01,2 3 14 31 33 | 4
163759,2026-08-01,2 4 15 18 22 | 4
163760,2026-08-01,13 15 19 34 35 | 1
163761,2026-08-01,9 25 26 33 34 | 2
163762,2026-08-01,3 10 18 30 35 | 4
163763,2026-08-01,13 22 26 28 36 | 2
163764,2026-08-01,9 14 15 23 32 | 3
163765,2026-08-01,5 9 12 22 28 | 3
163766,2026-08-01,5 8 21 30 33 | 2
163767,2026-08-01,2 7 11 13 32 | 3
163768,2026-08-01,4 15 21 22 25 | 3
163769,2026-08-01,7 23 26 30 34 | 2
163770,2026-08-01,8 19 23 30 35 | 4
163771,2026-08-01,14 16 24 25 29 | 3
163772,2026-08-01,6 21 26 30 34 | 3
163773,2026-08-01,1 16 17 21 29 | 1
163774,2026-08-01,8 9 18 19 29 | 2
163775,2026-08-01,1 3 13 22 31 | 2
163776,2026-08-01,2 11 14 21 28 | 1
163777,2026-08-01,9 24 26 33 35 | 4
163778,2026-08-01,2 4 5 11 28 | 1
163779,2026-08-01,3 4 7 9 23 | 4
163780,2026-08-01,6 9 16 26 29 | 1
163781,2026-08-01,9 12 23 26 30 | 2
163782,2026-08-01,1 23 25 32 34 | 4
163783,2026-08-01,16 20 21 25 32 | 1
163784,2026-08-01,1 3 11 29 33 | 4
163785,2026-08-01,14 19 24 26 33 | 1
163786,2026-08-02,2 11 17 23 25 | 2
163787,2026-08-02,2 6 22 30 33 | 1
163788,2026-08-02,8 20 31 32 34 | 1
163789,2026-08-02,11 12 22 25 27 | 3
163790,2026-08-02,8 13 27 35 36 | 2
163791,2026-08-02,4 12 14 32 36 | 3
163792,2026-08-02,1 12 18 19 34 | 4
163793,2026-08-02,6 10 23 24 29 | 1
163794,2026-08-02,5 10 20 22 26 | 1
163795,2026-08-02,5 15 19 20 23 | 2
163796,2026-08-02,6 7 12 29 36 | 3
163797,2026-08-02,1 10 12 26 27 | 4
163798,2026-08-02,3 19 25 29 34 | 1
163799,2026-08-02,5 14 15 16 28 | 4
163800,2026-08-02,1 6 11 15 27 | 1
163801,2026-08-02,5 14 18 21 34 | 1
163802,2026-08-02,15 19 27 33 36 | 4
163803,2026-08-02,2 5 15 16 28 | 1
163804,2026-08-02,5 6 13 18 20 | 1
163805,2026-08-02,2 9 18 26 27 | 3
163806,2026-08-02,2 5 22 25 32 | 4
163807,2026-08-02,2 11 23 27 30 | 4
163808,2026-08-02,6 9 12 23 28 | 3
163809,2026-08-02,1 5 17 23 25 | 1
163810,2026-08-02,8 12 20 32 36 | 4
163811,2026-08-02,16 25 32 33 36 | 1
163812,2026-08-02,9 13 16 30 36 | 3
163813,2026-08-02,4 7 11 31 34 | 1
163814,2026-08-02,12 17 28 33 36 | 2
163815,2026-08-02,6 8 13 27 34 | 4
163816,2026-08-02,4 8 10 30 31 | 2
163817,2026-08-02,2 6 19 28 30 | 1
163818,2026-08-02,13 21 28 33 34 | 3
163819,2026-08-02,4 6 11 20 29 | 4
163820,2026-08-02,1 8 10 13 22 | 3
163821,2026-08-02,3 6 12 34 36 | 3
163822,2026-08-02,1 8 10 22 23 | 1
163823,2026-08-02,6 11 14 16 36 | 1
163824,2026-08-02,3 5 7 15 35 | 1
163825,2026-08-02,1 11 15 25 28 | 2
163826,2026-08-02,11 21 22 27 30 | 2
163827,2026-08-02,1 7 28 34 36 | 3
163828,2026-08-02,13 15 17 18 32 | 3
163829,2026-08-02,5 15 21 25 26 | 4
163830,2026-08-02,3 13 14 21 27 | 2
163831,2026-08-02,14 16 18 25 30 | 1
163832,2026-08-02,14 19 20 30 35 | 3
163833,2026-08-02,3 5 6 16 24 | 4
163834,2026-08-02,6 7 14 32 34 | 1
163835,2026-08-02,10 17 18 19 21 | 3
163836,2026-08-02,7 8 20 26 29 | 4
163837,2026-08-02,3 10 13 20 23 | 1
163838,2026-08-02,4 9 22 30 36 | 2
163839,2026-08-02,6 10 11 18 22 | 1
163840,2026-08-02,4 16 23 24 29 | 4
163841,2026-08-02,4 17 21 23 32 | 1
163842,2026-08-02,5 16 17 27 34 | 4
163843,2026-08-02,1 3 6 26 36 | 4
163844,2026-08-02,1 9 22 26 29 | 1
163845,2026-08-03,2 10 18 32 36 | 1
163846,2026-08-03,6 13 14 18 21 | 1
163847,2026-08-03,7 10 17 18 30 | 4
163848,2026-08-03,5 16 22 29 32 | 2
163849,2026-08-03,10 14 16 28 32 | 4
163850,2026-08-03,4 5 23 32 33 | 2
163851,2026-08-03,4 11 12 18 35 | 1
163852,2026-08-03,7 15 17 19 24 | 3
163853,2026-08-03,5 9 11 23 31 | 3
163854,2026-08-03,6 15 25 30 36 | 1
163855,2026-08-03,14 15 21 23 33 | 3
163856,2026-08-03,6 13 18 19 21 | 4
163857,2026-08-03,1 5 10 11 26 | 4
163858,2026-08-03,2 8 12 28 34 | 1
163859,2026-08-03,7 19 23 26 33 | 3
163860,2026-08-03,3 6 26 27 33 | 1
163861,2026-08-03,6 8 13 26 32 | 1
163862,2026-08-03,7 15 17 21 31 | 4
163863,2026-08-03,12 19 22 30 36 | 2
163864,2026-08-03,7 17 18 23 25 | 4
163865,2026-08-03,5 18 19 27 33 | 4
163866,2026-08-03,1 14 15 20 34 | 4
163867,2026-08-03,8 10 16 17 23 | 2
163868,2026-08-03,9 13 20 32 36 | 3
163869,2026-08-03,6 10 16 23 25 | 1
163870,2026-08-03,2 6 21 28 35 | 3
163871,2026-08-03,7 15 24 27 36 | 3
163872,2026-08-03,4 13 24 25 29 | 3
163873,2026-08-03,2 9 24 28 35 | 4
163874,2026-08-03,17 24 27 29 35 | 1
163875,2026-08-03,3 6 16 25 36 | 2
163876,2026-08-03,11 15 19 20 30 | 3
163877,2026-08-03,1 11 23 27 32 | 4
163878,2026-08-03,2 5 12 13 15 | 1
163879,2026-08-03,4 22 23 25 28 | 3
163880,2026-08-03,5 11 12 20 29 | 4
163881,2026-08-03,11 14 30 32 33 | 4
163882,2026-08-03,10 22 26 27 32 | 4
163883,2026-08-03,3 14 17 20 33 | 1
163884,2026-08-03,9 11 19 29 34 | 3
163885,2026-08-03,6 15 21 28 36 | 2
163886,2026-08-03,3 15 22 23 30 | 3
163887,2026-08-03,4 6 14 15 23 | 1
163888,2026-08-03,11 13 17 18 26 | 4
163889,2026-08-03,6 16 21 25 31 | 1
163890,2026-08-03,5 12 17 21 30 | 1
163891,2026-08-03,4 5 11 17 28 | 3
163892,2026-08-03,8 21 26 28 31 | 2
163893,2026-08-03,5 6 27 28 34 | 3
163894,2026-08-03,5 8 23 29 35 | 2
163895,2026-08-03,8 11 18 23 24 | 1
163896,2026-08-03,7 9 13 15 21 | 3
163897,2026-08-03,4 11 28 31 35 | 4
163898,2026-08-03,4 8 13 22 23 | 3
163899,2026-08-03,3 16 19 32 34 | 2
163900,2026-08-03,3 6 9 13 21 | 2
163901,2026-08-03,8 19 25 30 31 | 1
163902,2026-08-03,2 11 20 22 36 | 2
163903,2026-08-03,2 3 5 29 31 | 3
163904,2026-08-04,5 7 8 22 26 | 3
163905,2026-08-04,2 6 15 24 35 | 4
163906,2026-08-04,2 6 18 31 36 | 4
163907,2026-08-04,1 7 12 13 18 | 4
163908,2026-08-04,11 12 33 34 35 | 4
163909,2026-08-04,5 11 18 22 26 | 1
163910,2026-08-04,14 26 31 33 35 | 3
163911,2026-08-04,3 8 19 28 31 | 2
163912,2026-08-04,10 12 17 22 25 | 3
163913,2026-08-04,3 11 14 27 32 | 1
163914,2026-08-04,6 10 15 16 20 | 2
163915,2026-08-04,4 6 20 22 29 | 3
163916,2026-08-04,1 7 13 34 35 | 1
163917,2026-08-04,1 2 6 16 36 | 3
163918,2026-08-04,6 13 18 21 24 | 4
163919,2026-08-04,1 5 26 32 33 | 1
163920,2026-08-04,4 8 24 34 36 | 2
163921,2026-08-04,7 8 14 22 35 | 1
163922,2026-08-04,1 3 20 22 33 | 3
163923,2026-08-04,8 17 24 25 33 | 4
163924,2026-08-04,4 14 18 20 21 | 4
163925,2026-08-04,1 8 13 22 24 | 3
163926,2026-08-04,1 15 19 20 35 | 3
163927,2026-08-04,1 9 17 27 29 | 4
163928,2026-08-04,11 27 29 31 36 | 4
163929,2026-08-04,5 10 12 14 24 | 4
163930,2026-08-04,2 10 30 35 36 | 4
163931,2026-08-04,12 16 18 21 24 | 2
163932,2026-08-04,21 22 24 26 28 | 4
163933,2026-08-04,12 14 18 32 36 | 4
163934,2026-08-04,13 15 26 29 30 | 3
163935,2026-08-04,4 5 10 29 30 | 2
163936,2026-08-04,3 6 32 35 36 | 1
163937,2026-08-04,1 27 30 31 32 | 1
163938,2026-08-04,4 6 21 22 32 | 1
163939,2026-08-04,6 8 14 18 34 | 1
163940,2026-08-04,7 10 18 27 31 | 1
163941,2026-08-04,9 22 23 26 34 | 4
163942,2026-08-04,1 10 14 24 28 | 1
163943,2026-08-04,1 9 16 26 30 | 2
163944,2026-08-04,10 11 12 15 36 | 1
163945,2026-08-04,10 24 26 27 33 | 4
163946,2026-08-04,18 19 28 34 36 | 4
163947,2026-08-04,1 5 17 18 25 | 2
163948,2026-08-04,10 14 20 21 31 | 3
163949,2026-08-04,5 13 15 22 28 | 2
163950,2026-08-04,15 19 21 34 36 | 3
163951,2026-08-04,2 3 21 27 35 | 1
163952,2026-08-04,15 16 17 24 27 | 2
163953,2026-08-04,11 19 21 32 35 | 1
163954,2026-08-04,5 6 21 26 28 | 4
163955,2026-08-04,6 8 11 26 29 | 2
163956,2026-08-04,5 7 18 20 26 | 3
163957,2026-08-04,2 4 11 13 30 | 2
163958,2026-08-04,5 6 17 18 24 | 2
163959,2026-08-04,6 7 8 12 22 | 2
163960,2026-08-04,2 3 11 18 23 | 1
163961,2026-08-04,6 20 23 33 36 | 1
163962,2026-08-04,13 15 28 33 36 | 1
163963,2026-08-05,10 18 25 32 34 | 3
163964,2026-08-05,11 28 30 33 34 | 2
163965,2026-08-05,4 12 18 27 28 | 3
163966,2026-08-05,12 19 20 29 32 | 1
163967,2026-08-05,13 17 21 26 36 | 2
163968,2026-08-05,14 16 17 23 30 | 1
163969,2026-08-05,2 3 13 28 36 | 1
163970,2026-08-05,7 9 17 34 36 | 3
163971,2026-08-05,5 26 27 31 33 | 2
163972,2026-08-05,6 8 11 26 35 | 1
163973,2026-08-05,14 21 31 32 36 | 2
163974,2026-08-05,24 25 26 27 31 | 4
163975,2026-08-05,8 13 14 16 34 | 4
163976,2026-08-05,1 3 13 20 26 | 4
163977,2026-08-05,1 10 26 27 34 | 4
163978,2026-08-05,9 12 14 18 19 | 1
163979,2026-08-05,7 11 16 18 19 | 3
163980,2026-08-05,3 4 12 21 32 | 4
163981,2026-08-05,12 13 25 28 29 | 2
163982,2026-08-05,13 16 18 21 31 | 4
163983,2026-08-05,2 3 10 19 20 | 2
163984,2026-08-05,2 7 16 17 19 | 2
163985,2026-08-05,7 19 22 23 27 | 3
163986,2026-08-05,12 18 19 25 34 | 2
163987,2026-08-05,3 5 14 18 33 | 4
163988,2026-08-05,10 21 24 32 35 | 4
163989,2026-08-05,12 20 22 26 28 | 2
163990,2026-08-05,3 5 12 15 35 | 1
163991,2026-08-05,1 11 12 21 26 | 4
163992,2026-08-05,7 14 15 27 30 | 2
163993,2026-08-05,8 11 23 31 33 | 4
163994,2026-08-05,1 9 10 15 34 | 1
163995,2026-08-05,7 8 20 26 35 | 1
163996,2026-08-05,1 2 13 15 24 | 4
163997,2026-08-05,3 4 11 17 31 | 4
163998,2026-08-05,2 6 8 21 34 | 4
163999,2026-08-05,6 10 12 31 32 | 3
164000,2026-08-05,1 6 16 25 28 | 4
164001,2026-08-05,3 16 21 22 30 | 2
164002,2026-08-05,7 12 14 17 30 | 4
164003,2026-08-05,1 21 22 27 30 | 3
164004,2026-08-05,5 6 9 26 31 | 2
164005,2026-08-05,5 9 19 20 24 | 2
164006,2026-08-05,4 7 30 32 33 | 2
164007,2026-08-05,10 20 25 26 36 | 1
164008,2026-08-05,8 13 19 26 28 | 3
164009,2026-08-05,5 8 10 17 22 | 4
164010,2026-08-05,5 9 20 30 33 | 2
164011,2026-08-05,10 12 14 15 30 | 2
164012,2026-08-05,1 7 28 29 34 | 2
164013,2026-08-05,4 11 12 29 31 | 2
164014,2026-08-05,5 19 21 23 27 | 1
164015,2026-08-05,9 26 27 30 36 | 1
164016,2026-08-05,3 6 20 28 32 | 1
164017,2026-08-05,6 13 19 25 29 | 2
164018,2026-08-05,1 2 11 25 27 | 2
164019,2026-08-05,1 6 19 25 35 | 2
164020,2026-08-05,9 16 25 33 35 | 3
164021,2026-08-05,4 13 17 21 22 | 3
164022,2026-08-06,6 10 12 25 36 | 3
164023,2026-08-06,10 11 17 27 36 | 2
164024,2026-08-06,1 15 26 33 34 | 3
164025,2026-08-06,1 22 23 25 31 | 4
164026,2026-08-06,7 14 17 22 34 | 2
164027,2026-08-06,12 23 24 27 31 | 4
164028,2026-08-06,6 20 22 28 36 | 1
164029,2026-08-06,6 9 10 22 24 | 3
164030,2026-08-06,2 13 14 33 36 | 1
164031,2026-08-06,15 16 28 32 36 | 4
164032,2026-08-06,4 8 15 26 30 | 1
164033,2026-08-06,1 13 21 24 36 | 2
164034,2026-08-06,9 16 18 26 27 | 4
164035,2026-08-06,3 6 16 20 25 | 4
164036,2026-08-06,11 15 16 20 21 | 1
164037,2026-08-06,2 7 11 20 22 | 3
164038,2026-08-06,17 19 21 28 35 | 2
164039,2026-08-06,12 18 19 22 23 | 1
164040,2026-08-06,2 4 15 22 35 | 1
164041,2026-08-06,3 5 13 32 35 | 4
164042,2026-08-06,3 4 6 10 29 | 1
164043,2026-08-06,4 8 12 17 23 | 2
164044,2026-08-06,5 6 11 23 25 | 4
164045,2026-08-06,7 11 28 31 32 | 2
164046,2026-08-06,10 16 19 21 31 | 1
164047,2026-08-06,6 15 23 31 32 | 1
164048,2026-08-06,1 2 5 7 19 | 4
164049,2026-08-06,2 15 19 33 35 | 4
164050,2026-08-06,4 15 19 28 36 | 3
164051,2026-08-06,10 19 20 30 35 | 2
164052,2026-08-06,6 9 18 32 34 | 2
164053,2026-08-06,3 8 11 19 34 | 1
164054,2026-08-06,8 17 24 34 35 | 1
164055,2026-08-06,6 9 13 15 21 | 4
164056,2026-08-06,17 21 22 27 31 | 1
164057,2026-08-06,12 19 21 24 33 | 4
164058,2026-08-06,2 14 18 33 34 | 2
164059,2026-08-06,6 9 21 27 36 | 3
164060,2026-08-06,3 9 14 17 32 | 4
164061,2026-08-06,1 10 19 27 35 | 1
164062,2026-08-06,3 7 15 18 21 | 1
164063,2026-08-06,1 5 8 13 26 | 4
164064,2026-08-06,5 19 20 23 29 | 4
164065,2026-08-06,6 16 17 30 33 | 1
164066,2026-08-06,3 6 25 29 36 | 1
164067,2026-08-06,8 16 18 24 27 | 4
164068,2026-08-06,6 20 29 32 35 | 1
164069,2026-08-06,18 22 24 28 34 | 4
164070,2026-08-06,2 12 22 29 36 | 1
164071,2026-08-06,2 9 24 31 36 | 2
164072,2026-08-06,4 14 20 21 22 | 1
164073,2026-08-06,3 9 12 26 32 | 1
164074,2026-08-06,5 7 25 28 33 | 4
164075,2026-08-06,2 5 6 24 30 | 1
164076,2026-08-06,10 14 15 30 31 | 2
164077,2026-08-06,6 9 15 20 29 | 1
164078,2026-08-06,3 9 28 33 36 | 1
164079,2026-08-06,12 14 18 21 23 | 3
164080,2026-08-06,10 14 23 32 33 | 2
164081,2026-08-07,4 8 10 11 34 | 1
164082,2026-08-07,3 13 24 32 35 | 2
164083,2026-08-07,3 23 24 32 34 | 2
164084,2026-08-07,5 14 16 34 36 | 1
164085,2026-08-07,11 16 17 29 35 | 4
164086,2026-08-07,2 4 16 17 25 | 4
164087,2026-08-07,3 21 32 33 36 | 2
164088,2026-08-07,7 10 11 15 36 | 4
164089,2026-08-07,5 12 15 33 35 | 3
164090,2026-08-07,9 15 20 24 31 | 2
164091,2026-08-07,2 16 19 21 26 | 3
164092,2026-08-07,7 10 18 27 32 | 2
164093,2026-08-07,2 4 17 20 28 | 1
164094,2026-08-07,1 10 23 33 35 | 3
164095,2026-08-07,8 12 22 28 32 | 1
164096,2026-08-07,2 5 7 18 33 | 2
164097,2026-08-07,3 11 22 34 35 | 4
164098,2026-08-07,11 15 18 22 29 | 4
164099,2026-08-07,15 18 19 23 25 | 3
164100,2026-08-07,4 5 9 30 36 | 3
164101,2026-08-07,1 11 12 22 23 | 3
164102,2026-08-07,2 14 15 22 31 | 2
164103,2026-08-07,1 14 15 21 34 | 2
164104,2026-08-07,1 8 13 14 19 | 4
164105,2026-08-07,5 12 16 19 32 | 3
164106,2026-08-07,2 8 23 25 28 | 3
164107,2026-08-07,21 25 26 28 30 | 2
164108,2026-08-07,16 21 24 29 36 | 3
164109,2026-08-07,9 10 32 34 35 | 2
164110,2026-08-07,4 12 18 27 36 | 2
164111,2026-08-07,8 9 21 22 33 | 4
164112,2026-08-07,6 13 28 32 33 | 1
164113,2026-08-07,11 14 19 27 30 | 2
164114,2026-08-07,5 23 24 33 34 | 4
164115,2026-08-07,6 24 26 29 30 | 3
164116,2026-08-07,9 11 21 30 31 | 2
164117,2026-08-07,6 17 18 25 27 | 1
164118,2026-08-07,2 5 17 19 24 | 1
164119,2026-08-07,11 16 32 34 36 | 3
164120,2026-08-07,4 7 10 21 35 | 3
164121,2026-08-07,20 23 27 31 32 | 3
164122,2026-08-07,4 20 21 23 29 | 1
164123,2026-08-07,5 9 18 23 25 | 2
164124,2026-08-07,7 14 16 20 32 | 3
164125,2026-08-07,4 14 20 26 27 | 4
164126,2026-08-07,11 13 16 24 34 | 1
164127,2026-08-07,7 18 19 26 33 | 2
164128,2026-08-07,1 5 13 21 22 | 3
164129,2026-08-07,7 8 11 14 35 | 3
164130,2026-08-07,5 6 13 15 20 | 2
164131,2026-08-07,5 9 17 24 30 | 2
164132,2026-08-07,6 11 15 18 27 | 1
164133,2026-08-07,5 17 20 31 36 | 3
164134,2026-08-07,3 5 9 22 32 | 2
164135,2026-08-07,1 2 15 18 28 | 3
164136,2026-08-07,3 8 16 26 29 | 1
164137,2026-08-07,11 13 17 28 35 | 4
164138,2026-08-07,1 5 10 18 24 | 1
164139,2026-08-07,1 5 9 15 25 | 2
164140,2026-08-08,4 6 31 33 35 | 4
164141,2026-08-08,12 13 23 32 34 | 4
164142,2026-08-08,4 8 10 21 22 | 1
164143,2026-08-08,1 18 20 21 36 | 4
164144,2026-08-08,2 12 24 28 33 | 1
164145,2026-08-08,5 7 14 27 34 | 3
164146,2026-08-08,17 22 28 29 32 | 3
164147,2026-08-08,2 13 21 22 26 | 2
164148,2026-08-08,10 12 20 26 29 | 2
164149,2026-08-08,7 15 19 24 33 | 2
164150,2026-08-08,2 9 10 15 22 | 1
164151,2026-08-08,4 5 7 15 27 | 4
164152,2026-08-08,11 15 18 27 32 | 1
164153,2026-08-08,4 9 11 16 33 | 3
164154,2026-08-08,5 14 20 25 28 | 1
164155,2026-08-08,8 9 11 16 25 | 2
164156,2026-08-08,6 8 22 25 35 | 3
164157,2026-08-08,2 13 18 27 31 | 2
164158,2026-08-08,8 10 12 18 22 | 2
164159,2026-08-08,7 14 19 25 33 | 2
164160,2026-08-08,9 11 26 31 34 | 4
164161,2026-08-08,3 20 22 23 24 | 1
164162,2026-08-08,12 13 24 26 32 | 2
164163,2026-08-08,13 15 27 30 31 | 2
164164,2026-08-08,18 23 24 25 28 | 2
164165,2026-08-08,9 26 29 32 36 | 4
164166,2026-08-08,11 12 14 16 33 | 4
164167,2026-08-08,14 16 17 26 33 | 4
164168,2026-08-08,2 3 27 32 34 | 1
164169,2026-08-08,3 5 8 27 34 | 4
164170,2026-08-08,4 6 7 13 36 | 2
164171,2026-08-08,6 9 17 35 36 | 2
164172,2026-08-08,7 23 26 28 29 | 4
164173,2026-08-08,1 2 15 20 32 | 3
164174,2026-08-08,4 10 30 31 34 | 4
164175,2026-08-08,5 9 15 16 34 | 3
164176,2026-08-08,6 16 19 25 27 | 3
164177,2026-08-08,1 4 26 31 34 | 4
164178,2026-08-08,3 4 23 34 35 | 2
164179,2026-08-08,7 9 22 32 33 | 1
164180,2026-08-08,5 7 22 25 34 | 1
164181,2026-08-08,5 6 22 25 34 | 3
164182,2026-08-08,9 12 24 29 30 | 2
164183,2026-08-08,3 20 21 32 33 | 4
164184,2026-08-08,4 5 16 19 25 | 1
164185,2026-08-08,15 21 22 28 33 | 1
164186,2026-08-08,12 17 26 33 35 | 1
164187,2026-08-08,1 6 15 27 33 | 4
164188,2026-08-08,10 12 19 26 30 | 1
164189,2026-08-08,9 19 23 28 31 | 4
164190,2026-08-08,12 15 23 32 36 | 1
164191,2026-08-08,11 17 18 25 26 | 2
164192,2026-08-08,7 12 21 22 31 | 1
164193,2026-08-08,5 8 9 11 15 | 4
164194,2026-08-08,3 15 18 20 23 | 3
164195,2026-08-08,7 12 16 19 23 | 4
164196,2026-08-08,9 13 24 25 34 | 3
164197,2026-08-09,2 9 19 32 36 | 3
164198,2026-08-09,6 12 13 16 25 | 4
164199,2026-08-09,8 14 20 27 29 | 4
164200,2026-08-09,3 19 29 33 35 | 1
164201,2026-08-09,10 18 24 30 31 | 4
164202,2026-08-09,8 12 14 26 29 | 4
164203,2026-08-09,2 10 21 26 35 | 3
164204,2026-08-09,8 22 27 34 35 | 1
164205,2026-08-09,8 10 20 24 28 | 1
164206,2026-08-09,7 16 29 30 31 | 1
164207,2026-08-09,1 2 8 26 31 | 2
164208,2026-08-09,5 23 29 30 34 | 2
164209,2026-08-09,11 15 22 24 26 | 4
164210,2026-08-09,3 15 19 22 30 | 2
164211,2026-08-09,5 7 23 28 30 | 2
164212,2026-08-09,1 9 17 24 31 | 1
164213,2026-08-09,4 5 13 22 28 | 2
164214,2026-08-09,4 7 10 11 15 | 2
164215,2026-08-09,5 12 27 29 32 | 3
164216,2026-08-09,2 27 29 31 33 | 1
164217,2026-08-09,5 15 18 21 28 | 1
164218,2026-08-09,1 2 4 16 20 | 3
164219,2026-08-09,1 2 8 10 36 | 3
164220,2026-08-09,13 21 22 31 34 | 2
164221,2026-08-09,10 13 16 19 24 | 1
164222,2026-08-09,3 9 12 17 35 | 2
164223,2026-08-09,5 8 15 20 28 | 1
164224,2026-08-09,2 4 15 18 33 | 1
164225,2026-08-09,2 4 9 20 34 | 4
164226,2026-08-09,5 8 10 30 34 | 2
164227,2026-08-09,4 8 11 15 19 | 3
164228,2026-08-09,5 9 14 24 29 | 1
164229,2026-08-09,3 11 13 24 25 | 4
164230,2026-08-09,8 24 26 30 33 | 1
164231,2026-08-09,3 9 30 32 34 | 4
164232,2026-08-09,2 6 11 21 35 | 2
164233,2026-08-09,2 17 23 32 33 | 4
164234,2026-08-09,4 7 16 27 36 | 1
164235,2026-08-09,6 7 25 29 34 | 2
164236,2026-08-09,2 11 12 27 34 | 3
164237,2026-08-09,23 25 27 28 33 | 1
164238,2026-08-09,1 2 19 26 33 | 3
164239,2026-08-09,1 21 24 31 36 | 1
164240,2026-08-09,7 13 18 21 33 | 1
164241,2026-08-09,2 18 19 26 32 | 1
164242,2026-08-09,5 10 13 18 21 | 3
164243,2026-08-09,13 23 27 29 32 | 1
164244,2026-08-09,4 5 12 16 17 | 1
164245,2026-08-09,8 14 22 28 29 | 1
164246,2026-08-09,1 10 11 21 26 | 2
164247,2026-08-09,2 12 15 20 29 | 3
164248,2026-08-09,4 21 28 29 35 | 4
164249,2026-08-09,3 6 11 16 17 | 4
164250,2026-08-09,12 14 16 24 33 | 1
164251,2026-08-09,1 11 17 31 33 | 1
164252,2026-08-09,5 13 19 31 32 | 1
164253,2026-08-09,11 17 19 23 31 | 3
164254,2026-08-09,8 17 18 24 27 | 3
164255,2026-08-09,2 11 15 21 34 | 3
164256,2026-08-10,2 16 19 22 30 | 1
164257,2026-08-10,1 7 15 22 28 | 3
164258,2026-08-10,3 11 17 20 28 | 4
164259,2026-08-10,2 14 15 18 35 | 3
164260,2026-08-10,1 6 7 27 34 | 3
164261,2026-08-10,7 26 28 33 34 | 1
164262,2026-08-10,15 22 23 30 33 | 4
164263,2026-08-10,3 6 11 14 36 | 2
164264,2026-08-10,5 7 21 24 34 | 3
164265,2026-08-10,1 17 24 29 31 | 2
164266,2026-08-10,11 19 20 21 31 | 2
164267,2026-08-10,3 17 18 33 36 | 3
164268,2026-08-10,18 22 25 29 34 | 1
164269,2026-08-10,2 4 21 31 34 | 1
164270,2026-08-10,13 16 23 29 35 | 2
164271,2026-08-10,1 5 8 18 33 | 1
164272,2026-08-10,3 7 19 24 27 | 2
164273,2026-08-10,7 14 19 20 25 | 1
164274,2026-08-10,15 22 24 31 35 | 2
164275,2026-08-10,4 15 28 29 33 | 3
164276,2026-08-10,7 9 12 14 25 | 1
164277,2026-08-10,2 13 26 33 35 | 3
164278,2026-08-10,2 16 24 29 33 | 3
164279,2026-08-10,5 10 28 30 32 | 2
164280,2026-08-10,14 25 27 30 33 | 4
164281,2026-08-10,2 7 19 33 36 | 4
164282,2026-08-10,1 17 20 22 30 | 3
164283,2026-08-10,13 16 17 21 28 | 2
164284,2026-08-10,8 14 16 19 22 | 4
164285,2026-08-10,2 5 11 19 28 | 1
164286,2026-08-10,11 14 33 34 36 | 2
164287,2026-08-10,4 7 13 20 21 | 2
164288,2026-08-10,6 10 21 24 25 | 4
164289,2026-08-10,2 3 26 34 36 | 2
164290,2026-08-10,1 2 9 25 28 | 1
164291,2026-08-10,5 9 17 22 23 | 2
164292,2026-08-10,12 23 27 30 36 | 4
164293,2026-08-10,3 8 24 32 35 | 3
164294,2026-08-10,5 9 17 19 31 | 2
164295,2026-08-10,2 11 19 25 28 | 4
164296,2026-08-10,2 3 8 9 32 | 1
164297,2026-08-10,8 12 18 25 29 | 2
164298,2026-08-10,3 14 16 30 31 | 4
164299,2026-08-10,9 19 24 33 35 | 3
164300,2026-08-10,14 20 21 29 31 | 1
164301,2026-08-10,2 12 22 30 31 | 3
164302,2026-08-10,18 20 21 23 29 | 1
164303,2026-08-10,1 11 21 22 31 | 2
164304,2026-08-10,2 5 10 13 24 | 1
164305,2026-08-10,1 4 10 17 25 | 3
164306,2026-08-10,8 14 21 22 33 | 1
164307,2026-08-10,3 15 23 27 33 | 1
164308,2026-08-10,13 17 18 34 36 | 4
164309,2026-08-10,11 14 16 34 36 | 4
164310,2026-08-10,5 6 8 22 36 | 1
164311,2026-08-10,28 29 31 32 33 | 4
164312,2026-08-10,7 10 25 35 36 | 1
164313,2026-08-10,15 17 19 28 35 | 2
164314,2026-08-10,19 23 25 28 33 | 4
164315,2026-08-11,2 5 22 24 34 | 2
164316,2026-08-11,1 2 15 20 29 | 1
164317,2026-08-11,1 4 21 33 35 | 1
164318,2026-08-11,6 7 9 14 16 | 4
164319,2026-08-11,3 4 10 27 32 | 4
164320,2026-08-11,8 15 20 23 28 | 1
164321,2026-08-11,6 13 14 17 26 | 4
164322,2026-08-11,15 22 25 29 36 | 2
164323,2026-08-11,8 11 12 30 32 | 4
164324,2026-08-11,5 6 26 31 36 | 4
164325,2026-08-11,7 9 26 31 32 | 1
164326,2026-08-11,14 20 28 30 35 | 2
164327,2026-08-11,14 24 30 34 36 | 1
164328,2026-08-11,2 4 11 12 26 | 3
164329,2026-08-11,1 5 9 12 28 | 4
164330,2026-08-11,5 19 21 23 35 | 2
164331,2026-08-11,11 20 25 29 33 | 2
164332,2026-08-11,1 4 15 26 28 | 1
164333,2026-08-11,10 13 16 25 31 | 1
164334,2026-08-11,8 11 20 24 34 | 2
164335,2026-08-11,4 29 32 35 36 | 4
164336,2026-08-11,3 13 15 17 36 | 2
164337,2026-08-11,14 21 25 35 36 | 4
164338,2026-08-11,2 14 17 34 35 | 1
164339,2026-08-11,2 8 16 18 26 | 2
164340,2026-08-11,11 12 24 28 29 | 1
164341,2026-08-11,7 12 16 18 23 | 2
164342,2026-08-11,3 10 24 30 35 | 3
164343,2026-08-11,17 25 28 29 31 | 3
164344,2026-08-11,1 7 15 19 36 | 2
164345,2026-08-11,1 12 15 20 27 | 1
164346,2026-08-11,12 16 26 35 36 | 2
164347,2026-08-11,6 8 22 31 33 | 2
164348,2026-08-11,10 13 14 21 28 | 1
164349,2026-08-11,12 18 21 24 29 | 1
164350,2026-08-11,3 6 7 27 31 | 3
164351,2026-08-11,2 6 8 17 31 | 3
164352,2026-08-11,9 19 21 31 33 | 4
164353,2026-08-11,11 16 22 23 25 | 1
164354,2026-08-11,16 19 23 31 35 | 3
164355,2026-08-11,4 9 19 31 36 | 1
164356,2026-08-11,1 9 17 29 35 | 4
164357,2026-08-11,11 21 22 23 26 | 3
164358,2026-08-11,3 11 14 21 32 | 2
164359,2026-08-11,2 10 15 18 34 | 4
164360,2026-08-11,3 13 17 20 22 | 2
164361,2026-08-11,2 8 10 25 29 | 1
164362,2026-08-11,4 24 28 31 33 | 4
164363,2026-08-11,5 22 26 27 29 | 2
164364,2026-08-11,5 10 18 24 29 | 2
164365,2026-08-11,9 16 18 28 33 | 1
164366,2026-08-11,10 13 14 16 23 | 4
164367,2026-08-11,7 15 25 28 31 | 3
164368,2026-08-11,9 19 26 28 35 | 2
164369,2026-08-11,3 13 14 17 34 | 4
164370,2026-08-11,11 12 13 19 33 | 1
164371,2026-08-11,12 20 21 28 31 | 1
164372,2026-08-11,6 10 11 23 30 | 1
164373,2026-08-11,6 12 17 24 31 | 2
164374,2026-08-12,2 7 15 18 31 | 1
164375,2026-08-12,1 2 5 15 19 | 2
164376,2026-08-12,7 21 25 26 31 | 2
164377,2026-08-12,12 16 23 30 34 | 4
164378,2026-08-12,11 14 23 26 31 | 1
164379,2026-08-12,4 25 29 32 35 | 2
164380,2026-08-12,12 13 16 20 27 | 1
164381,2026-08-12,7 9 13 17 26 | 1
164382,2026-08-12,5 12 16 22 25 | 1
164383,2026-08-12,3 15 22 27 34 | 4
164384,2026-08-12,16 20 22 24 28 | 1
164385,2026-08-12,15 17 20 23 24 | 3
164386,2026-08-12,15 16 21 22 32 | 1
164387,2026-08-12,5 14 24 31 36 | 2
164388,2026-08-12,7 25 32 33 35 | 1
164389,2026-08-12,9 14 21 32 34 | 3
164390,2026-08-12,9 22 26 35 36 | 4
164391,2026-08-12,4 11 24 32 36 | 3
164392,2026-08-12,5 14 16 28 31 | 2
164393,2026-08-12,2 4 5 21 25 | 1
164394,2026-08-12,5 12 18 26 27 | 1
164395,2026-08-12,5 22 28 32 35 | 1
164396,2026-08-12,3 12 24 35 36 | 4
164397,2026-08-12,3 12 18 29 34 | 1
164398,2026-08-12,16 18 20 24 25 | 3
164399,2026-08-12,17 20 22 28 31 | 4
164400,2026-08-12,2 7 22 23 34 | 1
164401,2026-08-12,1 3 6 12 22 | 1
164402,2026-08-12,2 6 18 19 20 | 4
164403,2026-08-12,2 8 27 34 35 | 1
164404,2026-08-12,4 9 11 16 33 | 3
164405,2026-08-12,9 11 24 30 35 | 1
164406,2026-08-12,1 4 10 21 22 | 1
164407,2026-08-12,2 12 20 30 34 | 4
164408,2026-08-12,16 17 20 24 33 | 2
164409,2026-08-12,7 12 22 23 31 | 2
164410,2026-08-12,6 18 21 26 32 | 3
164411,2026-08-12,1 4 12 14 21 | 3
164412,2026-08-12,23 26 30 34 36 | 2
164413,2026-08-12,5 20 23 28 33 | 1
164414,2026-08-12,7 12 20 27 31 | 1
164415,2026-08-12,7 16 17 18 28 | 3
164416,2026-08-12,1 7 9 20 28 | 2
164417,2026-08-12,4 17 24 26 34 | 4
164418,2026-08-12,11 19 28 32 36 | 1
164419,2026-08-12,4 5 26 28 32 | 2
164420,2026-08-12,1 8 17 24 27 | 4
164421,2026-08-12,8 10 15 23 25 | 1
164422,2026-08-12,1 2 17 25 32 | 3
164423,2026-08-12,1 9 11 19 34 | 4
164424,2026-08-12,8 14 24 26 27 | 4
164425,2026-08-12,5 11 22 24 35 | 1
164426,2026-08-12,6 7 23 35 36 | 2
164427,2026-08-12,12 20 21 23 28 | 2
164428,2026-08-12,3 7 14 27 32 | 3
164429,2026-08-12,5 9 15 18 21 | 4
164430,2026-08-12,1 4 11 20 27 | 2
164431,2026-08-12,7 12 16 26 29 | 4
164432,2026-08-12,1 5 6 11 25 | 2
164433,2026-08-13,6 16 23 27 31 | 4
164434,2026-08-13,3 8 9 25 27 | 3
164435,2026-08-13,9 29 32 33 34 | 3
164436,2026-08-13,3 5 7 12 34 | 3
164437,2026-08-13,11 21 23 25 30 | 1
164438,2026-08-13,18 25 27 33 36 | 4
164439,2026-08-13,14 15 16 24 34 | 2
164440,2026-08-13,11 19 20 32 35 | 4
164441,2026-08-13,10 13 21 28 34 | 3
164442,2026-08-13,2 5 8 10 32 | 2
164443,2026-08-13,9 13 17 27 35 | 2
164444,2026-08-13,10 13 15 17 27 | 2
164445,2026-08-13,7 23 26 30 33 | 3
164446,2026-08-13,14 21 22 24 30 | 4
164447,2026-08-13,4 7 16 30 31 | 1
164448,2026-08-13,2 3 8 18 30 | 3
164449,2026-08-13,6 11 13 14 19 | 2
164450,2026-08-13,4 9 13 14 25 | 4
164451,2026-08-13,3 13 29 31 32 | 2
164452,2026-08-13,6 9 20 22 29 | 1
164453,2026-08-13,2 5 28 32 35 | 2
164454,2026-08-13,1 7 13 23 29 | 1
164455,2026-08-13,10 12 13 23 33 | 1
164456,2026-08-13,5 15 16 23 33 | 2
164457,2026-08-13,1 10 16 19 35 | 2
164458,2026-08-13,10 11 24 28 30 | 1
164459,2026-08-13,3 15 31 34 36 | 2
164460,2026-08-13,11 13 16 28 33 | 1
164461,2026-08-13,4 6 27 29 35 | 2
164462,2026-08-13,2 6 14 16 30 | 2
164463,2026-08-13,6 7 16 34 35 | 2
164464,2026-08-13,2 4 6 21 27 | 1
164465,2026-08-13,20 21 26 28 31 | 1
164466,2026-08-13,1 12 23 27 36 | 2
164467,2026-08-13,2 6 14 17 36 | 4
164468,2026-08-13,10 12 13 18 29 | 3
164469,2026-08-13,5 6 11 28 31 | 1
164470,2026-08-13,17 25 26 31 36 | 4
164471,2026-08-13,5 6 8 18 30 | 2
164472,2026-08-13,2 4 5 12 26 | 3
164473,2026-08-13,1 11 16 30 33 | 1
164474,2026-08-13,2 9 10 20 24 | 4
164475,2026-08-13,4 11 16 26 36 | 1
164476,2026-08-13,1 20 23 29 33 | 3
164477,2026-08-13,3 17 21 29 33 | 2
164478,2026-08-13,2 9 24 26 33 | 2
164479,2026-08-13,3 9 15 25 32 | 3
164480,2026-08-13,2 17 23 24 36 | 3
164481,2026-08-13,2 15 16 18 24 | 3
164482,2026-08-13,4 8 22 32 35 | 3
164483,2026-08-13,7 8 26 30 32 | 1
164484,2026-08-13,4 5 17 19 31 | 1
164485,2026-08-13,1 15 17 18 32 | 1
164486,2026-08-13,10 14 15 21 34 | 3
164487,2026-08-13,11 13 17 24 31 | 2
164488,2026-08-13,9 10 15 19 28 | 3
164489,2026-08-13,8 23 28 31 33 | 2
164490,2026-08-13,6 7 10 19 25 | 3
164491,2026-08-13,1 5 13 21 24 | 3
164492,2026-08-14,3 6 25 26 33 | 4
164493,2026-08-14,1 7 9 14 18 | 2
164494,2026-08-14,6 13 23 25 33 | 3
164495,2026-08-14,5 8 14 20 31 | 2
164496,2026-08-14,11 22 26 27 31 | 1
164497,2026-08-14,2 5 22 27 33 | 2
164498,2026-08-14,14 24 25 30 31 | 4
164499,2026-08-14,8 14 22 24 36 | 3
164500,2026-08-14,2 21 33 34 36 | 3
164501,2026-08-14,3 22 26 27 28 | 4
164502,2026-08-14,3 5 17 18 30 | 4
164503,2026-08-14,4 5 16 17 29 | 1
164504,2026-08-14,3 18 19 21 34 | 3
164505,2026-08-14,2 5 9 18 36 | 4
164506,2026-08-14,8 9 13 25 31 | 3
164507,2026-08-14,12 15 16 24 34 | 4
164508,2026-08-14,4 15 27 29 35 | 4
164509,2026-08-14,1 14 24 30 31 | 2
164510,2026-08-14,1 10 12 18 30 | 1
164511,2026-08-14,17 21 25 29 30 | 2
164512,2026-08-14,1 7 22 24 31 | 2
164513,2026-08-14,3 7 8 23 29 | 2
164514,2026-08-14,5 7 17 32 36 | 4
164515,2026-08-14,1 9 15 33 34 | 4
164516,2026-08-14,18 23 27 28 30 | 1
164517,2026-08-14,1 22 28 29 35 | 1
164518,2026-08-14,4 6 13 23 25 | 2
164519,2026-08-14,2 13 16 24 28 | 1
164520,2026-08-14,5 9 28 30 35 | 4
164521,2026-08-14,9 18 20 29 35 | 4
164522,2026-08-14,3 9 11 13 28 | 2
164523,2026-08-14,13 15 23 27 35 | 3
164524,2026-08-14,6 8 13 25 35 | 4
164525,2026-08-14,6 23 28 29 32 | 3
164526,2026-08-14,4 5 18 25 31 | 1
164527,2026-08-14,15 16 21 24 31 | 3
164528,2026-08-14,1 6 14 28 34 | 1
164529,2026-08-14,12 13 18 32 35 | 1
164530,2026-08-14,3 9 11 16 30 | 1
164531,2026-08-14,5 8 21 29 32 | 4
164532,2026-08-14,3 15 21 29 31 | 3
164533,2026-08-14,1 2 13 26 28 | 4
164534,2026-08-14,1 13 25 28 34 | 3
164535,2026-08-14,3 14 18 19 21 | 1
164536,2026-08-14,1 15 25 28 29 | 2
164537,2026-08-14,1 17 19 23 36 | 2
164538,2026-08-14,23 24 28 33 34 | 1
164539,2026-08-14,10 15 28 29 32 | 1
164540,2026-08-14,5 14 17 21 23 | 3
164541,2026-08-14,1 3 7 14 29 | 3
164542,2026-08-14,3 4 11 20 33 | 3
164543,2026-08-14,3 10 11 20 21 | 4
164544,2026-08-14,7 13 18 22 24 | 3
164545,2026-08-14,6 7 24 28 35 | 1
164546,2026-08-14,2 17 27 28 33 | 1
164547,2026-08-14,5 17 27 32 36 | 2
164548,2026-08-14,10 20 26 28 31 | 3
164549,2026-08-14,6 9 10 20 21 | 1
164550,2026-08-14,8 20 22 28 31 | 1
164551,2026-08-15,8 9 12 32 35 | 2
164552,2026-08-15,18 19 22 23 34 | 1
164553,2026-08-15,9 11 23 28 35 | 4
164554,2026-08-15,6 18 21 23 34 | 4
164555,2026-08-15,1 14 18 24 26 | 3
164556,2026-08-15,1 9 12 26 28 | 1
164557,2026-08-15,8 19 21 29 30 | 4
164558,2026-08-15,2 4 15 23 26 | 2
164559,2026-08-15,5 6 8 11 36 | 2
164560,2026-08-15,3 10 12 13 22 | 1
164561,2026-08-15,7 8 13 28 31 | 4
164562,2026-08-15,8 9 14 19 20 | 2
164563,2026-08-15,7 13 16 26 30 | 1
164564,2026-08-15,3 20 22 33 34 | 3
164565,2026-08-15,1 7 29 32 36 | 1
164566,2026-08-15,8 19 23 25 28 | 1
164567,2026-08-15,11 15 16 26 29 | 2
164568,2026-08-15,7 8 20 23 30 | 3
164569,2026-08-15,14 18 20 28 31 | 1
164570,2026-08-15,18 20 31 32 33 | 4
164571,2026-08-15,6 10 13 14 35 | 3
164572,2026-08-15,1 13 19 23 36 | 1
164573,2026-08-15,6 7 8 21 32 | 4
164574,2026-08-15,2 6 14 16 31 | 4
164575,2026-08-15,11 12 13 19 35 | 1
164576,2026-08-15,2 9 10 30 35 | 3
164577,2026-08-15,9 12 13 24 36 | 3
164578,2026-08-15,1 4 24 25 32 | 2
164579,2026-08-15,4 12 21 28 31 | 2
164580,2026-08-15,10 12 20 33 36 | 1
164581,2026-08-15,1 4 17 28 30 | 4
164582,2026-08-15,2 4 15 22 26 | 3
164583,2026-08-15,5 11 18 26 27 | 4
164584,2026-08-15,1 2 18 27 32 | 1
164585,2026-08-15,2 18 27 29 35 | 1
164586,2026-08-15,9 15 20 27 31 | 2
164587,2026-08-15,4 5 14 26 29 | 2
164588,2026-08-15,3 4 16 29 33 | 1
164589,2026-08-15,3 22 26 27 33 | 2
164590,2026-08-15,2 7 9 17 24 | 1
164591,2026-08-15,2 5 8 18 30 | 3
164592,2026-08-15,3 4 23 25 36 | 4
164593,2026-08-15,1 17 22 29 32 | 1
164594,2026-08-15,5 9 15 31 36 | 2
164595,2026-08-15,1 5 8 26 36 | 2
164596,2026-08-15,7 19 29 31 34 | 3
164597,2026-08-15,2 3 9 32 35 | 1
164598,2026-08-15,1 8 25 31 34 | 4
164599,2026-08-15,3 9 12 28 32 | 1
164600,2026-08-15,16 20 24 27 34 | 4
164601,2026-08-15,6 8 19 26 29 | 2
164602,2026-08-15,8 9 14 31 36 | 3
164603,2026-08-15,7 20 25 28 33 | 3
164604,2026-08-15,6 10 25 27 30 | 3
164605,2026-08-15,4 11 12 23 29 | 4
164606,2026-08-15,9 14 15 19 21 | 4
164607,2026-08-15,1 15 25 26 33 | 4
164608,2026-08-16,5 6 10 18 29 | 4
164609,2026-08-16,2 4 9 10 25 | 4
164610,2026-08-16,5 6 22 30 35 | 4
164611,2026-08-16,9 11 19 27 36 | 3
164612,2026-08-16,5 10 22 26 35 | 3
164613,2026-08-16,5 19 25 26 36 | 1
164614,2026-08-16,3 6 10 27 36 | 4
164615,2026-08-16,2 9 16 24 36 | 1
164616,2026-08-16,9 15 16 30 32 | 2
164617,2026-08-16,9 17 20 24 26 | 4
164618,2026-08-16,7 8 9 21 36 | 3
164619,2026-08-16,4 10 12 14 18 | 2
164620,2026-08-16,5 12 22 29 36 | 1
164621,2026-08-16,5 12 21 26 29 | 3
164622,2026-08-16,5 20 22 25 35 | 2
164623,2026-08-16,9 28 30 33 34 | 4
164624,2026-08-16,10 26 28 31 35 | 1
164625,2026-08-16,3 5 11 13 19 | 1
164626,2026-08-16,1 5 15 16 34 | 4
164627,2026-08-16,2 7 12 16 23 | 1
164628,2026-08-16,5 9 12 16 18 | 1
164629,2026-08-16,11 13 25 27 29 | 1
164630,2026-08-16,4 5 12 30 31 | 3
164631,2026-08-16,20 21 25 29 36 | 2
164632,2026-08-16,19 22 23 24 29 | 3
164633,2026-08-16,4 17 19 23 32 | 4
164634,2026-08-16,6 14 23 24 29 | 1
164635,2026-08-16,2 5 13 14 25 | 1
164636,2026-08-16,13 14 25 27 33 | 4
164637,2026-08-16,11 13 14 17 21 | 2
164638,2026-08-16,5 6 21 34 35 | 3
164639,2026-08-16,10 16 20 28 32 | 2
164640,2026-08-16,5 9 13 28 30 | 3
164641,2026-08-16,2 18 22 24 31 | 4
164642,2026-08-16,23 32 34 35 36 | 1
164643,2026-08-16,1 8 9 14 16 | 1
164644,2026-08-16,9 14 23 32 34 | 3
164645,2026-08-16,9 14 23 30 33 | 3
164646,2026-08-16,1 2 3 11 29 | 3
164647,2026-08-16,2 8 15 29 33 | 2
164648,2026-08-16,5 9 27 31 33 | 2
164649,2026-08-16,9 10 12 17 28 | 4
164650,2026-08-16,8 10 12 18 21 | 2
164651,2026-08-16,12 15 17 22 26 | 1
164652,2026-08-16,1 2 3 8 24 | 1
164653,2026-08-16,18 21 22 30 36 | 1
164654,2026-08-16,1 6 23 26 30 | 3
164655,2026-08-16,1 3 14 25 26 | 3
164656,2026-08-16,9 16 28 30 36 | 1
164657,2026-08-16,7 9 11 21 23 | 2
164658,2026-08-16,4 17 24 30 36 | 3
164659,2026-08-16,6 19 22 29 30 | 3
164660,2026-08-16,18 19 22 33 35 | 3
164661,2026-08-16,6 9 18 24 33 | 2
164662,2026-08-16,14 16 20 28 32 | 3
164663,2026-08-16,8 17 20 30 33 | 4
164664,2026-08-16,19 20 22 28 33 | 1
164665,2026-08-16,1 4 14 26 36 | 1
164666,2026-08-16,3 7 20 28 29 | 2
164667,2026-08-17,7 11 12 27 28 | 2
164668,2026-08-17,4 9 18 29 31 | 2
164669,2026-08-17,6 12 19 23 27 | 4
164670,2026-08-17,12 13 29 34 35 | 1
164671,2026-08-17,4 14 23 31 32 | 2
164672,2026-08-17,9 12 14 22 23 | 1
164673,2026-08-17,5 13 17 28 32 | 2
164674,2026-08-17,1 3 14 17 28 | 3
164675,2026-08-17,11 14 16 29 35 | 4
164676,2026-08-17,4 6 7 15 20 | 3
164677,2026-08-17,9 11 17 18 30 | 3
164678,2026-08-17,6 11 13 17 18 | 2
164679,2026-08-17,9 11 21 29 35 | 4
164680,2026-08-17,3 10 28 29 36 | 2
164681,2026-08-17,3 15 26 28 35 | 3
164682,2026-08-17,5 9 23 30 34 | 3
164683,2026-08-17,6 8 13 17 19 | 1
164684,2026-08-17,1 2 15 26 28 | 3
164685,2026-08-17,2 3 14 25 29 | 1
164686,2026-08-17,3 6 8 24 29 | 3
164687,2026-08-17,11 13 15 21 36 | 1
164688,2026-08-17,12 13 19 27 35 | 4
164689,2026-08-17,4 11 18 27 35 | 2
164690,2026-08-17,4 9 11 16 36 | 3
164691,2026-08-17,1 4 7 10 31 | 1
164692,2026-08-17,18 21 22 25 29 | 4
164693,2026-08-17,9 24 25 30 31 | 2
164694,2026-08-17,3 5 7 19 22 | 1
164695,2026-08-17,5 7 8 21 23 | 3
164696,2026-08-17,5 9 28 29 33 | 4
164697,2026-08-17,6 8 12 20 22 | 3
164698,2026-08-17,8 15 19 20 33 | 1
164699,2026-08-17,7 12 14 18 34 | 2
164700,2026-08-17,10 13 14 26 36 | 3
164701,2026-08-17,9 10 17 20 25 | 4
164702,2026-08-17,3 8 16 22 31 | 1
164703,2026-08-17,5 12 21 23 27 | 3
164704,2026-08-17,3 8 28 33 36 | 4
164705,2026-08-17,4 9 20 22 28 | 2
164706,2026-08-17,11 14 16 21 36 | 1
164707,2026-08-17,4 6 19 33 35 | 1
164708,2026-08-17,24 29 30 31 32 | 4
164709,2026-08-17,2 3 9 16 29 | 2
164710,2026-08-17,3 5 10 14 19 | 2
164711,2026-08-17,5 9 18 23 34 | 2
164712,2026-08-17,2 3 20 21 33 | 1
164713,2026-08-17,1 9 13 32 35 | 2
164714,2026-08-17,2 10 12 18 26 | 3
164715,2026-08-17,11 25 26 31 35 | 1
164716,2026-08-17,8 11 21 24 34 | 2
164717,2026-08-17,5 9 18 27 29 | 1
164718,2026-08-17,1 3 28 30 33 | 4
164719,2026-08-17,3 7 12 16 33 | 4
164720,2026-08-17,8 15 18 19 29 | 1
164721,2026-08-18,2 15 25 31 36 | 1
164722,2026-08-18,8 17 18 28 31 | 2
164723,2026-08-18,3 8 15 19 31 | 2
164724,2026-08-18,5 11 13 19 30 | 4
164725,2026-08-18,2 7 21 24 26 | 2
164726,2026-08-18,8 9 11 24 35 | 3
164727,2026-08-18,6 8 14 24 35 | 2
164728,2026-08-18,9 17 21 30 31 | 3
164729,2026-08-18,1 10 17 20 23 | 3
164730,2026-08-18,9 15 20 22 30 | 4
164731,2026-08-18,9 14 19 24 30 | 4
164732,2026-08-18,10 15 26 32 34 | 1
164733,2026-08-18,6 8 21 25 34 | 1
164734,2026-08-18,10 16 25 29 34 | 1
164735,2026-08-18,14 17 21 26 31 | 1
164736,2026-08-18,1 8 20 27 32 | 1
164737,2026-08-18,5 7 12 27 33 | 2
164738,2026-08-18,7 12 20 30 33 | 2
164739,2026-08-18,6 7 12 23 24 | 2
164740,2026-08-18,17 23 29 33 35 | 1
164741,2026-08-18,22 27 28 29 32 | 1
164742,2026-08-18,6 10 24 28 31 | 4
164743,2026-08-18,2 13 15 20 34 | 4
164744,2026-08-18,3 6 24 31 34 | 1
164745,2026-08-18,11 13 21 31 32 | 4
164746,2026-08-18,3 8 11 21 25 | 1
164747,2026-08-18,5 13 14 15 31 | 4
164748,2026-08-18,2 14 16 23 33 | 2
164749,2026-08-18,5 18 25 35 36 | 2
164750,2026-08-18,7 14 19 25 32 | 2
164751,2026-08-18,5 14 16 20 25 | 4
164752,2026-08-18,8 10 18 23 33 | 3
164753,2026-08-18,12 15 17 22 32 | 2
164754,2026-08-18,9 10 11 25 26 | 4
164755,2026-08-18,4 16 19 20 26 | 1
164756,2026-08-18,3 7 21 34 35 | 4
164757,2026-08-18,3 10 11 14 34 | 4
164758,2026-08-18,6 14 15 17 34 | 4
164759,2026-08-18,5 26 29 30 35 | 4
164760,2026-08-18,1 12 28 30 33 | 1
164761,2026-08-18,2 13 15 20 36 | 3
164762,2026-08-18,4 5 27 28 35 | 4
164763,2026-08-18,3 15 17 21 22 | 1
164764,2026-08-18,6 10 29 31 36 | 1
164765,2026-08-18,2 9 11 29 36 | 2
164766,2026-08-18,9 15 23 29 30 | 3
164767,2026-08-18,3 11 16 27 29 | 1
164768,2026-08-18,8 23 24 32 34 | 4
164769,2026-08-18,1 5 15 20 36 | 2
164770,2026-08-18,4 11 16 23 25 | 4
164771,2026-08-18,6 9 18 24 30 | 2
164772,2026-08-18,4 8 21 31 33 | 3
164773,2026-08-18,17 19 23 25 31 | 2
164774,2026-08-18,6 12 16 19 22 | 2
164775,2026-08-18,8 14 19 23 31 | 3
164776,2026-08-18,1 17 18 26 30 | 4
164777,2026-08-18,4 27 30 32 34 | 2
164778,2026-08-18,3 10 18 19 29 | 4
164779,2026-08-18,9 17 26 27 36 | 4
164780,2026-08-19,3 6 7 13 35 | 3
164781,2026-08-19,15 22 25 27 35 | 2
164782,2026-08-19,7 16 20 26 30 | 3
164783,2026-08-19,3 5 14 20 23 | 1
164784,2026-08-19,2 8 11 15 26 | 4
164785,2026-08-19,10 12 15 18 29 | 1
164786,2026-08-19,6 8 26 28 30 | 2
164787,2026-08-19,12 15 21 27 28 | 4
164788,2026-08-19,5 17 18 23 25 | 3
164789,2026-08-19,11 14 15 22 30 | 3
164790,2026-08-19,2 4 16 21 23 | 1
164791,2026-08-19,5 14 17 33 34 | 3
164792,2026-08-19,1 17 19 23 31 | 2
164793,2026-08-19,8 12 18 23 29 | 1
164794,2026-08-19,12 13 28 29 35 | 1
164795,2026-08-19,9 22 31 35 36 | 3
164796,2026-08-19,1 5 6 27 31 | 1
164797,2026-08-19,2 4 13 19 25 | 1
164798,2026-08-19,1 16 29 31 35 | 1
164799,2026-08-19,13 15 26 29 32 | 4
164800,2026-08-19,2 3 6 10 14 | 3
164801,2026-08-19,13 15 17 24 31 | 3
164802,2026-08-19,5 20 29 33 35 | 2
164803,2026-08-19,12 14 26 30 34 | 1
164804,2026-08-19,7 8 11 25 35 | 3
164805,2026-08-19,1 3 7 17 22 | 2
164806,2026-08-19,1 7 9 10 11 | 3
164807,2026-08-19,6 15 23 28 35 | 1
164808,2026-08-19,5 7 11 28 31 | 2
164809,2026-08-19,9 17 27 30 32 | 2
164810,2026-08-19,17 23 28 30 36 | 2
164811,2026-08-19,2 4 19 23 24 | 2
164812,2026-08-19,20 27 28 30 33 | 1
164813,2026-08-19,4 13 16 23 29 | 1
164814,2026-08-19,14 23 28 34 35 | 3
164815,2026-08-19,18 22 25 26 27 | 1
164816,2026-08-19,14 16 17 23 27 | 3
164817,2026-08-19,7 11 21 26 28 | 3
164818,2026-08-19,10 13 15 24 26 | 2
164819,2026-08-19,3 6 10 19 31 | 1
164820,2026-08-19,6 24 27 28 33 | 3
164821,2026-08-19,4 7 19 23 27 | 2
164822,2026-08-19,4 10 19 27 29 | 1
164823,2026-08-19,7 10 12 35 36 | 3
164824,2026-08-19,16 17 19 24 34 | 4
164825,2026-08-19,12 24 33 34 36 | 1
164826,2026-08-19,2 20 23 26 34 | 4
164827,2026-08-19,4 10 11 16 32 | 4
164828,2026-08-19,8 9 13 21 31 | 4
164829,2026-08-19,7 12 29 31 35 | 3
164830,2026-08-19,11 25 30 33 36 | 3
164831,2026-08-19,1 5 14 23 34 | 4
164832,2026-08-19,6 21 22 30 31 | 2
164833,2026-08-19,10 16 20 22 24 | 1
164834,2026-08-19,5 6 15 30 36 | 3
164835,2026-08-19,2 13 14 19 29 | 1
164836,2026-08-19,19 20 22 23 32 | 1
164837,2026-08-19,8 11 23 24 32 | 3
164838,2026-08-19,7 28 30 34 35 | 4
164839,2026-08-20,8 9 18 35 36 | 4
164840,2026-08-20,2 14 16 22 31 | 3
164841,2026-08-20,6 14 18 21 22 | 4
164842,2026-08-20,7 17 19 23 26 | 3
164843,2026-08-20,6 9 10 26 28 | 1
164844,2026-08-20,2 23 27 28 31 | 3
164845,2026-08-20,1 3 10 31 35 | 3
164846,2026-08-20,2 7 9 14 26 | 2
164847,2026-08-20,3 6 7 27 31 | 4
164848,2026-08-20,16 22 30 32 35 | 3
164849,2026-08-20,2 8 10 12 33 | 2
164850,2026-08-20,1 8 27 28 30 | 1
164851,2026-08-20,1 6 11 18 28 | 1
164852,2026-08-20,7 8 10 22 36 | 4
164853,2026-08-20,3 4 9 21 32 | 4
164854,2026-08-20,4 10 13 21 25 | 1
164855,2026-08-20,3 6 10 11 20 | 3
164856,2026-08-20,4 8 13 30 36 | 3
164857,2026-08-20,2 9 16 29 30 | 1
164858,2026-08-20,1 5 6 7 19 | 1
164859,2026-08-20,5 16 18 20 33 | 4
164860,2026-08-20,1 4 20 29 33 | 1
164861,2026-08-20,2 12 24 27 33 | 4
164862,2026-08-20,4 9 26 31 35 | 4
164863,2026-08-20,14 16 17 32 33 | 1
164864,2026-08-20,2 5 8 23 27 | 4
164865,2026-08-20,1 7 13 31 32 | 1
164866,2026-08-20,12 21 28 31 35 | 4
164867,2026-08-20,7 10 17 20 26 | 1
164868,2026-08-20,21 22 25 27 29 | 2
164869,2026-08-20,20 24 28 31 33 | 4
164870,2026-08-20,5 6 14 18 29 | 1
164871,2026-08-20,5 19 20 22 23 | 1
164872,2026-08-20,1 2 7 20 32 | 1
164873,2026-08-20,2 3 21 34 36 | 4
164874,2026-08-20,6 28 30 31 36 | 4
164875,2026-08-20,8 14 30 31 35 | 4
164876,2026-08-20,3 6 14 20 21 | 4
164877,2026-08-20,2 5 10 12 19 | 4
164878,2026-08-20,5 6 13 20 34 | 3
164879,2026-08-20,2 7 22 28 36 | 4
164880,2026-08-20,12 20 28 30 35 | 1
164881,2026-08-20,5 9 25 28 35 | 3
164882,2026-08-20,6 18 22 24 36 | 2
164883,2026-08-20,20 21 26 29 34 | 3
164884,2026-08-20,3 8 12 32 34 | 1
164885,2026-08-20,2 12 24 27 33 | 2
164886,2026-08-20,1 9 15 23 31 | 3
164887,2026-08-20,15 23 25 34 36 | 3
164888,2026-08-20,4 5 25 29 33 | 2
164889,2026-08-20,2 5 12 14 34 | 3
164890,2026-08-20,10 17 21 23 28 | 3
164891,2026-08-20,13 14 21 26 33 | 2
164892,2026-08-20,3 5 17 22 30 | 3
164893,2026-08-20,1 13 18 19 36 | 2
164894,2026-08-20,6 10 23 24 36 | 4
164895,2026-08-20,6 7 8 30 34 | 1
164896,2026-08-20,2 13 18 23 26 | 1
164897,2026-08-20,12 26 28 30 33 | 4
164898,2026-08-21,1 7 23 26 32 | 3
164899,2026-08-21,12 13 15 16 36 | 3
164900,2026-08-21,4 13 15 26 30 | 1
164901,2026-08-21,3 4 13 23 27 | 4
164902,2026-08-21,4 10 29 34 36 | 3
164903,2026-08-21,13 18 20 27 36 | 3
164904,2026-08-21,8 19 21 31 35 | 3
164905,2026-08-21,10 18 21 34 35 | 4
164906,2026-08-21,14 17 18 31 33 | 4
164907,2026-08-21,22 26 28 31 34 | 4
164908,2026-08-21,3 7 25 34 35 | 4
164909,2026-08-21,3 15 19 25 30 | 1
164910,2026-08-21,8 14 16 22 26 | 1
164911,2026-08-21,8 11 13 14 32 | 2
164912,2026-08-21,2 3 10 11 22 | 2
164913,2026-08-21,14 16 20 24 30 | 4
164914,2026-08-21,8 14 19 20 21 | 1
164915,2026-08-21,1 5 23 24 29 | 1
164916,2026-08-21,9 15 21 26 28 | 1
164917,2026-08-21,2 4 13 35 36 | 2
164918,2026-08-21,4 7 9 27 36 | 3
164919,2026-08-21,1 2 11 12 25 | 3
164920,2026-08-21,2 22 23 24 34 | 2
164921,2026-08-21,1 6 11 23 33 | 4
164922,2026-08-21,12 16 26 28 31 | 2
164923,2026-08-21,7 9 24 25 34 | 1
164924,2026-08-21,12 16 24 25 26 | 1
164925,2026-08-21,3 14 15 21 32 | 4
164926,2026-08-21,6 7 8 16 19 | 3
164927,2026-08-21,10 16 21 23 26 | 4
164928,2026-08-21,4 6 13 15 34 | 3
164929,2026-08-21,2 13 18 19 34 | 1
164930,2026-08-21,11 12 13 16 23 | 4
164931,2026-08-21,4 7 14 16 31 | 2
164932,2026-08-21,5 14 17 27 29 | 3
164933,2026-08-21,1 10 16 24 26 | 4
164934,2026-08-21,2 8 15 25 32 | 3
164935,2026-08-21,5 7 10 21 28 | 3
164936,2026-08-21,15 19 21 24 27 | 2
164937,2026-08-21,2 16 19 33 35 | 1
164938,2026-08-21,4 20 22 29 32 | 4
164939,2026-08-21,12 16 18 24 30 | 4
164940,2026-08-21,1 3 18 34 35 | 4
164941,2026-08-21,4 19 23 24 36 | 4
164942,2026-08-21,8 15 19 23 29 | 1
164943,2026-08-21,5 6 9 28 35 | 1
164944,2026-08-21,1 17 26 33 36 | 3
164945,2026-08-21,3 17 18 23 34 | 3
164946,2026-08-21,15 20 23 26 33 | 4
164947,2026-08-21,7 9 10 13 27 | 1
164948,2026-08-21,9 13 14 24 25 | 1
164949,2026-08-21,6 16 17 18 34 | 1
164950,2026-08-21,6 8 20 26 32 | 2
164951,2026-08-21,9 14 15 16 20 | 2
164952,2026-08-21,1 7 10 19 22 | 2
164953,2026-08-21,5 9 25 30 33 | 3
164954,2026-08-21,4 12 15 23 30 | 2
164955,2026-08-21,7 10 15 23 34 | 2
164956,2026-08-21,7 9 14 15 19 | 1
164957,2026-08-22,3 7 12 20 26 | 1
164958,2026-08-22,4 6 9 22 35 | 3
164959,2026-08-22,2 17 32 33 35 | 4
164960,2026-08-22,7 8 16 34 35 | 4
164961,2026-08-22,2 5 7 16 23 | 3
164962,2026-08-22,9 11 14 17 22 | 4
164963,2026-08-22,18 21 24 33 36 | 3
164964,2026-08-22,10 19 27 30 35 | 4
164965,2026-08-22,3 12 16 17 33 | 2
164966,2026-08-22,1 2 6 28 30 | 2
164967,2026-08-22,7 12 29 31 32 | 3
164968,2026-08-22,6 7 8 27 30 | 1
164969,2026-08-22,2 17 21 22 25 | 1
164970,2026-08-22,14 20 21 24 28 | 1
164971,2026-08-22,6 8 13 15 28 | 4
164972,2026-08-22,4 5 6 14 18 | 2
164973,2026-08-22,9 10 11 17 30 | 3
164974,2026-08-22,13 15 17 18 36 | 1
164975,2026-08-22,8 24 26 35 36 | 1
164976,2026-08-22,2 4 16 25 34 | 4
164977,2026-08-22,1 5 9 10 33 | 2
164978,2026-08-22,3 13 18 34 35 | 3
164979,2026-08-22,13 22 24 29 33 | 3
164980,2026-08-22,3 5 6 14 16 | 2
164981,2026-08-22,11 13 16 20 31 | 2
164982,2026-08-22,2 7 10 21 36 | 1
164983,2026-08-22,12 23 24 25 36 | 3
164984,2026-08-22,15 18 20 29 31 | 3
164985,2026-08-22,1 2 18 21 35 | 4
164986,2026-08-22,9 16 25 29 33 | 2
164987,2026-08-22,6 12 22 26 36 | 4
164988,2026-08-22,9 10 20 29 35 | 3
164989,2026-08-22,6 15 24 25 28 | 1
164990,2026-08-22,5 19 20 23 27 | 1
164991,2026-08-22,15 22 23 25 35 | 4
164992,2026-08-22,10 15 23 29 35 | 1
164993,2026-08-22,5 13 16 19 30 | 3
164994,2026-08-22,1 8 14 23 26 | 2
164995,2026-08-22,12 17 21 24 31 | 4
164996,2026-08-22,3 5 9 10 27 | 2
164997,2026-08-22,8 22 28 31 34 | 4
164998,2026-08-22,6 7 20 30 32 | 3
164999,2026-08-22,2 22 23 26 27 | 3
165000,2026-08-22,12 17 18 27 36 | 1
165001,2026-08-22,5 10 22 24 33 | 3
165002,2026-08-22,13 16 23 34 36 | 1
165003,2026-08-22,10 13 23 29 30 | 2
165004,2026-08-22,8 14 20 28 36 | 4
165005,2026-08-22,4 11 13 20 26 | 2
165006,2026-08-22,8 9 10 18 23 | 4
165007,2026-08-22,13 19 20 30 32 | 4
165008,2026-08-22,1 16 17 29 32 | 1
165009,2026-08-22,8 16 17 25 29 | 1
165010,2026-08-22,13 15 17 27 36 | 4
165011,2026-08-22,7 8 13 16 36 | 3
165012,2026-08-22,10 12 24 26 32 | 2
165013,2026-08-22,5 10 17 20 29 | 4
165014,2026-08-23,1 2 3 6 23 | 3
165015,2026-08-23,5 7 15 17 36 | 2
165016,2026-08-23,7 20 21 30 34 | 2
165017,2026-08-23,3 6 12 20 28 | 3
165018,2026-08-23,10 23 26 29 33 | 4
165019,2026-08-23,2 5 12 21 25 | 1
165020,2026-08-23,7 13 20 21 36 | 3
165021,2026-08-23,1 22 26 29 32 | 2
165022,2026-08-23,6 8 10 12 24 | 1
165023,2026-08-23,2 10 27 29 34 | 2
165024,2026-08-23,9 12 19 25 36 | 3
165025,2026-08-23,5 14 21 22 34 | 1
165026,2026-08-23,11 16 20 35 36 | 3
165027,2026-08-23,21 24 28 33 34 | 4
165028,2026-08-23,2 11 13 35 36 | 1
165029,2026-08-23,4 10 18 23 26 | 3
165030,2026-08-23,7 12 13 21 33 | 3
165031,2026-08-23,5 9 12 14 28 | 3
165032,2026-08-23,2 8 20 24 29 | 4
165033,2026-08-23,9 12 15 16 26 | 4
165034,2026-08-23,4 6 12 24 26 | 3
165035,2026-08-23,7 8 9 14 26 | 1
165036,2026-08-23,6 9 14 21 28 | 2
165037,2026-08-23,12 14 18 21 28 | 2
165038,2026-08-23,3 13 16 22 33 | 3
165039,2026-08-23,5 14 27 29 32 | 1
165040,2026-08-23,5 8 13 17 24 | 2
165041,2026-08-23,12 22 29 33 35 | 1
165042,2026-08-23,2 7 10 11 29 | 3
165043,2026-08-23,3 13 31 34 36 | 4
165044,2026-08-23,4 6 15 29 35 | 3
165045,2026-08-23,3 10 13 33 36 | 3
165046,2026-08-23,6 8 10 28 33 | 4
165047,2026-08-23,13 16 33 35 36 | 3
165048,2026-08-23,3 15 19 24 31 | 4
165049,2026-08-23,7 13 19 26 35 | 2
165050,2026-08-23,14 21 24 25 32 | 1
165051,2026-08-23,3 8 11 23 24 | 3
165052,2026-08-23,2 12 21 25 27 | 3
165053,2026-08-23,4 6 19 33 35 | 4
165054,2026-08-23,1 4 17 19 35 | 4
165055,2026-08-23,8 13 20 23 34 | 1
165056,2026-08-23,11 17 20 26 31 | 1
165057,2026-08-23,7 8 10 15 35 | 3
165058,2026-08-23,8 19 25 27 31 | 3
165059,2026-08-23,13 14 27 28 35 | 4
165060,2026-08-23,5 13 24 26 29 | 2
165061,2026-08-23,1 3 15 23 24 | 2
165062,2026-08-23,8 15 19 20 22 | 4
165063,2026-08-23,2 3 5 15 26 | 3
165064,2026-08-23,6 12 13 27 28 | 2
165065,2026-08-23,5 27 28 33 34 | 3
165066,2026-08-23,8 12 13 30 32 | 1
165067,2026-08-23,16 17 23 27 29 | 1
165068,2026-08-23,4 11 15 16 23 | 3
165069,2026-08-23,9 14 23 30 31 | 1
165070,2026-08-23,2 7 10 20 22 | 4
165071,2026-08-23,4 18 19 24 31 | 3
165072,2026-08-23,18 24 26 30 34 | 2
165073,2026-08-24,4 16 20 27 31 | 2
165074,2026-08-24,2 14 24 27 32 | 2
165075,2026-08-24,6 8 10 11 26 | 3
165076,2026-08-24,9 12 18 20 34 | 3
165077,2026-08-24,7 18 22 26 31 | 2
165078,2026-08-24,11 16 24 27 30 | 2
165079,2026-08-24,6 15 17 27 30 | 1
165080,2026-08-24,5 8 11 21 23 | 2
165081,2026-08-24,3 5 15 31 36 | 4
165082,2026-08-24,1 8 11 17 27 | 2
165083,2026-08-24,7 11 12 16 21 | 1
165084,2026-08-24,1 26 31 33 36 | 1
165085,2026-08-24,5 8 19 22 24 | 1
165086,2026-08-24,2 10 20 33 34 | 3
165087,2026-08-24,3 14 22 27 29 | 4
165088,2026-08-24,1 7 14 24 26 | 3
165089,2026-08-24,6 7 17 31 34 | 2
165090,2026-08-24,11 16 25 29 31 | 1
165091,2026-08-24,8 10 17 20 23 | 2
165092,2026-08-24,4 8 24 25 27 | 3
165093,2026-08-24,1 12 21 27 29 | 4
165094,2026-08-24,8 13 22 23 26 | 3
165095,2026-08-24,2 11 20 30 36 | 2
165096,2026-08-24,15 17 24 25 33 | 3
165097,2026-08-24,1 19 27 30 36 | 4
165098,2026-08-24,2 9 28 29 35 | 2
165099,2026-08-24,5 7 9 20 28 | 3
165100,2026-08-24,1 18 21 23 30 | 4
165101,2026-08-24,1 9 22 31 36 | 3
165102,2026-08-24,6 10 14 31 32 | 4
165103,2026-08-24,10 13 19 27 33 | 2
165104,2026-08-24,7 8 16 31 36 | 4
165105,2026-08-24,3 9 16 31 34 | 3
165106,2026-08-24,1 4 5 7 18 | 2
165107,2026-08-24,7 14 23 28 29 | 3
165108,2026-08-24,2 6 11 12 28 | 2
165109,2026-08-24,2 5 15 20 30 | 1
165110,2026-08-24,2 11 24 30 32 | 3
165111,2026-08-24,1 5 15 29 32 | 4
165112,2026-08-24,3 16 20 23 32 | 3
165113,2026-08-24,4 7 8 15 24 | 1
165114,2026-08-24,9 14 20 23 34 | 4
165115,2026-08-24,17 18 19 26 32 | 4
165116,2026-08-24,4 10 18 27 30 | 1
165117,2026-08-24,1 12 22 25 30 | 1
165118,2026-08-24,2 4 8 22 30 | 3
165119,2026-08-24,2 6 15 20 36 | 3
165120,2026-08-24,4 10 16 18 29 | 1
165121,2026-08-24,6 11 20 26 36 | 4
165122,2026-08-24,6 9 10 18 31 | 2
165123,2026-08-24,3 11 16 19 33 | 1
165124,2026-08-24,9 17 21 24 27 | 1
165125,2026-08-24,10 15 16 30 33 | 2
165126,2026-08-24,6 20 23 24 36 | 1
165127,2026-08-24,7 9 15 19 32 | 2
165128,2026-08-24,7 23 30 31 36 | 3
165129,2026-08-24,4 7 11 14 33 | 3
165130,2026-08-24,6 21 27 30 34 | 4
165131,2026-08-24,6 16 19 25 36 | 4
165132,2026-08-25,8 17 25 28 32 | 1
165133,2026-08-25,1 12 15 17 35 | 3
165134,2026-08-25,7 17 21 28 33 | 4
165135,2026-08-25,9 17 21 23 31 | 3
165136,2026-08-25,4 14 18 26 32 | 2
165137,2026-08-25,5 15 22 30 33 | 4
165138,2026-08-25,3 14 23 31 32 | 3
165139,2026-08-25,3 9 26 29 30 | 2
165140,2026-08-25,17 21 22 23 31 | 2
165141,2026-08-25,3 4 16 21 23 | 3
165142,2026-08-25,20 25 26 27 28 | 3
165143,2026-08-25,8 17 20 21 35 | 1
165144,2026-08-25,16 25 26 28 36 | 4
165145,2026-08-25,3 7 11 26 36 | 2
165146,2026-08-25,4 6 13 21 23 | 4
165147,2026-08-25,10 16 26 32 36 | 3
165148,2026-08-25,10 24 26 29 32 | 4
165149,2026-08-25,3 25 30 32 34 | 1
165150,2026-08-25,5 6 9 11 14 | 1
165151,2026-08-25,4 5 13 14 26 | 2
165152,2026-08-25,2 9 28 32 33 | 1
165153,2026-08-25,2 6 7 17 36 | 2
165154,2026-08-25,13 24 29 35 36 | 1
165155,2026-08-25,2 6 17 20 34 | 1
165156,2026-08-25,12 21 24 27 30 | 3
165157,2026-08-25,3 12 19 30 36 | 4
165158,2026-08-25,6 9 16 21 25 | 1
165159,2026-08-25,4 11 14 26 36 | 3
165160,2026-08-25,11 20 21 22 33 | 3
165161,2026-08-25,5 12 13 21 31 | 2
165162,2026-08-25,8 10 14 21 29 | 3
165163,2026-08-25,2 9 21 25 31 | 4
165164,2026-08-25,11 13 17 21 29 | 2
165165,2026-08-25,9 10 12 18 20 | 3
165166,2026-08-25,8 15 20 21 26 | 2
165167,2026-08-25,10 13 26 31 35 | 4
165168,2026-08-25,3 6 9 33 35 | 4
165169,2026-08-25,7 11 14 19 24 | 4
165170,2026-08-25,2 4 11 13 15 | 1
165171,2026-08-25,1 6 11 21 29 | 4
165172,2026-08-25,6 7 17 27 35 | 2
165173,2026-08-25,10 14 24 26 35 | 2
165174,2026-08-25,2 8 22 33 34 | 3
165175,2026-08-25,10 11 16 26 31 | 1
165176,2026-08-25,1 5 7 14 30 | 2
165177,2026-08-25,5 6 17 26 33 | 3
165178,2026-08-25,8 10 32 33 35 | 1
165179,2026-08-25,6 9 25 33 35 | 4
165180,2026-08-25,8 14 20 27 36 | 3
165181,2026-08-25,8 11 23 30 34 | 3
165182,2026-08-25,4 8 11 24 27 | 3
165183,2026-08-25,15 17 21 30 35 | 4
165184,2026-08-25,3 8 22 31 33 | 4
165185,2026-08-25,6 9 13 25 30 | 1
165186,2026-08-25,1 9 17 22 35 | 2
165187,2026-08-25,6 13 29 30 35 | 3
165188,2026-08-25,14 18 20 26 32 | 2
165189,2026-08-25,5 11 17 21 35 | 4
165190,2026-08-25,3 4 11 16 17 | 1
165191,2026-08-26,2 18 19 23 28 | 3
165192,2026-08-26,2 3 9 24 29 | 2
165193,2026-08-26,8 15 16 26 27 | 3
165194,2026-08-26,9 12 16 23 27 | 3
165195,2026-08-26,15 17 18 22 24 | 3
165196,2026-08-26,2 9 10 16 25 | 3
165197,2026-08-26,11 17 26 31 36 | 2
165198,2026-08-26,19 22 24 30 34 | 1
165199,2026-08-26,6 10 18 26 33 | 3
165200,2026-08-26,2 8 17 34 36 | 3
165201,2026-08-26,3 24 30 31 35 | 2
165202,2026-08-26,1 26 30 31 33 | 3
165203,2026-08-26,11 18 22 26 29 | 2
165204,2026-08-26,4 8 25 30 35 | 3
165205,2026-08-26,1 5 13 28 29 | 2
165206,2026-08-26,1 9 17 30 34 | 3
165207,2026-08-26,4 23 26 27 32 | 4
165208,2026-08-26,9 16 17 18 19 | 3
165209,2026-08-26,2 14 15 17 31 | 3
165210,2026-08-26,13 22 23 25 26 | 3
165211,2026-08-26,2 6 22 28 33 | 3
165212,2026-08-26,8 26 27 32 36 | 1
165213,2026-08-26,10 15 17 22 26 | 1
165214,2026-08-26,9 27 29 31 32 | 3
165215,2026-08-26,8 20 21 23 36 | 2
165216,2026-08-26,4 7 11 12 26 | 4
165217,2026-08-26,6 10 13 19 28 | 2
165218,2026-08-26,2 8 11 29 33 | 1
165219,2026-08-26,6 7 14 20 33 | 2
165220,2026-08-26,19 25 26 28 36 | 2
165221,2026-08-26,3 6 14 27 30 | 2
165222,2026-08-26,14 17 20 22 31 | 1
165223,2026-08-26,4 11 14 26 31 | 3
165224,2026-08-26,1 5 9 18 26 | 1
165225,2026-08-26,5 10 11 27 29 | 3
165226,2026-08-26,2 11 12 18 21 | 1
165227,2026-08-26,7 8 25 26 35 | 4
165228,2026-08-26,7 9 10 18 31 | 3
165229,2026-08-26,3 8 10 24 35 | 1
165230,2026-08-26,6 8 9 32 35 | 2
165231,2026-08-26,5 7 16 24 36 | 2
165232,2026-08-26,1 19 22 27 32 | 3
165233,2026-08-26,3 10 13 17 19 | 4
165234,2026-08-26,10 22 26 34 35 | 1
165235,2026-08-26,1 9 24 25 35 | 4
165236,2026-08-26,9 10 15 17 19 | 3
165237,2026-08-26,15 19 23 34 35 | 2
165238,2026-08-26,3 5 23 28 32 | 1
165239,2026-08-26,4 10 15 20 32 | 3
165240,2026-08-26,9 11 18 22 31 | 2
165241,2026-08-26,1 15 19 20 22 | 3
165242,2026-08-26,17 24 31 32 34 | 3
165243,2026-08-26,3 5 10 16 21 | 4
165244,2026-08-26,1 4 11 14 20 | 2
165245,2026-08-26,4 5 6 21 27 | 2
165246,2026-08-26,4 21 28 34 36 | 3
165247,2026-08-26,14 21 26 30 33 | 1
165248,2026-08-26,2 4 21 23 26 | 3
165249,2026-08-26,1 7 28 34 35 | 2
165250,2026-08-27,5 10 15 30 36 | 1
165251,2026-08-27,1 7 15 22 35 | 2
165252,2026-08-27,11 12 16 22 31 | 2
165253,2026-08-27,7 9 12 14 21 | 2
165254,2026-08-27,5 7 15 23 34 | 1
165255,2026-08-27,6 8 13 33 35 | 3
165256,2026-08-27,1 6 9 18 35 | 3
165257,2026-08-27,3 8 10 29 34 | 2
165258,2026-08-27,6 19 24 34 36 | 4
165259,2026-08-27,12 13 22 32 34 | 3
165260,2026-08-27,8 16 24 26 32 | 1
165261,2026-08-27,12 20 21 29 30 | 3
165262,2026-08-27,11 22 26 29 33 | 2
165263,2026-08-27,3 12 13 24 25 | 4
165264,2026-08-27,12 15 17 18 34 | 1
165265,2026-08-27,8 26 28 29 31 | 4
165266,2026-08-27,1 9 13 19 22 | 2
165267,2026-08-27,12 20 21 28 32 | 2
165268,2026-08-27,3 9 24 28 29 | 2
165269,2026-08-27,6 10 11 30 32 | 4
165270,2026-08-27,3 7 24 25 33 | 3
165271,2026-08-27,3 9 22 25 33 | 2
165272,2026-08-27,4 6 14 15 26 | 3
165273,2026-08-27,7 17 19 27 36 | 4
165274,2026-08-27,2 9 18 25 34 | 4
165275,2026-08-27,6 15 23 32 35 | 2
165276,2026-08-27,7 10 19 30 31 | 1
165277,2026-08-27,6 12 31 33 36 | 1
165278,2026-08-27,5 16 24 30 33 | 3
165279,2026-08-27,1 8 14 17 23 | 3
165280,2026-08-27,4 11 15 27 30 | 1
165281,2026-08-27,5 8 12 32 33 | 1
165282,2026-08-27,18 19 22 29 34 | 1
165283,2026-08-27,2 8 9 12 24 | 2
165284,2026-08-27,12 16 21 30 36 | 3
165285,2026-08-27,4 25 26 33 36 | 1
165286,2026-08-27,1 6 24 35 36 | 3
165287,2026-08-27,1 8 11 24 25 | 2
165288,2026-08-27,12 13 30 32 36 | 4
165289,2026-08-27,5 7 8 10 20 | 4
165290,2026-08-27,7 13 15 20 35 | 2
165291,2026-08-27,1 6 19 22 33 | 1
165292,2026-08-27,2 4 13 16 19 | 1
165293,2026-08-27,2 18 22 31 32 | 3
165294,2026-08-27,1 6 7 35 36 | 3
165295,2026-08-27,1 10 16 18 22 | 4
165296,2026-08-27,2 14 21 23 35 | 2
165297,2026-08-27,7 26 27 32 36 | 1
165298,2026-08-27,4 6 11 20 34 | 1
165299,2026-08-27,10 13 14 19 34 | 3
165300,2026-08-27,13 19 24 27 29 | 3
165301,2026-08-27,4 7 8 14 21 | 4
165302,2026-08-27,6 10 11 22 26 | 2
165303,2026-08-27,5 12 17 18 26 | 2
165304,2026-08-27,6 17 23 26 29 | 1
165305,2026-08-27,17 18 22 27 28 | 4
165306,2026-08-27,10 18 21 29 34 | 1
165307,2026-08-27,1 2 11 32 33 | 1
165308,2026-08-27,20 25 26 30 36 | 3
165309,2026-08-28,3 4 7 35 36 | 2
165310,2026-08-28,18 22 24 28 33 | 1
165311,2026-08-28,7 8 10 35 36 | 4
165312,2026-08-28,2 16 20 27 35 | 2
165313,2026-08-28,8 9 20 29 32 | 2
165314,2026-08-28,10 21 30 34 36 | 2
165315,2026-08-28,3 12 17 25 33 | 1
165316,2026-08-28,2 11 18 19 28 | 2
165317,2026-08-28,7 9 25 35 36 | 4
165318,2026-08-28,10 16 29 30 33 | 3
165319,2026-08-28,7 13 15 23 26 | 1
165320,2026-08-28,8 14 18 27 35 | 3
165321,2026-08-28,14 15 17 32 34 | 3
165322,2026-08-28,8 14 16 20 34 | 2
165323,2026-08-28,1 2 20 25 29 | 2
165324,2026-08-28,6 12 21 22 26 | 1
165325,2026-08-28,2 6 7 23 24 | 2
165326,2026-08-28,5 7 9 15 22 | 1
165327,2026-08-28,3 7 13 18 27 | 2
165328,2026-08-28,6 17 20 24 26 | 3
165329,2026-08-28,3 8 17 18 33 | 2
165330,2026-08-28,2 12 14 23 32 | 2
165331,2026-08-28,2 8 9 11 21 | 3
165332,2026-08-28,5 9 11 12 27 | 2
165333,2026-08-28,10 12 21 28 35 | 1
165334,2026-08-28,1 6 11 24 26 | 1
165335,2026-08-28,2 3 18 20 22 | 1
165336,2026-08-28,2 3 13 20 26 | 3
165337,2026-08-28,12 14 24 29 36 | 3
165338,2026-08-28,9 15 28 29 36 | 2
165339,2026-08-28,11 14 19 20 22 | 3
165340,2026-08-28,16 22 24 29 35 | 3
165341,2026-08-28,5 18 23 27 31 | 1
165342,2026-08-28,7 8 15 22 29 | 2
165343,2026-08-28,2 9 21 33 34 | 4
165344,2026-08-28,9 14 15 19 28 | 4
165345,2026-08-28,6 8 24 25 26 | 4
165346,2026-08-28,6 24 31 33 36 | 3
165347,2026-08-28,2 18 27 28 33 | 1
165348,2026-08-28,1 9 13 28 34 | 3
165349,2026-08-28,3 13 28 31 35 | 3
165350,2026-08-28,15 20 24 31 32 | 2
165351,2026-08-28,4 8 18 21 30 | 3
165352,2026-08-28,4 7 15 29 31 | 1
165353,2026-08-28,4 17 20 22 23 | 4
165354,2026-08-28,14 17 25 27 28 | 4
165355,2026-08-28,3 8 13 14 25 | 2
165356,2026-08-28,15 18 24 29 32 | 3
165357,2026-08-28,3 11 25 28 30 | 1
165358,2026-08-28,14 16 22 32 33 | 1
165359,2026-08-28,1 4 20 29 36 | 2
165360,2026-08-28,18 19 25 32 36 | 4
165361,2026-08-28,1 11 25 26 36 | 3
165362,2026-08-28,22 26 27 28 35 | 4
165363,2026-08-28,1 7 9 19 36 | 4
165364,2026-08-28,10 11 12 26 36 | 3
165365,2026-08-28,15 18 19 31 36 | 4
165366,2026-08-28,10 18 21 25 27 | 4
165367,2026-08-28,5 7 9 24 26 | 1
165368,2026-08-29,6 17 18 30 35 | 2
165369,2026-08-29,4 9 11 25 28 | 3
165370,2026-08-29,1 3 24 26 33 | 1
165371,2026-08-29,6 9 17 33 35 | 1
165372,2026-08-29,3 15 19 28 30 | 2
165373,2026-08-29,5 17 26 28 30 | 1
165374,2026-08-29,2 11 12 13 32 | 4
165375,2026-08-29,10 17 22 23 25 | 1
165376,2026-08-29,1 2 8 23 34 | 1
165377,2026-08-29,9 21 27 29 34 | 4
165378,2026-08-29,5 6 21 23 27 | 4
165379,2026-08-29,12 13 15 25 30 | 3
165380,2026-08-29,7 13 15 23 33 | 1
165381,2026-08-29,2 10 11 16 28 | 1
165382,2026-08-29,1 5 12 29 32 | 4
165383,2026-08-29,9 20 25 32 33 | 3
165384,2026-08-29,7 8 17 28 35 | 2
165385,2026-08-29,2 5 21 22 25 | 1
165386,2026-08-29,9 13 18 20 36 | 3
165387,2026-08-29,12 15 17 18 19 | 2
165388,2026-08-29,8 12 13 26 28 | 1
165389,2026-08-29,24 30 33 34 35 | 3
165390,2026-08-29,5 8 26 30 36 | 3
165391,2026-08-29,5 22 23 32 33 | 4
165392,2026-08-29,19 20 25 28 29 | 4
165393,2026-08-29,4 8 15 30 33 | 3
165394,2026-08-29,7 13 19 27 36 | 4
165395,2026-08-29,6 14 17 26 30 | 1
165396,2026-08-29,6 7 20 21 24 | 4
165397,2026-08-29,5 18 19 26 33 | 2
165398,2026-08-29,1 3 13 22 28 | 1
165399,2026-08-29,20 22 25 33 35 | 2
165400,2026-08-29,8 9 14 18 35 | 2
165401,2026-08-29,2 7 8 27 34 | 2
165402,2026-08-29,15 18 24 31 35 | 3
165403,2026-08-29,7 8 11 12 36 | 3
165404,2026-08-29,5 6 10 20 29 | 2
165405,2026-08-29,5 6 25 29 35 | 2
165406,2026-08-29,3 5 13 19 22 | 2
165407,2026-08-29,18 22 25 30 33 | 4
165408,2026-08-29,8 17 27 30 31 | 1
165409,2026-08-29,10 12 15 19 26 | 2
165410,2026-08-29,13 17 23 31 33 | 1
165411,2026-08-29,11 14 19 21 22 | 4
165412,2026-08-29,3 5 19 25 31 | 3
165413,2026-08-29,11 16 24 34 36 | 1
165414,2026-08-29,3 12 20 23 26 | 1
165415,2026-08-29,13 15 23 29 33 | 1
165416,2026-08-29,2 6 16 21 36 | 4
165417,2026-08-29,2 11 14 18 32 | 3
165418,2026-08-29,19 23 26 27 29 | 2
165419,2026-08-29,4 6 16 24 28 | 1
165420,2026-08-29,3 12 19 28 32 | 4
165421,2026-08-29,2 7 9 26 27 | 4
165422,2026-08-29,17 24 27 30 31 | 2
165423,2026-08-29,5 9 28 32 36 | 1
165424,2026-08-29,1 11 17 22 36 | 3
165425,2026-08-30,7 8 15 17 30 | 1
165426,2026-08-30,5 8 15 18 19 | 1
165427,2026-08-30,16 19 23 24 35 | 4
165428,2026-08-30,2 8 15 16 31 | 2
165429,2026-08-30,2 8 12 24 31 | 4
165430,2026-08-30,1 24 25 30 36 | 1
165431,2026-08-30,1 7 18 26 30 | 2
165432,2026-08-30,6 19 24 28 32 | 1
165433,2026-08-30,3 10 14 18 19 | 1
165434,2026-08-30,7 10 23 24 26 | 1
165435,2026-08-30,5 11 12 14 19 | 2
165436,2026-08-30,2 13 14 15 35 | 1
165437,2026-08-30,6 10 16 20 36 | 1
165438,2026-08-30,1 14 16 24 30 | 4
165439,2026-08-30,13 17 19 24 25 | 4
165440,2026-08-30,2 7 10 20 22 | 2
165441,2026-08-30,2 9 13 22 23 | 1
165442,2026-08-30,14 15 18 19 31 | 3
165443,2026-08-30,5 13 23 26 31 | 3
165444,2026-08-30,8 9 11 17 23 | 4
165445,2026-08-30,7 10 12 15 27 | 4
165446,2026-08-30,5 18 19 33 34 | 3
165447,2026-08-30,9 12 15 19 25 | 1
165448,2026-08-30,3 9 26 30 32 | 3
165449,2026-08-30,1 3 19 24 34 | 4
165450,2026-08-30,2 5 18 29 36 | 2
165451,2026-08-30,3 16 17 25 29 | 2
165452,2026-08-30,2 14 22 25 28 | 2
165453,2026-08-30,2 20 21 24 34 | 3
165454,2026-08-30,12 15 20 28 35 | 4
165456,2026-08-30,3 6 25 31 35 | 4
165457,2026-08-30,13 20 24 27 29 | 1
165458,2026-08-30,3 8 11 14 36 | 1
165459,2026-08-30,2 4 12 19 22 | 1
165460,2026-08-30,4 15 19 24 32 | 3
165461,2026-08-30,8 14 16 28 33 | 4
165462,2026-08-30,17 21 25 30 35 | 3
165463,2026-08-30,15 16 18 21 36 | 3
165464,2026-08-30,1 5 27 28 32 | 1
165465,2026-08-30,3 16 18 19 30 | 1
165466,2026-08-30,10 13 19 27 33 | 3
165467,2026-08-30,8 9 17 22 32 | 4
165468,2026-08-30,12 19 20 24 31 | 3
165469,2026-08-30,2 4 10 24 28 | 1
165470,2026-08-30,3 5 10 14 21 | 1
165471,2026-08-30,7 11 18 19 23 | 4
165472,2026-08-30,14 22 23 29 35 | 1
165473,2026-08-30,13 18 20 24 30 | 1
165474,2026-08-30,4 9 10 25 32 | 4
165475,2026-08-30,6 10 13 26 30 | 2
165476,2026-08-30,2 14 15 19 24 | 3
165477,2026-08-30,2 7 9 15 24 | 1
165478,2026-08-30,1 16 25 30 33 | 1
165479,2026-08-30,2 15 16 22 30 | 3
165480,2026-08-30,1 20 30 33 34 | 2
165481,2026-08-30,3 16 21 23 29 | 3
165482,2026-08-30,10 11 12 25 34 | 2
165483,2026-08-30,3 16 23 26 30 | 1
165484,2026-08-31,2 20 24 30 33 | 1
165485,2026-08-31,6 8 14 20 25 | 1
165486,2026-08-31,1 9 14 23 30 | 1
165487,2026-08-31,12 16 24 29 33 | 3
165488,2026-08-31,11 13 19 20 29 | 1
165489,2026-08-31,10 24 26 34 36 | 1
165490,2026-08-31,7 19 23 30 32 | 4
165491,2026-08-31,3 20 21 24 26 | 2
165492,2026-08-31,14 17 23 26 31 | 4
165493,2026-08-31,14 24 31 32 33 | 3
165494,2026-08-31,5 6 14 28 29 | 4
165495,2026-08-31,4 8 12 13 28 | 4
165496,2026-08-31,9 14 16 20 28 | 3
165497,2026-08-31,16 18 21 28 34 | 3
165498,2026-08-31,5 10 17 27 35 | 1
165499,2026-08-31,2 7 16 23 36 | 3
165500,2026-08-31,5 23 32 33 34 | 4
165501,2026-08-31,11 14 15 17 34 | 1
165502,2026-08-31,4 15 17 25 34 | 3
165503,2026-08-31,11 15 16 28 36 | 3
165504,2026-08-31,1 8 18 28 30 | 3
165505,2026-08-31,10 22 25 27 34 | 2
165506,2026-08-31,9 18 19 23 36 | 3
165507,2026-08-31,4 20 21 25 32 | 4
165508,2026-08-31,1 6 12 17 19 | 3
165509,2026-08-31,6 7 21 33 34 | 1
165510,2026-08-31,7 24 30 31 32 | 1
165511,2026-08-31,6 19 20 28 32 | 2
165512,2026-08-31,7 13 25 26 27 | 1
165513,2026-08-31,4 9 13 17 27 | 1
165514,2026-08-31,8 9 24 25 29 | 1
165515,2026-08-31,1 8 11 12 22 | 2
165516,2026-08-31,1 8 20 21 34 | 1
165517,2026-08-31,8 10 20 23 35 | 3
165518,2026-08-31,4 17 18 21 29 | 4
165519,2026-08-31,8 17 20 21 36 | 1
165520,2026-08-31,5 6 11 12 16 | 4
165521,2026-08-31,6 9 13 14 36 | 4
165522,2026-08-31,14 16 20 28 29 | 2
165523,2026-08-31,5 7 14 17 20 | 2
165524,2026-08-31,3 9 14 18 26 | 3
165525,2026-08-31,5 6 11 12 30 | 4
165526,2026-08-31,6 9 21 24 33 | 4
165527,2026-08-31,4 5 18 28 31 | 4
165528,2026-08-31,16 21 22 27 31 | 2
165529,2026-08-31,9 21 23 31 33 | 3
165530,2026-08-31,4 10 11 14 29 | 3
165531,2026-08-31,5 20 24 25 34 | 4
165532,2026-08-31,4 6 8 24 26 | 4
165533,2026-08-31,19 20 28 33 35 | 1
165534,2026-08-31,5 20 22 27 31 | 4
165535,2026-08-31,10 14 22 27 33 | 4
165536,2026-08-31,11 15 19 21 34 | 4
165537,2026-08-31,10 13 22 29 30 | 3
165538,2026-08-31,2 14 15 20 24 | 4
165539,2026-08-31,12 19 22 28 29 | 2
165540,2026-08-31,12 13 17 26 36 | 4
165541,2026-08-31,7 10 12 23 35 | 4
165542,2026-08-31,7 10 16 18 22 | 4
165543,2026-09-01,1 4 5 14 27 | 3
165544,2026-09-01,1 10 17 30 35 | 1
165545,2026-09-01,1 11 12 18 23 | 3
165546,2026-09-01,9 13 23 24 25 | 3
165547,2026-09-01,1 8 26 30 36 | 4
165548,2026-09-01,1 13 14 23 32 | 2
165549,2026-09-01,1 12 19 20 33 | 4
165550,2026-09-01,5 18 22 28 31 | 2
165551,2026-09-01,2 3 4 21 28 | 4
165552,2026-09-01,2 6 17 21 28 | 1
165553,2026-09-01,7 18 23 28 29 | 3
165554,2026-09-01,3 4 13 23 30 | 2
165555,2026-09-01,5 7 16 24 26 | 2
165556,2026-09-01,5 21 24 27 28 | 1
165557,2026-09-01,5 12 15 20 33 | 1
165558,2026-09-01,6 15 21 30 36 | 1
165559,2026-09-01,3 5 10 14 30 | 3
165560,2026-09-01,12 15 16 24 29 | 4
165561,2026-09-01,15 16 20 31 35 | 4
165562,2026-09-01,8 9 17 24 27 | 4
165563,2026-09-01,10 21 25 31 32 | 1
165564,2026-09-01,17 19 23 27 29 | 3
165565,2026-09-01,5 11 16 18 24 | 3
165566,2026-09-01,3 5 10 16 22 | 1
165567,2026-09-01,6 12 30 34 35 | 2
165568,2026-09-01,3 9 12 20 25 | 2
165569,2026-09-01,1 3 19 21 35 | 4
165570,2026-09-01,7 9 22 23 33 | 4
165571,2026-09-01,7 8 10 22 32 | 2
165572,2026-09-01,9 16 17 20 33 | 1
165573,2026-09-01,6 12 13 18 32 | 4
165574,2026-09-01,5 7 16 29 35 | 2
165575,2026-09-01,9 11 21 23 24 | 2
165576,2026-09-01,9 12 19 29 30 | 4
165577,2026-09-01,9 16 17 25 29 | 3
165578,2026-09-01,15 25 32 34 35 | 4
165579,2026-09-01,8 15 22 25 26 | 2
165580,2026-09-01,14 19 22 27 34 | 3
165581,2026-09-01,1 6 7 12 35 | 2
165582,2026-09-01,4 18 23 26 27 | 3
165583,2026-09-01,13 14 27 28 32 | 4
165584,2026-09-01,2 8 9 18 23 | 2
165585,2026-09-01,2 11 22 28 30 | 2
165586,2026-09-01,4 9 23 25 30 | 4
165587,2026-09-01,2 4 7 18 35 | 4
165588,2026-09-01,9 14 21 28 34 | 3
165589,2026-09-01,7 8 10 12 31 | 3
165590,2026-09-01,13 17 18 30 35 | 4
165591,2026-09-01,3 16 20 31 34 | 3
165592,2026-09-01,1 10 13 22 34 | 1
165593,2026-09-01,13 20 22 25 31 | 3
165594,2026-09-01,11 17 23 27 29 | 4
165595,2026-09-01,22 24 27 35 36 | 4
165596,2026-09-01,2 6 13 28 36 | 2
165597,2026-09-01,7 15 19 27 33 | 4
165598,2026-09-01,16 21 26 28 34 | 4
165599,2026-09-01,9 22 32 34 36 | 1
165600,2026-09-01,2 4 7 32 36 | 4
165601,2026-09-01,6 9 10 15 36 | 4
165602,2026-09-02,9 22 26 29 34 | 4
165603,2026-09-02,1 3 25 26 29 | 3
165604,2026-09-02,1 21 25 28 36 | 4
165605,2026-09-02,14 15 17 21 26 | 2
165606,2026-09-02,6 10 11 12 13 | 4
165607,2026-09-02,4 27 28 32 34 | 2
165608,2026-09-02,5 25 31 32 33 | 2
165609,2026-09-02,8 18 24 25 32 | 1
165610,2026-09-02,7 10 27 31 32 | 4
165611,2026-09-02,5 11 30 32 36 | 2
165612,2026-09-02,6 19 28 30 34 | 1
165613,2026-09-02,2 5 15 22 25 | 3
165614,2026-09-02,3 4 5 20 27 | 3
165615,2026-09-02,1 3 8 10 13 | 3
165616,2026-09-02,9 20 24 28 29 | 1
165617,2026-09-02,2 7 13 20 21 | 4
165618,2026-09-02,3 10 11 13 28 | 3
165619,2026-09-02,4 6 18 20 30 | 2
165620,2026-09-02,5 6 19 22 23 | 2
165621,2026-09-02,3 8 10 26 31 | 1
165622,2026-09-02,3 11 16 21 30 | 1
165623,2026-09-02,4 9 18 19 28 | 4
165624,2026-09-02,8 9 19 21 22 | 1
165625,2026-09-02,2 4 17 25 35 | 4
165626,2026-09-02,2 8 9 10 32 | 2
165627,2026-09-02,6 14 21 25 33 | 2
165628,2026-09-02,8 9 12 14 17 | 1
165629,2026-09-02,4 11 12 29 31 | 4
165630,2026-09-02,2 3 20 26 34 | 2
165631,2026-09-02,3 5 8 19 26 | 4
165632,2026-09-02,8 9 29 31 36 | 4
165633,2026-09-02,5 12 15 18 35 | 4
165634,2026-09-02,1 5 16 23 34 | 2
165635,2026-09-02,6 20 25 31 32 | 2
165636,2026-09-02,4 7 14 24 36 | 4
165637,2026-09-02,4 13 21 29 36 | 1
165638,2026-09-02,1 8 10 22 33 | 1
165639,2026-09-02,2 8 19 21 22 | 2
165640,2026-09-02,16 19 20 26 30 | 3
165641,2026-09-02,2 4 9 21 27 | 2
165642,2026-09-02,6 19 31 33 36 | 3
165643,2026-09-02,3 8 12 24 32 | 2
165644,2026-09-02,2 18 21 23 26 | 2
165645,2026-09-02,15 16 17 18 28 | 3
165646,2026-09-02,2 10 15 20 23 | 3
165647,2026-09-02,9 14 18 24 28 | 1
165648,2026-09-02,6 9 18 20 34 | 3
165649,2026-09-02,14 17 23 31 32 | 2
165650,2026-09-02,8 13 18 21 36 | 2
165651,2026-09-02,1 8 25 28 29 | 1
165652,2026-09-02,13 16 25 31 32 | 1
165653,2026-09-02,4 8 10 11 32 | 1
165654,2026-09-02,20 27 30 31 32 | 4
165655,2026-09-02,8 14 19 20 32 | 4
165656,2026-09-02,5 6 12 13 23 | 3
165657,2026-09-02,2 17 24 31 35 | 1
165658,2026-09-02,6 11 13 15 19 | 4
165659,2026-09-02,19 27 30 32 33 | 4
165660,2026-09-02,1 4 9 34 36 | 3
165661,2026-09-03,2 8 22 26 33 | 2
165662,2026-09-03,3 11 26 30 34 | 1
165663,2026-09-03,20 22 28 31 34 | 4
165664,2026-09-03,8 9 21 24 36 | 4
165665,2026-09-03,3 4 5 6 31 | 1
165666,2026-09-03,16 17 24 26 28 | 4
165667,2026-09-03,9 12 20 23 30 | 4
165668,2026-09-03,1 23 29 33 34 | 3
165669,2026-09-03,3 20 30 32 33 | 1
165670,2026-09-03,5 9 19 25 28 | 1
165671,2026-09-03,2 9 11 28 30 | 3
165672,2026-09-03,11 16 17 34 35 | 1
165673,2026-09-03,7 20 22 23 27 | 3
165674,2026-09-03,14 17 23 26 32 | 4
165675,2026-09-03,2 15 18 19 24 | 1
165676,2026-09-03,8 11 13 24 29 | 1
165677,2026-09-03,1 3 13 16 34 | 2
165678,2026-09-03,26 30 32 35 36 | 3
165679,2026-09-03,9 14 15 18 22 | 4
165680,2026-09-03,11 12 16 25 30 | 1
165681,2026-09-03,1 3 5 25 27 | 1
165682,2026-09-03,1 6 14 16 27 | 1
165683,2026-09-03,2 10 16 22 32 | 4
165684,2026-09-03,8 12 14 16 34 | 3
165685,2026-09-03,12 18 24 25 30 | 2
165686,2026-09-03,12 20 23 26 32 | 3
165687,2026-09-03,5 8 23 30 32 | 4
165688,2026-09-03,12 22 28 30 33 | 3
165689,2026-09-03,10 20 31 32 34 | 4
165690,2026-09-03,11 14 15 16 17 | 2
165691,2026-09-03,4 17 21 25 36 | 3
165692,2026-09-03,2 9 16 24 28 | 3
165693,2026-09-03,6 7 8 11 28 | 2
165694,2026-09-03,8 12 21 26 32 | 2
165695,2026-09-03,10 16 21 24 26 | 2
165696,2026-09-03,4 15 23 26 35 | 4
165697,2026-09-03,11 18 19 23 36 | 1
165698,2026-09-03,3 8 9 16 36 | 3
165699,2026-09-03,8 14 21 22 23 | 1
165700,2026-09-03,3 10 15 20 31 | 1
165701,2026-09-03,13 14 26 32 35 | 3
165702,2026-09-03,1 5 9 18 35 | 1
165703,2026-09-03,14 15 22 31 35 | 2
165704,2026-09-03,4 17 21 30 36 | 3
165705,2026-09-03,15 16 20 21 27 | 4
165706,2026-09-03,13 17 32 34 36 | 2
165707,2026-09-03,3 4 14 24 27 | 2
165708,2026-09-03,16 20 29 32 35 | 4
165709,2026-09-03,2 21 26 28 31 | 3
165710,2026-09-03,9 11 18 26 28 | 3
165711,2026-09-03,4 19 23 27 30 | 1
165712,2026-09-04,17 26 32 35 36 | 2
165713,2026-09-04,1 4 8 16 34 | 4
165714,2026-09-04,9 10 21 27 36 | 3
165715,2026-09-04,1 9 13 24 25 | 4
165716,2026-09-04,23 28 30 31 32 | 4
165717,2026-09-04,2 16 18 28 32 | 1
165718,2026-09-04,14 21 25 32 35 | 3
165719,2026-09-04,1 5 17 30 32 | 2
165720,2026-09-04,23 27 28 31 32 | 4
165721,2026-09-04,2 4 13 24 30 | 3
165722,2026-09-04,2 5 16 20 33 | 1
165723,2026-09-04,2 5 27 28 32 | 4
165724,2026-09-04,16 17 21 24 26 | 3
165725,2026-09-04,2 6 14 19 35 | 4
165726,2026-09-04,12 13 15 19 24 | 2
165727,2026-09-04,7 17 18 20 35 | 3
165728,2026-09-04,5 11 12 24 25 | 4
165729,2026-09-04,5 9 14 17 18 | 3
165730,2026-09-04,3 17 18 31 33 | 4
165731,2026-09-04,4 6 23 27 35 | 2
165732,2026-09-04,1 5 21 23 30 | 4
165733,2026-09-04,4 10 14 26 36 | 2
165734,2026-09-04,2 11 13 25 28 | 2
165735,2026-09-04,3 16 23 25 31 | 4
165736,2026-09-04,6 8 24 28 32 | 2
165737,2026-09-04,1 10 12 26 32 | 2
165738,2026-09-04,3 13 15 24 34 | 1
165739,2026-09-04,9 15 23 26 33 | 4
165740,2026-09-04,3 14 22 27 33 | 4
165741,2026-09-04,4 13 21 26 29 | 2
165742,2026-09-04,6 8 10 18 20 | 2
165743,2026-09-04,7 11 17 30 34 | 3
165744,2026-09-04,10 15 28 32 36 | 3
165745,2026-09-04,2 13 19 25 27 | 1
165746,2026-09-04,5 17 21 22 30 | 3
165747,2026-09-04,4 8 18 23 31 | 1
165748,2026-09-04,4 15 22 26 35 | 2
165749,2026-09-04,1 2 24 30 33 | 1
165750,2026-09-04,7 13 21 22 25 | 1
165751,2026-09-04,13 22 24 30 35 | 4
165752,2026-09-04,1 3 5 18 27 | 1
165753,2026-09-04,4 9 13 27 31 | 1
165754,2026-09-04,8 14 23 30 31 | 1
165755,2026-09-04,12 13 19 32 36 | 3
165756,2026-09-04,6 7 9 22 33 | 4
165757,2026-09-04,1 9 29 32 33 | 3
165758,2026-09-04,4 14 18 23 33 | 1
165759,2026-09-04,1 10 12 24 35 | 3
165760,2026-09-04,15 17 20 31 32 | 4
165761,2026-09-04,10 12 18 29 34 | 2
165762,2026-09-04,14 18 19 31 34 | 2
165763,2026-09-04,13 19 26 33 36 | 3
165764,2026-09-04,2 12 18 25 31 | 2
165765,2026-09-04,20 22 24 29 33 | 2
165766,2026-09-04,10 17 21 31 32 | 1
165767,2026-09-04,10 19 28 31 32 | 1
165768,2026-09-04,4 6 9 12 35 | 1
165769,2026-09-04,9 21 26 29 31 | 3
165770,2026-09-04,2 22 30 33 34 | 1
165771,2026-09-05,6 8 13 23 30 | 3
165772,2026-09-05,7 14 15 18 23 | 4
165773,2026-09-05,2 10 14 16 32 | 4
165774,2026-09-05,7 8 9 21 23 | 1
165775,2026-09-05,18 20 25 33 36 | 3
165776,2026-09-05,11 14 22 23 26 | 1
165777,2026-09-05,8 9 17 21 33 | 2
165778,2026-09-05,4 16 17 29 31 | 4
165779,2026-09-05,24 25 26 28 30 | 3
165780,2026-09-05,2 9 10 20 22 | 4
165781,2026-09-05,5 9 14 23 24 | 3
165782,2026-09-05,8 9 26 27 34 | 1
165783,2026-09-05,7 13 25 29 36 | 4
165784,2026-09-05,1 6 10 30 34 | 1
165785,2026-09-05,9 10 14 15 28 | 2
165786,2026-09-05,2 4 12 17 26 | 4
165787,2026-09-05,1 10 17 20 22 | 2
165788,2026-09-05,4 12 15 22 32 | 2
165789,2026-09-05,5 16 22 28 33 | 3
165790,2026-09-05,4 13 21 27 29 | 1
165791,2026-09-05,4 13 25 26 33 | 2
165792,2026-09-05,12 17 23 30 32 | 4
165793,2026-09-05,8 13 24 35 36 | 3
165794,2026-09-05,1 10 11 27 33 | 2
165795,2026-09-05,22 30 31 35 36 | 3
165796,2026-09-05,5 18 24 29 34 | 3
165797,2026-09-05,5 11 20 24 32 | 2
165798,2026-09-05,10 15 23 26 31 | 2
165799,2026-09-05,2 11 13 16 29 | 1
165800,2026-09-05,4 16 22 23 32 | 4
165801,2026-09-05,4 8 10 11 21 | 2
165802,2026-09-05,12 17 19 29 35 | 3
165803,2026-09-05,15 23 25 27 31 | 1
165804,2026-09-05,7 11 16 30 34 | 2
165805,2026-09-05,4 10 20 27 30 | 3
165806,2026-09-05,4 5 6 21 28 | 2
165807,2026-09-05,1 9 15 28 29 | 3
165808,2026-09-05,2 5 7 8 16 | 3
165809,2026-09-05,2 6 15 20 26 | 1
165810,2026-09-05,4 14 18 21 34 | 4
165811,2026-09-05,2 6 17 30 36 | 2
165812,2026-09-05,2 4 6 11 31 | 1
165813,2026-09-05,10 11 17 27 30 | 1
165814,2026-09-05,5 7 21 28 33 | 2
165815,2026-09-05,3 7 11 25 36 | 3
165816,2026-09-05,18 21 23 27 30 | 1
165817,2026-09-05,4 7 10 26 28 | 2
165818,2026-09-05,8 13 17 20 30 | 1
165819,2026-09-05,5 9 13 22 31 | 3
165820,2026-09-05,14 16 21 35 36 | 2
165821,2026-09-05,3 14 21 35 36 | 2
165822,2026-09-05,1 8 15 21 22 | 3
165823,2026-09-05,8 10 20 26 30 | 3
165824,2026-09-05,4 8 12 18 27 | 3
165825,2026-09-05,3 9 16 20 29 | 1
165826,2026-09-05,10 15 17 26 35 | 3
165827,2026-09-05,6 21 25 26 35 | 2
165828,2026-09-06,13 17 28 31 32 | 1
165829,2026-09-06,5 7 10 14 34 | 4
165830,2026-09-06,14 23 24 32 34 | 4
165831,2026-09-06,2 8 26 28 33 | 4
165832,2026-09-06,1 6 7 21 26 | 2
165833,2026-09-06,10 13 20 27 32 | 4
165834,2026-09-06,12 13 17 30 31 | 1
165835,2026-09-06,1 6 7 19 36 | 4
165836,2026-09-06,1 23 25 31 36 | 3
165837,2026-09-06,5 9 17 25 29 | 2
165838,2026-09-06,2 10 11 12 13 | 3
165839,2026-09-06,5 6 18 29 35 | 2
165840,2026-09-06,1 14 33 34 35 | 3
165841,2026-09-06,7 13 15 23 29 | 3
165842,2026-09-06,5 11 31 35 36 | 1
165843,2026-09-06,12 16 20 25 29 | 3
165844,2026-09-06,11 15 17 24 31 | 3
165845,2026-09-06,17 21 27 35 36 | 4
165846,2026-09-06,11 22 23 32 34 | 3
165847,2026-09-06,6 24 26 30 35 | 2
165848,2026-09-06,1 5 10 15 24 | 2
165849,2026-09-06,8 11 23 27 33 | 2
165850,2026-09-06,6 8 10 26 30 | 1
165851,2026-09-06,7 16 23 26 34 | 3
165852,2026-09-06,6 11 16 23 32 | 4
165853,2026-09-06,4 5 10 28 34 | 3
165854,2026-09-06,16 18 28 30 32 | 2
165855,2026-09-06,9 18 21 29 33 | 4
165856,2026-09-06,7 19 21 22 36 | 4
165857,2026-09-06,4 16 20 22 25 | 3
165858,2026-09-06,5 8 11 15 19 | 4
165859,2026-09-06,11 13 20 26 33 | 3
165860,2026-09-06,1 17 18 20 33 | 4
165861,2026-09-06,24 26 29 31 33 | 2
165862,2026-09-06,1 2 11 28 29 | 3
165863,2026-09-06,8 15 19 30 35 | 3
165864,2026-09-06,1 23 27 29 36 | 2
165865,2026-09-06,1 16 20 23 36 | 1
165866,2026-09-06,8 9 25 31 32 | 1
165867,2026-09-06,12 14 20 28 29 | 1
165868,2026-09-06,12 17 27 28 30 | 3
165869,2026-09-06,7 9 15 22 33 | 1
165870,2026-09-06,6 10 15 29 35 | 1
165871,2026-09-06,2 13 16 18 22 | 3
165872,2026-09-06,1 4 12 19 24 | 4
165873,2026-09-06,4 7 25 33 35 | 3
165874,2026-09-06,19 21 27 30 36 | 1
165875,2026-09-06,21 27 29 35 36 | 4
165876,2026-09-06,2 6 22 34 35 | 4
165877,2026-09-06,1 4 8 9 28 | 3
165878,2026-09-06,10 21 23 30 31 | 1
165879,2026-09-06,7 16 24 28 29 | 2
165880,2026-09-06,4 11 21 28 33 | 4
165881,2026-09-06,21 23 26 32 35 | 2
165882,2026-09-06,9 13 17 26 31 | 2
165883,2026-09-06,2 4 11 12 34 | 4
165884,2026-09-06,10 26 30 31 35 | 3
165885,2026-09-06,1 5 8 15 22 | 2
165886,2026-09-06,7 9 18 23 25 | 2
165887,2026-09-07,12 14 26 27 29 | 1
165888,2026-09-07,4 11 17 22 33 | 1
165889,2026-09-07,8 24 25 28 32 | 3
165890,2026-09-07,2 3 16 24 33 | 4
165891,2026-09-07,2 4 7 28 34 | 4
165892,2026-09-07,2 9 16 26 36 | 3
165893,2026-09-07,12 16 29 31 33 | 2
165894,2026-09-07,15 16 19 21 31 | 1
165895,2026-09-07,10 11 13 33 34 | 3
165896,2026-09-07,5 13 15 22 34 | 4
165897,2026-09-07,4 18 20 31 33 | 4
165898,2026-09-07,2 4 8 15 26 | 2
165899,2026-09-07,1 3 6 14 34 | 2
165900,2026-09-07,2 7 14 18 30 | 2
165901,2026-09-07,3 20 24 25 32 | 4
165902,2026-09-07,14 15 24 25 34 | 4
165903,2026-09-07,5 13 18 26 36 | 3
165904,2026-09-07,11 12 24 28 30 | 2
165905,2026-09-07,6 8 18 19 26 | 1
165906,2026-09-07,9 18 25 30 32 | 2
165907,2026-09-07,3 11 19 28 36 | 2
165908,2026-09-07,3 8 9 10 24 | 2
165909,2026-09-07,10 11 12 19 34 | 1
165910,2026-09-07,1 7 25 29 36 | 2
165911,2026-09-07,3 8 25 26 30 | 4
165912,2026-09-07,2 8 10 20 36 | 1
165913,2026-09-07,4 13 19 32 36 | 4
165914,2026-09-07,8 11 25 28 30 | 4
165915,2026-09-07,2 16 19 27 29 | 2
165916,2026-09-07,3 8 13 28 34 | 1
165917,2026-09-07,8 19 20 23 26 | 1
165918,2026-09-07,2 7 17 27 34 | 1
165919,2026-09-07,6 9 10 11 22 | 3
165920,2026-09-07,4 7 14 19 31 | 4
165921,2026-09-07,8 15 20 31 33 | 1
165922,2026-09-07,3 17 24 33 36 | 3
165923,2026-09-07,2 14 20 25 31 | 4
165924,2026-09-07,2 6 17 20 26 | 4
165925,2026-09-07,2 10 21 24 36 | 1
165926,2026-09-07,1 4 6 23 24 | 2
165927,2026-09-07,1 6 11 23 31 | 3
165928,2026-09-07,11 21 23 25 31 | 1
165929,2026-09-07,4 6 9 13 28 | 4
165930,2026-09-07,7 15 30 34 36 | 2
165931,2026-09-07,15 19 20 24 35 | 4
165932,2026-09-07,18 21 33 34 35 | 4
165933,2026-09-07,15 16 21 22 31 | 2
165934,2026-09-07,2 19 20 27 32 | 4
165935,2026-09-07,8 10 23 27 36 | 1
165936,2026-09-07,3 5 11 23 29 | 2
165937,2026-09-07,6 11 16 29 36 | 2
165938,2026-09-07,1 4 23 29 30 | 3
165939,2026-09-07,5 11 13 20 22 | 1
165940,2026-09-07,3 7 15 19 29 | 2
165941,2026-09-07,16 17 20 26 27 | 2
165942,2026-09-07,11 21 23 25 27 | 2
165943,2026-09-07,14 17 18 20 33 | 2
165944,2026-09-07,3 7 19 28 35 | 2
165945,2026-09-07,9 16 29 33 35 | 4
165946,2026-09-08,1 7 15 19 29 | 1
165947,2026-09-08,14 17 21 25 34 | 1
165948,2026-09-08,8 11 17 23 26 | 2
165949,2026-09-08,1 4 6 17 18 | 4
165950,2026-09-08,3 6 7 10 15 | 2
165951,2026-09-08,7 9 21 26 31 | 4
165952,2026-09-08,14 20 21 23 36 | 3
165953,2026-09-08,4 11 29 30 33 | 2
165954,2026-09-08,6 13 27 30 32 | 1
165955,2026-09-08,4 14 18 28 33 | 1
165956,2026-09-08,6 8 24 31 35 | 4
165957,2026-09-08,16 17 18 28 36 | 2
165958,2026-09-08,15 21 22 26 27 | 1
165959,2026-09-08,19 20 23 29 30 | 4
165960,2026-09-08,10 18 21 25 29 | 1
165961,2026-09-08,6 12 14 23 30 | 2
165962,2026-09-08,6 7 10 14 22 | 1
165963,2026-09-08,10 12 13 16 18 | 1
165964,2026-09-08,2 21 22 24 30 | 1
165965,2026-09-08,16 19 24 27 36 | 2
165966,2026-09-08,6 7 11 13 14 | 4
165967,2026-09-08,8 13 16 18 29 | 4
165968,2026-09-08,9 10 16 18 30 | 4
165969,2026-09-08,1 4 33 35 36 | 3
165970,2026-09-08,2 3 5 8 11 | 4
165971,2026-09-08,9 11 12 26 28 | 3
165972,2026-09-08,3 8 26 28 34 | 3
165973,2026-09-08,4 10 14 26 34 | 2
165974,2026-09-08,14 22 29 31 34 | 3
165975,2026-09-08,2 11 18 28 33 | 3
165976,2026-09-08,3 13 20 28 31 | 3
165977,2026-09-08,2 11 19 21 24 | 1
165978,2026-09-08,3 14 27 28 32 | 2
165979,2026-09-08,24 25 26 28 32 | 4
165980,2026-09-08,4 8 20 24 36 | 1
165981,2026-09-08,4 14 21 26 28 | 4
165982,2026-09-08,5 6 17 19 30 | 3
165983,2026-09-08,6 19 24 30 36 | 3
165984,2026-09-08,5 9 18 22 24 | 1
165985,2026-09-08,17 21 27 28 34 | 4
165986,2026-09-08,2 6 8 11 16 | 1
165987,2026-09-08,1 14 20 22 27 | 4
165988,2026-09-08,7 9 11 26 28 | 4
165989,2026-09-08,6 9 17 19 22 | 4
165990,2026-09-08,1 3 4 18 34 | 4
165991,2026-09-08,2 11 17 20 35 | 4
165992,2026-09-08,1 9 21 23 28 | 4
165993,2026-09-08,3 12 19 32 36 | 3
165994,2026-09-08,5 10 16 17 18 | 3
165995,2026-09-08,11 12 20 25 30 | 3
165996,2026-09-08,3 8 11 28 32 | 4
165997,2026-09-08,9 11 12 27 32 | 1
165998,2026-09-08,8 9 18 28 32 | 3
165999,2026-09-08,3 18 20 26 35 | 2
166000,2026-09-08,5 15 18 22 33 | 2
166001,2026-09-08,5 9 12 14 31 | 3
166002,2026-09-08,2 8 20 26 33 | 1
166003,2026-09-08,6 11 19 24 25 | 4
166004,2026-09-08,3 21 25 27 29 | 1
166005,2026-09-09,5 13 17 19 30 | 1
166006,2026-09-09,12 17 19 22 27 | 3
166007,2026-09-09,2 9 14 35 36 | 3
166008,2026-09-09,13 16 24 27 35 | 4
166009,2026-09-09,6 19 21 25 32 | 2
166010,2026-09-09,6 15 20 24 36 | 2
166011,2026-09-09,6 17 26 29 35 | 3
166012,2026-09-09,15 17 20 21 28 | 1
166013,2026-09-09,4 5 8 10 20 | 2
166014,2026-09-09,4 15 21 22 28 | 1
166015,2026-09-09,8 19 27 29 36 | 1
166016,2026-09-09,16 23 30 32 33 | 1
166017,2026-09-09,9 12 28 29 36 | 2
166018,2026-09-09,1 9 19 25 29 | 2
166019,2026-09-09,2 5 18 26 30 | 4
166020,2026-09-09,13 15 22 26 27 | 4
166021,2026-09-09,3 7 22 28 29 | 3
166022,2026-09-09,6 9 27 28 35 | 3
166023,2026-09-09,23 25 28 31 33 | 4
166024,2026-09-09,12 20 22 26 30 | 1
166025,2026-09-09,3 4 17 26 34 | 4
166026,2026-09-09,4 7 12 22 29 | 3
166027,2026-09-09,1 10 21 22 31 | 4
166028,2026-09-09,1 18 19 22 35 | 1
166029,2026-09-09,13 17 26 29 33 | 2
166030,2026-09-09,3 5 12 29 31 | 1
166031,2026-09-09,5 7 9 22 34 | 3
166032,2026-09-09,8 17 29 30 31 | 3
166033,2026-09-09,10 15 18 25 35 | 4
166034,2026-09-09,2 5 9 14 34 | 2
166035,2026-09-09,4 15 16 32 35 | 1
166036,2026-09-09,2 12 16 19 34 | 2
166037,2026-09-09,5 7 17 24 27 | 2
166038,2026-09-09,9 13 18 21 22 | 1
166039,2026-09-09,7 8 14 26 28 | 4
166040,2026-09-09,4 8 9 11 29 | 3
166041,2026-09-09,17 27 32 35 36 | 3
166042,2026-09-09,3 12 21 26 36 | 3
166043,2026-09-09,1 18 26 27 29 | 3
166044,2026-09-09,7 9 19 21 30 | 2
166045,2026-09-09,3 7 19 24 28 | 1
166046,2026-09-09,7 13 17 21 25 | 4
166047,2026-09-09,13 20 23 35 36 | 2
166048,2026-09-09,3 4 7 8 23 | 3
166049,2026-09-09,3 8 9 12 15 | 2
166050,2026-09-09,3 15 26 34 36 | 4
166051,2026-09-09,1 11 23 24 25 | 4
166052,2026-09-09,2 15 21 22 35 | 3
166053,2026-09-09,2 9 14 18 35 | 4
166054,2026-09-09,1 6 7 12 25 | 4
166055,2026-09-09,10 11 14 24 26 | 1
166056,2026-09-09,10 11 13 18 26 | 2
166057,2026-09-09,4 15 16 21 35 | 3
166058,2026-09-09,6 7 10 27 31 | 4
166059,2026-09-09,2 8 15 18 26 | 1
166060,2026-09-09,3 26 28 29 35 | 3
166061,2026-09-09,10 15 30 33 35 | 3
166062,2026-09-09,2 23 27 29 33 | 3
166063,2026-09-09,2 4 10 13 27 | 3
166064,2026-09-10,8 12 17 29 34 | 3
166065,2026-09-10,2 3 9 14 18 | 4
166066,2026-09-10,3 6 8 9 19 | 3
166067,2026-09-10,2 11 13 23 25 | 2
166068,2026-09-10,5 10 16 26 31 | 4
166069,2026-09-10,5 10 18 26 35 | 1
166070,2026-09-10,11 12 18 22 26 | 4
166071,2026-09-10,1 4 13 15 22 | 3
166072,2026-09-10,20 28 29 30 33 | 1
166073,2026-09-10,8 20 24 25 32 | 4
166074,2026-09-10,2 9 14 17 22 | 4
166075,2026-09-10,7 16 23 33 35 | 2
166076,2026-09-10,2 17 31 34 36 | 2
166077,2026-09-10,3 7 15 32 35 | 2
166078,2026-09-10,11 13 17 20 25 | 4
166079,2026-09-10,9 13 20 22 28 | 4
166080,2026-09-10,3 28 30 33 34 | 4
166081,2026-09-10,3 7 10 12 33 | 2
166082,2026-09-10,2 24 30 33 35 | 2
166083,2026-09-10,9 12 18 22 23 | 1
166084,2026-09-10,2 24 25 33 36 | 2
166085,2026-09-10,4 18 20 24 33 | 4
166086,2026-09-10,10 11 22 24 36 | 1
166087,2026-09-10,14 15 21 25 27 | 1
166088,2026-09-10,4 9 15 27 33 | 1
166089,2026-09-10,4 10 26 28 33 | 2
166090,2026-09-10,5 7 8 9 19 | 3
166091,2026-09-10,5 11 21 26 32 | 3
166092,2026-09-10,23 25 29 32 36 | 2
166093,2026-09-10,1 3 10 11 30 | 4
166094,2026-09-10,4 11 17 25 28 | 1
166095,2026-09-10,7 15 21 22 25 | 4
166096,2026-09-10,1 5 8 19 22 | 2
166097,2026-09-10,6 24 27 29 36 | 4
166098,2026-09-10,3 4 22 23 36 | 4
166099,2026-09-10,6 8 14 20 23 | 1
166100,2026-09-10,1 11 31 34 35 | 2
166101,2026-09-10,1 4 20 24 27 | 4
166102,2026-09-10,6 10 15 23 24 | 4
166103,2026-09-10,6 15 28 29 36 | 2
166104,2026-09-10,5 10 24 27 28 | 2
166105,2026-09-10,4 7 13 22 26 | 2
166106,2026-09-10,11 12 14 20 31 | 2
166107,2026-09-10,3 11 13 29 30 | 4
166108,2026-09-10,14 16 25 34 35 | 3
166109,2026-09-10,1 23 26 32 36 | 1
166110,2026-09-10,6 12 16 29 35 | 1
166111,2026-09-10,7 15 26 27 32 | 2
166112,2026-09-10,8 22 23 35 36 | 3
166113,2026-09-10,11 13 18 21 23 | 4
166114,2026-09-10,4 5 13 15 21 | 4
166115,2026-09-10,7 8 11 26 34 | 4
166116,2026-09-10,8 12 13 15 20 | 2
166117,2026-09-10,3 17 20 25 36 | 3
166118,2026-09-10,1 12 25 28 35 | 1
166119,2026-09-10,5 23 24 33 35 | 1
166120,2026-09-10,4 25 29 33 34 | 2
166121,2026-09-10,2 24 25 26 27 | 3
166122,2026-09-10,6 13 21 27 34 | 2
166123,2026-09-11,1 4 12 14 18 | 3
166124,2026-09-11,4 10 11 19 20 | 3
166125,2026-09-11,1 12 23 24 36 | 1
166126,2026-09-11,12 14 26 27 28 | 3
166127,2026-09-11,5 22 23 26 34 | 2
166128,2026-09-11,2 5 13 16 28 | 2
166129,2026-09-11,2 14 15 32 36 | 3
166130,2026-09-11,2 6 8 12 13 | 3
166131,2026-09-11,12 17 19 23 32 | 4
166132,2026-09-11,1 19 22 24 33 | 3
166133,2026-09-11,2 3 15 26 29 | 3
166134,2026-09-11,12 16 19 20 24 | 4
166135,2026-09-11,1 8 16 24 27 | 1
166136,2026-09-11,2 12 18 27 32 | 2
166137,2026-09-11,2 7 9 28 36 | 4
166138,2026-09-11,8 10 14 24 26 | 3
166139,2026-09-11,11 20 30 31 32 | 4
166140,2026-09-11,1 4 5 16 29 | 3
166141,2026-09-11,5 15 25 30 34 | 4
166142,2026-09-11,10 12 24 28 31 | 2
166143,2026-09-11,3 9 18 22 30 | 3
166144,2026-09-11,4 11 17 21 29 | 3
166145,2026-09-11,3 10 12 29 35 | 2
166146,2026-09-11,2 7 20 26 32 | 2
166147,2026-09-11,1 4 11 24 28 | 3
166148,2026-09-11,2 5 6 14 29 | 4
166149,2026-09-11,12 20 26 29 33 | 2
166150,2026-09-11,2 26 28 33 36 | 4
166151,2026-09-11,3 13 20 29 30 | 3
166152,2026-09-11,4 8 9 14 33 | 2
166153,2026-09-11,2 13 14 31 34 | 4
166154,2026-09-11,2 13 18 31 33 | 4
166155,2026-09-11,4 12 22 26 29 | 4
166156,2026-09-11,7 17 26 31 32 | 4
166157,2026-09-11,3 18 21 26 29 | 2
166158,2026-09-11,7 14 15 20 25 | 4
166159,2026-09-11,3 16 19 24 33 | 4
166160,2026-09-11,4 10 11 20 26 | 4
166161,2026-09-11,6 18 19 31 34 | 3
166162,2026-09-11,3 15 16 21 29 | 1
166163,2026-09-11,5 29 30 31 36 | 2
166164,2026-09-11,4 8 12 15 26 | 4
166165,2026-09-11,5 11 16 20 34 | 4
166166,2026-09-11,14 25 31 35 36 | 4
166167,2026-09-11,16 22 25 27 34 | 4
166168,2026-09-11,1 12 22 25 28 | 4
166169,2026-09-11,5 13 14 15 28 | 2
166170,2026-09-11,16 20 25 30 31 | 2
166171,2026-09-11,2 6 8 12 34 | 2
166172,2026-09-11,15 20 21 24 35 | 2
166173,2026-09-11,4 13 18 28 31 | 4
166174,2026-09-11,9 11 16 25 26 | 3
166175,2026-09-11,3 4 6 19 26 | 3
166176,2026-09-11,3 4 12 29 35 | 4
166177,2026-09-11,1 30 32 35 36 | 2
166178,2026-09-11,13 14 17 22 32 | 2
166179,2026-09-11,2 10 32 33 36 | 1
166180,2026-09-11,6 11 16 21 24 | 3
166181,2026-09-11,13 24 30 34 35 | 3
166182,2026-09-12,25 27 30 33 35 | 2
166183,2026-09-12,8 14 16 28 36 | 1
166184,2026-09-12,3 6 13 26 35 | 3
166185,2026-09-12,8 11 20 22 28 | 3
166186,2026-09-12,7 14 17 23 27 | 2
166187,2026-09-12,14 15 24 26 29 | 1
166188,2026-09-12,3 7 18 31 32 | 1
166189,2026-09-12,5 12 31 32 36 | 3
166190,2026-09-12,4 7 19 20 27 | 4
166191,2026-09-12,3 5 12 22 23 | 3
166192,2026-09-12,6 12 24 26 31 | 2
166193,2026-09-12,17 23 25 27 36 | 2
166194,2026-09-12,15 17 21 24 33 | 3
166195,2026-09-12,2 4 19 21 31 | 1
166196,2026-09-12,9 11 13 30 31 | 1
166197,2026-09-12,1 7 15 17 21 | 2
166198,2026-09-12,2 5 7 14 27 | 1
166199,2026-09-12,4 8 9 23 27 | 3
166200,2026-09-12,4 7 12 20 36 | 2
166201,2026-09-12,9 24 25 26 35 | 2
166202,2026-09-12,2 12 21 30 34 | 3
166203,2026-09-12,4 5 7 8 30 | 2
166204,2026-09-12,12 18 26 27 29 | 2
166205,2026-09-12,9 18 24 28 32 | 1
166206,2026-09-12,1 17 19 22 31 | 4
166207,2026-09-12,6 24 26 31 36 | 4
166208,2026-09-12,14 16 28 33 35 | 4
166209,2026-09-12,9 14 16 21 34 | 2
166210,2026-09-12,4 6 12 22 24 | 4
166211,2026-09-12,11 13 14 15 25 | 1
166212,2026-09-12,7 11 25 26 29 | 2
166213,2026-09-12,11 14 23 29 34 | 1
166214,2026-09-12,7 16 18 27 31 | 3
166215,2026-09-12,7 18 19 23 29 | 1
166216,2026-09-12,4 15 21 32 35 | 1
166217,2026-09-12,10 11 12 30 31 | 2
166218,2026-09-12,2 7 13 28 31 | 3
166219,2026-09-12,6 7 14 21 25 | 3
166220,2026-09-12,10 12 19 24 25 | 1
166221,2026-09-12,3 7 8 12 19 | 1
166222,2026-09-12,2 10 21 28 31 | 1
166223,2026-09-12,4 17 27 28 35 | 2
166224,2026-09-12,18 21 22 33 34 | 2
166225,2026-09-12,7 8 17 18 33 | 4
166226,2026-09-12,13 16 21 26 27 | 4
166227,2026-09-12,1 3 5 15 18 | 2
166228,2026-09-12,4 12 22 24 29 | 1
166229,2026-09-12,13 21 30 31 36 | 3
166230,2026-09-12,5 20 22 30 32 | 1
166231,2026-09-12,1 3 12 28 31 | 2
166232,2026-09-12,4 9 10 26 29 | 1
166233,2026-09-12,3 5 21 30 31 | 2
166234,2026-09-12,3 8 11 20 32 | 4
166235,2026-09-12,8 11 16 20 21 | 1
166236,2026-09-12,1 3 11 25 27 | 4
166237,2026-09-12,4 14 21 27 36 | 2
166238,2026-09-12,3 13 16 17 32 | 2
166239,2026-09-13,3 8 16 27 30 | 1
166240,2026-09-13,9 17 20 25 31 | 4
166241,2026-09-13,6 10 23 25 34 | 3
166242,2026-09-13,2 10 13 32 34 | 2
166243,2026-09-13,10 12 28 31 33 | 3
166244,2026-09-13,8 13 14 25 32 | 4
166245,2026-09-13,2 8 10 11 22 | 4
166246,2026-09-13,4 5 11 26 33 | 4
166247,2026-09-13,1 2 13 25 33 | 2
166248,2026-09-13,5 9 14 21 36 | 1
166249,2026-09-13,6 18 20 23 32 | 2
166250,2026-09-13,4 5 21 23 31 | 1
166251,2026-09-13,9 11 24 27 30 | 1
166252,2026-09-13,1 9 15 20 25 | 1
166253,2026-09-13,11 24 25 27 36 | 3
166254,2026-09-13,11 18 22 28 31 | 3
166255,2026-09-13,5 6 10 28 33 | 4
166256,2026-09-13,1 2 4 16 30 | 1
166257,2026-09-13,5 7 13 26 32 | 2
166258,2026-09-13,3 13 26 33 34 | 1
166259,2026-09-13,4 8 14 28 34 | 4
166260,2026-09-13,4 25 27 28 29 | 2
166261,2026-09-13,5 14 20 26 29 | 2
166262,2026-09-13,4 15 18 27 29 | 1
166263,2026-09-13,3 11 20 23 24 | 2
166264,2026-09-13,4 8 22 27 29 | 4
166265,2026-09-13,7 10 22 26 32 | 1
166266,2026-09-13,1 10 20 21 28 | 4
166267,2026-09-13,2 5 28 29 35 | 1
166268,2026-09-13,16 25 28 29 36 | 2
166269,2026-09-13,12 14 17 21 32 | 2
166270,2026-09-13,7 8 23 35 36 | 1
166271,2026-09-13,5 12 15 22 27 | 4
166272,2026-09-13,7 10 18 27 35 | 3
166273,2026-09-13,9 13 15 18 36 | 4
166274,2026-09-13,12 14 31 32 35 | 1
166275,2026-09-13,1 9 13 15 30 | 3
166276,2026-09-13,13 15 18 22 28 | 1
166277,2026-09-13,6 13 20 31 33 | 3
166278,2026-09-13,2 3 18 25 30 | 1
166279,2026-09-13,1 4 7 23 34 | 2
166280,2026-09-13,13 16 17 23 29 | 4
166281,2026-09-13,10 12 15 29 36 | 1
166282,2026-09-13,11 18 19 25 26 | 1
166283,2026-09-13,5 7 10 19 23 | 4
166284,2026-09-13,17 25 29 33 34 | 4
166285,2026-09-13,1 9 13 21 31 | 4
166286,2026-09-13,6 8 10 34 36 | 2
166287,2026-09-13,3 13 27 31 36 | 2
166288,2026-09-13,2 7 16 20 23 | 2
166289,2026-09-13,4 11 13 27 30 | 2
166290,2026-09-13,5 11 13 17 27 | 3
166291,2026-09-13,9 17 20 29 34 | 2
166292,2026-09-13,2 13 21 24 35 | 3
166293,2026-09-13,22 24 27 29 33 | 4
166294,2026-09-13,8 23 25 27 28 | 2
166295,2026-09-13,12 15 18 20 34 | 1
166296,2026-09-13,8 14 24 25 28 | 1
166297,2026-09-13,2 7 13 24 31 | 3
166298,2026-09-14,1 2 6 10 33 | 4
166299,2026-09-14,9 12 29 30 33 | 3
166300,2026-09-14,1 14 25 28 29 | 2
166301,2026-09-14,12 17 20 23 30 | 4
166302,2026-09-14,6 9 12 13 20 | 2
166303,2026-09-14,10 12 16 22 29 | 2
166304,2026-09-14,1 5 6 8 26 | 2
166305,2026-09-14,3 11 19 29 35 | 3
166306,2026-09-14,6 18 20 24 28 | 2
166307,2026-09-14,1 5 20 30 33 | 2
166308,2026-09-14,15 16 21 31 33 | 4
166309,2026-09-14,2 5 23 28 36 | 3
166310,2026-09-14,6 16 23 28 31 | 4
166311,2026-09-14,17 19 25 33 36 | 3
166312,2026-09-14,1 9 15 30 31 | 2
166313,2026-09-14,8 9 17 19 34 | 1
166314,2026-09-14,2 9 11 19 26 | 2
166315,2026-09-14,2 8 13 26 27 | 2
166316,2026-09-14,4 9 15 20 26 | 1
166317,2026-09-14,1 3 5 18 23 | 3
166318,2026-09-14,7 17 23 28 30 | 2
166319,2026-09-14,2 4 10 11 28 | 2
166320,2026-09-14,1 13 18 20 36 | 1
166321,2026-09-14,2 5 15 22 26 | 4
166322,2026-09-14,5 8 9 22 27 | 4
166323,2026-09-14,5 6 13 34 36 | 3
166324,2026-09-14,4 7 14 18 25 | 1
166325,2026-09-14,19 20 21 22 30 | 3
166326,2026-09-14,1 18 21 33 35 | 2
166327,2026-09-14,3 8 17 29 36 | 3
166328,2026-09-14,14 16 19 32 35 | 1
166329,2026-09-14,4 5 7 10 32 | 2
166330,2026-09-14,3 5 10 21 23 | 4
166331,2026-09-14,6 7 24 26 35 | 3
166332,2026-09-14,6 9 10 16 17 | 3
166333,2026-09-14,1 2 13 14 33 | 3
166334,2026-09-14,12 18 24 30 32 | 3
166335,2026-09-14,7 14 18 26 35 | 1
166336,2026-09-14,4 15 16 18 32 | 4
166337,2026-09-14,11 13 14 31 35 | 1
166338,2026-09-14,11 14 20 25 27 | 1
166339,2026-09-14,8 12 26 30 31 | 3
166340,2026-09-14,9 23 28 31 36 | 2
166341,2026-09-14,1 2 16 23 32 | 2
166342,2026-09-14,5 12 16 22 28 | 1
166343,2026-09-14,21 23 29 32 34 | 4
166344,2026-09-14,4 5 14 20 33 | 3
166345,2026-09-14,7 10 12 18 20 | 2
166346,2026-09-14,6 8 24 25 27 | 2
166347,2026-09-14,6 7 13 16 25 | 4
166348,2026-09-14,9 11 18 29 35 | 3
166349,2026-09-14,3 7 25 28 32 | 2
166350,2026-09-14,9 14 25 30 33 | 3
166351,2026-09-14,3 14 29 30 36 | 3
166352,2026-09-14,1 7 16 18 36 | 2
166353,2026-09-14,16 19 26 34 35 | 1
166354,2026-09-14,18 22 26 34 35 | 4
166355,2026-09-14,4 11 12 14 19 | 3
166356,2026-09-14,8 10 16 26 35 | 3
166357,2026-09-15,6 16 18 26 33 | 3
166358,2026-09-15,3 6 20 23 28 | 4
166359,2026-09-15,4 10 14 23 26 | 1
166360,2026-09-15,3 7 17 26 34 | 3
166361,2026-09-15,18 21 22 25 34 | 4
166362,2026-09-15,1 6 20 26 36 | 3
166363,2026-09-15,3 8 17 20 25 | 3
166364,2026-09-15,12 22 24 31 34 | 4
166365,2026-09-15,6 23 25 29 31 | 3
166366,2026-09-15,3 4 11 16 26 | 2
166367,2026-09-15,13 18 19 26 35 | 1
166368,2026-09-15,7 15 16 22 25 | 2
166369,2026-09-15,7 10 14 20 27 | 4
166370,2026-09-15,5 13 24 30 33 | 2
166371,2026-09-15,10 12 25 33 34 | 3
166372,2026-09-15,16 19 24 27 28 | 1
166373,2026-09-15,12 19 24 27 33 | 2
166374,2026-09-15,4 13 15 21 29 | 4
166375,2026-09-15,15 19 21 29 35 | 4
166376,2026-09-15,4 11 16 23 35 | 2
166377,2026-09-15,8 9 19 26 36 | 3
166378,2026-09-15,3 6 28 31 36 | 2
166379,2026-09-15,1 10 15 20 26 | 3
166380,2026-09-15,19 25 26 27 29 | 1
166381,2026-09-15,2 12 15 19 21 | 3
166382,2026-09-15,4 5 8 19 35 | 4
166383,2026-09-15,3 14 15 24 28 | 3
166384,2026-09-15,5 6 8 30 34 | 4
166385,2026-09-15,6 16 32 33 36 | 3
166386,2026-09-15,4 7 11 15 28 | 3
166387,2026-09-15,13 18 21 28 34 | 3
166388,2026-09-15,5 7 10 13 26 | 2
166389,2026-09-15,5 11 19 23 30 | 3
166390,2026-09-15,11 15 17 19 25 | 1
166391,2026-09-15,3 16 18 23 31 | 3
166392,2026-09-15,4 11 22 27 33 | 2
166393,2026-09-15,2 12 21 22 33 | 2
166394,2026-09-15,4 5 14 19 23 | 3
166395,2026-09-15,3 10 22 24 31 | 2
166396,2026-09-15,1 2 11 30 35 | 4
166397,2026-09-15,4 6 12 17 19 | 2
166398,2026-09-15,2 5 23 25 26 | 3
166399,2026-09-15,11 28 29 31 33 | 1
166400,2026-09-15,1 4 19 24 33 | 2
166401,2026-09-15,19 23 26 29 31 | 2
166402,2026-09-15,1 5 11 12 32 | 4
166403,2026-09-15,1 5 12 22 25 | 4
166404,2026-09-15,4 7 25 33 35 | 4
166405,2026-09-15,4 8 16 21 24 | 2
166406,2026-09-15,15 21 27 32 35 | 2
166407,2026-09-15,1 5 8 12 36 | 2
166408,2026-09-15,8 10 19 22 34 | 4
166409,2026-09-15,13 21 23 30 36 | 2
166410,2026-09-15,4 10 21 23 24 | 2
166411,2026-09-15,7 9 10 27 33 | 1
166412,2026-09-15,7 9 27 32 35 | 2
166413,2026-09-15,2 3 6 27 29 | 2
166414,2026-09-15,8 11 25 26 28 | 1
166415,2026-09-15,17 20 26 32 33 | 3
166416,2026-09-16,7 10 11 20 33 | 3
166417,2026-09-16,14 17 20 27 28 | 4
166418,2026-09-16,2 25 29 31 35 | 2
166419,2026-09-16,3 16 23 24 29 | 2
166420,2026-09-16,4 9 12 20 21 | 2
166421,2026-09-16,6 19 20 23 26 | 3
166422,2026-09-16,4 6 21 24 33 | 2
166423,2026-09-16,4 24 29 32 34 | 1
166424,2026-09-16,3 5 9 15 17 | 3
166425,2026-09-16,6 7 12 13 29 | 2
166426,2026-09-16,3 18 21 25 30 | 1
166427,2026-09-16,2 4 5 27 30 | 3
166428,2026-09-16,5 10 22 23 34 | 4
166429,2026-09-16,1 3 6 12 35 | 1
166430,2026-09-16,5 10 16 17 20 | 1
166431,2026-09-16,1 10 18 24 33 | 2
166432,2026-09-16,15 18 27 30 36 | 4
166433,2026-09-16,11 12 18 27 32 | 3
166434,2026-09-16,11 20 24 27 30 | 2
166435,2026-09-16,5 27 28 30 33 | 4
166436,2026-09-16,3 14 30 33 34 | 3
166437,2026-09-16,1 10 11 12 21 | 2
166438,2026-09-16,11 20 24 25 27 | 2
166439,2026-09-16,8 19 23 25 28 | 1
166440,2026-09-16,6 8 12 14 27 | 3
166441,2026-09-16,3 4 12 22 27 | 2
166442,2026-09-16,6 25 27 30 32 | 1
166443,2026-09-16,3 6 10 25 34 | 1
166444,2026-09-16,12 13 14 23 32 | 1
166445,2026-09-16,8 12 20 33 36 | 1
166446,2026-09-16,2 9 20 27 35 | 1
166447,2026-09-16,4 8 15 17 24 | 2
166448,2026-09-16,2 11 12 20 36 | 1
166449,2026-09-16,1 12 21 26 36 | 3
166450,2026-09-16,2 11 13 15 21 | 2
166451,2026-09-16,19 24 25 28 31 | 2
166452,2026-09-16,4 9 18 27 31 | 2
166453,2026-09-16,5 18 19 25 31 | 4
166454,2026-09-16,9 10 18 25 33 | 1
166455,2026-09-16,6 7 20 24 29 | 2
166456,2026-09-16,1 3 20 22 36 | 3
166457,2026-09-16,1 4 29 30 35 | 2
166458,2026-09-16,3 16 17 35 36 | 3
166459,2026-09-16,3 7 10 26 32 | 4
166460,2026-09-16,10 17 22 28 31 | 1
166461,2026-09-16,8 11 16 22 25 | 3
166462,2026-09-16,2 5 18 26 27 | 4
166463,2026-09-16,2 12 14 15 24 | 4
166464,2026-09-16,3 13 15 28 29 | 1
166465,2026-09-16,25 27 29 33 35 | 4
166466,2026-09-16,2 7 23 24 35 | 2
166467,2026-09-16,1 3 10 24 28 | 3
166468,2026-09-16,1 6 10 29 35 | 1
166469,2026-09-16,10 17 25 31 36 | 4
166470,2026-09-16,15 18 19 35 36 | 4
166471,2026-09-16,10 13 18 19 35 | 1
166472,2026-09-16,12 19 27 30 32 | 3
166473,2026-09-16,2 18 20 23 28 | 2
166474,2026-09-16,2 5 24 26 35 | 4
166475,2026-09-17,4 6 14 25 34 | 4
166476,2026-09-17,19 23 24 32 34 | 3
166477,2026-09-17,2 3 22 24 25 | 2
166478,2026-09-17,11 14 20 24 27 | 4
166479,2026-09-17,3 5 12 22 24 | 2
166480,2026-09-17,6 9 15 25 29 | 1
166481,2026-09-17,4 19 26 29 35 | 1
166482,2026-09-17,15 19 24 27 33 | 1
166483,2026-09-17,12 13 16 29 31 | 1
166484,2026-09-17,2 4 7 31 34 | 3
166485,2026-09-17,6 7 12 20 35 | 3
166486,2026-09-17,6 9 10 16 20 | 4
166487,2026-09-17,6 8 20 29 30 | 2
166488,2026-09-17,2 17 23 33 34 | 2
166489,2026-09-17,6 7 10 22 26 | 4
166490,2026-09-17,3 13 21 28 30 | 4
166491,2026-09-17,7 9 21 27 34 | 2
166492,2026-09-17,14 15 17 22 25 | 3
166493,2026-09-17,5 13 20 21 30 | 3
166494,2026-09-17,13 17 21 27 35 | 4
166495,2026-09-17,1 3 8 24 26 | 4
166496,2026-09-17,1 18 23 28 34 | 3
166497,2026-09-17,5 9 27 28 32 | 2
166498,2026-09-17,1 14 33 34 36 | 3
166499,2026-09-17,6 12 15 21 27 | 1
166500,2026-09-17,6 10 16 26 29 | 4
166501,2026-09-17,1 10 18 30 35 | 3
166502,2026-09-17,12 15 18 19 35 | 1
166503,2026-09-17,5 9 15 18 21 | 1
166504,2026-09-17,10 19 20 23 27 | 4
166505,2026-09-17,4 16 25 27 32 | 4
166506,2026-09-17,4 6 11 12 13 | 3
166507,2026-09-17,4 7 13 20 23 | 2
166508,2026-09-17,6 9 11 20 25 | 3
166509,2026-09-17,2 3 5 6 30 | 4
166510,2026-09-17,17 20 23 29 31 | 2
166511,2026-09-17,11 15 17 22 28 | 3
166512,2026-09-17,1 2 9 31 36 | 4
166513,2026-09-17,13 14 16 28 36 | 4
166514,2026-09-17,1 16 25 29 35 | 3
166515,2026-09-17,9 11 12 17 30 | 4
166516,2026-09-17,9 13 28 29 36 | 1
166517,2026-09-17,5 9 11 12 31 | 2
166518,2026-09-17,2 10 14 16 20 | 3
166519,2026-09-17,9 14 17 21 34 | 2
166520,2026-09-17,2 4 6 14 25 | 4
166521,2026-09-17,3 12 13 14 20 | 2
166522,2026-09-17,1 12 15 18 22 | 4
166523,2026-09-17,11 26 29 35 36 | 2
166524,2026-09-17,4 5 8 10 14 | 2
166525,2026-09-17,4 6 12 15 28 | 4
166526,2026-09-17,20 24 26 32 35 | 1
166527,2026-09-17,3 10 30 34 35 | 1
166528,2026-09-17,3 5 14 23 27 | 3
166529,2026-09-17,4 5 27 28 31 | 1
166530,2026-09-17,17 20 21 30 31 | 1
166531,2026-09-17,3 7 9 12 23 | 4
166532,2026-09-17,4 5 14 31 35 | 4
166533,2026-09-17,5 16 19 25 33 | 1
166534,2026-09-18,8 11 20 29 36 | 1
166535,2026-09-18,4 5 6 20 25 | 3
166536,2026-09-18,1 11 12 13 15 | 3
166537,2026-09-18,3 10 20 34 36 | 2
166538,2026-09-18,6 13 14 21 30 | 3
166539,2026-09-18,16 18 23 28 36 | 4
166540,2026-09-18,3 11 16 26 32 | 2
166541,2026-09-18,18 25 26 33 36 | 1
166542,2026-09-18,14 16 31 33 34 | 4
166543,2026-09-18,2 3 4 5 16 | 3
166544,2026-09-18,1 5 18 28 30 | 1
166545,2026-09-18,13 18 26 31 35 | 3
166546,2026-09-18,9 13 22 27 35 | 2
166547,2026-09-18,2 3 4 5 26 | 2
166548,2026-09-18,3 10 14 21 32 | 1
166549,2026-09-18,4 14 17 23 31 | 3
166550,2026-09-18,3 5 27 35 36 | 3
166551,2026-09-18,1 4 8 25 26 | 3
166552,2026-09-18,15 16 20 25 27 | 4
166553,2026-09-18,2 17 20 23 27 | 3
166554,2026-09-18,17 19 26 34 36 | 2
166555,2026-09-18,13 14 23 25 29 | 2
166556,2026-09-18,10 26 27 31 35 | 3
166557,2026-09-18,5 14 18 26 36 | 4
166558,2026-09-18,1 17 20 27 30 | 1
166559,2026-09-18,1 5 10 16 21 | 4
166560,2026-09-18,12 16 17 18 29 | 2
166561,2026-09-18,14 15 18 23 29 | 2
166562,2026-09-18,2 18 21 22 32 | 2
166563,2026-09-18,1 4 17 19 29 | 3
166564,2026-09-18,7 13 14 19 31 | 1
166565,2026-09-18,9 12 20 27 33 | 1
166566,2026-09-18,3 6 7 18 24 | 1
166567,2026-09-18,1 2 12 14 16 | 4
166568,2026-09-18,15 21 22 28 33 | 4
166569,2026-09-18,2 5 10 23 35 | 3
166570,2026-09-18,3 15 16 23 25 | 2
166571,2026-09-18,4 19 27 30 34 | 1
166572,2026-09-18,12 20 21 25 32 | 4
166573,2026-09-18,3 15 22 26 30 | 3
166574,2026-09-18,12 22 23 26 35 | 2
166575,2026-09-18,5 6 12 31 33 | 2
166576,2026-09-18,3 7 19 31 36 | 2
166577,2026-09-18,5 17 25 33 36 | 3
166578,2026-09-18,5 12 32 34 35 | 1
166579,2026-09-18,11 17 21 24 27 | 1
166580,2026-09-18,1 5 26 27 29 | 1
166581,2026-09-18,4 6 7 10 35 | 4
166582,2026-09-18,7 18 25 29 32 | 4
166583,2026-09-18,3 4 29 33 36 | 4
166584,2026-09-18,8 20 21 26 34 | 1
166585,2026-09-18,1 4 14 26 30 | 1
166586,2026-09-18,8 13 19 22 35 | 1
166587,2026-09-18,8 12 13 16 33 | 4
166588,2026-09-18,5 16 27 31 32 | 2
166589,2026-09-18,10 21 23 33 35 | 2
166590,2026-09-18,4 5 17 23 29 | 3
166591,2026-09-18,4 28 30 31 33 | 2
166592,2026-09-18,8 9 21 26 28 | 4
166593,2026-09-19,1 5 8 9 24 | 2
166594,2026-09-19,1 17 25 28 36 | 4
166595,2026-09-19,1 8 14 25 28 | 2
166596,2026-09-19,13 14 22 23 34 | 2
166597,2026-09-19,9 15 32 33 36 | 1
166598,2026-09-19,2 3 4 23 36 | 2
166599,2026-09-19,2 4 7 12 13 | 3
166600,2026-09-19,8 9 13 34 36 | 3
166601,2026-09-19,1 18 19 29 31 | 1
166602,2026-09-19,2 7 16 20 29 | 1
166603,2026-09-19,6 8 16 24 28 | 1
166604,2026-09-19,10 14 17 31 33 | 1
166605,2026-09-19,4 5 11 12 23 | 2
166606,2026-09-19,2 10 16 20 27 | 1
166607,2026-09-19,2 9 10 11 13 | 3
166608,2026-09-19,10 11 16 22 27 | 1
166609,2026-09-19,4 7 11 15 26 | 4
166610,2026-09-19,12 13 23 26 33 | 2
166611,2026-09-19,4 7 18 27 31 | 1
166612,2026-09-19,12 13 29 32 33 | 1
166613,2026-09-19,1 23 31 33 35 | 4
166614,2026-09-19,1 6 12 23 30 | 4
166615,2026-09-19,6 7 13 29 34 | 2
166616,2026-09-19,2 3 25 29 31 | 2
166617,2026-09-19,2 5 6 13 30 | 3
166618,2026-09-19,5 12 13 29 31 | 4
166619,2026-09-19,7 8 14 32 34 | 1
166620,2026-09-19,5 12 13 19 27 | 1
166621,2026-09-19,5 8 18 23 36 | 3
166622,2026-09-19,4 9 24 28 30 | 3
166623,2026-09-19,4 10 13 32 33 | 3
166624,2026-09-19,3 9 15 17 25 | 2
166625,2026-09-19,1 15 17 24 33 | 3
166626,2026-09-19,9 12 27 33 34 | 1
166627,2026-09-19,1 9 11 12 36 | 2
166628,2026-09-19,4 10 11 12 26 | 4
166629,2026-09-19,2 5 14 27 36 | 4
166630,2026-09-19,13 20 27 30 35 | 4
166631,2026-09-19,12 13 18 27 36 | 1
166632,2026-09-19,7 10 14 20 21 | 1
166633,2026-09-19,3 5 9 11 35 | 3
166634,2026-09-19,3 15 23 25 33 | 1
166635,2026-09-19,1 3 19 22 29 | 3
166636,2026-09-19,11 13 20 30 31 | 1
166637,2026-09-19,2 5 10 22 30 | 3
166638,2026-09-19,15 27 28 30 36 | 3
166639,2026-09-19,6 12 14 20 30 | 2
166640,2026-09-19,2 4 21 27 33 | 2
166641,2026-09-19,8 9 15 19 23 | 4
166642,2026-09-19,4 22 29 34 36 | 2
166643,2026-09-19,1 4 9 16 32 | 2
166644,2026-09-19,9 10 21 29 30 | 2
166645,2026-09-19,2 20 21 24 29 | 4
166646,2026-09-19,4 5 7 14 31 | 2
166647,2026-09-19,5 6 15 35 36 | 3
166648,2026-09-19,15 18 19 22 26 | 4
166649,2026-09-19,5 6 22 25 35 | 1
166650,2026-09-20,2 3 13 17 33 | 4
166651,2026-09-20,10 25 30 33 36 | 4
166652,2026-09-20,1 27 28 30 31 | 1
166653,2026-09-20,15 25 26 29 30 | 2
166654,2026-09-20,13 20 27 28 30 | 2
166655,2026-09-20,6 8 18 21 33 | 1
166656,2026-09-20,2 4 6 8 21 | 1
166657,2026-09-20,19 20 21 25 32 | 3
166658,2026-09-20,2 16 28 30 32 | 2
166659,2026-09-20,16 17 22 27 35 | 1
166660,2026-09-20,5 19 24 28 34 | 4
166661,2026-09-20,4 8 28 30 34 | 3
166662,2026-09-20,11 12 23 26 30 | 2
166663,2026-09-20,7 21 22 33 35 | 1
166664,2026-09-20,1 6 13 19 23 | 4
166665,2026-09-20,13 16 30 31 36 | 3
166666,2026-09-20,8 13 17 18 22 | 4
166667,2026-09-20,6 7 9 21 28 | 2
166668,2026-09-20,9 30 31 34 35 | 2
166669,2026-09-20,6 12 22 25 28 | 3
166670,2026-09-20,4 6 9 26 33 | 3
166671,2026-09-20,11 20 22 24 28 | 3
166672,2026-09-20,3 8 16 23 26 | 2
166673,2026-09-20,2 11 23 26 32 | 1
166674,2026-09-20,7 10 12 25 34 | 3
166675,2026-09-20,15 20 21 24 29 | 3
166676,2026-09-20,11 12 20 23 35 | 2
166677,2026-09-20,6 15 18 33 35 | 1
166678,2026-09-20,11 15 20 28 35 | 3
166679,2026-09-20,9 14 17 18 30 | 2
166680,2026-09-20,1 2 19 23 31 | 1
166681,2026-09-20,8 21 29 33 36 | 3
166682,2026-09-20,9 11 26 32 34 | 4
166683,2026-09-20,5 10 15 25 35 | 3
166684,2026-09-20,7 14 25 29 33 | 4
166685,2026-09-20,2 9 27 33 34 | 2
166686,2026-09-20,14 19 32 34 35 | 1
166687,2026-09-20,2 10 21 23 26 | 4
166688,2026-09-20,12 15 19 24 31 | 4
166689,2026-09-20,6 14 15 18 36 | 4
166690,2026-09-20,13 14 17 29 31 | 4
166691,2026-09-20,12 20 29 34 36 | 2
166692,2026-09-20,3 7 26 27 34 | 2
166693,2026-09-20,5 6 17 26 31 | 1
166694,2026-09-20,3 5 11 18 20 | 4
166695,2026-09-20,4 6 24 31 33 | 1
166696,2026-09-20,4 9 19 23 25 | 3
166697,2026-09-20,3 10 22 24 29 | 1
166698,2026-09-20,2 20 24 25 36 | 4
166699,2026-09-20,7 10 20 26 30 | 2
166700,2026-09-20,6 16 18 25 34 | 4
166701,2026-09-20,6 7 23 26 28 | 1
166702,2026-09-20,12 19 26 27 28 | 2
166703,2026-09-20,3 4 8 12 21 | 4
166704,2026-09-20,9 11 15 18 20 | 4
166705,2026-09-20,5 6 7 25 27 | 1
166706,2026-09-20,11 12 17 32 34 | 4
166707,2026-09-20,4 6 29 31 33 | 1
166708,2026-09-20,3 7 18 20 29 | 4
166709,2026-09-21,2 3 22 32 34 | 1
166710,2026-09-21,1 11 13 14 18 | 2
166711,2026-09-21,4 21 30 34 35 | 3
166712,2026-09-21,6 8 9 15 19 | 2
166713,2026-09-21,4 6 13 27 30 | 4
166714,2026-09-21,9 13 25 30 35 | 2
166715,2026-09-21,8 14 18 31 35 | 3
166716,2026-09-21,13 22 24 25 32 | 1
166717,2026-09-21,5 7 12 27 29 | 1
166718,2026-09-21,5 12 14 29 31 | 1
166719,2026-09-21,6 16 18 21 34 | 1
166720,2026-09-21,10 11 16 24 32 | 3
166721,2026-09-21,2 10 15 27 33 | 4
166722,2026-09-21,12 25 28 30 35 | 1
166723,2026-09-21,12 22 25 33 35 | 1
166724,2026-09-21,7 10 13 25 36 | 3
166725,2026-09-21,9 20 28 33 36 | 1
166726,2026-09-21,6 8 19 28 29 | 3
166727,2026-09-21,1 6 14 18 25 | 3
166728,2026-09-21,2 6 12 27 34 | 3
166729,2026-09-21,6 22 25 26 33 | 1
166730,2026-09-21,19 27 29 33 34 | 2
166731,2026-09-21,7 12 18 34 35 | 4
166732,2026-09-21,10 16 18 24 26 | 2
166733,2026-09-21,1 3 26 34 36 | 3
166734,2026-09-21,2 3 4 18 27 | 4
166735,2026-09-21,16 19 20 31 33 | 3
166736,2026-09-21,11 12 15 27 28 | 1
166737,2026-09-21,6 20 21 23 36 | 3
166738,2026-09-21,1 11 14 29 31 | 1
166739,2026-09-21,4 8 17 21 25 | 2
166740,2026-09-21,11 20 24 32 36 | 2
166741,2026-09-21,6 13 19 22 25 | 2
166742,2026-09-21,1 2 11 31 34 | 4
166743,2026-09-21,5 8 17 27 33 | 1
166744,2026-09-21,5 8 23 30 35 | 1
166745,2026-09-21,17 20 21 23 31 | 4
166746,2026-09-21,1 7 10 17 35 | 2
166747,2026-09-21,5 22 28 34 35 | 2
166748,2026-09-21,4 12 17 19 30 | 3
166749,2026-09-21,4 7 19 25 33 | 3
166750,2026-09-21,10 21 22 27 31 | 2
166751,2026-09-21,14 17 19 27 34 | 1
166752,2026-09-21,3 8 19 23 31 | 2
166753,2026-09-21,1 9 10 26 36 | 1
166754,2026-09-21,15 16 21 26 29 | 2
166755,2026-09-21,3 24 25 26 31 | 2
166756,2026-09-21,9 11 16 20 29 | 4
166757,2026-09-21,4 6 8 23 30 | 4
166758,2026-09-21,16 17 22 27 33 | 1
166759,2026-09-21,8 9 11 15 16 | 3
166760,2026-09-21,4 20 22 23 25 | 4
166761,2026-09-21,1 9 23 25 28 | 4
166762,2026-09-21,13 14 20 27 34 | 1
166763,2026-09-21,6 12 16 21 29 | 2
166764,2026-09-21,1 11 12 15 17 | 1
166765,2026-09-21,4 19 23 27 34 | 3
166766,2026-09-21,21 22 32 33 35 | 1
166767,2026-09-21,5 7 13 16 30 | 4
166768,2026-09-22,1 6 27 32 35 | 1
166769,2026-09-22,8 21 23 34 36 | 3
166770,2026-09-22,3 9 12 34 35 | 4
166771,2026-09-22,6 17 22 31 33 | 4
166772,2026-09-22,10 18 20 21 24 | 3
166773,2026-09-22,21 26 31 32 34 | 2
166774,2026-09-22,6 7 27 32 36 | 3
166775,2026-09-22,3 4 12 13 14 | 1
166776,2026-09-22,1 15 28 31 36 | 1
166777,2026-09-22,8 19 21 31 33 | 1
166778,2026-09-22,9 10 11 29 31 | 3
166779,2026-09-22,2 14 20 29 33 | 3
166780,2026-09-22,4 8 9 12 23 | 2
166781,2026-09-22,1 7 9 20 31 | 1
166782,2026-09-22,3 26 28 33 34 | 4
166783,2026-09-22,1 5 8 24 33 | 1
166784,2026-09-22,6 15 23 28 29 | 1
166785,2026-09-22,5 9 14 15 26 | 1
166786,2026-09-22,1 16 29 30 31 | 3
166787,2026-09-22,4 6 17 20 26 | 4
166788,2026-09-22,11 13 15 20 31 | 3
166789,2026-09-22,1 6 19 29 35 | 4
166790,2026-09-22,4 6 7 14 26 | 1
166791,2026-09-22,4 11 22 30 34 | 4
166792,2026-09-22,3 12 16 23 34 | 1
166793,2026-09-22,3 7 22 26 31 | 4
166794,2026-09-22,6 8 9 31 34 | 4
166795,2026-09-22,6 7 11 13 16 | 4
166796,2026-09-22,10 15 17 19 22 | 4
166797,2026-09-22,2 5 7 20 33 | 2
166798,2026-09-22,9 15 20 28 33 | 3
166799,2026-09-22,21 22 24 26 27 | 4
166800,2026-09-22,8 10 24 30 32 | 1
166801,2026-09-22,2 4 24 28 32 | 1
166802,2026-09-22,8 18 22 26 30 | 1
166803,2026-09-22,1 5 8 17 28 | 1
166804,2026-09-22,2 8 15 26 34 | 1
166805,2026-09-22,1 9 15 25 35 | 4
166806,2026-09-22,6 21 26 28 33 | 4
166807,2026-09-22,9 11 16 17 30 | 4
166808,2026-09-22,13 14 15 17 25 | 2
166809,2026-09-22,5 17 18 25 29 | 3
166810,2026-09-22,12 15 17 22 23 | 2
166811,2026-09-22,7 10 11 19 33 | 2
166812,2026-09-22,9 16 22 23 29 | 3
166813,2026-09-22,4 7 14 18 25 | 4
166814,2026-09-22,7 21 24 26 27 | 3
166815,2026-09-22,5 6 23 33 36 | 1
166816,2026-09-22,13 16 18 26 33 | 2
166817,2026-09-22,15 24 26 28 33 | 1
166818,2026-09-22,10 18 21 23 29 | 1
166819,2026-09-22,4 16 19 26 35 | 3
166820,2026-09-22,1 6 8 17 20 | 3
166821,2026-09-22,10 20 21 22 23 | 3
166822,2026-09-22,6 12 28 32 35 | 1
166823,2026-09-22,8 14 25 29 32 | 3
166824,2026-09-22,7 9 11 13 18 | 2
166825,2026-09-22,14 20 21 23 26 | 2
166826,2026-09-22,9 10 22 31 33 | 3
166827,2026-09-23,6 10 19 23 35 | 2
166828,2026-09-23,5 21 25 26 28 | 3
166829,2026-09-23,8 23 28 31 35 | 1
166830,2026-09-23,8 9 12 20 34 | 1
166831,2026-09-23,21 25 26 33 35 | 3
166832,2026-09-23,2 6 14 15 18 | 3
166833,2026-09-23,2 9 15 19 36 | 4
166834,2026-09-23,5 19 30 32 35 | 4
166835,2026-09-23,1 3 20 21 35 | 4
166836,2026-09-23,8 11 12 18 21 | 2
166837,2026-09-23,1 16 18 19 36 | 1
166838,2026-09-23,2 8 11 17 30 | 2
166839,2026-09-23,2 6 7 11 22 | 2
166840,2026-09-23,4 18 25 32 33 | 2
166841,2026-09-23,4 10 18 26 30 | 1
166842,2026-09-23,4 10 18 26 29 | 3
166843,2026-09-23,7 9 24 26 32 | 1
166844,2026-09-23,12 17 21 26 29 | 2
166845,2026-09-23,4 10 15 19 23 | 4
166846,2026-09-23,7 12 24 25 32 | 1
166847,2026-09-23,7 15 20 25 31 | 3
166848,2026-09-23,1 6 17 31 34 | 2
166849,2026-09-23,6 14 15 20 21 | 4
166850,2026-09-23,2 5 9 16 24 | 3
166851,2026-09-23,8 15 17 26 31 | 4
166852,2026-09-23,4 13 17 22 23 | 2
166853,2026-09-23,2 3 10 12 36 | 2
166854,2026-09-23,1 9 17 26 28 | 2
166855,2026-09-23,4 6 27 30 36 | 3
166856,2026-09-23,6 18 20 23 28 | 1
166857,2026-09-23,7 8 19 24 25 | 1
166858,2026-09-23,6 7 9 12 14 | 4
166859,2026-09-23,5 9 12 15 28 | 1
166860,2026-09-23,3 6 10 16 18 | 3
166861,2026-09-23,2 7 8 22 28 | 4
166862,2026-09-23,4 11 27 29 35 | 2
166863,2026-09-23,10 12 22 23 32 | 2
166864,2026-09-23,3 4 9 33 34 | 3
166865,2026-09-23,4 5 6 9 15 | 2
166866,2026-09-23,1 4 7 30 32 | 2
166867,2026-09-23,4 13 15 17 33 | 4
166868,2026-09-23,2 5 7 21 28 | 4
166869,2026-09-23,7 9 24 32 34 | 4
166870,2026-09-23,5 7 9 19 21 | 2
166871,2026-09-23,23 26 29 32 36 | 1
166872,2026-09-23,4 5 14 16 35 | 1
166873,2026-09-23,4 6 9 20 26 | 2
166874,2026-09-23,6 12 25 29 30 | 1
166875,2026-09-23,3 5 6 13 17 | 4
166876,2026-09-23,5 6 11 18 24 | 1
166877,2026-09-23,2 8 12 29 31 | 3
166878,2026-09-23,11 12 18 25 27 | 4
166879,2026-09-23,3 9 15 18 35 | 3
166880,2026-09-23,5 6 14 24 25 | 4
166881,2026-09-23,19 22 23 30 35 | 3
166882,2026-09-23,3 10 15 18 25 | 2
166883,2026-09-23,20 25 26 30 36 | 3
166884,2026-09-23,5 10 15 20 29 | 4
166885,2026-09-23,11 13 20 35 36 | 4
166886,2026-09-24,7 14 16 22 26 | 1
166887,2026-09-24,4 9 19 21 33 | 4
166888,2026-09-24,6 10 11 25 26 | 2
166889,2026-09-24,2 8 22 29 32 | 4
166890,2026-09-24,1 14 16 20 24 | 3
166891,2026-09-24,2 10 26 29 34 | 1
166892,2026-09-24,1 5 7 18 31 | 3
166893,2026-09-24,5 6 18 21 24 | 4
166894,2026-09-24,4 14 16 23 29 | 2
166895,2026-09-24,4 8 12 29 33 | 3
166896,2026-09-24,2 7 8 14 22 | 2
166897,2026-09-24,2 11 15 18 24 | 4
166898,2026-09-24,5 9 15 19 36 | 4
166899,2026-09-24,1 2 17 21 23 | 1
166900,2026-09-24,2 10 14 24 33 | 1
166901,2026-09-24,2 23 27 33 34 | 3
166902,2026-09-24,1 5 9 19 30 | 1
166903,2026-09-24,9 10 16 17 21 | 1
166904,2026-09-24,8 10 24 28 29 | 2
166905,2026-09-24,2 9 17 23 24 | 1
166906,2026-09-24,8 13 19 29 35 | 3
166907,2026-09-24,6 8 10 25 31 | 1
166908,2026-09-24,1 7 13 27 36 | 4
166909,2026-09-24,8 10 25 26 31 | 4
166910,2026-09-24,13 15 18 27 35 | 1
166911,2026-09-24,3 15 26 28 36 | 1
166912,2026-09-24,7 12 20 23 33 | 4
166913,2026-09-24,5 15 26 28 36 | 3
166914,2026-09-24,5 11 12 19 27 | 4
166915,2026-09-24,8 18 19 26 30 | 1
166916,2026-09-24,3 8 22 25 28 | 4
166917,2026-09-24,9 21 25 26 27 | 3
166918,2026-09-24,10 11 21 33 36 | 1
166919,2026-09-24,4 12 14 26 32 | 1
166920,2026-09-24,11 15 24 29 31 | 4
166921,2026-09-24,10 16 18 28 30 | 4
166922,2026-09-24,9 11 14 26 32 | 2
166923,2026-09-24,1 2 9 15 16 | 1
166924,2026-09-24,7 8 13 18 19 | 2
166925,2026-09-24,4 13 22 24 26 | 3
166926,2026-09-24,4 10 29 32 35 | 1
166927,2026-09-24,22 24 25 31 32 | 4
166928,2026-09-24,6 10 15 24 30 | 1
166929,2026-09-24,7 15 22 23 27 | 1
166930,2026-09-24,2 7 9 19 34 | 2
166931,2026-09-24,3 27 29 30 35 | 1
166932,2026-09-24,5 7 18 23 27 | 3
166933,2026-09-24,1 8 10 29 31 | 1
166934,2026-09-24,11 12 18 20 36 | 3
166935,2026-09-24,2 11 26 28 35 | 3
166936,2026-09-24,6 14 17 27 32 | 1
166937,2026-09-24,3 6 24 27 31 | 4
166938,2026-09-24,10 11 18 21 28 | 3
166939,2026-09-24,2 6 10 14 36 | 2
166940,2026-09-24,3 4 15 16 23 | 2
166941,2026-09-24,9 16 31 32 35 | 1
166942,2026-09-24,3 14 16 23 33 | 4
166943,2026-09-24,9 12 20 23 36 | 3
166944,2026-09-24,21 29 30 31 33 | 4
166945,2026-09-25,14 16 20 25 35 | 3
166946,2026-09-25,10 14 15 16 26 | 3
166947,2026-09-25,6 11 14 15 17 | 2
166948,2026-09-25,7 10 11 16 36 | 1
166949,2026-09-25,7 14 20 26 28 | 4
166950,2026-09-25,1 13 21 24 30 | 4
166951,2026-09-25,6 12 23 30 31 | 4
166952,2026-09-25,6 12 22 33 36 | 4
166953,2026-09-25,3 5 19 34 36 | 2
166954,2026-09-25,17 24 25 30 31 | 4
166955,2026-09-25,13 16 21 24 26 | 4
166956,2026-09-25,20 24 25 28 32 | 1
166957,2026-09-25,9 12 25 27 29 | 2
166958,2026-09-25,4 10 13 20 35 | 4
166959,2026-09-25,1 5 15 21 30 | 3
166960,2026-09-25,1 2 27 28 35 | 4
166961,2026-09-25,4 6 8 26 27 | 3
166962,2026-09-25,20 29 33 34 36 | 4
166963,2026-09-25,8 11 18 21 34 | 4
166964,2026-09-25,12 15 18 24 32 | 4
166965,2026-09-25,7 8 13 27 36 | 2
166966,2026-09-25,3 4 23 29 35 | 2
166967,2026-09-25,8 10 15 20 32 | 1
166968,2026-09-25,1 9 18 25 32 | 3
166969,2026-09-25,10 18 20 26 31 | 2
166970,2026-09-25,1 8 20 31 33 | 3
166971,2026-09-25,4 5 17 18 34 | 1
166972,2026-09-25,5 15 17 21 34 | 3
166973,2026-09-25,7 26 28 32 35 | 4
166974,2026-09-25,1 3 15 16 25 | 3
166975,2026-09-25,15 20 25 31 36 | 3
166976,2026-09-25,7 22 26 27 30 | 1
166977,2026-09-25,1 12 23 30 36 | 2
166978,2026-09-25,6 7 22 28 34 | 2
166979,2026-09-25,1 22 31 33 34 | 3
166980,2026-09-25,11 15 20 32 35 | 3
166981,2026-09-25,16 19 22 27 36 | 3
166982,2026-09-25,1 8 11 16 28 | 2
166983,2026-09-25,16 18 20 29 33 | 1
166984,2026-09-25,8 13 15 16 23 | 1
166985,2026-09-25,5 8 14 25 28 | 3
166986,2026-09-25,14 27 34 35 36 | 1
166987,2026-09-25,15 18 27 35 36 | 4
166988,2026-09-25,13 20 21 26 28 | 3
166989,2026-09-25,4 8 10 15 19 | 1
166990,2026-09-25,5 6 20 32 36 | 4
166991,2026-09-25,2 8 18 24 36 | 3
166992,2026-09-25,1 3 17 21 34 | 3
166993,2026-09-25,17 18 26 27 28 | 2
166994,2026-09-25,1 6 26 30 31 | 2
166995,2026-09-25,5 19 21 23 30 | 1
166996,2026-09-25,7 11 15 20 24 | 1
166997,2026-09-25,5 11 19 22 33 | 1
166998,2026-09-25,3 15 16 26 28 | 2
166999,2026-09-25,14 25 32 34 35 | 1
167000,2026-09-25,19 25 26 27 29 | 2
167001,2026-09-25,6 10 11 13 34 | 2
167002,2026-09-25,6 9 13 18 25 | 4
167003,2026-09-25,3 6 13 30 34 | 3
167004,2026-09-26,2 9 13 22 33 | 1
167005,2026-09-26,15 19 26 29 36 | 4
167006,2026-09-26,3 15 30 31 34 | 3
167007,2026-09-26,12 16 23 26 36 | 3
167008,2026-09-26,3 5 12 15 29 | 2
167009,2026-09-26,10 12 15 30 35 | 1
167010,2026-09-26,4 7 18 24 27 | 1
167011,2026-09-26,12 20 26 30 34 | 3
167012,2026-09-26,2 4 5 14 19 | 2
167013,2026-09-26,17 26 29 35 36 | 1
167014,2026-09-26,19 21 29 30 32 | 1
167015,2026-09-26,3 9 20 25 29 | 4
167016,2026-09-26,2 6 10 22 24 | 3
167017,2026-09-26,18 25 29 32 34 | 1
167018,2026-09-26,4 8 12 22 34 | 4
167019,2026-09-26,10 15 25 33 34 | 3
167020,2026-09-26,10 15 27 28 36 | 1
167021,2026-09-26,11 12 14 28 29 | 2
167022,2026-09-26,8 16 23 26 27 | 2
167023,2026-09-26,15 19 23 31 36 | 1
167024,2026-09-26,8 18 20 29 35 | 3
167025,2026-09-26,6 8 9 17 23 | 2
167026,2026-09-26,12 16 28 32 34 | 2
167027,2026-09-26,12 13 18 24 30 | 2
167028,2026-09-26,4 6 10 14 18 | 3
167029,2026-09-26,12 20 21 25 34 | 3
167030,2026-09-26,3 9 23 26 35 | 3
167031,2026-09-26,2 10 15 22 28 | 3
167032,2026-09-26,12 23 26 28 34 | 1
167033,2026-09-26,9 12 14 15 29 | 1
167034,2026-09-26,12 20 23 25 32 | 4
167035,2026-09-26,2 6 28 29 31 | 4
167036,2026-09-26,4 9 19 24 28 | 3
167037,2026-09-26,7 12 15 16 29 | 3
167038,2026-09-26,6 7 12 15 23 | 2
167039,2026-09-26,3 4 21 30 31 | 2
167040,2026-09-26,19 20 23 24 29 | 3
