draw,date,numbers
1,2022-04-12,2 17 24 25 34 | 4 6
2,2022-04-13,7 13 26 27 30 | 2 6
3,2022-04-13,11 28 32 35 47 | 5 6
4,2022-04-14,6 16 23 34 49 | 7 10
5,2022-04-14,1 6 38 39 44 | 3 6
6,2022-04-15,9 17 32 44 47 | 2 6
7,2022-04-15,5 10 18 21 22 | 1 3
8,2022-04-16,1 21 29 34 50 | 4 8
9,2022-04-16,23 33 37 38 49 | 4 7
10,2022-04-17,14 19 20 27 35 | 4 7
11,2022-04-17,1 7 9 32 42 | 2 8
12,2022-04-18,21 23 24 41 46 | 2 7
13,2022-04-18,2 31 45 48 50 | 1 5
14,2022-04-19,2 4 16 36 49 | 1 2
15,2022-04-19,9 11 18 27 48 | 1 4
16,2022-04-20,8 10 20 36 43 | 1 8
17,2022-04-20,3 14 29 34 36 | 1 4
18,2022-04-21,5 19 20 24 28 | 9 10
19,2022-04-21,10 14 21 22 27 | 2 6
20,2022-04-22,11 22 29 35 37 | 3 10
21,2022-04-22,9 19 25 34 42 | 2 7
22,2022-04-23,4 8 11 29 38 | 1 5
23,2022-04-23,4 32 38 41 44 | 6 8
24,2022-04-24,13 17 18 23 41 | 7 10
25,2022-04-24,8 13 18 35 46 | 7 10
26,2022-04-25,5 17 23 37 38 | 1 8
27,2022-04-25,5 11 15 22 32 | 5 8
28,2022-04-26,22 27 37 44 47 | 6 7
29,2022-04-26,7 20 30 33 48 | 7 9
30,2022-04-27,2 25 27 37 47 | 5 7
31,2022-04-27,6 17 22 36 37 | 2 5
32,2022-04-28,10 22 27 32 37 | 1 2
33,2022-04-28,9 23 30 37 39 | 8 9
34,2022-04-29,32 40 42 47 50 | 1 2
35,2022-04-29,9 20 32 38 41 | 5 7
36,2022-04-30,11 20 36 42 43 | 1 5
37,2022-04-30,16 17 34 40 45 | 1 5
38,2022-05-01,10 13 20 21 26 | 4 8
39,2022-05-01,13 33 39 40 46 | 3 7
40,2022-05-02,9 17 18 25 33 | 7 8
41,2022-05-02,20 21 39 41 48 | 5 10
42,2022-05-03,15 18 26 30 31 | 3 7
43,2022-05-03,18 25 30 31 34 | 1 2
44,2022-05-04,15 16 34 37 47 | 5 6
45,2022-05-04,5 9 30 37 42 | 6 9
46,2022-05-05,6 8 10 21 23 | 5 8
47,2022-05-05,6 11 30 35 37 | 4 9
48,2022-05-06,14 15 23 35 43 | 3 4
49,2022-05-06,5 18 29 41 45 | 3 7
50,2022-05-07,12 15 17 38 49 | 4 8
51,2022-05-07,8 12 18 29 48 | 6 10
52,2022-05-08,20 26 32 34 38 | 3 9
53,2022-05-08,24 43 44 46 47 | 8 10
54,2022-05-09,3 10 24 27 38 | 4 8
55,2022-05-09,23 26 34 37 42 | 1 5
56,2022-05-10,8 9 13 16 50 | 1 8
57,2022-05-10,12 27 35 44 45 | 2 4
58,2022-05-11,1 12 16 17 30 | 3 10
59,2022-05-11,17 20 21 36 39 | 5 10
60,2022-05-12,14 15 28 31 43 | 6 7
61,2022-05-12,8 14 34 38 39 | 3 5
62,2022-05-13,9 28 31 42 43 | 7 9
63,2022-05-13,10 20 27 34 50 | 2 7
64,2022-05-14,3 10 18 27 47 | 6 9
65,2022-05-14,2 14 18 34 37 | 3 10
66,2022-05-15,16 19 32 38 48 | 6 8
67,2022-05-15,19 21 28 30 39 | 1 3
68,2022-05-16,9 14 23 35 36 | 1 7
69,2022-05-16,2 15 23 37 42 | 3 4
70,2022-05-17,2 10 17 20 46 | 9 10
71,2022-05-17,5 11 22 37 45 | 4 6
72,2022-05-18,2 8 11 32 49 | 4 9
73,2022-05-18,11 17 23 31 32 | 4 5
74,2022-05-19,6 19 27 30 37 | 9 10
75,2022-05-19,1 18 29 47 49 | 4 10
76,2022-05-20,13 18 21 47 48 | 3 5
77,2022-05-20,14 16 24 43 49 | 8 9
78,2022-05-21,2 5 13 41 49 | 8 10
79,2022-05-21,9 14 21 29 34 | 5 10
80,2022-05-22,2 6 8 44 50 | 4 6
81,2022-05-22,6 24 25 27 35 | 5 6
82,2022-05-23,6 12 13 18 42 | 1 4
83,2022-05-23,3 9 37 42 49 | 3 5
84,2022-05-24,9 15 22 44 45 | 4 6
85,2022-05-24,10 21 25 31 45 | 3 10
86,2022-05-25,6 16 28 32 45 | 3 9
87,2022-05-25,2 5 14 15 27 | 1 5
88,2022-05-26,4 24 33 41 44 | 5 7
89,2022-05-26,3 11 24 27 28 | 6 9
90,2022-05-27,17 23 27 30 38 | 4 8
91,2022-05-27,8 16 32 33 41 | 5 8
92,2022-05-28,2 5 24 35 48 | 5 6
93,2022-05-28,2 26 29 34 43 | 2 6
94,2022-05-29,2 3 7 12 17 | 2 10
95,2022-05-29,13 14 18 37 43 | 4 5
96,2022-05-30,8 25 37 42 47 | 1 5
97,2022-05-30,5 13 17 29 40 | 2 7
98,2022-05-31,5 7 16 43 48 | 5 7
99,2022-05-31,16 23 26 37 49 | 5 9
100,2022-06-01,12 22 28 36 46 | 3 10
101,2022-06-01,1 5 8 9 16 | 3 9
102,2022-06-02,3 8 10 17 22 | 1 10
103,2022-06-02,15 20 27 35 48 | 7 10
104,2022-06-03,2 10 34 35 40 | 5 10
105,2022-06-03,7 11 20 25 37 | 6 10
106,2022-06-04,10 12 13 19 33 | 6 9
107,2022-06-04,17 19 22 28 41 | 7 8
108,2022-06-05,1 2 37 39 42 | 5 6
109,2022-06-05,2 14 31 34 50 | 4 6
110,2022-06-06,2 3 5 15 41 | 1 5
111,2022-06-06,23 25 29 30 47 | 4 6
112,2022-06-07,24 26 29 38 44 | 4 6
113,2022-06-07,14 15 28 33 50 | 3 8
114,2022-06-08,28 32 36 42 48 | 7 9
115,2022-06-08,2 4 10 19 36 | 6 8
116,2022-06-09,14 21 23 34 37 | 1 6
117,2022-06-09,12 17 43 46 47 | 9 10
118,2022-06-10,3 21 23 25 32 | 4 6
119,2022-06-10,10 27 41 44 48 | 4 8
120,2022-06-11,7 9 31 40 44 | 6 7
121,2022-06-11,5 9 19 34 43 | 4 9
122,2022-06-12,6 19 34 43 44 | 1 10
123,2022-06-12,26 28 31 39 48 | 7 8
124,2022-06-13,4 24 30 35 46 | 4 5
125,2022-06-13,19 27 30 34 44 | 2 4
126,2022-06-14,12 22 29 39 50 | 4 9
127,2022-06-14,3 9 23 26 46 | 1 8
128,2022-06-15,13 19 27 38 43 | 2 8
129,2022-06-15,3 18 35 41 49 | 3 10
130,2022-06-16,2 16 22 30 41 | 2 9
131,2022-06-16,3 17 21 30 32 | 7 8
132,2022-06-17,9 17 18 20 43 | 1 10
133,2022-06-17,8 9 29 30 47 | 1 10
134,2022-06-18,7 12 16 17 28 | 1 10
135,2022-06-18,12 15 37 41 42 | 3 5
136,2022-06-19,1 3 16 26 37 | 4 9
137,2022-06-19,8 14 38 40 42 | 2 6
138,2022-06-20,4 9 17 22 33 | 1 2
139,2022-06-20,25 36 39 46 48 | 7 9
140,2022-06-21,2 6 10 29 34 | 7 10
141,2022-06-21,9 15 22 40 49 | 9 10
142,2022-06-22,16 34 36 45 48 | 6 8
143,2022-06-22,8 18 23 38 43 | 3 5
144,2022-06-23,26 28 36 37 42 | 2 6
145,2022-06-23,9 17 33 35 43 | 1 7
146,2022-06-24,2 22 45 47 50 | 1 8
147,2022-06-24,5 12 14 29 42 | 4 6
148,2022-06-25,20 25 27 43 49 | 1 5
149,2022-06-25,13 19 23 39 40 | 3 8
150,2022-06-26,11 23 24 27 34 | 3 10
151,2022-06-26,4 28 30 36 42 | 1 3
152,2022-06-27,7 20 36 43 50 | 2 4
153,2022-06-27,12 20 23 34 50 | 2 5
154,2022-06-28,12 20 24 33 48 | 5 9
155,2022-06-28,5 10 36 44 47 | 6 8
156,2022-06-29,3 14 15 17 25 | 3 8
157,2022-06-29,3 7 8 10 43 | 3 5
158,2022-06-30,2 7 16 19 36 | 6 9
159,2022-06-30,2 15 37 45 49 | 1 4
160,2022-07-01,27 30 32 39 50 | 3 6
161,2022-07-01,7 21 29 47 50 | 1 9
162,2022-07-02,7 14 35 39 42 | 2 4
163,2022-07-02,10 13 14 27 34 | 5 6
164,2022-07-03,9 19 33 34 47 | 7 8
165,2022-07-03,3 11 24 36 43 | 7 10
166,2022-07-04,1 4 34 39 45 | 1 8
167,2022-07-04,21 30 34 42 47 | 2 8
168,2022-07-05,15 17 25 36 48 | 4 6
169,2022-07-05,14 23 27 37 45 | 3 8
170,2022-07-06,6 25 37 39 47 | 2 3
171,2022-07-06,2 5 10 30 34 | 4 10
172,2022-07-07,1 6 19 20 49 | 1 2
173,2022-07-07,1 2 13 18 30 | 2 10
174,2022-07-08,4 16 32 46 49 | 8 9
175,2022-07-08,23 30 36 39 42 | 6 9
176,2022-07-09,16 28 29 30 50 | 6 10
177,2022-07-09,10 32 35 36 44 | 1 9
178,2022-07-10,9 14 16 22 32 | 6 7
179,2022-07-10,7 9 15 22 39 | 4 10
180,2022-07-11,7 12 37 42 49 | 3 6
181,2022-07-11,5 31 32 44 48 | 1 8
182,2022-07-12,2 31 35 41 43 | 1 8
183,2022-07-12,9 12 20 48 50 | 7 8
184,2022-07-13,1 2 18 22 28 | 1 5
185,2022-07-13,2 17 30 38 42 | 2 4
186,2022-07-14,16 17 21 38 43 | 2 3
187,2022-07-14,14 29 37 46 50 | 3 8
188,2022-07-15,3 5 22 35 38 | 3 4
189,2022-07-15,1 37 39 42 47 | 1 4
190,2022-07-16,4 7 35 36 38 | 2 9
191,2022-07-16,21 29 36 40 44 | 3 9
192,2022-07-17,7 18 22 43 45 | 5 6
193,2022-07-17,1 12 17 33 50 | 5 8
194,2022-07-18,6 7 20 21 23 | 8 10
195,2022-07-18,8 10 22 25 34 | 7 9
196,2022-07-19,7 16 18 27 47 | 3 8
197,2022-07-19,3 18 29 32 50 | 4 8
198,2022-07-20,10 21 27 44 48 | 9 10
199,2022-07-20,3 21 25 36 40 | 2 7
200,2022-07-21,3 20 28 35 47 | 6 10
201,2022-07-21,9 11 12 17 22 | 3 5
202,2022-07-22,5 9 30 33 45 | 7 8
203,2022-07-22,20 22 24 29 47 | 3 7
204,2022-07-23,18 23 39 45 46 | 4 9
205,2022-07-23,13 31 43 47 50 | 2 3
206,2022-07-24,7 17 25 34 39 | 1 10
207,2022-07-24,3 5 17 26 35 | 1 7
208,2022-07-25,17 18 30 49 50 | 6 8
209,2022-07-25,15 16 19 25 31 | 6 9
210,2022-07-26,20 21 29 35 37 | 3 5
211,2022-07-26,9 34 37 43 49 | 4 8
212,2022-07-27,6 7 23 44 47 | 3 10
213,2022-07-27,11 23 25 34 47 | 1 3
214,2022-07-28,3 6 11 18 46 | 2 8
215,2022-07-28,2 5 35 43 47 | 1 6
216,2022-07-29,4 6 7 19 26 | 4 5
217,2022-07-29,4 10 24 29 34 | 2 8
218,2022-07-30,1 17 24 43 47 | 2 3
219,2022-07-30,2 10 18 42 48 | 1 7
220,2022-07-31,8 11 18 25 32 | 3 6
221,2022-07-31,7 23 25 43 47 | 2 8
222,2022-08-01,5 13 16 26 29 | 8 9
223,2022-08-01,3 10 27 30 50 | 2 8
224,2022-08-02,13 24 35 42 44 | 2 6
225,2022-08-02,14 22 23 44 50 | 2 5
226,2022-08-03,6 17 28 34 47 | 1 4
227,2022-08-03,4 7 21 33 36 | 7 8
228,2022-08-04,21 28 34 37 44 | 2 4
229,2022-08-04,2 18 22 25 50 | 2 8
230,2022-08-05,14 25 33 47 48 | 2 10
231,2022-08-05,3 5 13 29 45 | 1 4
232,2022-08-06,1 13 17 19 41 | 6 8
233,2022-08-06,7 15 26 29 46 | 4 9
234,2022-08-07,26 32 40 41 47 | 2 8
235,2022-08-07,1 6 11 44 49 | 3 9
236,2022-08-08,6 16 18 21 39 | 1 7
237,2022-08-08,2 14 25 26 32 | 2 9
238,2022-08-09,19 26 30 36 47 | 4 7
239,2022-08-09,4 7 10 27 39 | 4 8
240,2022-08-10,1 4 26 32 40 | 7 8
241,2022-08-10,4 15 27 34 44 | 7 9
242,2022-08-11,5 10 31 32 44 | 7 9
243,2022-08-11,12 20 34 48 50 | 3 10
244,2022-08-12,14 15 32 36 50 | 5 7
245,2022-08-12,24 29 36 45 48 | 3 6
246,2022-08-13,15 16 30 46 48 | 9 10
247,2022-08-13,10 34 37 41 49 | 2 5
248,2022-08-14,14 18 20 24 42 | 3 5
249,2022-08-14,23 27 33 40 45 | 9 10
250,2022-08-15,2 30 31 38 42 | 1 5
251,2022-08-15,7 30 34 41 42 | 1 7
252,2022-08-16,10 40 41 47 48 | 5 9
253,2022-08-16,19 25 27 32 44 | 3 6
254,2022-08-17,20 26 28 40 41 | 7 9
255,2022-08-17,11 16 28 37 40 | 4 9
256,2022-08-18,1 4 11 20 45 | 1 7
257,2022-08-18,4 10 13 38 49 | 2 7
258,2022-08-19,12 22 27 30 45 | 6 9
259,2022-08-19,3 8 20 26 48 | 3 9
260,2022-08-20,6 15 35 39 41 | 3 4
261,2022-08-20,4 10 20 27 30 | 1 3
262,2022-08-21,18 27 30 33 50 | 1 4
263,2022-08-21,4 9 19 21 23 | 1 2
264,2022-08-22,17 18 19 30 43 | 2 3
265,2022-08-22,3 7 36 40 43 | 8 10
266,2022-08-23,2 19 29 31 47 | 1 10
267,2022-08-23,21 25 40 42 44 | 1 9
268,2022-08-24,15 18 23 34 47 | 9 10
269,2022-08-24,3 13 18 28 41 | 2 3
270,2022-08-25,8 10 16 39 42 | 3 9
271,2022-08-25,3 5 8 12 45 | 2 6
272,2022-08-26,6 14 21 31 44 | 2 9
273,2022-08-26,8 20 22 32 37 | 2 6
274,2022-08-27,14 16 30 32 38 | 4 5
275,2022-08-27,14 15 17 44 45 | 6 7
276,2022-08-28,18 21 36 43 50 | 2 6
277,2022-08-28,8 40 45 46 49 | 1 7
278,2022-08-29,1 7 19 25 36 | 6 10
279,2022-08-29,18 20 26 28 44 | 3 9
280,2022-08-30,4 13 15 23 49 | 4 7
281,2022-08-30,4 6 26 48 49 | 1 3
282,2022-08-31,22 25 40 46 50 | 3 6
283,2022-08-31,14 26 27 44 47 | 1 7
284,2022-09-01,3 30 33 42 49 | 1 8
285,2022-09-01,5 20 25 37 49 | 5 9
286,2022-09-02,2 9 10 16 44 | 2 8
287,2022-09-02,12 19 41 48 50 | 1 4
288,2022-09-03,4 14 15 34 36 | 4 9
289,2022-09-03,5 11 14 35 38 | 3 6
290,2022-09-04,14 15 28 36 47 | 1 2
291,2022-09-04,3 10 15 28 35 | 1 3
292,2022-09-05,5 18 25 44 48 | 5 7
293,2022-09-05,5 20 22 42 49 | 7 8
294,2022-09-06,12 14 31 38 47 | 5 8
295,2022-09-06,13 23 36 48 50 | 4 7
296,2022-09-07,4 11 18 25 27 | 3 4
297,2022-09-07,14 15 21 25 39 | 2 3
298,2022-09-08,6 18 30 36 40 | 9 10
299,2022-09-08,10 13 26 33 34 | 2 9
300,2022-09-09,6 24 35 41 50 | 2 9
301,2022-09-09,7 10 11 15 26 | 3 10
302,2022-09-10,4 15 26 35 48 | 6 8
303,2022-09-10,17 25 28 29 43 | 7 9
304,2022-09-11,1 8 19 30 35 | 1 6
305,2022-09-11,3 14 32 37 44 | 4 10
306,2022-09-12,23 27 41 45 48 | 1 7
307,2022-09-12,7 8 22 27 41 | 4 7
308,2022-09-13,8 19 27 29 50 | 5 10
309,2022-09-13,6 10 23 42 47 | 2 3
310,2022-09-14,6 19 20 45 50 | 1 8
311,2022-09-14,16 36 44 48 50 | 5 10
312,2022-09-15,21 30 36 37 46 | 1 10
313,2022-09-15,14 17 42 44 47 | 5 6
314,2022-09-16,10 14 15 29 40 | 5 10
315,2022-09-16,1 13 16 33 50 | 4 5
316,2022-09-17,1 6 8 16 30 | 4 7
317,2022-09-17,1 2 17 19 42 | 3 4
318,2022-09-18,4 20 29 33 49 | 2 4
319,2022-09-18,1 5 11 43 44 | 6 9
320,2022-09-19,1 31 36 47 50 | 6 7
321,2022-09-19,5 13 30 32 45 | 4 7
322,2022-09-20,13 15 30 34 38 | 4 8
323,2022-09-20,4 17 22 34 45 | 7 8
324,2022-09-21,9 12 38 39 40 | 2 10
325,2022-09-21,17 29 34 40 47 | 5 8
326,2022-09-22,3 9 26 29 49 | 6 7
327,2022-09-22,12 13 21 24 48 | 1 5
328,2022-09-23,4 22 28 33 48 | 5 10
329,2022-09-23,14 17 37 46 47 | 1 8
330,2022-09-24,9 14 25 27 44 | 9 10
331,2022-09-24,15 17 33 34 44 | 8 9
332,2022-09-25,1 21 25 30 46 | 8 9
333,2022-09-25,4 16 28 36 41 | 1 7
334,2022-09-26,11 12 26 34 43 | 1 8
335,2022-09-26,12 15 17 36 46 | 1 10
336,2022-09-27,11 30 31 35 38 | 2 9
337,2022-09-27,6 17 30 31 49 | 4 7
338,2022-09-28,13 23 31 46 50 | 3 5
339,2022-09-28,13 19 47 49 50 | 8 10
340,2022-09-29,8 9 26 28 29 | 5 10
341,2022-09-29,9 22 23 34 49 | 5 9
342,2022-09-30,1 3 13 35 45 | 3 10
343,2022-09-30,7 18 27 33 49 | 4 5
344,2022-10-01,10 11 23 24 50 | 2 4
345,2022-10-01,2 32 34 39 46 | 1 7
346,2022-10-02,20 21 28 46 48 | 2 7
347,2022-10-02,4 5 14 41 49 | 2 9
348,2022-10-03,2 11 18 45 49 | 7 8
349,2022-10-03,6 9 23 31 35 | 7 8
350,2022-10-04,6 12 25 37 49 | 3 5
351,2022-10-04,2 5 17 37 39 | 3 8
352,2022-10-05,8 24 26 31 41 | 6 9
353,2022-10-05,6 26 34 35 46 | 7 9
354,2022-10-06,28 30 35 45 49 | 3 9
355,2022-10-06,2 18 35 41 46 | 8 9
356,2022-10-07,7 26 35 38 44 | 6 7
357,2022-10-07,15 24 25 27 39 | 1 9
358,2022-10-08,3 19 47 48 50 | 3 8
359,2022-10-08,12 37 38 46 49 | 5 9
360,2022-10-09,4 10 14 43 46 | 3 9
361,2022-10-09,18 24 36 40 47 | 6 8
362,2022-10-10,12 23 33 36 38 | 2 8
363,2022-10-10,2 26 30 31 46 | 7 10
364,2022-10-11,3 12 13 20 37 | 5 9
365,2022-10-11,1 2 5 21 43 | 8 10
366,2022-10-12,23 36 40 43 46 | 2 8
367,2022-10-12,24 32 40 42 47 | 4 6
368,2022-10-13,13 21 25 41 47 | 6 7
369,2022-10-13,9 13 19 39 46 | 4 9
370,2022-10-14,2 6 12 25 37 | 1 10
371,2022-10-14,17 36 41 44 46 | 2 8
372,2022-10-15,4 5 7 9 27 | 8 10
373,2022-10-15,2 9 21 25 31 | 2 7
374,2022-10-16,19 32 34 35 40 | 7 10
375,2022-10-16,5 18 20 23 40 | 2 4
376,2022-10-17,6 16 19 39 40 | 6 10
377,2022-10-17,8 18 19 28 34 | 9 10
378,2022-10-18,3 11 15 30 44 | 6 7
379,2022-10-18,1 11 18 27 48 | 2 6
380,2022-10-19,4 8 12 13 28 | 9 10
381,2022-10-19,2 7 11 29 40 | 1 7
382,2022-10-20,2 14 27 40 48 | 5 6
383,2022-10-20,19 27 28 32 37 | 1 7
384,2022-10-21,11 14 25 30 32 | 1 10
385,2022-10-21,10 12 14 33 49 | 3 4
386,2022-10-22,14 15 19 21 40 | 1 3
387,2022-10-22,18 26 28 34 35 | 5 7
388,2022-10-23,31 36 37 39 42 | 4 9
389,2022-10-23,9 17 19 26 45 | 4 6
390,2022-10-24,10 18 26 29 32 | 4 9
391,2022-10-24,2 16 31 32 36 | 4 9
392,2022-10-25,11 37 39 44 49 | 6 8
393,2022-10-25,1 6 15 17 18 | 1 5
394,2022-10-26,10 31 38 39 46 | 1 5
395,2022-10-26,13 25 34 46 49 | 3 10
396,2022-10-27,5 7 20 25 27 | 2 4
397,2022-10-27,10 16 21 41 46 | 2 8
398,2022-10-28,6 10 12 24 33 | 1 10
399,2022-10-28,1 3 7 22 23 | 2 10
400,2022-10-29,21 23 41 44 47 | 3 10
401,2022-10-29,7 8 34 40 45 | 5 6
402,2022-10-30,3 13 21 30 37 | 4 5
403,2022-10-30,18 27 41 46 50 | 1 8
404,2022-10-31,18 31 39 44 46 | 1 10
405,2022-10-31,7 13 20 21 34 | 4 8
406,2022-11-01,8 16 17 32 43 | 5 8
407,2022-11-01,4 7 18 26 46 | 7 8
408,2022-11-02,6 10 13 20 43 | 3 6
409,2022-11-02,2 8 11 38 40 | 2 8
410,2022-11-03,4 7 28 37 45 | 3 6
411,2022-11-03,19 23 29 38 43 | 2 8
412,2022-11-04,6 28 29 39 45 | 4 5
413,2022-11-04,10 14 19 20 48 | 1 6
414,2022-11-05,15 22 26 33 43 | 6 9
415,2022-11-05,11 12 16 19 24 | 4 8
416,2022-11-06,11 17 22 36 40 | 5 7
417,2022-11-06,14 15 23 31 38 | 6 8
418,2022-11-07,8 10 12 20 44 | 5 8
419,2022-11-07,2 5 15 41 47 | 5 10
420,2022-11-08,3 5 21 37 46 | 1 3
421,2022-11-08,5 15 28 29 35 | 2 5
422,2022-11-09,6 16 24 37 42 | 9 10
423,2022-11-09,34 37 40 45 49 | 1 4
424,2022-11-10,20 32 35 46 49 | 3 4
425,2022-11-10,3 7 23 32 49 | 7 10
426,2022-11-11,21 27 32 37 47 | 9 10
427,2022-11-11,18 35 37 41 50 | 8 10
428,2022-11-12,3 9 10 29 31 | 6 10
429,2022-11-12,6 13 17 39 42 | 3 7
430,2022-11-13,1 21 27 41 44 | 5 9
431,2022-11-13,1 4 29 35 49 | 1 7
432,2022-11-14,1 13 14 20 25 | 5 8
433,2022-11-14,2 13 14 27 43 | 2 9
434,2022-11-15,1 11 15 30 44 | 3 7
435,2022-11-15,23 27 34 44 50 | 4 10
436,2022-11-16,3 11 18 19 37 | 2 4
437,2022-11-16,9 11 23 37 41 | 1 5
438,2022-11-17,3 4 7 17 18 | 1 6
439,2022-11-17,3 11 33 34 45 | 6 10
440,2022-11-18,15 17 31 36 48 | 1 2
441,2022-11-18,11 19 41 45 47 | 1 10
442,2022-11-19,10 11 22 33 48 | 5 7
443,2022-11-19,5 7 26 29 44 | 1 9
444,2022-11-20,16 22 35 41 46 | 2 10
445,2022-11-20,15 18 28 31 50 | 5 10
446,2022-11-21,4 9 14 32 43 | 4 9
447,2022-11-21,3 22 36 48 49 | 3 6
448,2022-11-22,1 21 37 39 44 | 1 2
449,2022-11-22,1 7 31 33 40 | 1 4
450,2022-11-23,10 15 29 40 48 | 5 8
451,2022-11-23,2 6 30 37 48 | 5 6
452,2022-11-24,2 8 29 44 47 | 8 10
453,2022-11-24,5 15 30 37 48 | 1 4
454,2022-11-25,5 32 33 36 47 | 4 5
455,2022-11-25,1 10 14 25 47 | 2 6
456,2022-11-26,10 12 27 42 46 | 4 6
457,2022-11-26,8 23 24 31 44 | 3 7
458,2022-11-27,21 32 38 40 41 | 3 10
459,2022-11-27,10 21 23 32 36 | 2 4
460,2022-11-28,2 15 17 23 40 | 1 3
461,2022-11-28,4 16 18 23 27 | 3 6
462,2022-11-29,1 39 41 43 50 | 3 5
463,2022-11-29,2 10 26 36 37 | 7 9
464,2022-11-30,8 19 21 42 43 | 4 10
465,2022-11-30,4 9 19 28 31 | 5 7
466,2022-12-01,5 11 22 30 47 | 4 5
467,2022-12-01,2 5 8 31 32 | 1 6
468,2022-12-02,1 33 42 43 50 | 1 10
469,2022-12-02,4 8 25 40 43 | 7 8
470,2022-12-03,5 19 24 42 44 | 8 9
471,2022-12-03,7 12 15 18 42 | 1 3
472,2022-12-04,3 4 17 39 41 | 1 3
473,2022-12-04,2 7 15 34 46 | 6 9
474,2022-12-05,7 15 30 34 44 | 1 9
475,2022-12-05,1 33 34 35 50 | 3 10
476,2022-12-06,3 5 24 27 38 | 9 10
477,2022-12-06,22 27 34 39 48 | 2 9
478,2022-12-07,10 22 28 34 35 | 8 9
479,2022-12-07,10 14 26 38 46 | 5 9
480,2022-12-08,6 11 21 31 38 | 1 7
481,2022-12-08,14 15 23 31 39 | 5 9
482,2022-12-09,6 8 13 32 43 | 2 9
483,2022-12-09,5 9 13 40 50 | 5 8
484,2022-12-10,13 19 26 34 44 | 6 9
485,2022-12-10,6 9 14 28 44 | 1 2
486,2022-12-11,4 28 35 39 43 | 6 9
487,2022-12-11,20 22 25 28 41 | 6 10
488,2022-12-12,3 18 34 35 42 | 5 10
489,2022-12-12,8 30 37 38 47 | 7 9
490,2022-12-13,7 31 39 47 50 | 4 6
491,2022-12-13,3 24 43 44 47 | 3 9
492,2022-12-14,3 8 37 42 49 | 7 10
493,2022-12-14,17 33 39 42 48 | 4 6
494,2022-12-15,28 33 36 39 45 | 7 9
495,2022-12-15,8 20 25 26 43 | 1 7
496,2022-12-16,2 30 40 41 50 | 5 8
497,2022-12-16,10 14 17 44 47 | 1 3
498,2022-12-17,5 10 18 42 47 | 2 5
499,2022-12-17,4 9 19 22 42 | 5 7
500,2022-12-18,8 11 25 34 49 | 2 3
501,2022-12-18,12 24 25 40 45 | 5 7
502,2022-12-19,5 13 16 33 42 | 5 9
503,2022-12-19,30 39 40 42 47 | 2 9
504,2022-12-20,25 26 29 31 49 | 1 6
505,2022-12-20,20 21 32 35 50 | 7 8
506,2022-12-21,9 13 34 42 45 | 2 4
507,2022-12-21,17 23 31 39 41 | 4 5
508,2022-12-22,4 27 34 37 43 | 3 8
509,2022-12-22,4 13 14 46 47 | 1 2
510,2022-12-23,8 41 42 43 49 | 6 7
511,2022-12-23,19 28 29 45 48 | 3 5
512,2022-12-24,15 24 30 32 50 | 7 8
513,2022-12-24,2 23 27 41 47 | 2 6
514,2022-12-25,9 20 35 37 46 | 1 5
515,2022-12-25,2 27 38 41 47 | 6 8
516,2022-12-26,10 22 26 30 34 | 1 7
517,2022-12-26,12 22 25 30 47 | 5 10
518,2022-12-27,1 27 32 33 43 | 2 9
519,2022-12-27,11 13 17 18 47 | 7 10
520,2022-12-28,2 8 37 46 48 | 1 7
521,2022-12-28,8 19 27 28 40 | 8 10
522,2022-12-29,5 24 26 31 45 | 6 10
523,2022-12-29,17 21 42 43 50 | 5 8
524,2022-12-30,14 16 22 45 50 | 3 7
525,2022-12-30,14 17 22 28 30 | 4 6
526,2022-12-31,8 13 25 44 47 | 8 10
527,2022-12-31,15 24 26 29 36 | 2 8
528,2023-01-01,6 13 32 43 49 | 8 10
529,2023-01-01,13 17 28 41 45 | 1 5
530,2023-01-02,9 21 27 42 45 | 8 9
531,2023-01-02,7 13 20 34 45 | 1 9
532,2023-01-03,3 13 18 39 44 | 4 6
533,2023-01-03,19 22 29 31 35 | 3 4
534,2023-01-04,2 10 12 39 40 | 6 9
535,2023-01-04,3 11 31 34 46 | 7 8
536,2023-01-05,5 20 24 41 50 | 6 7
537,2023-01-05,17 19 28 30 49 | 2 6
538,2023-01-06,4 7 21 34 43 | 3 10
539,2023-01-06,9 11 14 17 45 | 6 10
540,2023-01-07,10 18 21 45 48 | 5 8
541,2023-01-07,1 16 35 43 50 | 2 10
542,2023-01-08,11 12 25 31 36 | 3 10
543,2023-01-08,8 16 31 38 45 | 2 8
544,2023-01-09,16 18 25 33 35 | 7 10
545,2023-01-09,1 17 18 30 38 | 2 5
546,2023-01-10,9 13 21 32 45 | 1 6
547,2023-01-10,3 5 14 24 49 | 5 6
548,2023-01-11,3 12 26 34 49 | 2 8
549,2023-01-11,24 26 40 46 49 | 7 10
550,2023-01-12,7 8 27 41 45 | 2 5
551,2023-01-12,5 6 16 19 37 | 3 9
552,2023-01-13,18 27 28 33 45 | 3 4
553,2023-01-13,4 12 20 41 48 | 5 6
554,2023-01-14,7 8 16 49 50 | 2 4
555,2023-01-14,10 11 13 26 46 | 3 10
556,2023-01-15,6 14 22 31 36 | 1 5
557,2023-01-15,1 3 16 25 46 | 1 10
558,2023-01-16,5 10 26 27 28 | 6 7
559,2023-01-16,11 14 17 32 33 | 8 10
560,2023-01-17,6 14 25 37 44 | 1 6
561,2023-01-17,3 5 15 29 35 | 1 2
562,2023-01-18,3 17 23 31 49 | 2 3
563,2023-01-18,1 8 20 22 33 | 1 4
564,2023-01-19,33 35 43 44 49 | 4 10
565,2023-01-19,12 28 43 44 49 | 2 8
566,2023-01-20,6 7 8 33 44 | 3 7
567,2023-01-20,4 10 38 39 44 | 5 8
568,2023-01-21,16 28 47 48 50 | 7 9
569,2023-01-21,7 27 29 43 44 | 1 7
570,2023-01-22,1 29 41 43 49 | 1 3
571,2023-01-22,10 29 32 36 46 | 4 7
572,2023-01-23,13 24 26 29 44 | 3 4
573,2023-01-23,13 14 35 39 50 | 4 5
574,2023-01-24,5 16 22 29 38 | 2 9
575,2023-01-24,5 9 15 31 36 | 3 6
576,2023-01-25,6 10 25 28 46 | 8 10
577,2023-01-25,8 13 14 39 40 | 1 10
578,2023-01-26,18 26 31 38 42 | 7 8
579,2023-01-26,10 17 21 37 47 | 2 8
580,2023-01-27,17 22 24 26 34 | 2 5
581,2023-01-27,1 6 25 28 46 | 6 10
582,2023-01-28,12 19 23 33 35 | 2 3
583,2023-01-28,6 9 45 46 48 | 3 4
584,2023-01-29,11 13 30 32 34 | 8 9
585,2023-01-29,12 17 22 26 31 | 1 8
586,2023-01-30,1 2 5 27 36 | 4 8
587,2023-01-30,7 15 20 39 44 | 4 7
588,2023-01-31,16 17 28 32 39 | 3 5
589,2023-01-31,1 3 33 36 44 | 4 5
590,2023-02-01,5 16 17 37 44 | 2 10
591,2023-02-01,5 20 21 43 47 | 3 6
592,2023-02-02,14 22 29 31 40 | 1 6
593,2023-02-02,3 18 30 40 47 | 7 8
594,2023-02-03,12 36 38 48 50 | 4 5
595,2023-02-03,18 19 22 32 41 | 4 8
596,2023-02-04,3 28 30 33 45 | 4 9
597,2023-02-04,6 15 22 31 34 | 4 8
598,2023-02-05,16 27 31 42 44 | 6 7
599,2023-02-05,4 12 29 41 49 | 1 2
600,2023-02-06,3 6 26 27 43 | 3 5
601,2023-02-06,3 5 8 22 35 | 2 3
602,2023-02-07,17 34 39 46 48 | 4 9
603,2023-02-07,12 22 31 46 49 | 5 6
604,2023-02-08,3 16 24 29 33 | 5 8
605,2023-02-08,22 33 37 46 47 | 4 6
606,2023-02-09,2 6 22 31 37 | 2 5
607,2023-02-09,21 24 36 39 46 | 4 6
608,2023-02-10,1 3 8 13 24 | 2 8
609,2023-02-10,8 15 35 38 42 | 5 6
610,2023-02-11,7 10 24 38 44 | 4 8
611,2023-02-11,5 10 28 31 32 | 4 5
612,2023-02-12,8 14 27 38 48 | 4 7
613,2023-02-12,9 18 20 21 22 | 3 9
614,2023-02-13,9 22 25 32 48 | 6 7
615,2023-02-13,7 26 27 41 44 | 4 8
616,2023-02-14,1 11 26 36 47 | 2 7
617,2023-02-14,13 23 35 38 44 | 6 10
618,2023-02-15,4 5 25 41 46 | 2 5
619,2023-02-15,2 13 14 26 37 | 3 5
620,2023-02-16,11 23 26 39 41 | 3 7
621,2023-02-16,15 19 22 46 48 | 2 8
622,2023-02-17,2 9 11 44 47 | 7 10
623,2023-02-17,12 14 28 37 44 | 4 5
624,2023-02-18,12 24 25 37 46 | 1 10
625,2023-02-18,22 26 33 35 45 | 1 7
626,2023-02-19,4 16 23 34 37 | 3 8
627,2023-02-19,1 2 27 32 50 | 7 10
628,2023-02-20,21 24 33 37 40 | 2 5
629,2023-02-20,13 21 39 41 46 | 8 10
630,2023-02-21,12 14 27 28 33 | 5 8
631,2023-02-21,5 10 26 30 49 | 3 7
632,2023-02-22,5 10 29 31 45 | 1 7
633,2023-02-22,5 21 43 47 50 | 2 10
634,2023-02-23,2 3 6 18 35 | 4 6
635,2023-02-23,1 4 16 27 35 | 3 4
636,2023-02-24,19 26 35 36 40 | 2 3
637,2023-02-24,14 17 28 29 41 | 1 5
638,2023-02-25,6 29 43 45 47 | 7 9
639,2023-02-25,14 18 27 36 48 | 5 7
640,2023-02-26,5 12 31 32 40 | 5 6
641,2023-02-26,4 5 14 15 34 | 2 7
642,2023-02-27,10 11 13 17 24 | 1 2
643,2023-02-27,1 5 27 28 43 | 6 10
644,2023-02-28,1 19 29 47 49 | 5 10
645,2023-02-28,1 2 6 11 40 | 1 4
646,2023-03-01,8 12 20 29 34 | 2 6
647,2023-03-01,8 13 34 40 47 | 4 8
648,2023-03-02,5 30 36 38 41 | 6 7
649,2023-03-02,12 25 37 38 39 | 4 8
650,2023-03-03,1 21 27 31 48 | 5 10
651,2023-03-03,12 23 25 36 47 | 2 10
652,2023-03-04,3 10 11 16 31 | 5 7
653,2023-03-04,5 9 16 26 39 | 2 9
654,2023-03-05,14 16 17 22 24 | 7 8
655,2023-03-05,23 28 34 38 42 | 3 7
656,2023-03-06,4 14 21 28 37 | 3 9
657,2023-03-06,2 24 35 37 44 | 6 7
658,2023-03-07,7 11 17 20 33 | 2 6
659,2023-03-07,5 13 26 32 35 | 5 6
660,2023-03-08,1 2 21 25 44 | 4 7
661,2023-03-08,27 32 33 40 49 | 3 8
662,2023-03-09,4 10 18 23 29 | 6 8
663,2023-03-09,3 17 24 37 45 | 1 8
664,2023-03-10,28 30 45 46 47 | 1 2
665,2023-03-10,11 16 28 36 48 | 1 4
666,2023-03-11,20 24 39 43 47 | 1 9
667,2023-03-11,18 26 30 46 48 | 9 10
668,2023-03-12,26 31 33 34 48 | 2 5
669,2023-03-12,5 7 10 29 35 | 7 8
670,2023-03-13,4 10 19 33 39 | 1 7
671,2023-03-13,10 20 33 34 35 | 6 9
672,2023-03-14,23 25 27 28 29 | 5 9
673,2023-03-14,1 9 15 34 38 | 7 8
674,2023-03-15,6 26 35 48 50 | 2 5
675,2023-03-15,14 22 42 44 49 | 5 7
676,2023-03-16,12 32 37 41 50 | 4 8
677,2023-03-16,1 6 16 34 47 | 1 2
678,2023-03-17,4 14 19 20 35 | 4 6
679,2023-03-17,5 6 25 31 47 | 2 6
680,2023-03-18,14 29 32 43 45 | 8 10
681,2023-03-18,5 21 29 46 50 | 7 10
682,2023-03-19,1 4 8 25 41 | 7 10
683,2023-03-19,5 29 35 36 47 | 1 9
684,2023-03-20,7 16 17 22 32 | 4 9
685,2023-03-20,2 5 29 34 39 | 4 10
686,2023-03-21,6 14 35 41 48 | 3 5
687,2023-03-21,22 28 34 43 44 | 8 9
688,2023-03-22,3 6 9 26 38 | 8 9
689,2023-03-22,3 6 24 27 46 | 5 9
690,2023-03-23,3 10 19 33 42 | 8 10
691,2023-03-23,1 13 21 34 37 | 3 9
692,2023-03-24,6 7 14 24 49 | 3 6
693,2023-03-24,14 22 26 42 45 | 4 9
694,2023-03-25,4 6 14 33 44 | 2 6
695,2023-03-25,5 20 30 40 45 | 5 6
696,2023-03-26,7 30 34 36 45 | 1 4
697,2023-03-26,4 6 16 24 46 | 2 4
698,2023-03-27,18 26 29 30 38 | 1 7
699,2023-03-27,15 21 27 38 50 | 7 10
700,2023-03-28,11 12 13 14 27 | 8 9
701,2023-03-28,16 17 29 36 43 | 1 8
702,2023-03-29,1 13 33 34 36 | 1 9
703,2023-03-29,2 23 33 41 43 | 1 8
704,2023-03-30,13 21 30 45 50 | 1 7
705,2023-03-30,1 5 10 30 44 | 6 8
706,2023-03-31,9 32 42 45 46 | 3 4
707,2023-03-31,6 23 28 41 50 | 4 10
708,2023-04-01,15 31 33 36 47 | 7 8
709,2023-04-01,13 26 29 43 49 | 2 3
710,2023-04-02,19 30 33 39 47 | 2 7
711,2023-04-02,3 4 10 33 49 | 4 5
712,2023-04-03,2 31 38 42 46 | 3 8
713,2023-04-03,1 10 25 36 37 | 1 9
714,2023-04-06,1 6 13 37 50 | 1 7
715,2023-04-07,7 14 22 37 49 | 2 6
716,2023-04-07,8 11 15 49 50 | 2 8
717,2023-04-08,4 6 29 40 41 | 4 7
718,2023-04-08,11 15 25 36 47 | 4 7
719,2023-04-09,2 21 40 41 47 | 2 8
720,2023-04-09,5 17 26 27 47 | 5 8
721,2023-04-10,17 18 20 41 49 | 3 8
722,2023-04-10,1 23 28 38 49 | 2 10
723,2023-04-11,6 24 31 40 47 | 2 3
724,2023-04-11,1 19 21 32 50 | 1 2
725,2023-04-12,5 17 38 41 45 | 3 9
726,2023-04-12,10 12 25 41 48 | 7 9
727,2023-04-13,3 7 11 14 45 | 5 7
728,2023-04-13,29 36 40 42 47 | 2 9
729,2023-04-14,5 24 30 36 44 | 4 9
730,2023-04-14,2 9 16 19 26 | 4 5
731,2023-04-15,6 12 25 27 31 | 1 3
732,2023-04-15,3 26 32 34 45 | 4 8
733,2023-04-16,6 10 41 43 44 | 6 8
734,2023-04-16,9 11 16 19 37 | 5 6
735,2023-04-17,1 9 19 30 37 | 1 2
736,2023-04-17,2 3 31 44 49 | 4 9
737,2023-04-18,7 20 25 31 38 | 7 9
738,2023-04-18,19 31 34 47 49 | 4 10
739,2023-04-19,5 9 16 44 45 | 2 5
740,2023-04-19,7 23 27 32 50 | 6 8
741,2023-04-20,11 13 14 46 50 | 5 8
742,2023-04-20,13 14 28 35 45 | 6 7
743,2023-04-21,5 10 16 22 34 | 2 10
744,2023-04-21,13 16 27 36 40 | 1 6
745,2023-04-22,8 20 28 44 47 | 5 6
746,2023-04-22,2 10 19 27 50 | 1 8
747,2023-04-23,20 37 40 46 49 | 2 7
748,2023-04-23,8 39 42 48 50 | 1 5
749,2023-04-24,22 24 41 44 48 | 1 2
750,2023-04-24,4 5 19 20 46 | 2 5
751,2023-04-25,3 29 32 40 46 | 6 8
752,2023-04-25,6 9 31 47 50 | 3 6
753,2023-04-26,6 9 24 45 47 | 8 9
754,2023-04-26,4 15 25 39 48 | 7 9
755,2023-04-27,25 36 41 44 46 | 6 7
756,2023-04-27,8 18 19 24 32 | 5 6
757,2023-04-28,4 8 16 18 50 | 5 8
758,2023-04-28,6 11 19 21 38 | 1 6
759,2023-04-29,1 13 14 19 29 | 8 9
760,2023-04-29,6 10 17 29 38 | 3 5
761,2023-04-30,5 15 18 36 43 | 4 10
762,2023-04-30,7 8 19 28 49 | 4 7
763,2023-05-01,18 23 34 44 49 | 3 4
765,2023-05-02,3 17 22 44 47 | 2 5
766,2023-05-02,14 25 26 30 35 | 7 9
767,2023-05-03,22 28 32 47 48 | 2 3
768,2023-05-03,2 6 8 13 39 | 6 8
769,2023-05-04,3 9 24 36 38 | 5 9
770,2023-05-04,4 6 19 21 39 | 2 8
771,2023-05-05,21 37 38 39 49 | 1 7
772,2023-05-05,5 17 25 30 40 | 3 9
773,2023-05-06,1 7 23 28 34 | 2 9
774,2023-05-06,8 27 39 42 49 | 1 7
775,2023-05-07,2 16 36 45 48 | 1 8
776,2023-05-07,7 19 22 29 42 | 5 10
777,2023-05-08,1 3 6 18 25 | 2 8
778,2023-05-08,7 21 33 35 50 | 4 9
779,2023-05-09,4 17 23 35 44 | 4 6
780,2023-05-09,7 13 18 32 39 | 3 7
781,2023-05-10,3 8 10 37 38 | 4 6
782,2023-05-10,12 15 43 45 46 | 6 10
783,2023-05-11,19 28 37 40 41 | 2 10
784,2023-05-11,5 11 17 43 45 | 1 6
785,2023-05-12,13 18 23 25 45 | 1 4
786,2023-05-12,14 15 29 39 42 | 3 8
787,2023-05-13,1 7 26 33 38 | 1 6
788,2023-05-13,7 15 32 47 50 | 4 7
789,2023-05-14,10 21 27 38 44 | 2 4
790,2023-05-14,6 13 22 25 45 | 3 8
791,2023-05-15,3 12 23 25 46 | 4 10
792,2023-05-15,2 29 36 37 48 | 5 10
793,2023-05-16,4 12 16 40 45 | 5 6
794,2023-05-16,19 26 36 42 49 | 9 10
795,2023-05-17,25 26 29 33 41 | 3 10
796,2023-05-17,6 19 32 36 44 | 6 9
797,2023-05-18,5 19 24 34 37 | 4 5
798,2023-05-18,20 33 37 40 45 | 1 6
799,2023-05-19,11 29 30 31 34 | 6 9
800,2023-05-19,20 24 27 37 38 | 2 7
801,2023-05-20,5 12 34 36 48 | 3 6
802,2023-05-20,16 35 39 43 50 | 2 3
803,2023-05-21,1 18 24 28 34 | 3 5
804,2023-05-21,10 13 28 31 34 | 2 9
805,2023-05-22,3 18 29 30 33 | 1 4
806,2023-05-22,6 18 19 30 38 | 6 8
807,2023-05-23,3 11 21 31 43 | 3 4
808,2023-05-23,17 25 27 29 50 | 3 9
809,2023-05-24,1 11 25 31 46 | 6 8
810,2023-05-24,25 27 37 44 48 | 2 10
811,2023-05-25,6 28 31 45 50 | 7 8
812,2023-05-25,3 6 27 47 49 | 3 9
813,2023-05-26,25 26 31 40 41 | 1 7
814,2023-05-26,14 21 25 28 43 | 1 8
815,2023-05-27,2 18 31 39 42 | 4 6
816,2023-05-27,7 11 25 28 42 | 1 8
817,2023-05-28,8 12 30 37 43 | 6 9
818,2023-05-28,2 12 22 43 46 | 8 10
819,2023-05-29,3 25 38 39 49 | 1 8
820,2023-05-29,17 31 41 47 50 | 1 10
821,2023-05-30,12 19 22 27 33 | 1 9
822,2023-05-30,7 24 25 26 37 | 2 6
823,2023-05-31,14 27 36 40 44 | 8 9
824,2023-05-31,1 17 21 37 46 | 3 10
825,2023-06-01,8 31 39 41 49 | 2 8
826,2023-06-01,9 10 22 28 47 | 2 9
827,2023-06-02,19 26 27 36 42 | 1 8
828,2023-06-02,4 23 29 45 50 | 6 9
829,2023-06-03,5 19 35 39 44 | 1 4
830,2023-06-03,13 20 42 43 50 | 2 6
831,2023-06-04,6 7 12 19 27 | 6 8
832,2023-06-04,3 20 32 34 44 | 1 5
833,2023-06-06,18 22 23 32 46 | 4 9
834,2023-06-06,8 9 18 27 49 | 1 2
835,2023-06-07,5 12 21 49 50 | 3 8
836,2023-06-07,15 25 32 43 49 | 1 5
837,2023-06-08,1 12 14 34 45 | 4 8
838,2023-06-08,8 19 29 35 48 | 1 8
839,2023-06-09,14 32 38 41 42 | 2 9
840,2023-06-09,16 21 23 26 38 | 1 2
841,2023-06-10,1 9 19 35 43 | 2 4
842,2023-06-10,6 15 18 46 50 | 6 7
843,2023-06-11,8 27 33 37 46 | 5 6
844,2023-06-11,1 4 5 25 47 | 6 10
845,2023-06-12,1 28 35 41 47 | 6 10
846,2023-06-12,3 14 37 42 48 | 5 6
847,2023-06-13,7 17 20 31 44 | 3 9
848,2023-06-13,6 16 26 39 44 | 1 10
849,2023-06-14,15 17 40 42 50 | 7 9
850,2023-06-14,6 9 22 37 47 | 1 7
851,2023-06-15,14 35 36 41 42 | 1 5
852,2023-06-15,10 12 13 27 42 | 3 6
853,2023-06-16,1 7 10 34 36 | 4 7
854,2023-06-16,8 23 34 42 46 | 5 7
855,2023-06-17,7 14 18 31 50 | 1 5
856,2023-06-17,9 11 16 38 49 | 7 9
857,2023-06-18,7 8 21 29 31 | 5 6
858,2023-06-18,1 5 32 40 44 | 2 7
859,2023-06-19,3 5 19 34 46 | 3 9
860,2023-06-19,9 11 23 32 49 | 4 10
861,2023-06-20,3 8 23 35 40 | 2 7
862,2023-06-20,6 9 28 33 41 | 5 9
863,2023-06-21,3 21 28 33 48 | 4 7
864,2023-06-21,10 14 24 33 43 | 1 9
865,2023-06-22,5 9 32 42 46 | 3 6
866,2023-06-22,21 27 39 45 48 | 5 9
867,2023-06-23,10 13 19 27 48 | 4 5
868,2023-06-23,21 29 30 37 44 | 5 7
869,2023-06-24,3 11 16 24 46 | 5 7
870,2023-06-24,17 29 30 35 50 | 6 9
871,2023-06-25,12 29 30 36 37 | 1 5
872,2023-06-25,4 10 21 22 26 | 7 10
873,2023-06-26,1 33 34 37 38 | 3 9
874,2023-06-26,1 20 28 35 38 | 6 9
875,2023-06-27,8 22 35 38 40 | 7 9
876,2023-06-27,12 21 27 39 46 | 8 10
877,2023-06-28,26 30 35 39 45 | 5 9
878,2023-06-28,34 35 38 41 42 | 1 5
879,2023-06-29,21 33 36 47 48 | 2 7
880,2023-06-29,2 16 28 43 45 | 4 6
881,2023-06-30,9 14 16 30 44 | 2 9
882,2023-06-30,14 15 25 32 44 | 1 10
883,2023-07-01,6 14 15 18 20 | 1 4
884,2023-07-01,9 29 33 44 48 | 4 5
885,2023-07-02,9 10 42 47 50 | 7 9
886,2023-07-02,8 24 26 34 45 | 1 2
887,2023-07-03,12 19 31 40 43 | 1 6
888,2023-07-03,4 13 27 28 38 | 4 6
889,2023-07-04,8 9 13 15 38 | 1 5
890,2023-07-04,3 23 32 37 41 | 2 8
891,2023-07-05,4 14 26 35 37 | 6 10
892,2023-07-05,13 21 27 30 42 | 5 8
893,2023-07-06,16 26 33 41 46 | 3 6
894,2023-07-06,2 24 40 45 46 | 8 9
895,2023-07-07,12 13 24 29 48 | 2 7
896,2023-07-07,14 20 26 34 49 | 9 10
897,2023-07-08,5 9 10 44 45 | 1 9
898,2023-07-08,1 27 32 38 50 | 2 5
899,2023-07-09,8 28 29 38 45 | 6 8
900,2023-07-09,4 8 18 36 43 | 4 5
901,2023-07-10,15 28 38 45 47 | 2 9
902,2023-07-10,4 6 12 31 33 | 9 10
903,2023-07-11,1 14 19 32 48 | 5 10
904,2023-07-11,5 11 24 32 49 | 2 8
905,2023-07-12,5 9 12 17 50 | 1 8
906,2023-07-12,4 12 27 29 50 | 5 6
907,2023-07-13,22 24 40 43 48 | 2 10
908,2023-07-13,4 12 17 23 50 | 1 2
909,2023-07-14,8 10 17 41 46 | 5 7
910,2023-07-14,3 17 23 35 50 | 3 10
911,2023-07-15,17 23 24 28 46 | 5 7
912,2023-07-15,24 29 33 34 45 | 1 2
913,2023-07-16,3 13 25 33 37 | 3 8
914,2023-07-16,8 13 19 28 42 | 2 6
915,2023-07-17,10 16 25 29 30 | 1 10
916,2023-07-17,4 13 18 19 50 | 1 9
917,2023-07-18,14 41 43 45 46 | 1 6
918,2023-07-18,2 12 27 32 42 | 1 2
919,2023-07-19,3 9 15 24 35 | 6 8
920,2023-07-19,4 15 22 25 48 | 3 4
921,2023-07-20,13 23 25 32 36 | 4 10
922,2023-07-20,2 3 4 26 42 | 1 3
923,2023-07-21,14 21 27 35 47 | 6 8
924,2023-07-21,5 15 34 39 45 | 7 8
925,2023-07-22,7 19 25 33 34 | 3 6
926,2023-07-22,6 9 13 40 48 | 7 8
927,2023-07-23,1 2 9 13 28 | 5 7
928,2023-07-23,7 10 34 35 44 | 2 6
929,2023-07-24,6 10 12 23 26 | 1 7
930,2023-07-24,2 3 6 28 50 | 5 8
931,2023-07-25,20 23 26 27 44 | 5 8
932,2023-07-25,12 24 26 31 49 | 8 9
933,2023-07-26,1 20 35 36 47 | 2 4
934,2023-07-26,21 30 38 40 42 | 1 9
935,2023-07-27,7 25 33 44 49 | 3 8
936,2023-07-27,1 6 23 40 44 | 3 10
937,2023-07-28,11 38 41 45 48 | 6 9
938,2023-07-28,16 21 27 39 50 | 6 10
939,2023-07-29,14 20 28 39 42 | 2 7
940,2023-07-29,3 22 29 38 43 | 3 10
941,2023-07-30,21 37 41 42 50 | 5 6
942,2023-07-30,6 12 25 33 50 | 4 8
943,2023-07-31,12 13 31 32 47 | 4 10
944,2023-07-31,6 9 18 21 28 | 6 10
945,2023-08-01,1 23 32 34 43 | 5 6
946,2023-08-01,17 24 36 39 40 | 5 9
947,2023-08-02,10 23 42 47 48 | 1 10
948,2023-08-02,12 30 45 46 47 | 3 6
949,2023-08-03,3 6 16 45 49 | 5 7
950,2023-08-03,6 7 26 30 42 | 1 9
951,2023-08-04,10 35 38 45 49 | 4 6
952,2023-08-04,3 7 40 43 50 | 5 9
953,2023-08-05,14 34 42 45 50 | 4 9
954,2023-08-05,15 17 41 48 50 | 4 6
955,2023-08-06,1 13 17 23 25 | 5 9
956,2023-08-06,10 27 32 38 39 | 5 7
957,2023-08-07,2 4 27 40 50 | 2 3
958,2023-08-07,5 19 36 44 50 | 3 10
959,2023-08-08,12 24 27 29 42 | 4 6
960,2023-08-08,1 2 7 25 45 | 5 6
961,2023-08-09,16 19 30 32 42 | 2 9
962,2023-08-09,13 20 23 42 48 | 4 7
963,2023-08-10,6 14 25 29 33 | 3 7
964,2023-08-10,3 13 24 27 44 | 1 8
965,2023-08-11,3 6 26 37 46 | 1 7
966,2023-08-11,30 32 36 44 49 | 1 6
967,2023-08-12,3 17 29 34 39 | 3 7
968,2023-08-12,15 17 39 40 50 | 3 7
969,2023-08-13,10 11 26 28 29 | 3 7
970,2023-08-13,13 16 26 32 47 | 3 10
971,2023-08-14,22 33 38 41 50 | 3 9
972,2023-08-14,3 16 17 33 36 | 1 7
973,2023-08-15,13 17 21 28 46 | 2 4
974,2023-08-15,1 34 40 44 47 | 5 10
975,2023-08-16,9 20 23 40 42 | 1 6
976,2023-08-16,2 5 6 9 13 | 5 8
977,2023-08-17,4 16 30 41 44 | 4 8
978,2023-08-17,6 16 20 32 46 | 5 8
979,2023-08-18,9 16 17 25 43 | 3 6
980,2023-08-18,4 11 13 21 24 | 8 10
981,2023-08-19,5 8 19 40 47 | 4 8
982,2023-08-19,6 7 21 38 40 | 3 10
983,2023-08-20,23 25 32 39 43 | 3 5
984,2023-08-20,2 13 23 37 43 | 2 9
985,2023-08-21,14 27 28 43 45 | 1 3
986,2023-08-21,2 13 34 36 49 | 6 8
987,2023-08-22,16 33 39 44 50 | 4 10
988,2023-08-22,1 32 36 40 50 | 3 9
989,2023-08-23,7 31 33 34 40 | 7 10
990,2023-08-23,3 22 23 36 39 | 5 6
991,2023-08-24,1 15 19 24 26 | 1 8
992,2023-08-24,8 11 12 15 17 | 2 3
993,2023-08-25,22 26 33 43 50 | 4 7
994,2023-08-25,1 6 10 19 24 | 5 10
995,2023-08-26,2 13 17 18 44 | 4 5
996,2023-08-26,17 26 32 39 49 | 1 10
997,2023-08-27,12 15 18 32 44 | 1 8
998,2023-08-27,19 20 22 23 39 | 7 8
999,2023-08-28,16 18 23 45 49 | 6 10
1000,2023-08-28,14 19 24 31 46 | 3 4
1001,2023-08-29,23 36 37 39 44 | 2 10
1002,2023-08-29,2 22 38 40 43 | 2 10
1003,2023-08-30,21 35 44 45 46 | 3 6
1004,2023-08-30,3 12 25 31 50 | 5 6
1005,2023-08-31,5 20 28 39 42 | 3 9
1006,2023-08-31,13 24 41 45 50 | 1 3
1007,2023-09-01,7 18 40 48 50 | 4 8
1008,2023-09-01,9 20 31 42 43 | 4 5
1009,2023-09-02,3 4 8 27 31 | 8 10
1010,2023-09-02,6 12 19 21 29 | 2 4
1011,2023-09-03,3 13 20 43 47 | 5 9
1012,2023-09-03,10 17 24 30 42 | 5 7
1013,2023-09-04,7 12 34 38 50 | 3 7
1014,2023-09-04,23 24 31 41 48 | 8 9
1015,2023-09-05,7 8 25 32 39 | 1 9
1016,2023-09-05,23 30 41 44 47 | 5 10
1017,2023-09-06,14 20 24 28 35 | 2 9
1018,2023-09-06,6 17 30 37 50 | 2 5
1019,2023-09-07,6 18 26 31 40 | 2 10
1020,2023-09-07,13 19 20 34 48 | 1 10
1021,2023-09-08,4 16 21 31 37 | 3 8
1022,2023-09-08,2 10 17 23 39 | 6 8
1023,2023-09-09,14 38 41 49 50 | 4 10
1024,2023-09-09,20 26 28 48 50 | 1 3
1025,2023-09-10,12 23 29 32 45 | 2 9
1026,2023-09-10,8 11 33 37 43 | 6 9
1027,2023-09-11,5 7 19 22 41 | 9 10
1028,2023-09-11,1 23 36 43 48 | 2 10
1029,2023-09-12,8 16 25 27 35 | 4 8
1030,2023-09-12,2 24 25 36 39 | 2 8
1031,2023-09-13,15 16 27 44 48 | 1 10
1032,2023-09-13,12 13 14 39 46 | 5 7
1033,2023-09-14,1 10 11 13 31 | 5 10
1034,2023-09-14,7 14 23 40 46 | 1 5
1035,2023-09-15,31 38 42 45 50 | 1 4
1036,2023-09-15,19 37 44 45 46 | 5 8
1037,2023-09-16,18 21 23 26 35 | 1 5
1038,2023-09-16,12 16 26 34 48 | 3 9
1039,2023-09-17,1 6 15 25 38 | 5 10
1040,2023-09-17,5 31 36 43 50 | 3 4
1041,2023-09-18,9 27 34 45 49 | 7 9
1042,2023-09-18,3 9 13 15 44 | 4 8
1043,2023-09-19,7 19 20 45 49 | 5 10
1044,2023-09-19,18 24 26 42 44 | 7 8
1045,2023-09-20,5 11 19 43 45 | 1 6
1046,2023-09-20,1 6 7 33 42 | 3 9
1047,2023-09-21,20 24 27 38 42 | 6 8
1048,2023-09-21,13 23 25 33 46 | 3 4
1049,2023-09-22,1 9 11 22 23 | 2 9
1050,2023-09-22,9 16 29 30 40 | 8 10
1051,2023-09-23,4 16 23 24 34 | 6 10
1052,2023-09-23,2 7 14 42 48 | 2 7
1053,2023-09-24,16 20 22 26 34 | 3 10
1054,2023-09-24,1 13 29 32 42 | 9 10
1055,2023-09-25,9 18 25 33 42 | 4 6
1056,2023-09-25,1 2 11 39 43 | 1 5
1057,2023-09-26,29 30 39 42 45 | 7 8
1058,2023-09-26,6 13 25 44 49 | 1 8
1059,2023-09-27,6 10 29 43 50 | 6 7
1060,2023-09-27,2 5 10 25 50 | 1 3
1061,2023-09-28,7 12 18 31 44 | 3 7
1062,2023-09-28,5 23 37 47 49 | 3 9
1063,2023-09-29,5 15 25 32 47 | 6 7
1064,2023-09-29,3 10 24 29 40 | 8 10
1065,2023-09-30,7 22 41 43 46 | 4 7
1066,2023-09-30,8 24 39 48 49 | 1 2
1067,2023-10-01,2 3 17 44 48 | 8 10
1068,2023-10-01,13 16 19 31 36 | 1 4
1069,2023-10-02,2 4 15 44 49 | 1 3
1070,2023-10-02,7 8 24 34 50 | 4 10
1071,2023-10-03,14 22 34 35 40 | 2 5
1072,2023-10-03,4 6 19 25 32 | 3 7
1073,2023-10-04,18 27 38 47 49 | 2 9
1074,2023-10-04,18 24 30 34 43 | 3 10
1075,2023-10-05,12 31 34 46 50 | 4 10
1076,2023-10-05,7 9 30 36 37 | 4 5
1077,2023-10-06,6 18 21 33 38 | 1 5
1078,2023-10-06,5 8 12 13 21 | 2 8
1079,2023-10-07,18 28 38 43 48 | 3 7
1080,2023-10-07,13 21 30 36 42 | 6 9
1081,2023-10-08,2 4 11 18 50 | 6 7
1082,2023-10-08,6 18 19 20 28 | 6 9
1083,2023-10-09,1 8 22 30 32 | 7 10
1084,2023-10-09,3 18 21 36 38 | 7 9
1085,2023-10-10,4 20 38 40 50 | 5 10
1086,2023-10-10,2 21 29 38 39 | 1 5
1087,2023-10-11,5 17 23 29 49 | 3 7
1088,2023-10-11,12 20 23 31 46 | 1 3
1089,2023-10-12,14 16 22 33 49 | 2 7
1090,2023-10-12,1 2 29 31 37 | 4 5
1091,2023-10-13,18 25 32 41 42 | 4 5
1092,2023-10-13,5 16 23 37 46 | 2 7
1093,2023-10-14,6 10 14 19 43 | 4 6
1094,2023-10-14,9 17 20 47 50 | 2 3
1095,2023-10-15,13 23 24 41 45 | 5 6
1096,2023-10-15,7 9 11 12 24 | 1 6
1097,2023-10-16,18 24 28 41 42 | 5 9
1098,2023-10-16,10 29 33 34 50 | 4 7
1099,2023-10-17,3 10 29 39 50 | 9 10
1100,2023-10-17,13 24 28 49 50 | 4 6
1101,2023-10-18,10 13 38 42 46 | 4 10
1102,2023-10-18,12 30 42 43 45 | 4 5
1103,2023-10-19,11 12 13 16 36 | 1 2
1104,2023-10-19,17 22 25 27 47 | 2 5
1105,2023-10-20,11 13 33 45 46 | 4 7
1106,2023-10-20,10 19 35 43 47 | 1 5
1107,2023-10-21,2 3 6 10 22 | 6 9
1108,2023-10-21,2 10 13 37 45 | 3 9
1109,2023-10-22,7 14 17 31 47 | 1 5
1110,2023-10-22,14 38 45 47 48 | 7 10
1111,2023-10-23,5 9 18 37 47 | 5 6
1112,2023-10-23,2 7 13 36 46 | 1 8
1113,2023-10-24,9 15 19 38 40 | 3 4
1114,2023-10-24,1 2 28 40 41 | 1 3
1115,2023-10-25,3 4 5 40 43 | 5 6
1116,2023-10-25,14 26 30 31 35 | 1 9
1117,2023-10-26,4 5 8 29 40 | 9 10
1118,2023-10-26,1 18 25 33 50 | 2 4
1119,2023-10-27,5 21 22 40 41 | 9 10
1120,2023-10-27,3 23 31 36 50 | 3 6
1121,2023-10-28,13 25 28 37 40 | 5 10
1122,2023-10-28,10 13 24 34 41 | 3 9
1123,2023-10-29,21 24 25 37 39 | 3 7
1124,2023-10-29,24 36 43 46 50 | 3 10
1125,2023-10-30,7 19 25 27 33 | 2 8
1126,2023-10-30,19 20 27 28 48 | 5 6
1127,2023-10-31,8 15 24 31 39 | 3 5
1128,2023-10-31,11 13 29 32 41 | 4 10
1129,2023-11-01,7 11 16 18 20 | 5 7
1130,2023-11-01,12 21 22 31 46 | 8 9
1131,2023-11-02,7 11 35 39 48 | 6 9
1132,2023-11-02,17 18 23 29 47 | 9 10
1133,2023-11-03,3 13 26 27 31 | 6 7
1134,2023-11-03,6 14 17 23 43 | 7 9
1135,2023-11-04,11 15 22 30 47 | 1 3
1136,2023-11-04,8 12 21 29 32 | 3 4
1137,2023-11-05,10 24 26 42 45 | 4 5
1138,2023-11-05,26 34 35 37 50 | 4 7
1139,2023-11-06,4 9 32 34 43 | 1 4
1140,2023-11-06,10 13 18 24 33 | 1 2
1141,2023-11-07,3 8 25 36 47 | 1 2
1142,2023-11-07,5 18 23 35 45 | 8 10
1143,2023-11-08,8 19 31 45 48 | 4 6
1144,2023-11-08,2 16 25 33 50 | 9 10
1145,2023-11-09,1 4 14 20 46 | 8 10
1146,2023-11-09,16 36 43 45 47 | 8 10
1147,2023-11-10,5 9 18 24 50 | 7 8
1148,2023-11-10,10 12 15 30 45 | 1 8
1149,2023-11-11,11 17 31 34 45 | 4 10
1150,2023-11-11,7 11 12 15 47 | 2 6
1151,2023-11-12,2 10 44 46 50 | 4 5
1152,2023-11-12,1 29 37 38 50 | 1 6
1153,2023-11-13,2 12 28 37 46 | 6 9
1154,2023-11-13,8 15 32 37 40 | 6 7
1155,2023-11-14,3 17 44 48 50 | 3 7
1156,2023-11-14,20 22 24 25 45 | 2 10
1157,2023-11-15,4 7 15 25 31 | 2 6
1158,2023-11-15,3 19 33 43 46 | 7 8
1159,2023-11-16,6 22 24 25 46 | 2 9
1160,2023-11-16,3 10 17 24 44 | 1 6
1161,2023-11-17,5 24 29 39 42 | 1 3
1162,2023-11-17,6 10 22 30 46 | 1 7
1163,2023-11-18,9 19 23 36 48 | 5 6
1164,2023-11-18,9 25 26 29 34 | 6 7
1165,2023-11-19,1 17 42 45 47 | 3 5
1166,2023-11-19,14 21 27 36 40 | 3 4
1167,2023-11-20,20 23 27 28 45 | 4 7
1168,2023-11-20,5 13 15 30 48 | 2 10
1169,2023-11-21,4 14 18 38 44 | 9 10
1170,2023-11-21,12 27 38 41 43 | 7 10
1171,2023-11-22,6 12 27 30 49 | 1 6
1172,2023-11-22,12 13 27 31 48 | 5 9
1173,2023-11-23,6 11 20 27 32 | 9 10
1174,2023-11-23,18 25 40 47 49 | 1 10
1175,2023-11-24,2 9 21 47 49 | 7 8
1176,2023-11-24,14 15 21 35 40 | 3 10
1177,2023-11-25,2 11 40 47 49 | 1 7
1178,2023-11-25,1 10 38 46 47 | 1 8
1179,2023-11-26,1 3 22 35 50 | 9 10
1180,2023-11-26,22 23 28 36 40 | 6 8
1181,2023-11-27,11 15 28 31 41 | 2 7
1182,2023-11-27,1 3 10 44 47 | 2 6
1183,2023-11-28,2 5 15 32 35 | 2 10
1184,2023-11-28,7 8 9 38 40 | 8 9
1185,2023-11-29,6 15 18 33 50 | 9 10
1186,2023-11-29,6 28 35 39 50 | 4 10
1187,2023-11-30,13 25 33 38 43 | 6 8
1188,2023-11-30,2 5 13 21 25 | 4 9
1189,2023-12-01,5 25 27 33 44 | 5 7
1190,2023-12-01,9 25 26 30 31 | 1 9
1191,2023-12-02,5 13 21 30 49 | 8 10
1192,2023-12-02,20 27 33 39 43 | 3 7
1193,2023-12-03,31 32 41 45 46 | 1 9
1194,2023-12-03,1 2 10 41 46 | 6 10
1195,2023-12-04,5 7 21 39 48 | 5 7
1196,2023-12-04,14 21 33 36 41 | 3 9
1197,2023-12-05,3 6 14 29 35 | 5 8
1198,2023-12-05,6 23 29 37 43 | 2 5
1199,2023-12-06,3 6 22 32 41 | 6 7
1200,2023-12-06,24 28 31 38 50 | 2 10
1201,2023-12-07,1 5 12 20 48 | 2 5
1202,2023-12-07,4 22 23 32 48 | 7 10
1203,2023-12-08,2 10 14 17 19 | 6 7
1204,2023-12-08,1 8 20 31 33 | 1 9
1205,2023-12-09,10 16 30 31 39 | 4 10
1206,2023-12-09,4 10 13 18 39 | 4 9
1207,2023-12-10,3 28 35 42 50 | 4 5
1208,2023-12-10,15 24 30 32 39 | 6 8
1209,2023-12-11,10 12 43 46 50 | 7 10
1210,2023-12-11,11 14 29 34 37 | 2 5
1211,2023-12-12,2 4 11 16 48 | 1 2
1212,2023-12-12,6 12 17 29 45 | 1 6
1213,2023-12-13,11 12 18 30 34 | 2 8
1214,2023-12-13,9 10 19 20 21 | 1 3
1215,2023-12-14,6 8 13 30 33 | 4 10
1216,2023-12-14,9 22 32 34 47 | 5 9
1217,2023-12-15,1 4 34 35 48 | 6 8
1218,2023-12-15,9 12 39 40 47 | 6 7
1219,2023-12-16,7 11 31 36 49 | 1 5
1220,2023-12-16,6 8 23 30 41 | 2 8
1221,2023-12-17,2 10 16 35 50 | 2 6
1222,2023-12-17,13 15 36 39 44 | 1 9
1223,2023-12-18,12 25 33 43 50 | 5 8
1224,2023-12-18,2 3 8 21 44 | 1 2
1225,2023-12-19,2 8 21 33 34 | 8 10
1226,2023-12-19,5 11 16 18 38 | 4 7
1227,2023-12-20,1 22 23 26 48 | 6 8
1228,2023-12-20,19 33 36 40 41 | 1 5
1229,2023-12-21,14 22 23 30 40 | 2 8
1230,2023-12-21,26 27 29 35 49 | 4 10
1231,2023-12-22,15 27 34 35 44 | 5 10
1232,2023-12-22,9 21 22 26 50 | 5 9
1233,2023-12-23,12 20 38 44 45 | 2 7
1234,2023-12-23,3 12 15 24 50 | 2 4
1235,2023-12-24,11 12 17 33 43 | 2 9
1236,2023-12-24,13 31 33 34 41 | 6 8
1237,2023-12-25,32 33 37 46 49 | 4 10
1238,2023-12-25,4 16 23 31 38 | 1 8
1239,2023-12-26,18 26 27 40 41 | 7 9
1240,2023-12-26,11 28 36 46 48 | 4 9
1241,2023-12-27,9 16 27 36 41 | 2 7
1242,2023-12-27,19 31 32 46 48 | 2 3
1243,2023-12-28,6 19 22 32 50 | 2 10
1244,2023-12-28,14 17 18 20 30 | 3 6
1245,2023-12-29,12 18 26 47 49 | 4 9
1246,2023-12-29,2 13 23 24 48 | 2 7
1247,2023-12-30,7 9 12 35 44 | 6 7
1248,2023-12-30,16 20 21 31 36 | 3 6
1249,2023-12-31,6 16 27 36 40 | 3 10
1250,2023-12-31,2 11 13 27 30 | 4 7
1251,2024-01-01,4 15 32 42 50 | 2 10
1252,2024-01-01,1 7 16 17 23 | 2 4
1253,2024-01-02,2 6 19 20 23 | 1 2
1254,2024-01-02,10 11 27 42 49 | 4 5
1255,2024-01-03,16 21 34 35 49 | 9 10
1256,2024-01-03,10 21 28 29 33 | 2 6
1257,2024-01-04,2 11 20 22 29 | 2 9
1258,2024-01-04,3 23 33 41 42 | 3 7
1259,2024-01-05,3 11 12 33 47 | 5 10
1260,2024-01-05,1 25 31 35 47 | 7 8
1261,2024-01-06,6 21 36 38 44 | 8 10
1262,2024-01-06,11 27 30 31 44 | 3 7
1263,2024-01-07,16 17 27 39 41 | 4 5
1264,2024-01-07,20 31 34 36 46 | 7 8
1265,2024-01-08,7 13 22 45 47 | 6 9
1266,2024-01-08,8 14 22 27 38 | 5 8
1267,2024-01-09,1 2 12 13 23 | 4 9
1268,2024-01-09,7 9 22 42 45 | 1 6
1269,2024-01-10,1 5 26 27 50 | 1 3
1270,2024-01-10,29 30 31 36 46 | 4 9
1271,2024-01-11,8 9 27 30 46 | 4 7
1272,2024-01-11,26 32 33 39 43 | 5 8
1273,2024-01-12,3 9 20 24 35 | 3 4
1274,2024-01-12,4 21 25 29 30 | 4 7
1275,2024-01-13,6 8 10 34 49 | 2 5
1276,2024-01-13,1 8 25 26 46 | 2 3
1277,2024-01-14,1 19 21 29 45 | 3 7
1278,2024-01-14,2 20 39 44 46 | 3 4
1279,2024-01-15,4 7 11 38 45 | 3 4
1280,2024-01-15,4 29 42 47 49 | 5 8
1281,2024-01-16,12 14 19 20 40 | 5 8
1282,2024-01-16,3 4 15 45 46 | 3 9
1283,2024-01-17,8 17 42 44 48 | 3 4
1284,2024-01-17,5 10 13 26 27 | 1 10
1285,2024-01-18,1 9 36 40 42 | 1 4
1286,2024-01-18,10 12 13 25 49 | 3 9
1287,2024-01-19,2 26 28 39 50 | 1 6
1288,2024-01-19,14 15 33 41 50 | 5 7
1289,2024-01-20,7 12 14 40 48 | 1 2
1290,2024-01-20,10 12 15 22 39 | 4 8
1291,2024-01-21,22 26 35 36 46 | 3 10
1292,2024-01-21,11 13 19 39 40 | 3 7
1293,2024-01-22,1 9 34 41 46 | 3 4
1294,2024-01-22,17 24 30 34 35 | 6 9
1295,2024-01-23,5 19 25 40 45 | 1 9
1296,2024-01-23,1 14 19 32 44 | 9 10
1297,2024-01-24,4 11 20 36 40 | 1 8
1298,2024-01-24,1 20 25 29 45 | 5 10
1299,2024-01-25,3 35 38 41 42 | 2 3
1300,2024-01-25,2 10 15 38 41 | 7 10
1301,2024-01-26,1 16 17 29 42 | 2 4
1302,2024-01-26,4 10 38 45 47 | 2 4
1303,2024-01-27,16 21 33 37 43 | 2 7
1304,2024-01-27,5 7 12 18 47 | 6 8
1305,2024-01-28,27 30 36 46 49 | 2 9
1306,2024-01-28,8 14 19 27 45 | 4 10
1307,2024-01-29,5 21 29 41 49 | 3 4
1308,2024-01-29,4 22 23 39 40 | 6 8
1309,2024-01-30,4 5 12 31 36 | 2 6
1310,2024-01-30,6 24 28 31 38 | 2 7
1311,2024-01-31,3 19 28 41 46 | 4 9
1312,2024-01-31,6 12 21 39 41 | 3 4
1313,2024-02-01,7 12 29 39 46 | 2 6
1314,2024-02-01,10 17 23 32 35 | 5 7
1315,2024-02-02,24 26 27 34 38 | 1 2
1316,2024-02-02,17 22 30 31 40 | 5 7
1317,2024-02-03,4 18 34 42 43 | 7 8
1318,2024-02-03,3 11 17 32 47 | 1 7
1319,2024-02-04,14 17 33 37 48 | 1 10
1320,2024-02-04,12 29 31 42 45 | 4 5
1321,2024-02-05,13 17 22 23 29 | 2 9
1322,2024-02-05,2 12 14 23 36 | 3 5
1323,2024-02-06,7 23 24 29 31 | 2 8
1324,2024-02-06,9 18 27 33 35 | 6 10
1325,2024-02-07,7 15 24 34 39 | 1 5
1326,2024-02-07,18 30 39 47 48 | 3 4
1327,2024-02-08,1 7 11 18 44 | 6 9
1328,2024-02-08,7 8 12 14 28 | 2 10
1329,2024-02-09,13 16 25 33 37 | 2 8
1330,2024-02-09,28 36 46 47 50 | 3 7
1331,2024-02-10,15 28 29 31 38 | 1 8
1332,2024-02-10,16 21 23 38 46 | 5 8
1333,2024-02-11,20 23 32 45 47 | 1 10
1334,2024-02-11,4 11 39 43 47 | 4 8
1335,2024-02-12,6 26 33 41 48 | 6 8
1336,2024-02-12,9 15 30 34 44 | 1 4
1337,2024-02-13,6 17 20 22 43 | 2 9
1338,2024-02-13,1 17 33 37 42 | 3 10
1339,2024-02-14,30 33 38 40 46 | 2 5
1340,2024-02-14,8 18 32 35 41 | 3 4
1341,2024-02-15,12 30 31 42 47 | 1 9
1342,2024-02-15,2 15 16 23 27 | 6 9
1343,2024-02-16,2 5 26 30 34 | 3 9
1344,2024-02-16,3 9 18 20 33 | 2 9
1345,2024-02-17,7 18 19 39 43 | 1 6
1346,2024-02-17,15 16 19 22 34 | 7 10
1347,2024-02-18,8 13 30 35 47 | 2 5
1348,2024-02-18,11 12 45 47 50 | 9 10
1349,2024-02-19,2 14 21 30 39 | 5 9
1350,2024-02-19,9 10 15 17 42 | 3 6
1351,2024-02-20,2 28 35 36 46 | 3 5
1352,2024-02-20,23 24 25 46 48 | 4 7
1353,2024-02-21,6 7 10 35 37 | 3 4
1354,2024-02-21,3 4 16 20 26 | 6 9
1355,2024-02-22,18 25 33 40 48 | 1 8
1356,2024-02-22,2 32 33 35 43 | 2 8
1357,2024-02-23,1 11 22 35 38 | 1 4
1358,2024-02-23,3 10 40 44 46 | 1 10
1359,2024-02-24,10 20 23 38 47 | 2 9
1360,2024-02-24,4 11 34 38 40 | 1 5
1361,2024-02-25,10 12 37 42 50 | 5 8
1362,2024-02-25,4 8 18 20 46 | 6 7
1363,2024-02-26,2 25 38 45 46 | 2 7
1364,2024-02-26,12 19 21 23 31 | 2 4
1365,2024-02-27,5 19 22 23 44 | 1 7
1366,2024-02-27,9 11 42 43 50 | 4 6
1367,2024-02-28,4 32 35 38 45 | 8 9
1368,2024-02-28,4 17 20 25 34 | 4 10
1369,2024-02-29,11 22 33 38 45 | 6 9
1370,2024-02-29,18 26 32 33 48 | 6 8
1371,2024-03-01,1 12 15 19 33 | 5 10
1372,2024-03-01,9 10 38 43 45 | 1 7
1373,2024-03-02,2 5 13 21 22 | 6 8
1374,2024-03-02,5 11 21 33 41 | 2 10
1375,2024-03-03,3 6 11 16 45 | 2 3
1376,2024-03-03,1 8 22 37 46 | 2 8
1377,2024-03-04,1 18 38 44 45 | 2 8
1378,2024-03-04,17 20 32 36 43 | 6 8
1379,2024-03-05,12 20 23 39 50 | 6 10
1380,2024-03-05,2 12 40 41 42 | 3 5
1381,2024-03-06,21 22 33 44 49 | 4 5
1382,2024-03-06,1 2 13 17 26 | 3 10
1383,2024-03-07,18 23 26 47 50 | 3 10
1384,2024-03-07,2 21 26 30 32 | 1 6
1385,2024-03-08,4 16 31 41 42 | 1 7
1386,2024-03-08,17 26 40 46 49 | 9 10
1387,2024-03-09,14 37 41 46 47 | 4 7
1388,2024-03-09,4 10 17 18 28 | 3 6
1389,2024-03-10,3 27 35 36 38 | 9 10
1390,2024-03-10,12 14 16 23 47 | 7 10
1391,2024-03-11,6 14 19 40 50 | 3 9
1392,2024-03-11,11 15 17 25 49 | 7 8
1393,2024-03-12,8 10 14 34 39 | 4 7
1394,2024-03-12,2 12 17 36 45 | 7 10
1395,2024-03-13,3 22 39 44 45 | 3 5
1396,2024-03-13,15 21 30 44 46 | 7 10
1397,2024-03-14,7 32 38 45 46 | 5 6
1398,2024-03-14,3 34 35 45 49 | 1 10
1399,2024-03-15,1 13 16 22 40 | 4 10
1400,2024-03-15,9 19 22 42 45 | 6 7
1401,2024-03-16,6 16 17 18 37 | 3 9
1402,2024-03-16,8 10 11 26 34 | 3 7
1403,2024-03-17,13 26 32 34 41 | 3 9
1404,2024-03-17,18 24 36 39 48 | 1 4
1405,2024-03-18,15 17 24 28 41 | 3 10
1406,2024-03-18,3 20 27 39 42 | 1 3
1407,2024-03-19,15 20 29 34 35 | 1 2
1408,2024-03-19,11 28 29 30 34 | 2 3
1409,2024-03-20,12 17 18 27 34 | 5 8
1410,2024-03-20,3 4 11 19 33 | 2 3
1411,2024-03-21,1 16 17 37 40 | 9 10
1412,2024-03-21,12 24 31 41 46 | 8 9
1413,2024-03-22,2 28 42 43 50 | 5 7
1414,2024-03-22,19 20 30 36 50 | 9 10
1415,2024-03-23,6 8 11 43 48 | 1 3
1416,2024-03-23,7 18 30 34 40 | 6 10
1417,2024-03-24,1 10 18 38 41 | 1 4
1418,2024-03-24,8 14 38 44 45 | 1 9
1419,2024-03-25,3 10 26 29 37 | 6 10
1420,2024-03-25,1 16 17 26 31 | 4 6
1421,2024-03-26,24 30 33 34 37 | 1 9
1422,2024-03-26,4 19 30 46 48 | 2 4
1423,2024-03-27,10 17 19 31 41 | 2 3
1424,2024-03-27,4 15 28 43 47 | 2 7
1425,2024-03-28,17 27 29 40 50 | 2 3
1426,2024-03-28,3 16 30 31 44 | 3 4
1427,2024-03-29,4 9 26 30 33 | 2 7
1428,2024-03-29,13 34 37 42 50 | 8 9
1429,2024-03-30,2 6 33 34 35 | 2 6
1430,2024-03-30,10 20 37 40 46 | 6 8
1431,2024-03-31,4 14 30 36 45 | 3 9
1432,2024-03-31,5 39 40 42 47 | 1 8
1433,2024-04-01,11 24 30 40 49 | 4 5
1434,2024-04-01,5 31 43 46 47 | 7 8
1435,2024-04-04,22 30 32 44 49 | 4 10
1436,2024-04-05,13 23 30 40 42 | 3 4
1437,2024-04-05,2 19 33 34 38 | 2 8
1438,2024-04-06,1 12 23 26 35 | 1 4
1439,2024-04-06,3 7 14 36 45 | 1 5
1440,2024-04-07,2 5 11 19 36 | 3 5
1441,2024-04-07,7 23 25 44 49 | 1 8
1442,2024-04-08,8 13 23 36 41 | 2 10
1443,2024-04-08,19 23 27 34 45 | 4 9
1444,2024-04-09,4 19 31 35 49 | 6 9
1445,2024-04-09,1 9 40 42 43 | 4 7
1446,2024-04-10,1 6 23 24 29 | 2 9
1447,2024-04-10,4 13 28 37 49 | 2 4
1448,2024-04-11,11 31 38 39 40 | 1 3
1449,2024-04-11,5 22 32 37 47 | 7 10
1450,2024-04-12,3 5 22 23 36 | 1 7
1451,2024-04-12,3 8 28 31 39 | 3 5
1452,2024-04-13,1 3 16 17 28 | 1 5
1453,2024-04-13,12 15 26 33 46 | 2 9
1454,2024-04-14,5 11 29 36 46 | 4 6
1455,2024-04-14,15 21 42 46 49 | 1 9
1456,2024-04-15,10 17 21 31 50 | 5 9
1457,2024-04-15,10 13 31 34 35 | 3 6
1458,2024-04-16,2 9 33 36 37 | 2 4
1459,2024-04-16,11 28 29 39 50 | 2 10
1460,2024-04-17,23 29 37 43 47 | 6 10
1461,2024-04-17,13 22 39 42 47 | 2 8
1462,2024-04-18,4 10 15 26 31 | 1 3
1463,2024-04-18,1 15 20 22 49 | 1 9
1464,2024-04-19,9 10 40 41 46 | 7 9
1465,2024-04-19,5 15 16 22 32 | 2 4
1466,2024-04-20,1 2 26 38 39 | 3 9
1467,2024-04-20,8 9 14 22 28 | 2 4
1468,2024-04-21,2 5 11 16 28 | 2 4
1469,2024-04-21,16 24 46 49 50 | 2 6
1470,2024-04-22,7 9 18 22 41 | 6 7
1471,2024-04-22,4 13 23 34 37 | 2 3
1472,2024-04-23,25 30 31 44 46 | 2 9
1473,2024-04-23,27 34 35 40 50 | 4 10
1474,2024-04-24,3 26 27 30 36 | 2 10
1475,2024-04-24,3 9 11 25 38 | 1 6
1476,2024-04-25,3 23 26 32 39 | 2 9
1477,2024-04-25,2 3 22 31 45 | 7 10
1478,2024-04-26,10 24 27 30 31 | 5 6
1479,2024-04-26,2 7 9 14 25 | 4 9
1480,2024-04-27,5 15 35 47 48 | 1 10
1481,2024-04-27,10 21 28 41 42 | 3 9
1482,2024-04-28,8 11 13 39 45 | 1 6
1483,2024-04-28,4 7 17 30 43 | 4 10
1484,2024-04-29,20 28 29 37 39 | 3 9
1485,2024-04-29,26 30 37 38 40 | 1 4
1486,2024-04-30,29 35 36 39 50 | 8 9
1487,2024-04-30,10 15 26 29 46 | 2 3
1488,2024-05-01,10 14 20 29 49 | 1 8
1489,2024-05-01,5 9 35 44 49 | 1 3
1490,2024-05-02,17 23 26 38 40 | 6 7
1491,2024-05-02,5 15 33 36 42 | 5 10
1492,2024-05-03,11 35 43 45 48 | 4 10
1493,2024-05-03,9 17 28 32 43 | 2 7
1494,2024-05-04,1 26 38 46 50 | 3 6
1495,2024-05-04,5 21 25 30 50 | 2 6
1496,2024-05-05,5 12 19 38 47 | 6 7
1497,2024-05-05,1 11 15 29 43 | 8 10
1498,2024-05-06,1 21 31 40 49 | 2 8
1499,2024-05-06,20 22 27 33 42 | 1 2
1500,2024-05-07,11 20 36 43 48 | 7 10
1501,2024-05-07,18 20 21 44 50 | 5 10
1502,2024-05-08,27 36 39 42 44 | 2 9
1503,2024-05-08,1 3 4 15 33 | 4 10
1504,2024-05-09,15 22 25 40 49 | 3 7
1505,2024-05-09,6 17 22 32 35 | 3 6
1506,2024-05-10,10 17 45 49 50 | 5 10
1507,2024-05-10,7 15 16 35 40 | 9 10
1508,2024-05-11,4 10 14 28 40 | 1 9
1509,2024-05-11,12 30 34 41 44 | 9 10
1510,2024-05-12,3 9 13 40 49 | 3 4
1511,2024-05-12,3 6 19 35 39 | 3 6
1512,2024-05-13,3 5 6 15 46 | 5 8
1513,2024-05-13,13 15 16 25 42 | 1 4
1514,2024-05-14,5 16 36 40 44 | 6 7
1515,2024-05-14,9 10 30 36 40 | 4 9
1516,2024-05-15,10 13 30 31 37 | 1 6
1517,2024-05-15,3 5 16 18 38 | 2 7
1518,2024-05-16,17 18 20 21 49 | 5 6
1519,2024-05-16,17 22 39 43 44 | 4 7
1520,2024-05-17,18 21 28 30 44 | 4 6
1521,2024-05-17,27 33 43 48 50 | 6 8
1522,2024-05-18,13 17 22 32 38 | 3 9
1523,2024-05-18,4 36 40 42 50 | 7 10
1524,2024-05-19,10 24 34 40 50 | 1 3
1525,2024-05-19,18 28 31 32 38 | 4 10
1526,2024-05-20,4 37 39 45 46 | 1 3
1527,2024-05-20,17 18 36 42 46 | 4 6
1528,2024-05-21,7 19 28 42 46 | 1 3
1529,2024-05-21,9 12 19 25 47 | 4 7
1530,2024-05-22,7 9 22 44 47 | 4 9
1531,2024-05-22,15 20 33 44 48 | 1 4
1532,2024-05-23,5 14 28 49 50 | 4 7
1533,2024-05-23,4 8 13 17 38 | 1 3
1534,2024-05-24,1 6 13 22 47 | 5 6
1535,2024-05-24,5 14 31 38 45 | 7 9
1536,2024-05-25,6 10 13 25 31 | 2 5
1537,2024-05-25,4 5 38 40 48 | 6 10
1538,2024-05-26,24 28 31 39 42 | 4 5
1539,2024-05-26,5 9 10 27 50 | 8 10
1540,2024-05-27,8 16 17 23 45 | 1 7
1541,2024-05-27,12 31 35 44 48 | 5 7
1542,2024-05-28,23 26 41 44 47 | 3 4
1543,2024-05-28,16 22 30 40 43 | 1 3
1544,2024-05-29,14 25 34 41 49 | 7 9
1545,2024-05-29,13 16 20 33 46 | 1 9
1546,2024-05-30,7 11 20 22 47 | 3 5
1547,2024-05-30,5 25 34 37 46 | 3 7
1548,2024-05-31,9 12 15 23 30 | 1 5
1549,2024-05-31,6 11 26 41 42 | 2 8
1550,2024-06-01,1 20 39 41 46 | 5 10
1551,2024-06-01,22 39 42 44 46 | 3 4
1552,2024-06-02,8 9 13 24 43 | 1 3
1553,2024-06-02,7 26 36 38 40 | 6 10
1554,2024-06-03,1 17 24 42 43 | 5 7
1555,2024-06-03,14 31 38 40 48 | 4 10
1556,2024-06-04,2 7 14 20 26 | 3 7
1557,2024-06-04,3 5 14 29 49 | 2 8
1558,2024-06-05,16 18 25 27 34 | 8 9
1559,2024-06-05,6 12 22 26 47 | 1 6
1560,2024-06-06,10 12 15 23 47 | 2 7
1561,2024-06-06,6 23 31 49 50 | 2 5
1562,2024-06-07,28 30 32 39 49 | 2 4
1563,2024-06-07,8 11 16 18 32 | 2 10
1564,2024-06-08,19 29 30 35 41 | 1 5
1565,2024-06-08,34 37 43 44 47 | 3 8
1566,2024-06-09,3 7 15 41 44 | 2 9
1567,2024-06-09,4 15 28 39 41 | 3 6
1568,2024-06-10,3 4 21 38 39 | 1 9
1569,2024-06-10,17 21 28 31 32 | 4 10
1570,2024-06-11,1 26 36 46 49 | 3 6
1571,2024-06-11,18 22 28 43 45 | 2 10
1572,2024-06-12,10 19 30 32 45 | 3 7
1573,2024-06-12,12 35 39 40 50 | 1 7
1574,2024-06-13,8 18 23 37 50 | 2 6
1575,2024-06-13,3 10 37 40 48 | 1 3
1576,2024-06-14,2 7 13 32 49 | 2 9
1577,2024-06-14,2 30 31 41 44 | 2 4
1578,2024-06-15,7 14 33 42 43 | 2 10
1579,2024-06-15,10 19 21 42 43 | 8 10
1580,2024-06-16,5 6 22 33 41 | 4 10
1581,2024-06-16,8 21 38 39 50 | 5 8
1582,2024-06-17,7 8 13 28 36 | 5 6
1583,2024-06-17,10 28 32 37 47 | 4 9
1584,2024-06-18,4 12 20 37 47 | 1 5
1585,2024-06-18,5 12 18 29 35 | 1 8
1586,2024-06-19,4 9 25 36 42 | 3 9
1587,2024-06-19,5 9 15 24 30 | 2 6
1588,2024-06-20,2 17 26 36 40 | 8 10
1589,2024-06-20,10 14 26 39 44 | 5 10
1590,2024-06-21,7 8 17 32 49 | 1 4
1591,2024-06-21,31 34 35 38 49 | 4 6
1592,2024-06-22,2 18 29 37 39 | 5 7
1593,2024-06-22,6 16 21 27 35 | 4 8
1594,2024-06-23,6 11 17 42 43 | 2 7
1595,2024-06-23,20 33 45 48 50 | 6 7
1596,2024-06-24,10 20 37 39 49 | 1 5
1597,2024-06-24,11 18 21 30 31 | 4 9
1598,2024-06-25,13 18 31 38 46 | 2 9
1599,2024-06-25,21 23 36 42 49 | 4 10
1600,2024-06-26,7 21 23 25 35 | 1 10
1601,2024-06-26,13 29 42 47 49 | 5 6
1602,2024-06-27,8 10 11 16 32 | 7 8
1603,2024-06-27,3 28 32 40 44 | 1 6
1604,2024-06-28,9 10 17 21 44 | 4 5
1605,2024-06-28,9 19 35 41 50 | 1 7
1606,2024-06-29,2 3 19 34 48 | 3 7
1607,2024-06-29,1 5 9 25 38 | 5 10
1608,2024-06-30,2 20 28 41 43 | 2 3
1609,2024-06-30,9 10 24 45 50 | 8 9
1610,2024-07-01,9 21 23 27 41 | 3 5
1611,2024-07-01,14 16 32 43 46 | 1 6
1612,2024-07-02,7 21 24 27 47 | 2 4
1613,2024-07-02,3 7 21 24 27 | 8 10
1614,2024-07-03,7 8 22 24 42 | 3 9
1615,2024-07-03,2 13 21 34 35 | 6 9
1616,2024-07-04,4 6 18 24 43 | 3 4
1617,2024-07-04,9 20 24 44 47 | 7 8
1618,2024-07-05,21 27 38 44 46 | 4 6
1619,2024-07-05,15 19 22 28 29 | 5 9
1620,2024-07-06,2 8 9 39 50 | 7 9
1621,2024-07-06,1 11 25 31 39 | 4 6
1622,2024-07-07,2 12 18 31 50 | 3 5
1623,2024-07-07,16 21 36 42 45 | 1 4
1624,2024-07-08,8 13 26 28 46 | 2 4
1625,2024-07-08,9 11 18 32 48 | 3 4
1626,2024-07-09,27 31 32 33 40 | 4 9
1627,2024-07-09,16 21 36 40 49 | 7 8
1628,2024-07-10,26 31 33 34 45 | 3 10
1629,2024-07-10,1 3 26 29 42 | 7 10
1630,2024-07-11,1 4 17 30 45 | 1 3
1631,2024-07-11,4 17 29 38 45 | 2 9
1632,2024-07-12,1 9 12 17 32 | 4 6
1633,2024-07-12,6 10 15 18 19 | 2 3
1634,2024-07-13,1 10 22 27 42 | 1 10
1635,2024-07-13,5 9 10 15 17 | 9 10
1636,2024-07-14,7 15 25 27 37 | 7 10
1637,2024-07-14,1 6 11 37 48 | 9 10
1638,2024-07-15,6 9 20 22 26 | 5 8
1639,2024-07-15,2 3 16 17 29 | 4 6
1640,2024-07-16,2 8 33 46 48 | 3 10
1641,2024-07-16,16 38 39 48 49 | 5 8
1642,2024-07-17,5 17 30 36 50 | 6 9
1643,2024-07-17,2 14 26 27 47 | 4 7
1644,2024-07-18,10 11 19 21 23 | 2 8
1645,2024-07-18,25 32 35 36 46 | 4 7
1646,2024-07-19,11 21 36 37 38 | 5 8
1647,2024-07-19,4 25 36 40 46 | 2 8
1648,2024-07-20,3 13 14 34 48 | 1 10
1649,2024-07-20,12 14 28 29 37 | 5 6
1650,2024-07-21,2 29 36 42 49 | 6 7
1651,2024-07-21,15 37 45 48 49 | 3 9
1652,2024-07-22,14 29 34 43 47 | 2 10
1653,2024-07-22,4 12 20 27 34 | 2 5
1654,2024-07-23,1 15 25 32 40 | 7 8
1655,2024-07-23,6 11 39 42 48 | 1 7
1656,2024-07-24,6 21 23 24 26 | 5 9
1657,2024-07-24,3 22 26 37 40 | 4 10
1658,2024-07-25,3 5 10 11 20 | 7 8
1659,2024-07-25,5 6 11 25 33 | 6 10
1660,2024-07-26,3 7 9 16 48 | 8 9
1661,2024-07-26,9 24 29 40 46 | 7 8
1662,2024-07-27,12 13 22 32 36 | 1 3
1663,2024-07-27,13 14 22 38 43 | 3 9
1664,2024-07-28,2 10 12 13 34 | 2 9
1665,2024-07-28,4 6 22 24 48 | 4 9
1666,2024-07-29,6 7 26 41 49 | 1 6
1667,2024-07-29,3 4 11 35 41 | 3 4
1668,2024-07-30,8 11 21 31 35 | 5 9
1669,2024-07-30,2 10 22 36 41 | 3 7
1670,2024-07-31,2 8 13 22 41 | 1 8
1671,2024-07-31,11 15 29 31 39 | 2 3
1672,2024-08-01,7 14 35 45 47 | 4 10
1673,2024-08-01,7 17 19 39 44 | 4 6
1674,2024-08-02,17 26 27 36 40 | 5 9
1675,2024-08-02,15 19 34 44 50 | 2 7
1676,2024-08-03,26 27 35 36 44 | 5 7
1677,2024-08-03,11 18 36 43 46 | 6 7
1678,2024-08-04,4 8 9 20 29 | 5 6
1679,2024-08-04,7 9 39 41 50 | 7 8
1680,2024-08-05,5 29 31 34 47 | 2 3
1681,2024-08-05,26 36 38 41 46 | 1 6
1682,2024-08-06,15 33 45 46 48 | 1 9
1683,2024-08-06,2 11 19 29 45 | 4 8
1684,2024-08-07,3 8 44 46 47 | 2 7
1685,2024-08-07,2 22 26 32 39 | 7 9
1686,2024-08-08,9 18 33 39 42 | 1 8
1687,2024-08-08,2 3 40 44 47 | 3 8
1688,2024-08-09,11 32 40 44 49 | 4 10
1689,2024-08-09,1 7 19 20 28 | 7 9
1690,2024-08-10,12 15 43 48 50 | 5 6
1691,2024-08-10,3 6 12 26 49 | 2 5
1692,2024-08-11,13 15 32 38 49 | 3 9
1693,2024-08-11,6 7 10 41 50 | 6 8
1694,2024-08-12,8 9 17 27 34 | 4 5
1695,2024-08-12,1 6 16 27 37 | 7 8
1696,2024-08-13,2 9 23 27 35 | 1 8
1697,2024-08-13,2 9 17 26 39 | 4 9
1698,2024-08-14,1 4 18 19 28 | 1 3
1699,2024-08-14,3 14 30 42 45 | 1 5
1700,2024-08-15,8 23 35 49 50 | 4 10
1701,2024-08-15,2 9 14 27 40 | 6 10
1702,2024-08-16,12 15 19 28 33 | 1 3
1703,2024-08-16,8 17 26 33 50 | 5 10
1704,2024-08-17,1 2 9 15 33 | 2 8
1705,2024-08-17,10 12 39 47 49 | 2 6
1706,2024-08-18,15 22 37 39 46 | 3 5
1707,2024-08-18,14 28 35 43 50 | 7 10
1708,2024-08-19,22 26 29 38 44 | 1 8
1709,2024-08-19,30 32 40 41 42 | 6 10
1710,2024-08-20,5 15 32 45 49 | 7 10
1711,2024-08-20,19 21 34 39 40 | 1 8
1712,2024-08-21,5 20 31 32 42 | 9 10
1713,2024-08-21,9 11 33 39 46 | 2 4
1714,2024-08-22,5 15 19 28 43 | 3 9
1715,2024-08-22,6 9 10 41 42 | 5 9
1716,2024-08-23,9 16 30 37 46 | 3 8
1717,2024-08-23,3 13 33 40 50 | 1 4
1718,2024-08-24,22 25 29 38 49 | 8 9
1719,2024-08-24,3 14 16 35 42 | 1 3
1720,2024-08-25,10 19 22 29 50 | 7 8
1721,2024-08-25,7 15 26 43 50 | 4 6
1722,2024-08-26,13 30 34 37 44 | 4 5
1723,2024-08-26,2 18 24 34 41 | 2 9
1724,2024-08-27,12 19 31 39 45 | 2 3
1725,2024-08-27,4 5 12 35 42 | 8 9
1726,2024-08-28,11 12 18 26 35 | 6 9
1727,2024-08-28,6 11 23 25 46 | 3 9
1728,2024-08-29,6 15 28 29 45 | 7 8
1729,2024-08-29,12 20 23 30 31 | 2 5
1730,2024-08-30,2 20 32 39 44 | 2 5
1731,2024-08-30,2 4 30 47 50 | 3 4
1732,2024-08-31,3 9 23 26 39 | 3 4
1733,2024-08-31,10 16 21 45 50 | 1 9
1734,2024-09-01,13 14 41 49 50 | 5 9
1735,2024-09-01,7 11 16 39 42 | 1 6
1736,2024-09-02,15 16 19 25 38 | 2 5
1737,2024-09-02,14 19 21 35 44 | 2 6
1738,2024-09-03,5 7 32 40 42 | 1 9
1739,2024-09-03,14 20 38 40 42 | 4 8
1740,2024-09-04,12 13 21 28 43 | 1 9
1741,2024-09-04,8 17 26 29 50 | 4 7
1742,2024-09-05,6 31 32 36 40 | 9 10
1743,2024-09-05,1 14 20 32 33 | 5 7
1744,2024-09-06,12 39 41 44 50 | 5 8
1745,2024-09-06,2 17 20 22 34 | 6 7
1746,2024-09-07,5 6 18 44 46 | 3 10
1747,2024-09-07,1 20 23 48 49 | 7 8
1748,2024-09-08,4 16 36 41 43 | 6 10
1749,2024-09-08,10 31 32 49 50 | 3 4
1750,2024-09-09,7 20 30 31 39 | 5 7
1751,2024-09-09,21 22 23 28 31 | 7 8
1752,2024-09-10,11 15 31 46 48 | 7 10
1753,2024-09-10,24 29 44 47 48 | 2 5
1754,2024-09-11,8 12 25 35 42 | 1 4
1755,2024-09-11,23 31 37 40 46 | 5 9
1756,2024-09-12,1 10 21 29 40 | 1 4
1757,2024-09-12,8 10 11 23 25 | 6 8
1758,2024-09-13,1 3 5 36 48 | 6 7
1759,2024-09-13,7 20 23 39 48 | 3 8
1760,2024-09-14,3 12 14 47 48 | 2 9
1761,2024-09-14,14 24 37 40 41 | 8 10
1762,2024-09-15,6 13 28 37 50 | 7 10
1763,2024-09-15,11 17 25 34 50 | 7 9
1764,2024-09-16,11 40 45 49 50 | 1 8
1765,2024-09-16,5 15 24 33 43 | 7 8
1766,2024-09-17,34 39 40 46 48 | 3 7
1767,2024-09-17,1 3 5 16 42 | 5 8
1768,2024-09-18,2 12 24 29 39 | 2 6
1769,2024-09-18,12 15 22 32 34 | 4 8
1770,2024-09-19,12 15 23 45 50 | 3 10
1771,2024-09-19,11 13 19 28 33 | 6 10
1772,2024-09-20,5 16 19 33 41 | 5 9
1773,2024-09-20,8 26 44 45 48 | 7 8
1774,2024-09-21,12 15 32 35 44 | 3 5
1775,2024-09-21,5 10 21 27 46 | 1 4
1776,2024-09-22,12 13 25 28 46 | 5 7
1777,2024-09-22,2 3 16 21 35 | 1 2
1778,2024-09-23,16 17 19 43 48 | 7 10
1779,2024-09-23,10 13 19 24 32 | 1 8
1780,2024-09-24,10 16 30 34 46 | 5 7
1781,2024-09-24,8 26 34 35 45 | 5 8
1782,2024-09-25,8 11 26 29 30 | 3 9
1783,2024-09-25,8 14 19 31 38 | 4 9
1784,2024-09-26,16 19 20 35 44 | 6 7
1785,2024-09-26,12 24 29 45 50 | 2 3
1786,2024-09-27,1 7 9 14 41 | 1 2
1787,2024-09-27,6 19 20 26 35 | 1 6
1788,2024-09-28,6 8 14 28 40 | 6 8
1789,2024-09-28,3 4 5 16 28 | 3 4
1790,2024-09-29,6 7 8 11 50 | 4 10
1791,2024-09-29,3 26 28 30 38 | 3 9
1792,2024-09-30,4 24 26 37 46 | 1 2
1793,2024-09-30,5 23 26 42 45 | 7 9
1794,2024-10-01,7 9 27 41 42 | 3 7
1795,2024-10-01,6 8 27 40 49 | 7 8
1796,2024-10-02,7 9 11 14 30 | 7 8
1797,2024-10-02,3 20 29 33 43 | 1 8
1798,2024-10-03,10 22 27 28 39 | 4 9
1799,2024-10-03,3 4 9 29 47 | 3 4
1800,2024-10-04,12 17 26 32 47 | 8 9
1801,2024-10-04,3 25 34 41 47 | 1 10
1802,2024-10-05,14 16 17 24 48 | 9 10
1803,2024-10-05,1 18 21 30 31 | 4 5
1804,2024-10-06,4 14 17 34 49 | 2 3
1805,2024-10-06,7 11 40 46 47 | 2 3
1806,2024-10-07,13 18 43 45 50 | 2 10
1807,2024-10-07,2 14 24 38 39 | 4 8
1808,2024-10-08,18 20 26 29 36 | 1 8
1809,2024-10-08,5 12 14 22 25 | 1 7
1810,2024-10-09,10 19 35 44 46 | 9 10
1811,2024-10-09,1 19 30 34 35 | 5 9
1812,2024-10-10,23 24 25 28 33 | 2 9
1813,2024-10-10,7 17 21 28 30 | 1 2
1814,2024-10-11,4 26 36 43 48 | 1 3
1815,2024-10-11,6 16 22 29 39 | 2 10
1816,2024-10-12,2 5 18 39 45 | 2 6
1817,2024-10-12,5 9 19 20 25 | 2 9
1818,2024-10-13,5 16 33 48 49 | 5 9
1819,2024-10-13,3 5 9 30 38 | 5 10
1820,2024-10-14,11 20 39 40 44 | 1 8
1821,2024-10-14,5 7 16 28 38 | 5 9
1822,2024-10-15,8 19 28 31 47 | 8 10
1823,2024-10-15,6 14 15 32 49 | 2 9
1824,2024-10-16,8 15 16 36 43 | 1 9
1825,2024-10-16,2 6 22 31 44 | 5 6
1826,2024-10-17,3 14 22 23 41 | 5 6
1827,2024-10-17,5 22 38 47 49 | 3 9
1828,2024-10-18,5 13 14 25 48 | 8 9
1829,2024-10-18,16 17 19 26 38 | 1 10
1830,2024-10-19,6 9 22 23 33 | 2 9
1831,2024-10-19,7 9 15 19 40 | 3 8
1832,2024-10-20,4 30 37 39 40 | 4 7
1833,2024-10-20,7 14 17 19 36 | 8 10
1834,2024-10-21,18 32 41 48 49 | 3 8
1835,2024-10-21,2 3 6 17 22 | 1 5
1836,2024-10-22,2 6 15 36 39 | 6 8
1837,2024-10-22,1 7 10 31 50 | 6 7
1838,2024-10-23,17 35 37 39 49 | 4 8
1839,2024-10-23,6 21 26 30 46 | 9 10
1840,2024-10-24,12 20 32 41 42 | 5 7
1841,2024-10-24,2 9 15 24 44 | 1 10
1842,2024-10-25,3 12 15 29 50 | 2 4
1843,2024-10-25,15 18 30 42 43 | 2 7
1844,2024-10-26,20 24 37 39 49 | 8 10
1845,2024-10-26,31 42 43 45 46 | 1 8
1846,2024-10-27,4 14 17 47 50 | 7 8
1847,2024-10-27,1 29 33 47 50 | 3 8
1848,2024-10-28,22 29 43 47 50 | 9 10
1849,2024-10-28,5 17 18 24 46 | 5 10
1850,2024-10-29,29 33 41 49 50 | 1 5
1851,2024-10-29,11 18 21 26 29 | 2 4
1852,2024-10-30,8 12 16 30 47 | 2 6
1853,2024-10-30,4 16 22 30 35 | 1 7
1854,2024-10-31,25 29 31 45 47 | 4 8
1855,2024-10-31,4 6 9 17 43 | 4 9
1856,2024-11-01,7 24 39 49 50 | 3 9
1857,2024-11-01,9 29 43 44 48 | 1 10
1858,2024-11-02,11 20 27 30 36 | 7 9
1859,2024-11-02,5 8 13 14 23 | 6 9
1860,2024-11-03,3 8 17 33 43 | 2 4
1861,2024-11-03,6 28 33 41 46 | 1 9
1862,2024-11-04,19 28 32 33 36 | 1 3
1863,2024-11-04,4 18 37 44 46 | 8 9
1864,2024-11-05,4 7 14 30 50 | 3 8
1865,2024-11-05,6 18 19 36 37 | 2 4
1866,2024-11-06,6 28 33 37 49 | 5 8
1867,2024-11-06,4 8 21 30 39 | 1 7
1868,2024-11-07,6 7 18 30 48 | 2 7
1869,2024-11-07,1 2 23 36 49 | 4 6
1870,2024-11-08,3 15 44 45 48 | 2 9
1871,2024-11-08,10 22 31 37 42 | 1 2
1872,2024-11-09,2 6 8 11 49 | 4 6
1873,2024-11-09,11 17 33 40 50 | 4 9
1874,2024-11-10,12 14 20 23 29 | 1 5
1875,2024-11-10,4 8 11 18 20 | 1 9
1876,2024-11-11,13 20 23 27 46 | 6 10
1877,2024-11-11,21 35 38 42 50 | 1 6
1878,2024-11-12,5 7 37 45 46 | 1 6
1879,2024-11-12,20 28 30 32 37 | 2 8
1880,2024-11-13,12 20 30 41 49 | 6 8
1881,2024-11-13,6 32 33 41 45 | 3 8
1882,2024-11-14,2 26 29 30 44 | 2 5
1883,2024-11-14,13 31 36 49 50 | 2 3
1884,2024-11-15,4 18 29 36 47 | 8 10
1885,2024-11-15,16 24 32 41 43 | 6 10
1886,2024-11-16,5 7 14 21 35 | 3 6
1887,2024-11-16,4 16 21 36 37 | 8 9
1888,2024-11-17,15 17 22 28 33 | 5 7
1889,2024-11-17,12 13 37 45 49 | 4 7
1890,2024-11-18,1 6 26 42 44 | 5 7
1891,2024-11-18,3 9 12 41 45 | 4 5
1892,2024-11-19,11 14 16 32 39 | 2 6
1893,2024-11-19,2 6 17 26 28 | 2 9
1894,2024-11-20,5 8 17 35 41 | 2 3
1895,2024-11-20,11 13 17 43 46 | 2 8
1896,2024-11-21,6 9 16 28 49 | 3 9
1897,2024-11-21,18 21 36 45 47 | 4 6
1898,2024-11-22,5 19 32 48 49 | 6 10
1899,2024-11-22,18 28 31 37 49 | 4 8
1900,2024-11-23,12 17 18 34 42 | 3 10
1901,2024-11-23,2 15 29 38 50 | 1 2
1902,2024-11-24,9 18 34 35 40 | 2 4
1903,2024-11-24,8 13 19 39 50 | 2 4
1904,2024-11-25,2 22 23 39 48 | 5 7
1905,2024-11-25,7 12 19 20 41 | 2 3
1906,2024-11-26,10 15 22 29 30 | 4 10
1907,2024-11-26,17 20 27 46 47 | 4 6
1908,2024-11-27,7 8 22 41 47 | 1 4
1909,2024-11-27,5 8 19 20 34 | 8 10
1910,2024-11-28,15 34 39 44 46 | 4 10
1911,2024-11-28,12 21 31 32 33 | 4 10
1912,2024-11-29,12 30 35 39 42 | 2 3
1913,2024-11-29,4 16 27 31 34 | 5 10
1914,2024-11-30,2 7 8 25 31 | 7 10
1915,2024-11-30,7 18 30 34 41 | 5 8
1916,2024-12-01,7 12 13 31 32 | 7 9
1917,2024-12-01,19 21 29 34 39 | 4 6
1918,2024-12-02,6 12 24 29 45 | 3 9
1919,2024-12-02,12 13 17 20 26 | 8 9
1920,2024-12-03,7 9 13 29 48 | 3 5
1921,2024-12-03,9 11 14 25 45 | 2 6
1922,2024-12-04,1 9 34 41 43 | 5 9
1923,2024-12-04,2 7 9 23 26 | 7 10
1924,2024-12-05,1 3 26 31 39 | 4 10
1925,2024-12-05,9 12 39 46 49 | 6 9
1926,2024-12-06,12 22 23 24 30 | 1 2
1927,2024-12-06,8 19 34 41 49 | 2 9
1928,2024-12-07,17 21 35 37 49 | 1 2
1929,2024-12-07,19 30 31 42 50 | 1 9
1930,2024-12-08,7 8 15 23 27 | 1 2
1931,2024-12-08,8 21 31 36 45 | 4 7
1932,2024-12-09,14 26 29 43 48 | 1 5
1933,2024-12-09,6 15 31 39 47 | 6 7
1934,2024-12-10,2 7 20 30 36 | 4 9
1935,2024-12-10,9 26 31 39 45 | 4 8
1936,2024-12-11,15 17 21 33 40 | 4 8
1937,2024-12-11,20 34 46 47 48 | 1 9
1938,2024-12-12,21 25 38 46 48 | 3 6
1939,2024-12-12,16 19 26 34 47 | 4 10
1940,2024-12-13,7 11 12 36 37 | 3 5
1941,2024-12-13,23 29 34 39 50 | 3 8
1942,2024-12-14,7 16 18 19 28 | 3 7
1943,2024-12-14,12 31 32 38 50 | 3 8
1944,2024-12-15,2 5 10 18 48 | 8 10
1945,2024-12-15,5 8 27 38 41 | 5 9
1946,2024-12-16,8 16 25 43 50 | 1 6
1947,2024-12-16,18 21 41 42 49 | 3 5
1948,2024-12-17,9 13 20 22 27 | 1 5
1949,2024-12-17,10 15 21 22 28 | 2 9
1950,2024-12-18,4 12 22 32 40 | 7 10
1951,2024-12-18,14 17 26 41 50 | 4 10
1952,2024-12-19,14 24 28 38 49 | 1 9
1953,2024-12-19,8 11 15 35 39 | 8 10
1954,2024-12-20,31 35 38 48 50 | 3 6
1955,2024-12-20,5 11 35 36 50 | 1 4
1956,2024-12-21,7 20 35 41 50 | 2 3
1957,2024-12-21,20 24 26 29 42 | 4 10
1958,2024-12-22,5 20 37 46 50 | 3 6
1959,2024-12-22,15 35 37 41 43 | 6 10
1960,2024-12-23,5 11 15 33 45 | 9 10
1961,2024-12-23,8 18 25 28 42 | 2 7
1962,2024-12-24,3 6 30 35 38 | 6 7
1963,2024-12-24,5 26 32 39 49 | 4 5
1964,2024-12-25,16 17 22 38 46 | 2 8
1965,2024-12-25,5 7 13 21 31 | 6 8
1966,2024-12-26,13 17 18 29 44 | 1 9
1967,2024-12-26,4 24 32 41 50 | 5 8
1968,2024-12-27,12 20 38 43 48 | 2 7
1969,2024-12-27,1 4 13 16 20 | 5 7
1970,2024-12-28,2 14 27 41 43 | 3 9
1971,2024-12-28,2 8 19 37 40 | 5 8
1972,2024-12-29,16 26 39 40 46 | 4 8
1973,2024-12-29,8 15 19 25 31 | 4 7
1974,2024-12-30,22 27 37 42 47 | 1 5
1975,2024-12-30,15 41 45 47 50 | 1 8
1976,2024-12-31,2 9 19 20 28 | 4 7
1977,2024-12-31,7 13 36 37 50 | 3 6
1978,2025-01-01,8 9 15 48 49 | 1 5
1979,2025-01-01,7 23 31 35 41 | 1 8
1980,2025-01-02,14 22 36 45 50 | 6 8
1981,2025-01-02,1 3 10 16 50 | 5 10
1982,2025-01-03,1 4 34 45 46 | 7 9
1983,2025-01-03,4 21 27 30 31 | 7 8
1984,2025-01-04,7 13 20 24 43 | 2 5
1985,2025-01-04,7 14 18 20 32 | 7 9
1986,2025-01-05,8 11 15 36 50 | 3 10
1987,2025-01-05,8 12 22 33 43 | 3 5
1988,2025-01-06,9 22 26 32 39 | 8 10
1989,2025-01-06,12 23 24 40 46 | 6 10
1990,2025-01-07,11 16 20 23 29 | 1 8
1991,2025-01-07,5 10 21 27 39 | 3 10
1992,2025-01-08,18 23 28 38 49 | 4 5
1993,2025-01-08,4 16 39 48 50 | 5 10
1994,2025-01-09,3 7 23 34 40 | 1 7
1995,2025-01-09,2 18 31 43 45 | 5 9
1996,2025-01-10,4 13 15 16 19 | 2 9
1997,2025-01-10,9 15 18 23 30 | 3 10
1998,2025-01-11,19 22 31 36 49 | 3 10
1999,2025-01-11,2 6 7 15 48 | 3 8
2000,2025-01-12,4 13 39 45 50 | 1 10
2001,2025-01-12,1 3 5 14 20 | 6 10
2002,2025-01-13,5 6 34 36 50 | 1 8
2003,2025-01-13,1 17 27 29 31 | 5 9
2004,2025-01-14,5 11 13 17 18 | 4 5
2005,2025-01-14,1 17 23 27 45 | 7 10
2006,2025-01-15,27 30 36 38 47 | 3 7
2007,2025-01-15,24 30 31 35 39 | 7 10
2008,2025-01-16,5 15 25 39 42 | 7 9
2009,2025-01-16,21 30 34 44 48 | 2 8
2010,2025-01-17,4 10 35 36 41 | 2 6
2011,2025-01-17,7 19 29 33 44 | 2 8
2012,2025-01-18,4 5 16 30 32 | 5 6
2013,2025-01-18,1 21 27 32 44 | 6 8
2014,2025-01-19,6 23 30 34 47 | 4 6
2015,2025-01-19,13 19 21 26 39 | 7 8
2016,2025-01-20,23 24 33 40 49 | 4 10
2017,2025-01-20,2 26 31 39 43 | 3 10
2018,2025-01-21,15 36 38 41 49 | 1 3
2019,2025-01-21,15 20 32 33 38 | 5 8
2020,2025-01-22,8 33 35 45 49 | 3 10
2021,2025-01-22,14 23 24 33 38 | 3 7
2022,2025-01-23,1 32 36 43 48 | 1 5
2023,2025-01-23,36 37 41 45 47 | 2 8
2024,2025-01-24,15 22 27 39 42 | 1 3
2025,2025-01-24,24 25 29 30 42 | 5 8
2026,2025-01-25,3 7 27 33 48 | 2 10
2027,2025-01-25,4 7 34 44 47 | 1 4
2028,2025-01-26,2 12 21 29 30 | 6 9
2029,2025-01-26,10 13 17 40 42 | 5 8
2030,2025-01-27,7 17 19 21 45 | 5 7
2031,2025-01-27,8 10 25 27 49 | 5 7
2032,2025-01-28,3 8 16 35 41 | 1 8
2033,2025-01-28,1 19 39 41 42 | 1 8
2034,2025-01-29,6 7 18 30 32 | 8 9
2035,2025-01-29,2 10 21 24 31 | 1 2
2036,2025-01-30,7 26 33 38 49 | 6 10
2037,2025-01-30,7 17 35 37 49 | 6 10
2038,2025-01-31,9 12 34 40 49 | 3 8
2039,2025-01-31,10 24 44 46 49 | 5 10
2040,2025-02-01,4 12 24 33 34 | 6 8
2041,2025-02-01,10 22 29 34 44 | 2 8
2042,2025-02-02,10 24 35 37 49 | 2 3
2043,2025-02-02,13 16 29 34 39 | 4 6
2044,2025-02-03,4 5 12 13 15 | 8 9
2045,2025-02-03,3 9 17 41 48 | 5 7
2046,2025-02-04,11 28 41 47 50 | 2 3
2047,2025-02-04,3 7 34 35 48 | 6 10
2048,2025-02-05,23 31 32 34 46 | 2 3
2049,2025-02-05,1 19 21 24 42 | 5 10
2050,2025-02-06,9 17 23 25 44 | 3 6
2051,2025-02-06,17 21 30 34 38 | 8 10
2052,2025-02-07,4 7 39 42 49 | 7 9
2053,2025-02-07,17 21 22 37 44 | 6 7
2054,2025-02-08,10 24 27 31 38 | 1 3
2055,2025-02-08,25 29 37 47 48 | 6 9
2056,2025-02-09,3 18 23 42 47 | 5 7
2057,2025-02-09,5 23 37 38 49 | 2 3
2058,2025-02-10,12 16 17 30 41 | 2 10
2059,2025-02-10,1 5 28 31 44 | 3 7
2060,2025-02-11,17 18 20 38 41 | 3 9
2061,2025-02-11,1 18 32 37 47 | 5 10
2062,2025-02-12,6 13 23 33 34 | 1 9
2063,2025-02-12,5 9 16 40 48 | 2 10
2064,2025-02-13,11 31 37 41 42 | 7 9
2065,2025-02-13,8 14 24 41 46 | 1 6
2066,2025-02-14,5 10 12 27 45 | 2 10
2067,2025-02-14,19 32 33 42 45 | 9 10
2068,2025-02-15,8 27 37 39 49 | 4 7
2069,2025-02-15,5 11 16 27 38 | 6 7
2070,2025-02-16,2 4 8 44 45 | 3 6
2071,2025-02-16,5 19 32 41 49 | 5 8
2072,2025-02-17,15 21 22 25 42 | 1 9
2073,2025-02-17,22 27 35 38 41 | 4 10
2074,2025-02-18,19 23 39 42 45 | 3 6
2075,2025-02-18,5 24 35 46 49 | 4 6
2076,2025-02-19,2 21 26 43 44 | 5 9
2077,2025-02-19,1 6 12 23 24 | 2 7
2078,2025-02-20,6 19 37 38 49 | 6 9
2079,2025-02-20,7 21 28 39 43 | 7 9
2080,2025-02-21,11 17 21 23 30 | 1 8
2081,2025-02-21,3 16 20 40 49 | 1 3
2082,2025-02-22,8 14 18 22 40 | 4 8
2083,2025-02-22,36 37 40 45 46 | 9 10
2084,2025-02-23,12 17 24 27 40 | 4 10
2085,2025-02-23,21 23 24 33 39 | 4 6
2086,2025-02-24,1 3 4 16 23 | 3 9
2087,2025-02-24,11 12 14 16 24 | 3 6
2088,2025-02-25,7 19 33 36 46 | 1 4
2089,2025-02-25,6 25 30 31 32 | 3 8
2090,2025-02-26,14 16 17 44 50 | 6 10
2091,2025-02-26,3 13 32 47 49 | 1 10
2092,2025-02-27,8 13 29 45 50 | 1 3
2093,2025-02-27,7 8 10 18 36 | 6 8
2094,2025-02-28,1 11 40 42 47 | 1 6
2095,2025-02-28,7 10 14 23 32 | 1 3
2096,2025-03-01,1 7 15 26 50 | 1 5
2097,2025-03-01,3 11 16 18 34 | 3 10
2098,2025-03-02,9 16 17 19 45 | 1 7
2099,2025-03-02,16 33 45 46 50 | 2 6
2100,2025-03-03,9 18 29 30 33 | 1 7
2101,2025-03-03,6 23 27 33 39 | 3 10
2102,2025-03-04,1 14 29 31 36 | 1 2
2103,2025-03-04,3 14 15 16 23 | 3 10
2104,2025-03-05,5 6 8 27 39 | 2 7
2105,2025-03-05,2 11 23 24 50 | 5 7
2106,2025-03-06,5 28 29 37 41 | 2 6
2107,2025-03-06,2 5 38 44 50 | 3 8
2108,2025-03-07,8 27 29 37 41 | 2 10
2109,2025-03-07,15 22 35 36 49 | 4 10
2110,2025-03-08,3 22 35 40 41 | 2 4
2111,2025-03-08,27 36 41 43 45 | 6 10
2112,2025-03-09,7 41 43 46 50 | 2 6
2113,2025-03-09,1 9 17 27 50 | 4 7
2114,2025-03-10,6 8 9 15 31 | 7 8
2115,2025-03-10,36 37 45 46 48 | 8 9
2116,2025-03-11,14 15 21 27 48 | 6 8
2117,2025-03-11,3 20 28 45 48 | 3 6
2118,2025-03-12,10 17 28 33 42 | 5 10
2119,2025-03-12,9 16 30 31 42 | 4 7
2120,2025-03-13,1 4 7 19 35 | 5 7
2121,2025-03-13,9 20 26 35 41 | 1 8
2122,2025-03-14,4 22 25 39 40 | 1 8
2123,2025-03-14,16 30 33 39 42 | 6 7
2124,2025-03-15,2 8 28 31 48 | 3 4
2125,2025-03-15,11 13 21 45 50 | 3 5
2126,2025-03-16,18 19 21 24 48 | 5 10
2127,2025-03-16,2 13 15 20 31 | 8 9
2128,2025-03-17,9 17 27 28 32 | 2 10
2129,2025-03-17,2 7 18 29 34 | 6 7
2130,2025-03-18,14 31 43 45 47 | 1 4
2131,2025-03-18,3 5 16 19 34 | 1 10
2132,2025-03-19,19 20 33 46 49 | 3 6
2133,2025-03-19,12 19 28 38 45 | 3 6
2134,2025-03-20,20 22 31 43 47 | 2 6
2135,2025-03-20,2 15 27 38 43 | 4 6
2136,2025-03-21,5 17 20 34 38 | 4 6
2137,2025-03-21,1 2 5 32 39 | 4 7
2138,2025-03-22,7 9 28 39 48 | 4 6
2139,2025-03-22,18 27 35 43 50 | 3 4
2140,2025-03-23,13 25 27 29 44 | 5 10
2141,2025-03-23,10 22 31 40 43 | 2 4
2142,2025-03-24,11 17 28 33 49 | 3 10
2143,2025-03-24,8 23 33 43 50 | 2 6
2144,2025-03-27,5 21 29 30 32 | 4 8
2145,2025-03-28,5 12 41 42 43 | 5 6
2146,2025-03-28,4 13 32 37 40 | 4 9
2147,2025-03-29,5 21 27 33 42 | 3 7
2148,2025-03-29,2 25 31 45 46 | 4 9
2149,2025-03-30,8 9 12 19 31 | 4 7
2150,2025-03-30,15 17 24 33 47 | 7 9
2151,2025-03-31,8 24 25 39 41 | 3 9
2152,2025-03-31,6 7 24 32 48 | 6 9
2153,2025-04-01,6 9 20 30 46 | 3 5
2154,2025-04-01,4 12 16 34 49 | 1 6
2155,2025-04-02,16 28 37 46 48 | 5 7
2156,2025-04-02,13 15 21 35 50 | 5 10
2157,2025-04-03,2 8 33 36 50 | 1 10
2158,2025-04-03,3 13 31 45 50 | 5 10
2159,2025-04-04,4 14 20 32 35 | 6 10
2160,2025-04-04,20 25 29 32 39 | 3 8
2161,2025-04-05,2 10 12 39 45 | 2 7
2162,2025-04-05,10 28 31 33 37 | 5 8
2163,2025-04-06,7 19 41 45 50 | 7 10
2164,2025-04-06,3 6 13 33 50 | 4 6
2165,2025-04-07,1 12 31 34 49 | 1 2
2166,2025-04-07,9 13 37 46 50 | 1 9
2167,2025-04-08,12 14 21 28 39 | 2 10
2168,2025-04-08,11 13 32 38 42 | 3 6
2169,2025-04-09,27 32 36 43 46 | 1 3
2170,2025-04-09,19 22 27 43 49 | 7 8
2171,2025-04-10,14 15 21 30 45 | 5 6
2172,2025-04-10,4 31 46 47 49 | 6 10
2173,2025-04-11,1 9 17 27 37 | 4 6
2174,2025-04-11,18 21 28 32 39 | 7 10
2175,2025-04-12,9 15 27 38 48 | 3 4
2176,2025-04-12,6 11 12 40 42 | 2 8
2177,2025-04-13,11 23 30 36 49 | 7 10
2178,2025-04-13,1 6 21 37 47 | 6 9
2179,2025-04-14,4 6 25 26 38 | 5 10
2180,2025-04-14,6 7 11 38 48 | 5 8
2181,2025-04-15,6 9 24 25 45 | 4 5
2182,2025-04-15,25 26 32 33 41 | 2 8
2183,2025-04-16,12 20 29 35 49 | 3 10
2184,2025-04-16,3 29 42 45 50 | 1 6
2185,2025-04-17,1 4 5 24 30 | 3 4
2186,2025-04-17,18 25 33 45 50 | 2 9
2187,2025-04-18,25 30 35 38 48 | 1 7
2188,2025-04-18,8 44 46 47 49 | 1 4
2189,2025-04-19,11 18 22 35 44 | 3 9
2190,2025-04-19,7 9 24 27 43 | 1 5
2191,2025-04-20,12 14 16 17 22 | 2 7
2192,2025-04-20,9 14 20 28 34 | 2 9
2193,2025-04-21,4 12 18 36 46 | 3 10
2194,2025-04-21,7 11 12 32 47 | 6 10
2195,2025-04-22,8 12 15 31 35 | 5 7
2196,2025-04-22,5 15 19 20 33 | 6 8
2197,2025-04-23,18 23 25 38 41 | 6 9
2198,2025-04-23,15 26 32 34 42 | 8 9
2199,2025-04-24,6 18 31 41 47 | 4 7
2200,2025-04-24,4 26 38 44 48 | 6 7
2201,2025-04-25,4 11 17 32 37 | 6 10
2202,2025-04-25,24 33 37 38 44 | 5 7
2203,2025-04-26,23 24 30 35 41 | 5 6
2204,2025-04-26,14 19 21 27 47 | 1 10
2205,2025-04-27,1 3 6 13 39 | 6 7
2206,2025-04-27,1 16 19 21 25 | 7 10
2207,2025-04-28,10 12 18 27 35 | 6 7
2208,2025-04-28,2 29 34 44 47 | 4 7
2209,2025-04-29,20 23 29 31 36 | 3 5
2210,2025-04-29,6 11 16 32 42 | 1 7
2211,2025-04-30,8 11 21 35 46 | 8 10
2212,2025-04-30,22 23 33 40 46 | 3 5
2213,2025-05-01,5 9 11 31 48 | 2 10
2214,2025-05-01,7 8 32 34 37 | 4 9
2215,2025-05-02,9 29 39 46 47 | 4 5
2216,2025-05-02,2 7 16 41 44 | 4 6
2217,2025-05-03,6 12 18 21 45 | 5 10
2218,2025-05-03,6 7 31 46 50 | 3 7
2219,2025-05-04,10 17 18 34 47 | 2 4
2220,2025-05-04,1 17 21 25 43 | 4 10
2221,2025-05-05,5 16 34 36 38 | 3 9
2222,2025-05-05,3 15 22 41 45 | 1 6
2223,2025-05-06,29 43 46 47 48 | 1 2
2224,2025-05-06,14 22 38 39 42 | 4 10
2225,2025-05-07,2 13 33 36 41 | 7 8
2226,2025-05-07,1 21 23 25 38 | 4 5
2227,2025-05-08,31 35 39 40 49 | 7 9
2228,2025-05-08,5 10 13 28 44 | 5 7
2229,2025-05-09,14 19 32 40 50 | 5 6
2230,2025-05-09,1 12 30 32 50 | 4 9
2231,2025-05-10,3 13 23 24 34 | 5 10
2232,2025-05-10,3 14 35 37 39 | 4 10
2233,2025-05-11,2 9 24 29 35 | 6 9
2234,2025-05-11,5 19 21 46 48 | 4 6
2235,2025-05-12,10 11 24 27 40 | 4 8
2236,2025-05-12,8 19 20 32 48 | 6 9
2237,2025-05-13,19 28 35 38 46 | 4 9
2238,2025-05-13,3 10 14 25 38 | 2 7
2239,2025-05-14,18 21 34 35 38 | 2 6
2240,2025-05-14,27 30 43 45 47 | 8 9
2241,2025-05-15,13 14 15 24 33 | 3 6
2242,2025-05-15,2 21 22 35 39 | 5 9
2243,2025-05-16,13 17 31 41 50 | 7 9
2244,2025-05-16,12 14 20 38 46 | 2 6
2245,2025-05-17,5 10 11 21 30 | 2 6
2246,2025-05-17,7 24 37 42 47 | 5 8
2247,2025-05-18,6 7 20 34 40 | 3 9
2248,2025-05-18,33 34 35 40 43 | 3 8
2249,2025-05-19,6 8 36 42 48 | 5 8
2250,2025-05-19,8 26 29 35 45 | 8 10
2251,2025-05-20,3 5 20 22 32 | 5 10
2252,2025-05-20,1 6 16 25 29 | 3 10
2253,2025-05-21,12 15 20 33 34 | 1 10
2254,2025-05-21,4 22 30 37 49 | 3 5
2255,2025-05-22,21 24 27 31 37 | 8 10
2256,2025-05-22,22 24 29 31 34 | 6 8
2257,2025-05-23,4 20 33 36 49 | 3 6
2258,2025-05-23,10 12 24 31 41 | 3 10
2259,2025-05-24,2 5 17 38 39 | 6 10
2260,2025-05-24,25 29 30 34 46 | 4 6
2261,2025-05-25,11 20 35 46 47 | 2 7
2262,2025-05-25,19 32 37 41 42 | 9 10
2263,2025-05-26,11 28 33 38 41 | 7 10
2264,2025-05-26,3 15 19 24 42 | 9 10
2265,2025-05-27,2 3 24 27 37 | 1 9
2266,2025-05-27,10 15 26 43 44 | 9 10
2267,2025-05-28,7 12 30 39 42 | 1 5
2268,2025-05-28,3 16 26 28 29 | 4 9
2269,2025-05-29,11 13 26 28 34 | 8 9
2270,2025-05-29,5 14 28 38 45 | 2 10
2271,2025-05-30,1 10 17 41 48 | 5 8
2272,2025-05-30,5 15 24 33 38 | 3 7
2273,2025-05-31,12 18 28 29 39 | 2 3
2274,2025-05-31,4 6 21 36 38 | 5 8
2275,2025-06-01,8 17 19 29 31 | 8 9
2276,2025-06-01,15 17 27 34 37 | 4 9
2277,2025-06-02,4 5 15 21 27 | 6 8
2278,2025-06-02,12 23 35 41 49 | 7 8
2279,2025-06-03,19 21 23 32 33 | 1 7
2280,2025-06-03,3 25 29 34 36 | 9 10
2281,2025-06-04,3 5 9 40 49 | 2 5
2282,2025-06-04,5 11 12 28 29 | 3 8
2283,2025-06-05,3 8 20 33 37 | 6 8
2284,2025-06-05,3 5 22 27 36 | 5 9
2285,2025-06-06,7 20 34 36 49 | 8 10
2286,2025-06-06,12 21 30 40 41 | 4 7
2287,2025-06-07,11 16 41 42 44 | 7 8
2288,2025-06-07,5 6 14 30 41 | 3 5
2289,2025-06-08,26 27 43 46 49 | 2 10
2290,2025-06-08,6 13 34 37 42 | 4 6
2291,2025-06-09,15 30 35 36 48 | 3 6
2292,2025-06-09,4 14 20 45 48 | 4 7
2293,2025-06-10,4 19 33 43 46 | 1 7
2294,2025-06-10,14 17 30 46 50 | 2 6
2295,2025-06-11,3 14 19 22 37 | 6 9
2296,2025-06-11,9 13 16 24 39 | 8 10
2297,2025-06-12,19 27 28 29 39 | 3 10
2298,2025-06-12,23 27 36 43 50 | 7 10
2299,2025-06-13,1 20 26 28 38 | 3 5
2300,2025-06-13,4 11 17 18 46 | 7 10
2301,2025-06-14,7 16 29 43 49 | 5 6
2302,2025-06-14,5 20 21 24 42 | 3 5
2303,2025-06-15,1 16 23 25 47 | 4 10
2304,2025-06-15,2 20 30 33 48 | 1 5
2305,2025-06-16,10 14 19 28 34 | 5 8
2306,2025-06-16,5 14 16 40 47 | 8 9
2307,2025-06-17,1 7 16 19 37 | 1 7
2308,2025-06-17,14 15 26 42 48 | 8 9
2309,2025-06-18,19 23 43 47 50 | 4 5
2310,2025-06-18,16 21 30 45 49 | 1 7
2311,2025-06-19,4 10 18 19 30 | 4 6
2312,2025-06-19,6 15 20 33 46 | 1 4
2313,2025-06-20,14 18 23 25 40 | 1 9
2314,2025-06-20,13 22 34 36 43 | 2 4
2315,2025-06-21,4 16 22 29 32 | 3 8
2316,2025-06-21,16 28 35 43 50 | 8 10
2317,2025-06-22,8 10 19 22 46 | 2 7
2318,2025-06-22,3 4 8 26 30 | 4 8
2319,2025-06-23,11 12 22 44 45 | 4 8
2320,2025-06-23,3 7 23 26 39 | 6 8
2321,2025-06-24,4 13 19 34 35 | 6 9
2322,2025-06-24,14 24 31 35 37 | 1 4
2323,2025-06-25,21 23 24 35 48 | 8 10
2324,2025-06-25,3 17 20 22 50 | 2 10
2325,2025-06-26,22 23 28 32 34 | 5 10
2326,2025-06-26,2 32 34 37 42 | 8 9
2327,2025-06-27,10 14 24 29 36 | 3 5
2328,2025-06-27,2 15 31 41 44 | 6 9
2329,2025-06-28,18 21 29 33 44 | 5 9
2330,2025-06-28,28 32 37 40 42 | 4 10
2331,2025-06-29,25 30 32 35 46 | 8 9
2332,2025-06-29,4 12 30 35 46 | 1 7
2333,2025-06-30,7 11 13 20 25 | 7 8
2334,2025-06-30,7 8 44 47 50 | 6 9
2335,2025-07-01,1 2 22 33 41 | 8 9
2336,2025-07-01,18 25 26 35 48 | 2 8
2337,2025-07-02,9 18 44 48 49 | 1 2
2338,2025-07-02,13 31 35 45 49 | 1 5
2339,2025-07-03,3 11 12 15 29 | 5 8
2340,2025-07-03,20 36 38 46 48 | 7 9
2341,2025-07-04,8 12 20 21 37 | 1 4
2342,2025-07-04,4 15 22 24 32 | 3 8
2343,2025-07-05,3 6 28 31 46 | 6 9
2344,2025-07-05,1 18 33 36 43 | 4 9
2345,2025-07-06,11 26 30 44 49 | 7 9
2346,2025-07-06,4 7 11 15 45 | 4 10
2347,2025-07-07,7 18 33 35 43 | 3 7
2348,2025-07-07,5 7 19 30 41 | 2 10
2349,2025-07-08,9 11 27 35 40 | 2 8
2350,2025-07-08,17 27 35 38 42 | 3 7
2351,2025-07-09,9 14 15 16 17 | 2 10
2352,2025-07-09,10 14 15 31 49 | 1 10
2353,2025-07-10,2 3 23 30 48 | 1 4
2354,2025-07-10,12 15 34 41 46 | 4 6
2355,2025-07-11,11 16 21 43 44 | 2 4
2356,2025-07-11,1 5 37 38 39 | 5 9
2357,2025-07-12,6 34 39 42 47 | 1 7
2358,2025-07-12,4 14 20 23 37 | 6 9
2359,2025-07-13,1 2 6 13 26 | 1 8
2360,2025-07-13,1 2 10 27 41 | 4 7
2361,2025-07-14,2 9 15 22 33 | 2 8
2362,2025-07-14,16 33 40 42 47 | 4 10
2363,2025-07-15,28 31 39 44 47 | 2 8
2364,2025-07-15,11 25 29 40 45 | 3 5
2365,2025-07-16,18 23 27 29 40 | 3 9
2366,2025-07-16,8 9 12 39 42 | 4 5
2367,2025-07-17,18 21 30 34 38 | 1 10
2368,2025-07-17,5 19 24 34 42 | 4 10
2369,2025-07-18,14 18 31 49 50 | 3 8
2370,2025-07-18,13 34 38 46 50 | 1 10
2371,2025-07-19,2 14 21 30 43 | 3 4
2372,2025-07-19,2 13 14 16 35 | 8 10
2373,2025-07-20,3 8 24 31 43 | 1 7
2374,2025-07-20,9 12 13 21 45 | 1 4
2375,2025-07-21,15 20 34 37 38 | 2 5
2376,2025-07-21,3 34 36 37 47 | 2 10
2377,2025-07-22,5 17 25 32 38 | 1 9
2378,2025-07-22,3 19 26 29 49 | 3 4
2379,2025-07-23,4 14 16 31 44 | 5 8
2380,2025-07-23,11 20 29 39 42 | 3 9
2381,2025-07-24,4 11 19 28 39 | 4 5
2382,2025-07-24,18 24 25 32 47 | 5 9
2383,2025-07-25,18 23 26 29 50 | 5 8
2384,2025-07-25,2 20 34 35 40 | 2 3
2385,2025-07-26,1 12 21 38 48 | 4 5
2386,2025-07-26,4 10 19 34 44 | 7 10
2387,2025-07-27,23 30 37 42 44 | 6 7
2388,2025-07-27,13 17 34 35 45 | 6 8
2389,2025-07-28,16 22 27 33 42 | 3 4
2390,2025-07-28,13 16 43 48 50 | 1 5
2391,2025-07-29,30 34 36 42 47 | 9 10
2392,2025-07-29,5 17 41 45 46 | 6 10
2393,2025-07-30,2 36 39 40 43 | 2 3
2394,2025-07-30,1 10 25 32 47 | 3 6
2395,2025-07-31,17 25 34 43 46 | 1 8
2396,2025-07-31,5 9 26 27 32 | 3 7
2397,2025-08-01,2 15 30 41 45 | 8 9
2398,2025-08-01,2 17 39 43 47 | 2 8
2399,2025-08-02,6 17 24 44 47 | 3 7
2400,2025-08-02,4 6 19 31 35 | 5 9
2401,2025-08-03,9 14 27 30 44 | 1 8
2402,2025-08-03,4 32 33 40 46 | 7 8
2403,2025-08-04,5 7 17 25 45 | 4 7
2404,2025-08-04,17 18 26 32 33 | 2 3
2405,2025-08-05,3 5 16 30 40 | 6 9
2406,2025-08-05,5 13 35 42 50 | 5 7
2407,2025-08-06,2 16 31 34 47 | 1 10
2408,2025-08-06,5 17 22 26 41 | 3 10
2409,2025-08-07,20 33 39 40 43 | 1 10
2410,2025-08-07,7 13 26 38 46 | 5 10
2411,2025-08-08,4 15 19 31 47 | 2 4
2412,2025-08-08,6 19 31 38 41 | 1 4
2413,2025-08-09,4 18 20 28 46 | 1 10
2414,2025-08-09,2 14 22 36 37 | 3 8
2415,2025-08-10,3 12 28 38 41 | 5 10
2416,2025-08-10,1 7 13 23 44 | 8 9
2417,2025-08-11,6 19 29 37 42 | 1 3
2418,2025-08-11,7 25 28 43 45 | 4 10
2419,2025-08-12,7 9 19 32 43 | 4 7
2420,2025-08-12,32 39 41 42 49 | 5 8
2421,2025-08-13,7 14 15 24 34 | 2 9
2422,2025-08-13,4 12 27 32 47 | 3 9
2423,2025-08-14,2 7 23 25 28 | 1 3
2424,2025-08-14,3 29 37 41 44 | 4 9
2425,2025-08-15,4 19 24 43 46 | 6 7
2426,2025-08-15,4 13 38 48 50 | 2 4
2427,2025-08-16,2 8 21 34 42 | 7 8
2428,2025-08-16,19 33 35 40 41 | 8 10
2429,2025-08-17,12 24 27 33 49 | 6 8
2430,2025-08-17,5 15 30 38 50 | 5 7
2431,2025-08-18,15 19 20 28 48 | 2 10
2432,2025-08-18,2 27 34 35 37 | 2 8
2433,2025-08-19,4 17 33 41 50 | 3 7
2434,2025-08-19,10 11 13 19 37 | 2 6
2435,2025-08-20,17 30 37 42 49 | 4 5
2436,2025-08-20,18 19 20 33 48 | 6 8
2437,2025-08-21,19 29 32 33 35 | 6 9
2438,2025-08-21,5 10 15 28 41 | 5 9
2439,2025-08-22,2 7 11 23 26 | 1 8
2440,2025-08-22,5 24 32 35 39 | 1 8
2441,2025-08-23,6 24 34 46 47 | 2 9
2442,2025-08-23,3 15 16 39 50 | 1 7
2443,2025-08-24,12 18 35 45 47 | 6 10
2444,2025-08-24,7 15 24 36 48 | 6 9
2445,2025-08-25,3 11 14 20 43 | 8 9
2446,2025-08-25,2 22 24 32 39 | 3 4
2447,2025-08-26,6 8 16 35 50 | 4 6
2448,2025-08-26,8 9 35 41 50 | 3 10
2449,2025-08-27,7 18 22 34 40 | 4 9
2450,2025-08-27,13 31 37 42 43 | 6 8
2451,2025-08-28,5 11 12 36 49 | 7 10
2452,2025-08-28,8 12 15 18 41 | 6 9
2453,2025-08-29,16 19 22 31 39 | 4 8
2454,2025-08-29,20 26 29 45 49 | 4 7
2455,2025-08-30,7 10 15 39 41 | 4 8
2456,2025-08-30,5 10 11 14 28 | 1 3
2457,2025-08-31,31 33 39 47 50 | 3 7
2458,2025-08-31,3 6 21 25 28 | 3 5
2459,2025-09-01,19 22 33 35 42 | 2 7
2460,2025-09-01,22 24 26 28 41 | 2 10
2461,2025-09-02,6 14 27 31 50 | 9 10
2462,2025-09-02,26 29 39 41 49 | 2 3
2463,2025-09-03,1 21 34 38 49 | 3 5
2464,2025-09-03,19 29 30 43 46 | 4 7
2465,2025-09-04,6 17 18 37 41 | 1 5
2466,2025-09-04,5 9 18 24 43 | 9 10
2467,2025-09-05,2 5 12 26 45 | 5 10
2468,2025-09-05,1 26 30 41 42 | 7 10
2469,2025-09-06,7 12 13 19 47 | 5 8
2470,2025-09-06,7 12 15 23 45 | 7 10
2471,2025-09-07,7 13 24 32 39 | 1 9
2472,2025-09-07,9 12 22 29 39 | 2 6
2473,2025-09-08,7 12 29 39 45 | 1 7
2474,2025-09-08,8 11 13 34 41 | 4 6
2475,2025-09-09,8 12 20 29 33 | 4 6
2476,2025-09-09,1 7 23 34 43 | 7 9
2477,2025-09-10,7 18 31 46 48 | 4 10
2478,2025-09-10,2 34 35 41 43 | 8 9
2479,2025-09-11,1 3 22 27 47 | 3 5
2480,2025-09-11,5 10 15 25 36 | 1 8
2481,2025-09-12,10 19 28 30 36 | 2 5
2482,2025-09-12,6 13 21 22 38 | 2 5
2483,2025-09-13,2 20 26 40 46 | 2 9
2484,2025-09-13,6 14 29 33 37 | 3 9
2485,2025-09-14,9 30 36 38 46 | 7 9
2486,2025-09-14,4 10 34 44 46 | 3 5
2487,2025-09-15,3 16 20 37 50 | 4 9
2488,2025-09-15,8 11 22 24 39 | 4 6
2489,2025-09-16,7 17 19 26 28 | 6 7
2490,2025-09-16,3 7 10 16 38 | 5 7
2491,2025-09-17,4 11 16 25 30 | 4 5
2492,2025-09-17,4 14 16 24 34 | 4 5
2493,2025-09-18,16 28 40 41 42 | 4 9
2494,2025-09-18,11 14 18 26 49 | 4 7
2495,2025-09-19,4 5 38 47 48 | 9 10
2496,2025-09-19,2 14 29 30 50 | 2 3
2497,2025-09-20,25 26 30 41 50 | 3 6
2498,2025-09-20,3 17 26 34 42 | 4 5
2499,2025-09-21,10 21 30 46 49 | 3 6
2500,2025-09-21,23 29 30 40 50 | 4 7
2501,2025-09-22,7 11 33 37 42 | 6 9
2502,2025-09-22,2 6 14 41 47 | 2 3
2503,2025-09-23,3 8 22 31 41 | 1 2
2504,2025-09-23,5 11 39 40 44 | 3 4
2505,2025-09-24,1 14 26 34 49 | 9 10
2506,2025-09-24,1 8 32 49 50 | 8 10
2507,2025-09-25,8 11 25 28 41 | 8 9
2508,2025-09-25,10 23 41 42 46 | 5 10
2509,2025-09-26,10 11 25 28 49 | 1 6
2510,2025-09-26,10 17 24 43 46 | 7 9
2511,2025-09-27,18 25 27 28 33 | 4 8
2512,2025-09-27,4 11 19 32 35 | 5 6
2513,2025-09-28,1 14 21 27 43 | 4 7
2514,2025-09-28,9 14 36 40 41 | 5 8
2515,2025-09-29,5 16 20 34 47 | 4 7
2516,2025-09-29,1 14 26 30 41 | 4 9
2517,2025-09-30,17 24 43 45 48 | 4 10
2518,2025-09-30,23 28 30 40 49 | 2 3
2519,2025-10-01,15 24 26 42 49 | 2 10
2520,2025-10-01,2 13 20 27 32 | 7 10
2521,2025-10-02,9 12 19 25 49 | 3 8
2522,2025-10-02,18 21 29 42 44 | 1 9
2523,2025-10-03,3 7 16 28 50 | 5 6
2524,2025-10-03,20 22 36 39 47 | 1 8
2525,2025-10-04,1 4 27 29 31 | 7 9
2526,2025-10-04,25 27 29 40 42 | 2 6
2527,2025-10-05,16 27 42 44 50 | 1 7
2528,2025-10-05,13 17 25 26 48 | 2 6
2529,2025-10-06,2 21 36 46 48 | 1 7
2530,2025-10-06,3 4 10 19 27 | 1 5
2531,2025-10-07,8 15 22 45 47 | 6 7
2532,2025-10-07,14 21 23 27 39 | 3 8
2533,2025-10-08,21 22 37 40 46 | 2 10
2534,2025-10-08,8 11 26 35 49 | 1 9
2535,2025-10-09,28 34 38 40 46 | 1 4
2536,2025-10-09,25 26 27 46 47 | 2 3
2537,2025-10-10,6 10 41 44 50 | 6 9
2538,2025-10-10,11 22 27 38 45 | 2 9
2539,2025-10-11,2 8 20 39 43 | 6 10
2540,2025-10-11,19 21 26 28 49 | 2 3
2541,2025-10-12,7 14 15 23 49 | 3 9
2542,2025-10-12,4 10 16 44 49 | 7 8
2543,2025-10-13,8 26 27 32 50 | 3 7
2544,2025-10-13,6 9 22 39 40 | 1 8
2545,2025-10-14,2 10 23 26 38 | 1 2
2546,2025-10-14,5 20 34 37 40 | 5 9
2547,2025-10-15,1 6 11 19 32 | 5 8
2548,2025-10-15,4 9 12 35 43 | 2 6
2549,2025-10-16,13 19 21 26 29 | 6 9
2550,2025-10-16,17 20 37 39 45 | 9 10
2551,2025-10-17,8 17 18 21 44 | 6 9
2552,2025-10-17,13 21 39 46 50 | 7 10
2553,2025-10-18,15 30 31 35 37 | 4 7
2554,2025-10-18,1 4 27 49 50 | 3 10
2555,2025-10-19,2 5 23 31 36 | 3 5
2556,2025-10-19,13 29 32 46 50 | 4 8
2557,2025-10-20,5 13 15 30 35 | 2 7
2558,2025-10-20,4 25 27 41 48 | 4 10
2559,2025-10-21,7 13 18 41 45 | 4 9
2560,2025-10-21,4 16 24 26 31 | 3 5
2561,2025-10-22,13 16 19 35 41 | 5 7
2562,2025-10-22,8 15 21 22 37 | 5 7
2563,2025-10-23,5 17 42 44 45 | 7 8
2564,2025-10-23,16 17 30 32 43 | 1 6
2565,2025-10-24,1 20 22 35 39 | 4 8
2566,2025-10-24,5 24 36 39 42 | 5 10
2567,2025-10-25,8 15 17 18 37 | 5 6
2568,2025-10-25,2 11 39 47 49 | 4 9
2569,2025-10-26,13 23 28 34 41 | 5 8
2570,2025-10-26,13 32 35 42 45 | 2 7
2571,2025-10-27,7 9 23 34 43 | 1 7
2572,2025-10-27,7 10 24 27 31 | 2 10
2573,2025-10-28,22 33 34 37 46 | 1 8
2574,2025-10-28,19 29 30 43 45 | 6 7
2575,2025-10-29,5 10 14 22 31 | 7 10
2576,2025-10-29,5 13 16 18 48 | 3 8
2577,2025-10-30,1 21 35 44 48 | 6 9
2578,2025-10-30,1 2 13 37 38 | 4 5
2579,2025-10-31,10 23 43 45 50 | 1 6
2580,2025-10-31,1 7 12 44 46 | 5 9
2581,2025-11-01,5 8 13 34 41 | 1 2
2582,2025-11-01,19 21 24 46 48 | 8 10
2583,2025-11-02,6 11 16 34 37 | 4 9
2584,2025-11-02,1 4 5 20 43 | 9 10
2585,2025-11-03,7 10 16 27 32 | 8 9
2586,2025-11-03,2 12 22 36 48 | 5 10
2587,2025-11-04,1 20 21 31 38 | 4 6
2588,2025-11-04,11 23 27 31 35 | 3 10
2589,2025-11-05,4 21 45 47 49 | 6 10
2590,2025-11-05,3 5 15 41 48 | 3 6
2591,2025-11-06,13 18 19 34 37 | 7 9
2592,2025-11-06,6 16 33 38 40 | 2 6
2593,2025-11-07,14 15 20 33 49 | 5 6
2594,2025-11-07,5 11 16 25 37 | 5 8
2595,2025-11-08,6 14 16 32 33 | 5 7
2596,2025-11-08,9 10 22 35 40 | 9 10
2597,2025-11-09,6 20 31 35 41 | 3 5
2598,2025-11-09,2 12 19 30 32 | 3 8
2599,2025-11-10,2 3 6 27 32 | 2 6
2600,2025-11-10,17 23 28 34 44 | 5 8
2601,2025-11-11,7 23 24 31 35 | 3 10
2602,2025-11-11,3 15 16 25 26 | 6 8
2603,2025-11-12,27 28 39 42 48 | 4 5
2604,2025-11-12,6 11 28 32 42 | 7 9
2605,2025-11-13,16 23 25 32 45 | 1 5
2606,2025-11-13,32 33 44 45 47 | 1 8
2607,2025-11-14,11 16 18 27 33 | 1 5
2608,2025-11-14,3 13 23 46 50 | 1 5
2609,2025-11-15,2 7 24 32 48 | 6 10
2610,2025-11-15,8 30 42 45 50 | 5 8
2611,2025-11-16,7 21 23 24 49 | 7 9
2612,2025-11-16,4 11 18 22 27 | 3 4
2613,2025-11-17,2 4 11 29 50 | 1 5
2614,2025-11-17,2 8 12 25 27 | 5 7
2615,2025-11-18,11 14 31 34 39 | 3 8
2616,2025-11-18,16 39 43 47 48 | 3 9
2617,2025-11-19,1 12 14 40 42 | 1 7
2618,2025-11-19,2 14 31 39 41 | 3 7
2619,2025-11-20,3 10 15 16 18 | 4 10
2620,2025-11-20,9 26 29 33 46 | 4 10
2621,2025-11-21,7 8 9 16 34 | 1 8
2622,2025-11-21,2 27 39 42 44 | 5 6
2623,2025-11-22,13 18 34 37 50 | 7 8
2624,2025-11-22,12 14 16 29 44 | 4 7
2625,2025-11-23,8 13 23 35 47 | 4 6
2626,2025-11-23,15 16 17 26 44 | 4 7
2627,2025-11-24,4 5 13 16 35 | 5 10
2628,2025-11-24,4 8 18 25 41 | 4 10
2629,2025-11-25,1 8 17 22 38 | 3 9
2630,2025-11-25,5 8 23 29 42 | 5 10
2631,2025-11-26,3 4 23 30 42 | 6 9
2632,2025-11-26,20 24 42 44 50 | 1 2
2633,2025-11-27,17 28 33 35 50 | 8 9
2634,2025-11-27,8 23 24 30 31 | 7 9
2635,2025-11-28,6 22 25 30 31 | 3 4
2636,2025-11-28,6 9 28 33 44 | 3 10
2637,2025-11-29,5 15 26 29 40 | 1 10
2638,2025-11-29,17 20 36 37 48 | 3 8
2639,2025-11-30,6 7 22 39 44 | 6 9
2640,2025-11-30,3 28 32 42 45 | 1 2
2641,2025-12-01,1 9 14 49 50 | 7 9
2642,2025-12-01,16 21 25 43 46 | 1 2
2643,2025-12-02,13 39 46 49 50 | 5 9
2644,2025-12-02,26 27 35 46 49 | 1 3
2645,2025-12-03,1 9 20 48 49 | 7 10
2646,2025-12-03,14 15 30 35 44 | 4 7
2647,2025-12-04,6 11 23 28 34 | 1 7
2648,2025-12-04,9 35 39 45 49 | 1 4
2649,2025-12-05,11 14 33 42 45 | 9 10
2650,2025-12-05,7 13 25 28 36 | 5 9
2651,2025-12-06,10 15 42 43 48 | 4 9
2652,2025-12-06,2 21 26 29 30 | 1 2
2653,2025-12-07,18 21 22 33 48 | 1 3
2654,2025-12-07,4 8 11 15 25 | 5 7
2655,2025-12-08,11 25 29 35 48 | 3 4
2656,2025-12-08,2 12 24 28 41 | 2 6
2657,2025-12-09,4 9 22 28 42 | 1 3
2658,2025-12-09,8 12 16 27 32 | 6 9
2659,2025-12-10,4 5 29 48 49 | 5 6
2660,2025-12-11,5 7 17 31 43 | 5 6
2661,2025-12-11,2 17 20 32 48 | 7 10
2662,2025-12-12,5 8 26 31 32 | 9 10
2663,2025-12-12,2 33 36 39 46 | 5 7
2664,2025-12-13,12 36 39 41 50 | 5 8
2665,2025-12-13,14 20 25 38 44 | 3 7
2666,2025-12-14,1 5 8 22 29 | 5 9
2667,2025-12-14,3 11 20 24 39 | 2 10
2668,2025-12-15,6 10 39 41 43 | 7 9
2669,2025-12-15,8 14 22 25 29 | 6 9
2670,2025-12-16,3 20 23 31 41 | 5 9
2671,2025-12-16,8 25 42 44 47 | 4 5
2672,2025-12-17,6 26 39 41 43 | 5 9
2673,2025-12-17,5 6 9 31 39 | 6 10
2674,2025-12-18,7 15 18 34 40 | 5 6
2675,2025-12-18,9 15 27 28 42 | 2 10
2676,2025-12-19,1 13 17 25 28 | 1 7
2677,2025-12-19,5 10 18 39 50 | 2 6
2678,2025-12-20,1 2 25 43 50 | 2 6
2679,2025-12-20,2 5 10 20 41 | 7 9
2680,2025-12-21,2 10 31 34 38 | 1 4
2681,2025-12-21,7 17 22 26 49 | 2 10
2682,2025-12-22,8 11 18 21 48 | 2 8
2683,2025-12-22,11 13 32 33 47 | 1 8
2684,2025-12-23,15 35 38 42 46 | 4 5
2685,2025-12-23,2 12 17 19 44 | 2 5
2686,2025-12-24,15 16 20 35 39 | 3 8
2687,2025-12-24,11 22 29 30 45 | 5 7
2688,2025-12-25,1 14 16 27 35 | 4 5
2689,2025-12-25,6 19 26 36 40 | 3 10
2690,2025-12-26,1 2 27 30 48 | 6 7
2691,2025-12-26,10 14 28 35 47 | 3 8
2692,2025-12-27,9 15 21 40 44 | 2 4
2693,2025-12-27,1 8 33 34 43 | 2 9
2694,2025-12-28,1 2 9 13 17 | 2 6
2695,2025-12-29,2 7 22 27 39 | 4 10
2696,2025-12-29,5 8 14 38 42 | 8 9
2697,2025-12-30,1 18 19 26 42 | 3 8
2698,2025-12-30,11 16 26 43 45 | 5 6
2699,2025-12-31,16 27 30 39 40 | 5 8
2700,2025-12-31,25 31 34 38 45 | 1 2
2701,2026-01-01,14 24 25 34 35 | 3 8
2702,2026-01-01,10 16 27 38 46 | 7 9
2703,2026-01-02,10 20 30 31 36 | 8 10
2704,2026-01-02,1 5 6 10 47 | 2 8
2705,2026-01-03,18 28 32 36 38 | 6 7
2706,2026-01-03,8 19 28 30 33 | 2 10
2707,2026-01-04,4 17 31 39 45 | 6 9
2708,2026-01-04,11 13 35 36 45 | 1 9
2709,2026-01-05,23 26 28 42 47 | 1 2
2710,2026-01-05,5 38 39 42 50 | 5 9
2711,2026-01-06,18 19 24 32 33 | 2 8
2712,2026-01-06,6 7 28 34 41 | 1 2
2713,2026-01-07,12 26 32 37 45 | 2 10
2714,2026-01-07,4 12 30 34 46 | 2 9
2715,2026-01-08,7 8 25 28 39 | 2 8
2716,2026-01-08,8 26 30 32 42 | 4 9
2717,2026-01-09,4 8 13 17 39 | 7 8
2718,2026-01-09,13 19 31 33 38 | 6 8
2719,2026-01-10,27 28 33 38 49 | 5 7
2720,2026-01-10,5 15 30 31 48 | 6 9
2721,2026-01-11,13 17 28 39 49 | 5 6
2722,2026-01-11,1 24 30 35 40 | 2 10
2723,2026-01-12,5 19 34 40 43 | 6 8
2724,2026-01-12,4 8 10 25 27 | 1 6
2725,2026-01-13,4 11 28 32 49 | 6 10
2726,2026-01-13,12 24 32 41 43 | 1 5
2727,2026-01-14,20 29 31 40 50 | 1 3
2728,2026-01-14,10 13 16 19 43 | 2 10
2729,2026-01-15,13 18 20 21 49 | 8 10
2730,2026-01-15,3 27 31 36 39 | 2 4
2731,2026-01-16,27 34 39 47 48 | 5 9
2732,2026-01-16,13 18 21 22 32 | 1 7
2733,2026-01-17,18 22 24 46 50 | 7 10
2734,2026-01-17,1 9 37 39 42 | 3 4
2735,2026-01-18,8 9 28 34 44 | 7 10
2736,2026-01-18,20 23 35 39 50 | 4 8
2737,2026-01-19,7 18 33 41 42 | 7 8
2738,2026-01-19,17 19 21 34 35 | 2 9
2739,2026-01-20,4 16 21 24 39 | 8 9
2740,2026-01-20,20 30 38 41 49 | 5 7
2741,2026-01-21,2 7 40 41 44 | 2 9
2742,2026-01-21,7 15 29 34 35 | 4 9
2743,2026-01-22,3 10 17 28 29 | 2 10
2744,2026-01-22,18 25 29 49 50 | 7 8
2745,2026-01-23,4 8 18 22 30 | 8 10
2746,2026-01-23,1 2 29 38 44 | 1 6
2747,2026-01-24,13 26 41 44 45 | 3 8
2748,2026-01-24,12 21 27 36 49 | 5 7
2749,2026-01-25,8 15 30 42 46 | 3 5
2750,2026-01-25,1 24 33 35 36 | 6 8
2751,2026-01-26,2 6 42 45 48 | 2 7
2752,2026-01-26,3 23 24 35 41 | 1 10
2753,2026-01-27,1 6 28 38 43 | 4 7
2754,2026-01-27,23 29 44 47 50 | 2 10
2755,2026-01-28,4 11 27 45 47 | 2 9
2756,2026-01-28,1 13 17 20 30 | 4 8
2757,2026-01-29,7 21 34 39 40 | 4 9
2758,2026-01-29,7 9 13 25 29 | 8 10
2759,2026-01-30,14 16 19 27 41 | 2 9
2760,2026-01-30,8 21 25 33 44 | 4 8
2761,2026-01-31,15 18 21 25 31 | 4 10
2762,2026-01-31,3 5 8 32 41 | 2 6
2763,2026-02-01,6 30 38 43 45 | 3 5
2764,2026-02-01,5 17 29 43 46 | 4 8
2765,2026-02-02,4 8 14 43 50 | 1 9
2766,2026-02-02,6 27 29 30 35 | 6 10
2767,2026-02-03,4 13 24 38 50 | 9 10
2768,2026-02-03,7 25 34 47 48 | 7 8
2769,2026-02-04,11 14 17 25 26 | 4 5
2770,2026-02-04,11 21 26 44 46 | 3 4
2771,2026-02-05,3 10 24 26 36 | 3 10
2772,2026-02-05,2 17 20 30 39 | 6 7
2773,2026-02-06,17 21 41 48 50 | 4 6
2774,2026-02-06,3 7 10 31 36 | 2 10
2775,2026-02-07,14 16 26 45 49 | 5 10
2776,2026-02-07,4 6 13 26 32 | 8 9
2777,2026-02-08,7 30 32 38 39 | 7 10
2778,2026-02-08,4 6 13 35 40 | 3 8
2779,2026-02-09,4 11 20 28 37 | 2 4
2780,2026-02-09,11 18 22 43 46 | 1 5
2781,2026-02-10,4 5 17 27 37 | 2 9
2782,2026-02-10,14 18 30 33 50 | 1 10
2783,2026-02-11,14 32 34 40 48 | 5 9
2784,2026-02-11,2 4 12 28 29 | 3 4
2785,2026-02-12,10 21 22 37 42 | 3 9
2786,2026-02-12,4 7 9 12 39 | 5 8
2787,2026-02-13,13 26 27 37 46 | 1 7
2788,2026-02-13,14 18 35 39 45 | 6 7
2789,2026-02-14,25 31 35 42 44 | 2 9
2790,2026-02-14,21 26 41 46 50 | 6 9
2791,2026-02-15,14 31 39 45 46 | 2 8
2792,2026-02-15,10 17 19 22 25 | 3 7
2793,2026-02-16,11 23 28 34 42 | 2 6
2794,2026-02-16,1 5 11 15 41 | 1 10
2795,2026-02-17,7 13 24 26 32 | 6 7
2796,2026-02-17,12 22 41 46 48 | 4 6
2797,2026-02-18,2 14 15 27 44 | 5 10
2798,2026-02-18,10 19 29 31 46 | 6 7
2799,2026-02-19,6 9 12 45 47 | 3 6
2800,2026-02-19,3 4 16 20 31 | 4 10
2801,2026-02-20,4 14 32 42 47 | 1 10
2802,2026-02-20,29 32 44 49 50 | 1 4
2803,2026-02-20,21 30 32 33 45 | 5 6
2804,2026-02-20,6 10 25 40 41 | 3 10
2805,2026-02-20,1 6 8 30 33 | 4 5
2806,2026-02-20,11 21 30 34 38 | 4 10
2807,2026-02-20,23 32 36 45 47 | 3 8
2808,2026-02-20,1 9 20 29 48 | 7 10
2809,2026-02-21,23 25 29 30 38 | 4 10
2810,2026-02-21,1 22 23 36 41 | 6 9
2811,2026-02-21,9 14 15 39 49 | 4 7
2812,2026-02-21,6 22 24 29 32 | 5 10
2813,2026-02-21,8 10 20 29 38 | 6 9
2814,2026-02-21,1 7 17 21 50 | 7 8
2815,2026-02-21,4 8 21 27 47 | 5 7
2816,2026-02-21,17 18 28 34 35 | 6 10
2817,2026-02-21,2 8 32 42 44 | 3 4
2818,2026-02-21,4 12 14 36 38 | 5 7
2819,2026-02-22,11 17 34 45 49 | 1 3
2820,2026-02-22,17 18 29 31 49 | 1 2
2821,2026-02-22,9 19 21 31 37 | 1 8
2822,2026-02-22,5 7 21 27 42 | 3 10
2823,2026-02-22,2 3 13 39 50 | 5 9
2824,2026-02-22,8 9 17 30 35 | 5 8
2825,2026-02-22,1 10 23 39 41 | 1 3
2826,2026-02-22,8 13 20 39 50 | 4 5
2827,2026-02-22,2 14 21 36 41 | 7 9
2828,2026-02-22,2 16 22 37 46 | 3 7
2829,2026-02-23,6 19 32 36 44 | 4 8
2830,2026-02-23,11 18 20 27 33 | 4 9
2831,2026-02-23,3 12 27 45 46 | 2 6
2832,2026-02-23,18 23 26 35 44 | 4 10
2833,2026-02-23,2 15 20 29 38 | 5 6
2834,2026-02-23,3 21 37 38 44 | 4 5
2835,2026-02-23,21 22 24 37 40 | 4 8
2836,2026-02-23,6 12 22 28 30 | 6 8
2837,2026-02-23,4 21 44 48 50 | 9 10
2838,2026-02-23,14 35 38 39 50 | 4 10
2839,2026-02-24,4 27 41 42 46 | 6 8
2840,2026-02-24,11 13 23 38 45 | 5 7
2841,2026-02-24,5 39 41 45 50 | 4 10
2842,2026-02-24,4 10 16 26 27 | 7 10
2843,2026-02-24,2 8 21 26 49 | 5 10
2844,2026-02-24,4 9 16 20 33 | 1 5
2845,2026-02-24,9 21 29 39 49 | 3 8
2846,2026-02-24,20 24 36 37 46 | 5 9
2847,2026-02-24,11 16 30 39 49 | 8 9
2848,2026-02-24,23 25 27 48 49 | 4 9
2849,2026-02-25,1 14 24 31 35 | 1 10
2850,2026-02-25,15 23 28 29 39 | 6 8
2851,2026-02-25,3 19 25 41 47 | 3 5
2852,2026-02-25,3 7 20 21 36 | 4 7
2853,2026-02-25,11 19 36 37 46 | 2 5
2854,2026-02-25,7 33 35 41 49 | 2 6
2855,2026-02-25,5 8 20 35 48 | 3 7
2856,2026-02-25,3 5 8 13 27 | 3 8
2857,2026-02-25,1 6 12 15 50 | 4 10
2858,2026-02-25,4 5 28 33 40 | 2 4
2859,2026-02-26,12 16 27 41 50 | 3 10
2860,2026-02-26,3 12 19 31 44 | 7 10
2861,2026-02-26,4 13 25 30 47 | 1 3
2862,2026-02-26,1 6 13 39 48 | 1 9
2863,2026-02-26,10 12 37 45 47 | 2 6
2864,2026-02-26,13 15 21 41 47 | 3 6
2865,2026-02-26,4 10 22 31 40 | 9 10
2866,2026-02-26,8 10 37 38 41 | 1 8
2867,2026-02-26,15 23 37 38 46 | 8 10
2868,2026-02-26,2 11 33 45 48 | 4 7
2869,2026-02-27,6 10 26 28 29 | 4 7
2870,2026-02-27,3 10 21 47 48 | 5 7
2871,2026-02-27,2 7 11 15 17 | 8 9
2872,2026-02-27,25 27 36 39 45 | 2 3
2873,2026-02-27,11 22 39 40 42 | 1 3
2874,2026-02-27,5 7 19 29 45 | 4 9
2875,2026-02-27,4 7 10 17 27 | 3 10
2876,2026-02-27,2 7 12 24 49 | 3 5
2877,2026-02-27,10 21 33 41 48 | 4 8
2878,2026-02-27,14 17 21 31 38 | 3 10
2879,2026-02-28,1 3 23 25 31 | 3 7
2880,2026-02-28,3 13 23 32 36 | 3 9
2881,2026-02-28,3 11 18 36 37 | 7 8
2882,2026-02-28,4 8 9 30 40 | 6 9
2883,2026-02-28,7 8 17 32 45 | 3 4
2884,2026-02-28,25 30 40 43 49 | 1 7
2885,2026-02-28,9 18 23 35 46 | 5 10
2886,2026-02-28,3 4 23 30 39 | 3 5
2887,2026-02-28,8 20 34 35 43 | 2 7
2888,2026-02-28,15 31 34 36 40 | 2 10
2889,2026-03-01,5 8 21 26 49 | 1 10
2890,2026-03-01,16 23 40 47 50 | 3 8
2891,2026-03-01,3 9 22 29 34 | 1 6
2892,2026-03-01,9 14 19 29 37 | 6 7
2893,2026-03-01,1 12 23 45 47 | 3 6
2894,2026-03-01,4 6 7 26 42 | 7 10
2895,2026-03-01,5 13 14 38 46 | 1 2
2896,2026-03-01,1 4 21 28 45 | 2 10
2897,2026-03-01,13 25 27 33 45 | 1 2
2898,2026-03-01,14 24 32 34 48 | 4 6
2899,2026-03-02,1 11 34 45 50 | 4 8
2900,2026-03-02,9 14 25 38 43 | 1 5
2901,2026-03-02,3 4 16 23 33 | 5 10
2902,2026-03-02,6 19 28 45 46 | 6 9
2903,2026-03-02,1 11 25 36 44 | 2 10
2904,2026-03-02,7 8 18 35 49 | 6 8
2905,2026-03-02,11 14 17 26 46 | 3 6
2906,2026-03-02,13 29 38 45 46 | 5 9
2907,2026-03-02,14 25 35 37 40 | 1 4
2908,2026-03-02,11 15 28 34 44 | 3 9
2909,2026-03-03,6 9 30 47 50 | 3 7
2910,2026-03-03,8 12 29 31 46 | 4 5
2911,2026-03-03,13 20 21 39 41 | 2 9
2912,2026-03-03,7 14 25 33 42 | 2 5
2913,2026-03-03,5 20 22 27 41 | 1 10
2914,2026-03-03,4 8 35 44 47 | 4 6
2915,2026-03-03,31 35 37 44 50 | 6 8
2916,2026-03-03,13 20 26 28 37 | 5 8
2917,2026-03-03,1 10 14 28 49 | 2 7
2918,2026-03-03,1 4 32 42 46 | 4 8
2919,2026-03-04,6 20 32 48 50 | 8 10
2920,2026-03-04,2 10 19 21 26 | 5 8
2921,2026-03-04,1 20 28 45 47 | 1 9
2922,2026-03-04,15 30 41 46 50 | 1 8
2923,2026-03-04,4 6 32 34 42 | 1 10
2924,2026-03-04,3 15 24 30 39 | 2 7
2925,2026-03-04,5 22 24 35 41 | 3 5
2926,2026-03-04,3 4 12 40 42 | 4 6
2927,2026-03-04,4 5 9 26 38 | 2 8
2928,2026-03-04,4 6 27 30 47 | 1 10
2929,2026-03-05,1 7 9 11 32 | 1 3
2930,2026-03-05,18 23 28 43 47 | 2 6
2931,2026-03-05,12 20 24 34 43 | 6 10
2932,2026-03-05,8 9 14 17 47 | 1 5
2933,2026-03-05,1 8 28 30 41 | 2 5
2934,2026-03-05,6 20 24 44 45 | 6 9
2935,2026-03-05,18 23 28 31 43 | 1 3
2936,2026-03-05,2 4 7 30 37 | 9 10
2937,2026-03-05,1 10 11 13 36 | 5 10
2938,2026-03-05,24 28 30 33 50 | 4 8
2939,2026-03-06,4 8 9 39 46 | 2 5
2940,2026-03-06,3 21 30 34 42 | 6 9
2941,2026-03-06,26 29 39 42 48 | 1 6
2942,2026-03-06,3 11 21 24 33 | 2 8
2943,2026-03-06,9 11 22 29 46 | 8 10
2944,2026-03-06,1 5 21 47 50 | 2 9
2945,2026-03-06,12 19 20 21 23 | 3 8
2946,2026-03-06,27 31 37 38 39 | 4 9
2947,2026-03-06,5 10 35 37 41 | 4 9
2948,2026-03-06,4 16 17 30 44 | 3 6
2949,2026-03-07,18 27 33 46 50 | 2 5
2950,2026-03-07,11 17 20 25 32 | 1 7
2951,2026-03-07,14 27 34 36 49 | 4 6
2952,2026-03-07,16 26 45 46 47 | 4 7
2953,2026-03-07,13 32 38 40 47 | 3 5
2954,2026-03-07,3 10 12 27 32 | 1 9
2955,2026-03-07,14 17 18 45 46 | 2 8
2956,2026-03-07,13 18 24 33 36 | 3 10
2957,2026-03-07,16 23 27 35 41 | 1 7
2958,2026-03-07,1 15 16 30 31 | 2 9
2959,2026-03-08,3 12 31 40 46 | 8 9
2960,2026-03-08,10 27 28 40 42 | 3 7
2961,2026-03-08,17 22 34 36 47 | 5 6
2962,2026-03-08,16 25 43 44 45 | 1 7
2963,2026-03-08,9 28 30 33 45 | 3 7
2964,2026-03-08,22 33 34 40 41 | 4 9
2965,2026-03-08,7 19 22 33 43 | 7 8
2966,2026-03-08,26 34 35 38 43 | 3 5
2967,2026-03-08,3 40 41 45 46 | 3 9
2968,2026-03-08,2 9 17 37 47 | 7 9
2969,2026-03-09,5 32 33 36 42 | 3 9
2970,2026-03-09,11 14 32 42 46 | 2 7
2971,2026-03-09,2 5 7 13 28 | 7 10
2972,2026-03-09,1 33 35 39 48 | 7 10
2973,2026-03-09,13 15 19 37 46 | 1 3
2974,2026-03-09,4 12 16 20 43 | 2 5
2975,2026-03-09,38 41 42 48 49 | 4 10
2976,2026-03-09,10 16 37 44 49 | 3 10
2977,2026-03-09,5 9 27 40 46 | 3 10
2978,2026-03-09,3 4 5 45 48 | 4 10
2979,2026-03-10,4 15 21 23 29 | 9 10
2980,2026-03-10,2 5 22 31 42 | 1 2
2981,2026-03-10,2 7 37 41 44 | 1 9
2982,2026-03-10,2 30 35 38 42 | 9 10
2983,2026-03-10,15 18 21 26 32 | 2 9
2984,2026-03-10,4 13 19 40 41 | 1 8
2985,2026-03-10,5 13 35 38 43 | 5 7
2986,2026-03-10,3 25 27 34 47 | 6 8
2987,2026-03-10,18 26 32 33 39 | 2 7
2988,2026-03-11,1 15 23 29 38 | 2 3
2989,2026-03-11,3 14 15 23 44 | 6 8
2990,2026-03-11,9 11 26 28 30 | 4 5
2991,2026-03-11,10 27 35 43 44 | 1 6
2992,2026-03-11,21 34 35 41 49 | 3 5
2993,2026-03-11,12 30 39 48 49 | 1 3
2994,2026-03-11,9 10 18 29 32 | 2 6
2995,2026-03-11,1 25 27 33 50 | 2 3
2996,2026-03-11,1 23 25 36 39 | 1 6
2997,2026-03-11,10 18 21 25 36 | 7 8
2998,2026-03-12,16 20 25 41 47 | 5 6
2999,2026-03-12,18 26 38 48 50 | 6 7
3000,2026-03-12,2 29 30 31 40 | 1 6
3001,2026-03-12,9 19 23 25 40 | 4 10
3002,2026-03-12,10 15 34 38 50 | 1 4
3003,2026-03-12,7 15 31 37 42 | 3 8
3004,2026-03-12,13 24 27 38 50 | 1 2
3005,2026-03-12,7 13 25 26 35 | 9 10
3006,2026-03-12,16 20 34 42 48 | 4 5
3007,2026-03-12,5 22 33 35 37 | 4 7
3008,2026-03-13,12 16 19 28 42 | 6 9
3009,2026-03-13,9 16 19 24 27 | 3 6
3010,2026-03-13,9 10 16 32 40 | 2 6
3011,2026-03-13,11 13 22 30 44 | 1 3
3012,2026-03-13,9 17 23 24 36 | 3 6
3013,2026-03-13,25 27 28 35 48 | 2 6
3014,2026-03-13,5 10 25 45 47 | 2 5
3015,2026-03-13,2 20 21 37 45 | 4 9
3016,2026-03-13,20 26 27 32 48 | 8 9
3017,2026-03-13,22 32 34 36 50 | 3 10
3018,2026-03-14,2 15 27 28 29 | 1 10
3019,2026-03-14,7 11 23 40 49 | 1 5
3020,2026-03-14,5 15 19 26 33 | 1 3
3021,2026-03-14,6 10 12 13 46 | 1 7
3022,2026-03-14,3 6 24 35 41 | 5 7
3023,2026-03-14,8 21 22 37 40 | 5 8
3024,2026-03-14,16 20 26 28 35 | 3 6
3025,2026-03-14,4 6 33 35 47 | 3 4
3026,2026-03-14,4 16 17 28 49 | 8 10
3027,2026-03-14,1 12 32 39 45 | 4 7
3028,2026-03-15,16 27 28 45 50 | 7 9
3029,2026-03-15,12 34 45 46 50 | 1 3
3030,2026-03-15,10 23 35 40 42 | 3 7
3031,2026-03-15,14 16 18 26 49 | 4 10
3032,2026-03-15,11 22 33 35 47 | 2 4
3033,2026-03-15,2 5 6 13 31 | 1 3
3034,2026-03-15,7 32 34 40 46 | 9 10
3035,2026-03-15,5 22 35 44 50 | 9 10
3036,2026-03-15,25 27 40 42 47 | 1 6
3037,2026-03-15,3 6 20 28 33 | 3 7
3038,2026-03-16,14 15 32 39 47 | 3 5
3039,2026-03-16,3 5 9 34 42 | 4 6
3040,2026-03-16,2 3 7 24 46 | 1 9
3041,2026-03-16,8 13 14 44 48 | 1 9
3042,2026-03-16,19 22 25 31 37 | 6 8
3043,2026-03-16,14 15 20 25 39 | 7 9
3044,2026-03-16,1 4 24 32 44 | 5 7
3045,2026-03-16,14 15 17 28 33 | 1 2
3046,2026-03-16,7 11 18 26 31 | 4 10
3047,2026-03-16,1 34 42 45 50 | 2 10
3048,2026-03-17,6 17 23 30 38 | 3 10
3049,2026-03-17,5 11 13 19 37 | 9 10
3050,2026-03-17,2 10 16 38 49 | 5 6
3051,2026-03-17,2 5 20 26 46 | 3 5
3052,2026-03-17,1 3 7 39 42 | 5 7
3053,2026-03-17,5 32 34 43 50 | 2 3
3054,2026-03-17,11 16 17 28 35 | 6 7
3055,2026-03-17,5 9 25 30 48 | 1 6
3056,2026-03-17,7 16 36 41 42 | 3 10
3057,2026-03-17,12 23 26 29 33 | 5 6
3058,2026-03-18,3 10 37 38 45 | 3 5
3059,2026-03-18,10 27 34 45 48 | 1 3
3060,2026-03-18,23 34 35 45 46 | 3 8
3061,2026-03-18,2 8 9 41 46 | 5 9
3062,2026-03-18,20 34 36 39 45 | 1 5
3063,2026-03-18,10 17 20 34 46 | 8 10
3064,2026-03-18,6 27 35 47 50 | 5 8
3065,2026-03-18,7 15 17 26 33 | 2 3
3066,2026-03-18,14 18 23 30 45 | 2 4
3067,2026-03-18,8 13 20 48 49 | 6 8
3068,2026-03-19,16 19 24 27 34 | 9 10
3069,2026-03-19,3 14 26 44 49 | 1 10
3070,2026-03-20,12 14 16 18 47 | 2 7
3071,2026-03-20,20 21 29 42 43 | 7 8
3072,2026-03-20,3 11 14 31 36 | 3 8
3073,2026-03-20,8 20 23 41 45 | 2 5
3074,2026-03-20,1 9 19 20 23 | 8 10
3075,2026-03-20,10 24 35 44 50 | 5 7
3076,2026-03-20,20 21 24 30 38 | 3 4
3077,2026-03-20,6 7 10 18 50 | 5 6
3078,2026-03-20,2 33 36 37 43 | 7 10
3079,2026-03-20,2 31 33 38 49 | 3 5
3080,2026-03-21,3 8 23 27 32 | 3 6
3081,2026-03-21,12 16 24 28 29 | 5 8
3082,2026-03-21,2 6 8 11 27 | 3 9
3083,2026-03-21,6 8 14 15 46 | 4 8
3084,2026-03-21,4 14 20 39 50 | 3 5
3085,2026-03-21,20 21 37 44 48 | 1 3
3086,2026-03-21,9 23 30 34 41 | 1 8
3087,2026-03-21,17 21 30 31 36 | 6 9
3088,2026-03-21,13 15 22 26 33 | 2 5
3089,2026-03-21,18 28 29 41 42 | 3 8
3090,2026-03-22,3 7 24 44 49 | 3 7
3091,2026-03-22,1 30 41 46 47 | 3 6
3092,2026-03-22,1 3 14 30 40 | 5 6
3093,2026-03-22,31 35 36 47 49 | 2 3
3094,2026-03-22,18 23 27 31 32 | 5 6
3095,2026-03-22,8 19 20 22 24 | 2 8
3096,2026-03-22,1 18 26 30 33 | 7 9
3097,2026-03-22,6 7 8 14 31 | 1 2
3098,2026-03-22,1 14 27 30 42 | 3 4
3099,2026-03-22,8 35 40 42 49 | 9 10
3100,2026-03-29,12 32 37 42 44 | 8 9
3101,2026-04-05,9 15 35 36 43 | 5 6
3102,2026-04-12,2 10 19 36 47 | 1 5
3103,2026-04-19,1 5 6 10 20 | 4 5
3104,2026-04-26,2 29 31 35 36 | 8 10
3105,2026-05-03,1 5 15 21 48 | 6 9
3106,2026-05-10,17 18 19 22 46 | 5 7
3107,2026-05-11,2 12 24 25 27 | 5 7
3108,2026-05-12,7 19 27 37 47 | 6 10
3109,2026-05-13,13 33 41 43 46 | 4 7
3110,2026-05-14,1 18 39 40 45 | 3 8
3111,2026-05-15,1 3 7 19 47 | 3 9
3112,2026-05-16,6 33 37 39 44 | 2 10
3113,2026-05-17,11 22 30 32 49 | 1 10
3114,2026-05-18,3 12 22 37 48 | 6 7
3115,2026-05-19,5 16 19 32 40 | 1 5
3116,2026-05-20,5 8 21 42 46 | 2 8
3117,2026-05-21,9 17 22 30 39 | 5 10
3118,2026-05-22,3 12 13 29 37 | 7 10
3119,2026-05-23,7 15 23 42 45 | 1 3
3120,2026-05-24,38 41 46 47 50 | 4 7
3121,2026-05-25,12 13 25 33 39 | 3 6
3122,2026-05-26,2 15 27 33 39 | 2 3
3123,2026-05-27,2 19 23 34 38 | 5 7
3124,2026-05-28,5 7 35 41 45 | 7 8
3125,2026-05-29,2 4 27 39 50 | 2 10
3126,2026-05-30,13 16 23 25 39 | 1 2
3127,2026-05-31,13 19 25 30 33 | 1 2
3128,2026-06-01,12 16 22 26 38 | 3 4
3129,2026-06-02,11 27 38 41 47 | 2 3
3130,2026-06-03,19 21 31 42 47 | 1 9
3131,2026-06-04,7 11 17 34 35 | 4 8
3132,2026-06-05,2 13 23 29 42 | 8 10
3133,2026-06-06,3 19 20 42 46 | 4 7
3134,2026-06-07,10 16 19 24 29 | 8 9
3135,2026-06-08,4 21 25 36 38 | 7 10
3136,2026-06-09,6 12 21 28 31 | 3 7
3137,2026-06-10,23 24 29 43 49 | 2 4
3138,2026-06-11,14 21 25 26 49 | 3 9
3139,2026-06-12,26 27 28 43 49 | 2 4
3140,2026-06-13,1 6 12 40 45 | 4 5
3141,2026-06-14,1 10 15 16 39 | 3 8
3142,2026-06-15,3 19 21 32 42 | 3 10
3143,2026-06-16,18 21 22 39 40 | 3 5
3144,2026-06-17,3 33 44 45 50 | 5 8
3145,2026-06-18,10 22 34 37 38 | 3 8
3146,2026-06-19,2 11 30 31 37 | 1 6
3147,2026-06-20,7 16 40 45 48 | 1 2
3148,2026-06-21,1 23 25 27 31 | 6 8
3149,2026-06-22,4 11 28 31 40 | 3 6
3150,2026-06-23,3 28 34 36 41 | 3 5
3151,2026-06-24,12 16 19 24 43 | 5 6
3152,2026-06-25,2 3 12 14 21 | 1 7
3153,2026-06-26,2 4 16 24 49 | 5 7
3154,2026-06-27,17 21 27 28 36 | 3 5
3155,2026-06-28,18 20 22 32 50 | 4 7
3156,2026-06-29,6 25 27 34 40 | 3 8
3157,2026-06-30,11 13 21 23 40 | 5 8
3158,2026-07-01,1 23 24 38 46 | 2 9
3159,2026-07-02,4 13 24 36 50 | 4 8
3160,2026-07-03,2 3 26 37 49 | 1 5
3161,2026-07-04,16 18 25 26 30 | 4 8
3162,2026-07-05,7 21 23 31 45 | 3 9
3163,2026-07-06,5 9 29 31 50 | 4 9
3164,2026-07-07,9 12 20 24 40 | 1 5
3165,2026-07-08,5 11 19 31 44 | 4 6
3166,2026-07-09,17 18 25 33 35 | 4 6
3167,2026-07-10,6 30 34 41 50 | 2 7
3168,2026-07-11,9 33 39 40 43 | 5 8
3169,2026-07-12,3 17 19 39 45 | 4 7
3170,2026-07-13,1 21 24 33 49 | 1 10
3171,2026-07-14,24 28 31 40 42 | 5 7
3172,2026-07-15,8 13 25 44 45 | 3 8
3173,2026-07-16,4 9 24 40 50 | 3 9
3174,2026-07-17,14 17 39 41 50 | 2 9
3175,2026-07-18,13 18 25 28 33 | 2 3
3176,2026-07-19,2 13 35 39 41 | 1 4
3177,2026-07-20,8 24 26 35 45 | 6 8
3178,2026-07-21,12 21 31 37 50 | 8 9
3179,2026-07-22,4 16 21 31 47 | 1 3
3180,2026-07-23,12 15 20 33 39 | 4 8
3181,2026-07-24,19 25 26 27 46 | 4 9
3182,2026-07-25,8 12 39 40 47 | 1 2
3183,2026-07-26,4 21 23 35 43 | 6 9
3184,2026-07-27,5 7 21 23 44 | 3 10
3185,2026-07-28,10 27 46 47 48 | 1 2
3186,2026-07-29,23 30 31 43 45 | 3 10
3187,2026-07-30,2 7 17 34 43 | 7 9
3188,2026-07-31,1 8 13 22 44 | 5 8
3189,2026-08-01,6 8 16 32 33 | 3 4
3190,2026-08-02,5 22 24 32 45 | 1 4
3191,2026-08-03,16 18 30 34 35 | 1 3
3192,2026-08-04,12 13 22 28 37 | 3 10
3193,2026-08-05,11 13 34 41 44 | 9 10
3194,2026-08-06,3 9 16 25 34 | 5 10
3195,2026-08-07,4 9 31 35 41 | 7 8
3196,2026-08-07,1 11 13 29 50 | 4 5
3197,2026-08-08,3 5 9 34 35 | 2 8
3198,2026-08-08,8 26 28 37 49 | 5 10
3199,2026-08-09,2 3 25 41 49 | 7 8
3200,2026-08-09,8 15 21 26 38 | 4 6
3201,2026-08-10,6 17 18 43 49 | 7 10
3202,2026-08-10,16 22 25 38 46 | 1 6
3203,2026-08-11,1 22 24 38 39 | 5 8
3204,2026-08-11,15 20 27 43 50 | 4 9
3205,2026-08-12,1 17 24 29 31 | 2 10
3206,2026-08-12,7 9 16 33 37 | 6 9
3207,2026-08-13,18 26 28 30 35 | 3 5
3208,2026-08-13,14 29 30 33 35 | 1 5
3209,2026-08-14,5 18 20 26 27 | 6 8
3210,2026-08-14,7 29 32 38 45 | 1 5
3211,2026-08-15,5 15 40 43 47 | 2 8
3212,2026-08-15,6 8 20 47 49 | 3 9
3213,2026-08-16,10 12 14 24 25 | 1 6
3214,2026-08-16,6 16 17 33 47 | 6 7
3215,2026-08-17,9 23 27 45 47 | 1 4
3216,2026-08-17,7 8 11 24 43 | 4 9
3217,2026-08-18,2 12 33 45 46 | 3 4
3218,2026-08-18,16 27 30 43 48 | 8 10
3219,2026-08-19,4 10 11 22 39 | 4 8
3220,2026-08-19,4 10 15 35 45 | 2 3
3221,2026-08-20,8 18 24 25 36 | 1 6
3222,2026-08-20,3 26 32 43 47 | 5 6
3223,2026-08-21,3 30 33 35 37 | 1 7
3224,2026-08-21,16 25 29 31 43 | 1 7
3225,2026-08-22,17 18 22 24 38 | 1 4
3226,2026-08-22,3 18 24 42 50 | 4 7
3227,2026-08-23,2 25 27 28 48 | 1 2
3228,2026-08-23,4 18 35 37 38 | 1 7
3229,2026-08-24,10 31 40 46 50 | 1 9
3230,2026-08-24,1 27 29 37 50 | 5 8
3231,2026-08-25,6 8 13 21 45 | 9 10
3232,2026-08-25,29 30 38 42 43 | 2 7
3233,2026-08-26,11 23 26 28 38 | 8 9
3234,2026-08-26,3 10 15 17 35 | 1 3
3235,2026-08-27,5 8 11 26 50 | 2 6
3236,2026-08-27,4 21 39 46 47 | 1 6
3237,2026-08-28,20 23 32 39 42 | 4 6
3238,2026-08-28,1 13 20 39 45 | 4 8
3239,2026-08-29,9 12 14 25 46 | 5 6
3240,2026-08-29,3 4 7 16 43 | 5 6
3241,2026-08-30,1 3 24 28 42 | 1 5
3242,2026-08-30,34 36 39 40 43 | 6 9
3243,2026-08-31,16 25 26 32 50 | 5 10
3244,2026-08-31,2 4 26 33 35 | 1 2
3245,2026-09-01,3 10 22 25 33 | 1 2
3246,2026-09-01,13 29 32 43 45 | 1 10
3247,2026-09-02,18 40 42 43 48 | 5 6
3248,2026-09-02,8 15 28 33 49 | 5 6
3249,2026-09-03,1 14 22 25 36 | 5 9
3250,2026-09-03,10 17 22 37 43 | 8 9
3251,2026-09-04,2 19 24 30 43 | 1 2
3252,2026-09-04,5 8 21 24 41 | 4 10
3253,2026-09-05,9 16 17 20 45 | 2 7
3254,2026-09-05,15 24 33 37 44 | 1 3
3255,2026-09-06,26 31 32 43 48 | 2 5
3256,2026-09-06,2 9 15 16 34 | 2 6
3257,2026-09-07,18 26 32 34 48 | 2 7
3258,2026-09-07,3 5 19 29 44 | 4 10
3259,2026-09-08,6 17 22 39 46 | 4 8
3260,2026-09-08,34 36 37 42 49 | 1 6
3261,2026-09-08,4 13 27 46 48 | 4 7
3262,2026-09-09,11 35 38 39 42 | 4 7
3263,2026-09-09,2 12 20 48 49 | 5 7
3264,2026-09-09,17 20 24 27 44 | 1 3
3265,2026-09-10,11 15 33 35 42 | 5 7
3266,2026-09-10,15 25 32 33 34 | 2 5
3267,2026-09-10,13 17 25 40 41 | 1 6
3268,2026-09-11,11 16 31 32 44 | 6 7
3269,2026-09-11,2 25 37 38 47 | 3 5
3270,2026-09-11,1 10 27 35 47 | 1 3
3271,2026-09-12,10 11 29 37 45 | 6 7
3272,2026-09-12,3 5 26 27 50 | 2 9
3273,2026-09-12,24 33 34 35 40 | 6 9
3274,2026-09-13,7 10 32 45 49 | 6 8
3275,2026-09-13,4 19 40 47 49 | 5 8
3276,2026-09-13,4 8 11 14 20 | 7 10
3277,2026-09-14,21 22 31 34 48 | 1 9
3278,2026-09-14,9 14 37 45 46 | 8 9
3279,2026-09-14,25 28 30 36 42 | 1 6
3280,2026-09-15,7 14 23 27 36 | 5 7
3281,2026-09-15,6 9 34 39 48 | 8 9
3282,2026-09-15,8 9 25 30 32 | 3 8
3283,2026-09-16,5 10 14 29 46 | 2 10
3284,2026-09-16,14 20 31 44 48 | 8 10
3285,2026-09-16,9 10 19 35 38 | 7 8
3286,2026-09-17,5 12 21 24 48 | 6 7
3287,2026-09-17,18 22 34 38 48 | 7 8
3288,2026-09-17,12 27 31 34 43 | 5 7
3289,2026-09-18,14 19 25 30 38 | 4 6
3290,2026-09-18,19 26 27 31 35 | 4 6
3291,2026-09-18,4 5 18 28 47 | 1 8
3292,2026-09-19,11 13 27 31 50 | 1 6
3293,2026-09-19,3 8 24 31 42 | 4 5
3294,2026-09-19,1 11 28 40 44 | 1 5
3295,2026-09-20,1 13 16 21 38 | 3 7
3296,2026-09-20,2 13 14 17 33 | 3 8
3297,2026-09-20,26 32 35 37 48 | 1 10
3298,2026-09-21,1 9 19 25 26 | 7 10
3299,2026-09-21,5 17 39 43 44 | 1 5
3300,2026-09-21,1 3 10 16 31 | 1 4
3301,2026-09-22,9 22 31 36 40 | 8 10
3302,2026-09-22,11 20 30 38 46 | 6 7
3303,2026-09-22,8 23 29 36 46 | 4 6
3304,2026-09-23,6 14 31 48 49 | 5 6
3305,2026-09-23,5 14 32 37 44 | 1 7
3306,2026-09-23,11 17 29 34 39 | 6 10
3307,2026-09-24,1 2 26 36 50 | 2 4
3308,2026-09-24,9 25 43 46 50 | 4 8
3309,2026-09-24,2 6 16 19 24 | 3 4
3310,2026-09-25,4 7 17 26 41 | 6 9
3311,2026-09-25,6 28 38 40 46 | 1 5
3312,2026-09-25,12 13 24 30 37 | 2 10
3313,2026-09-26,11 13 18 19 27 | 7 10
