draw,date,numbers
1,2016-12-31,2 4 10 20 | 2 9 16 17
2,2017-01-03,6 12 17 20 | 3 9 13 16
3,2017-01-05,5 17 18 19 | 11 12 14 20
4,2017-01-08,5 12 17 19 | 3 6 7 8
5,2017-01-10,3 8 9 13 | 5 7 8 16
6,2017-01-12,9 14 17 18 | 2 8 14 18
7,2017-01-15,4 6 13 20 | 4 6 12 20
8,2017-01-17,11 15 17 20 | 11 14 18 19
9,2017-01-19,6 8 16 20 | 4 12 13 14
10,2017-01-22,3 11 13 15 | 2 13 14 15
11,2017-01-24,3 4 15 19 | 12 15 18 19
12,2017-01-26,4 16 18 20 | 4 11 13 14
13,2017-01-29,8 11 12 18 | 2 3 8 11
14,2017-01-31,3 4 7 11 | 3 4 7 9
15,2017-02-02,6 8 9 17 | 2 6 9 13
16,2017-02-05,5 8 9 12 | 2 5 6 14
17,2017-02-06,10 12 14 15 | 3 6 10 13
18,2017-02-08,1 11 15 20 | 6 9 10 19
19,2017-02-12,6 11 12 16 | 6 7 13 19
20,2017-02-13,1 2 3 10 | 2 8 9 14
21,2017-02-15,1 7 9 10 | 6 10 17 19
22,2017-02-19,3 5 15 17 | 6 16 17 20
23,2017-02-20,5 6 11 17 | 1 8 12 13
24,2017-02-22,4 13 15 16 | 8 10 11 13
25,2017-02-26,2 5 6 8 | 2 4 7 14
26,2017-02-27,1 8 13 16 | 7 14 15 16
27,2017-03-01,3 5 11 19 | 4 8 12 19
28,2017-03-05,13 14 17 19 | 10 13 19 20
29,2017-03-06,1 7 11 17 | 2 3 9 20
30,2017-03-08,2 16 19 20 | 1 5 7 11
31,2017-03-12,7 12 13 16 | 3 8 13 19
32,2017-03-13,1 5 14 15 | 2 7 10 20
33,2017-03-15,8 16 19 20 | 2 6 12 14
34,2017-03-19,3 4 13 17 | 2 10 15 20
35,2017-03-20,3 9 10 16 | 2 4 9 18
36,2017-03-22,3 9 11 13 | 7 14 15 17
37,2017-03-26,5 6 9 19 | 11 12 14 19
38,2017-03-27,1 12 13 15 | 2 9 13 14
39,2017-03-29,4 11 14 16 | 8 13 14 16
40,2017-04-02,3 5 7 13 | 5 6 9 12
41,2017-04-03,2 4 11 19 | 2 12 14 20
42,2017-04-05,2 15 17 19 | 11 13 16 17
43,2017-04-08,8 11 16 18 | 10 12 16 20
44,2017-04-10,5 10 11 12 | 4 6 14 20
45,2017-04-12,3 7 9 18 | 2 3 4 7
46,2017-04-16,10 15 16 19 | 3 9 10 19
47,2017-04-17,5 9 17 18 | 3 9 11 15
48,2017-04-19,1 2 3 19 | 5 6 11 16
49,2017-04-22,2 6 12 18 | 4 10 15 20
50,2017-04-24,1 4 8 20 | 4 5 17 18
51,2017-04-26,7 10 11 16 | 2 3 7 17
52,2017-04-29,2 8 9 19 | 8 11 16 19
53,2017-05-01,2 10 12 15 | 1 6 7 15
54,2017-05-03,2 10 15 19 | 3 6 12 19
55,2017-05-06,6 13 15 17 | 4 7 15 19
56,2017-05-08,1 6 10 11 | 1 4 8 19
57,2017-05-10,4 7 10 16 | 9 14 19 20
58,2017-05-13,3 9 15 20 | 2 9 16 20
59,2017-05-15,7 8 9 11 | 1 5 11 13
60,2017-05-17,1 4 6 15 | 1 4 12 15
61,2017-05-20,2 9 11 17 | 5 9 13 14
62,2017-05-22,6 12 13 15 | 3 10 18 20
63,2017-05-24,6 12 14 16 | 3 7 17 19
64,2017-05-27,6 10 15 16 | 5 8 16 18
65,2017-05-29,6 11 16 20 | 2 7 9 12
66,2017-05-31,3 5 12 19 | 3 6 10 14
67,2017-06-03,1 8 11 20 | 2 8 12 15
68,2017-06-05,2 4 15 16 | 2 5 14 16
69,2017-06-07,10 11 17 19 | 1 3 5 18
70,2017-06-10,1 7 14 15 | 4 10 13 17
71,2017-06-12,4 5 12 16 | 7 10 12 15
72,2017-06-14,6 10 15 18 | 4 6 11 15
73,2017-06-17,4 5 19 20 | 4 9 13 17
74,2017-06-19,3 11 13 20 | 1 7 12 15
75,2017-06-21,5 13 16 20 | 2 6 10 11
76,2017-06-24,4 5 8 15 | 2 5 8 15
77,2017-06-26,1 2 17 19 | 2 4 5 16
78,2017-06-28,1 2 6 16 | 10 13 14 20
79,2017-07-01,1 7 9 19 | 5 14 15 19
80,2017-07-03,1 3 10 12 | 3 5 14 18
81,2017-07-05,4 7 13 14 | 9 13 16 20
82,2017-07-08,4 7 19 20 | 3 11 12 18
83,2017-07-10,1 5 12 20 | 17 18 19 20
84,2017-07-12,3 10 17 18 | 1 4 11 17
85,2017-07-15,7 10 15 19 | 5 11 13 17
86,2017-07-17,3 6 14 19 | 3 4 16 20
87,2017-07-19,4 10 11 14 | 4 5 8 16
88,2017-07-22,7 13 15 20 | 5 6 13 16
89,2017-07-24,4 7 8 17 | 9 14 17 18
90,2017-07-26,1 3 18 19 | 1 7 10 13
91,2017-07-29,3 6 8 13 | 4 6 14 19
92,2017-07-31,5 8 13 18 | 1 3 5 13
93,2017-08-02,3 7 14 15 | 1 3 5 9
94,2017-08-05,1 11 15 19 | 1 4 8 16
95,2017-08-07,5 9 10 14 | 3 4 9 19
96,2017-08-09,12 13 15 16 | 2 5 6 20
97,2017-08-12,1 2 8 20 | 7 16 17 18
98,2017-08-14,1 6 11 13 | 5 7 13 17
99,2017-08-16,4 7 8 15 | 1 5 8 17
100,2017-08-19,11 14 16 19 | 1 7 9 18
101,2017-08-21,1 2 7 15 | 6 9 13 14
102,2017-08-23,7 11 12 20 | 1 8 12 19
103,2017-08-26,5 6 18 19 | 3 14 16 20
104,2017-08-28,9 12 13 20 | 7 11 17 19
105,2017-08-30,3 5 6 11 | 9 10 16 20
106,2017-09-02,2 4 6 11 | 6 11 12 19
107,2017-09-04,2 11 12 15 | 1 2 6 13
108,2017-09-06,1 11 13 19 | 1 2 9 16
109,2017-09-09,1 3 13 15 | 11 13 14 17
110,2017-09-11,4 6 12 15 | 9 11 17 18
111,2017-09-13,5 10 19 20 | 1 2 3 19
112,2017-09-16,7 14 17 20 | 1 9 11 12
113,2017-09-18,1 15 17 19 | 3 10 11 14
114,2017-09-20,1 9 16 20 | 1 6 8 11
115,2017-09-23,1 11 16 19 | 6 14 16 18
116,2017-09-25,8 13 18 20 | 7 11 13 17
117,2017-09-27,9 11 16 17 | 1 3 6 9
118,2017-09-30,1 4 9 12 | 3 4 13 20
119,2017-10-02,5 7 18 20 | 1 6 7 11
120,2017-10-04,2 3 11 18 | 10 11 12 15
121,2017-10-07,5 6 13 15 | 7 9 17 19
122,2017-10-09,2 16 17 19 | 2 3 14 16
123,2017-10-11,2 8 10 11 | 4 7 8 18
124,2017-10-14,11 12 14 16 | 1 2 7 15
125,2017-10-16,4 6 13 20 | 1 5 14 20
126,2017-10-18,1 7 16 20 | 1 2 17 18
127,2017-10-21,7 13 14 17 | 3 14 16 20
128,2017-10-23,4 8 15 19 | 3 9 10 11
129,2017-10-25,8 12 16 17 | 1 4 5 19
130,2017-10-28,5 7 15 17 | 4 7 9 14
131,2017-10-30,1 4 18 19 | 4 5 6 10
132,2017-11-01,2 4 13 20 | 2 13 15 17
133,2017-11-04,10 12 15 16 | 1 5 12 18
134,2017-11-06,6 10 14 15 | 2 9 10 15
135,2017-11-08,5 9 15 19 | 2 5 14 15
136,2017-11-11,3 5 12 13 | 2 3 7 19
137,2017-11-13,6 7 8 12 | 4 9 10 20
138,2017-11-15,4 12 13 18 | 2 6 10 13
139,2017-11-18,3 12 18 19 | 3 10 15 18
140,2017-11-20,6 10 15 16 | 7 10 18 20
141,2017-11-22,5 8 10 17 | 3 9 13 14
142,2017-11-25,6 10 15 16 | 7 17 19 20
143,2017-11-27,2 7 8 12 | 6 10 11 12
144,2017-11-29,8 11 14 16 | 2 3 11 17
145,2017-12-02,1 4 17 20 | 2 8 10 11
146,2017-12-04,3 6 11 12 | 4 7 8 9
147,2017-12-06,3 7 12 19 | 2 13 17 19
148,2017-12-09,8 10 16 20 | 8 13 15 17
149,2017-12-11,1 13 15 19 | 4 6 16 17
150,2017-12-13,2 8 12 20 | 4 5 15 16
151,2017-12-16,11 12 18 19 | 1 5 6 10
152,2017-12-18,5 6 8 17 | 3 6 14 16
153,2017-12-20,3 10 11 19 | 10 15 18 20
154,2017-12-23,8 16 18 20 | 8 14 16 20
155,2017-12-25,3 12 15 19 | 1 14 15 17
156,2017-12-27,12 14 16 17 | 3 9 11 17
157,2017-12-30,7 10 16 17 | 3 7 10 20
158,2018-01-01,2 4 5 9 | 3 4 5 15
159,2018-01-03,1 8 11 17 | 3 4 11 19
160,2018-01-06,8 9 15 16 | 3 7 12 13
161,2018-01-08,15 16 19 20 | 1 2 9 10
162,2018-01-10,2 3 10 18 | 2 6 7 9
163,2018-01-13,2 4 9 18 | 1 8 10 14
164,2018-01-15,5 9 18 19 | 5 10 13 17
165,2018-01-17,1 11 15 16 | 1 13 15 18
166,2018-01-20,7 11 17 19 | 8 13 15 17
167,2018-01-22,3 12 15 16 | 1 3 8 12
168,2018-01-24,8 11 16 18 | 3 16 18 20
169,2018-01-27,2 5 14 17 | 5 9 12 14
170,2018-01-29,3 10 18 19 | 7 11 12 15
171,2018-01-31,7 13 14 17 | 3 11 12 16
172,2018-02-03,2 5 7 16 | 1 8 19 20
173,2018-02-05,1 4 7 9 | 1 4 5 20
174,2018-02-07,7 9 10 19 | 5 8 9 17
175,2018-02-10,1 9 10 12 | 6 12 19 20
176,2018-02-12,3 4 6 9 | 5 10 15 17
177,2018-02-14,1 5 10 16 | 4 6 9 13
178,2018-02-17,1 6 14 20 | 6 17 19 20
179,2018-02-19,2 10 13 14 | 5 9 13 17
180,2018-02-21,7 10 11 20 | 1 3 9 16
181,2018-02-24,2 5 7 9 | 2 4 7 15
182,2018-02-26,2 10 16 19 | 3 7 14 18
183,2018-02-28,11 13 15 20 | 5 7 10 11
184,2018-03-03,1 12 14 16 | 1 6 10 20
185,2018-03-05,5 12 18 19 | 3 5 9 15
186,2018-03-07,1 10 12 20 | 5 10 13 19
187,2018-03-10,3 11 16 18 | 7 8 13 14
188,2018-03-12,6 7 12 19 | 10 12 14 18
189,2018-03-14,7 12 15 17 | 9 12 14 16
190,2018-03-17,4 7 13 14 | 4 7 9 12
191,2018-03-19,6 13 18 20 | 2 3 14 17
192,2018-03-20,1 5 6 13 | 8 11 16 19
193,2018-03-21,1 3 9 10 | 2 6 17 20
194,2018-03-22,5 7 14 16 | 1 4 6 14
195,2018-03-23,3 9 11 16 | 5 11 14 16
196,2018-03-24,5 8 9 20 | 11 12 18 19
197,2018-03-25,4 6 9 13 | 2 8 13 16
198,2018-03-26,2 4 17 18 | 1 5 19 20
199,2018-03-27,5 8 11 14 | 4 5 11 12
200,2018-03-28,6 8 9 14 | 3 4 7 8
201,2018-03-29,1 7 8 15 | 2 13 14 17
202,2018-03-30,4 10 16 17 | 2 3 10 18
203,2018-03-31,9 12 13 15 | 10 11 13 17
204,2018-04-01,2 11 18 20 | 10 12 16 20
205,2018-04-02,1 2 5 7 | 9 10 11 18
206,2018-04-03,6 10 14 15 | 7 8 9 20
207,2018-04-04,1 16 18 19 | 4 15 16 17
208,2018-04-05,12 15 19 20 | 6 8 9 17
209,2018-04-06,1 9 14 17 | 4 6 8 16
210,2018-04-07,1 3 4 7 | 2 11 13 14
211,2018-04-08,1 6 9 13 | 4 10 12 14
212,2018-04-09,3 13 15 20 | 7 14 18 19
213,2018-04-10,7 10 11 14 | 9 13 15 19
214,2018-04-11,2 6 19 20 | 7 10 16 19
215,2018-04-12,4 7 8 11 | 2 6 9 14
216,2018-04-13,6 9 12 18 | 13 15 18 19
217,2018-04-14,11 12 16 17 | 14 15 19 20
218,2018-04-15,5 8 9 19 | 6 7 8 10
219,2018-04-16,2 14 16 17 | 14 15 19 20
220,2018-04-17,7 8 11 20 | 7 8 11 19
221,2018-04-18,2 3 8 17 | 4 5 6 11
222,2018-04-19,1 6 11 16 | 6 7 11 18
223,2018-04-20,3 5 14 18 | 5 9 14 18
224,2018-04-20,4 7 11 15 | 1 4 5 6
225,2018-04-21,4 9 11 19 | 10 12 17 20
226,2018-04-21,2 11 12 16 | 1 11 13 17
227,2018-04-22,3 5 13 19 | 7 13 15 20
228,2018-04-22,6 9 17 19 | 8 10 15 20
229,2018-04-23,4 11 18 19 | 1 2 16 19
230,2018-04-23,5 9 10 15 | 7 9 12 19
231,2018-04-24,8 11 16 17 | 2 3 7 11
232,2018-04-24,2 9 11 19 | 1 4 6 13
233,2018-04-25,5 7 8 19 | 1 7 11 14
234,2018-04-25,7 8 11 16 | 2 8 17 19
235,2018-04-26,4 5 9 18 | 9 13 19 20
236,2018-04-26,9 11 12 18 | 4 7 17 20
237,2018-04-27,4 7 19 20 | 3 13 17 20
238,2018-04-27,3 8 14 17 | 5 6 9 12
239,2018-04-28,10 11 13 19 | 4 7 8 18
240,2018-04-28,2 7 14 17 | 3 4 10 18
241,2018-04-29,4 9 11 16 | 2 3 11 16
242,2018-04-29,1 8 11 12 | 7 10 14 19
243,2018-04-30,1 6 7 18 | 2 6 13 15
244,2018-04-30,1 5 10 12 | 6 9 12 13
245,2018-05-01,3 11 15 16 | 6 11 13 16
246,2018-05-01,11 13 19 20 | 4 5 7 18
247,2018-05-02,2 7 14 15 | 5 6 7 11
248,2018-05-02,4 13 17 19 | 1 2 10 14
249,2018-05-03,6 11 18 20 | 2 6 9 15
250,2018-05-03,10 11 12 20 | 2 11 17 18
251,2018-05-04,5 7 13 17 | 1 12 16 18
252,2018-05-04,1 9 15 20 | 11 16 18 20
253,2018-05-05,4 7 15 20 | 7 10 12 15
254,2018-05-05,6 8 15 16 | 8 9 11 20
255,2018-05-06,2 7 8 18 | 9 11 12 16
256,2018-05-06,4 5 8 13 | 2 7 12 14
257,2018-05-07,2 3 14 15 | 8 9 13 17
258,2018-05-07,1 5 6 9 | 2 6 15 17
259,2018-05-08,2 10 13 19 | 1 3 4 17
260,2018-05-08,2 18 19 20 | 10 11 13 17
261,2018-05-09,3 6 8 18 | 2 5 9 17
262,2018-05-09,2 5 16 19 | 6 10 14 17
263,2018-05-10,1 4 5 19 | 7 14 17 19
264,2018-05-10,4 8 11 17 | 4 8 9 12
265,2018-05-11,1 6 11 12 | 3 9 14 18
266,2018-05-11,4 5 10 20 | 6 9 14 16
267,2018-05-12,3 7 11 13 | 1 13 15 16
268,2018-05-12,5 10 11 18 | 2 3 6 11
269,2018-05-13,8 12 15 18 | 7 10 12 20
270,2018-05-13,4 7 16 17 | 6 8 17 20
271,2018-05-14,3 5 6 12 | 3 13 14 20
272,2018-05-14,4 5 11 17 | 3 7 10 13
273,2018-05-15,2 5 8 15 | 2 5 8 17
274,2018-05-15,10 11 17 19 | 3 5 12 15
275,2018-05-16,1 3 4 15 | 3 9 11 15
276,2018-05-16,10 16 19 20 | 8 10 12 14
277,2018-05-17,2 5 12 19 | 6 7 14 20
278,2018-05-17,4 6 13 16 | 2 15 16 19
279,2018-05-18,1 3 4 6 | 2 6 9 15
280,2018-05-18,2 5 8 10 | 5 10 14 15
281,2018-05-19,5 12 13 20 | 9 11 14 16
282,2018-05-19,2 6 7 20 | 1 6 7 8
283,2018-05-20,3 5 9 12 | 6 7 8 11
284,2018-05-20,8 13 14 16 | 1 9 12 15
285,2018-05-21,3 13 14 20 | 9 12 16 20
286,2018-05-21,2 3 5 12 | 1 11 17 18
287,2018-05-22,1 2 5 18 | 3 6 12 19
288,2018-05-22,3 7 11 16 | 1 6 11 20
289,2018-05-23,1 3 18 20 | 3 12 14 16
290,2018-05-23,2 3 15 17 | 10 12 13 19
291,2018-05-24,2 6 7 17 | 1 4 12 15
292,2018-05-24,2 11 13 15 | 11 15 18 19
293,2018-05-25,7 8 17 19 | 3 9 18 19
294,2018-05-25,1 2 11 12 | 6 12 17 19
295,2018-05-26,6 13 17 20 | 13 18 19 20
296,2018-05-26,1 7 8 14 | 9 10 15 20
297,2018-05-27,10 12 19 20 | 2 8 13 18
298,2018-05-27,6 7 10 20 | 2 11 12 16
299,2018-05-28,1 3 8 13 | 4 7 10 11
300,2018-05-28,9 11 14 16 | 6 7 14 20
301,2018-05-29,2 4 6 17 | 1 8 15 19
302,2018-05-29,3 11 13 14 | 5 8 16 17
303,2018-05-30,3 7 8 18 | 9 13 14 16
304,2018-05-30,5 10 11 19 | 3 8 12 19
305,2018-05-31,5 7 12 16 | 5 17 18 20
306,2018-05-31,3 4 5 9 | 5 6 15 19
307,2018-06-01,5 6 10 11 | 3 10 13 15
308,2018-06-01,2 11 16 17 | 1 8 16 19
309,2018-06-02,1 4 6 17 | 1 4 11 18
310,2018-06-02,1 5 9 19 | 4 11 15 17
311,2018-06-03,9 11 13 15 | 6 13 14 19
312,2018-06-03,1 3 4 5 | 2 6 9 10
313,2018-06-04,2 3 11 13 | 1 4 13 17
314,2018-06-04,2 6 9 18 | 1 2 12 14
315,2018-06-05,2 3 7 14 | 1 3 14 16
316,2018-06-05,4 9 12 14 | 6 11 18 20
317,2018-06-06,5 8 17 18 | 3 16 19 20
318,2018-06-06,3 5 14 19 | 8 12 14 19
319,2018-06-07,3 12 18 20 | 9 11 12 20
320,2018-06-07,5 6 17 20 | 6 13 17 18
321,2018-06-08,1 7 12 17 | 2 10 17 20
322,2018-06-08,2 10 12 14 | 2 7 14 17
323,2018-06-09,6 7 13 15 | 6 10 14 20
324,2018-06-09,5 7 13 19 | 4 7 18 19
325,2018-06-10,3 4 18 20 | 8 9 13 16
326,2018-06-10,1 5 6 10 | 1 5 7 11
327,2018-06-11,4 11 15 20 | 2 8 15 17
328,2018-06-11,3 6 8 11 | 2 4 10 16
329,2018-06-12,10 13 19 20 | 2 11 13 14
330,2018-06-12,1 8 14 15 | 1 6 19 20
331,2018-06-13,5 11 12 14 | 6 11 12 16
332,2018-06-13,2 5 15 17 | 7 9 13 16
333,2018-06-14,2 6 9 14 | 8 9 13 18
334,2018-06-14,1 9 17 18 | 6 8 18 20
335,2018-06-15,1 4 8 17 | 5 10 11 17
336,2018-06-15,1 3 8 17 | 5 8 9 16
337,2018-06-16,8 11 14 18 | 3 4 6 18
338,2018-06-16,1 11 13 16 | 2 4 6 9
339,2018-06-17,2 5 7 15 | 3 5 14 20
340,2018-06-17,7 11 13 14 | 10 13 14 20
341,2018-06-18,1 3 7 11 | 5 8 14 15
342,2018-06-18,2 3 16 20 | 9 10 11 13
343,2018-06-19,1 16 17 20 | 4 7 8 14
344,2018-06-19,2 5 6 9 | 1 11 12 14
345,2018-06-20,11 14 17 18 | 7 10 16 18
346,2018-06-20,1 9 10 19 | 11 14 17 18
347,2018-06-21,1 9 16 20 | 2 8 13 16
348,2018-06-21,2 8 9 20 | 6 12 17 20
349,2018-06-22,2 3 5 10 | 6 9 14 20
350,2018-06-22,1 3 12 13 | 10 12 13 14
351,2018-06-23,2 5 16 20 | 1 5 13 20
352,2018-06-23,3 5 9 20 | 7 9 10 19
353,2018-06-24,11 14 15 20 | 2 4 8 10
354,2018-06-24,2 3 12 19 | 6 8 9 15
355,2018-06-25,4 15 16 17 | 5 6 16 20
356,2018-06-25,3 5 8 13 | 4 9 13 15
357,2018-06-26,8 13 15 17 | 1 5 10 17
358,2018-06-26,1 12 14 16 | 2 5 8 18
359,2018-06-27,1 2 5 19 | 1 2 4 13
360,2018-06-27,2 3 12 13 | 5 7 8 14
361,2018-06-28,1 8 14 18 | 10 13 14 16
362,2018-06-28,8 11 15 19 | 2 3 8 13
363,2018-06-29,5 11 13 16 | 4 11 12 16
364,2018-06-29,5 9 13 15 | 7 13 14 15
365,2018-06-30,6 9 11 16 | 5 10 16 18
366,2018-06-30,1 2 6 11 | 5 9 15 18
367,2018-07-01,1 11 16 20 | 7 8 10 18
368,2018-07-01,2 5 7 20 | 1 6 8 16
369,2018-07-02,1 4 8 17 | 8 10 13 19
370,2018-07-02,3 5 6 11 | 3 5 8 19
371,2018-07-03,5 11 12 15 | 11 13 16 20
372,2018-07-03,1 9 11 18 | 4 9 14 18
373,2018-07-04,3 9 10 14 | 3 11 14 18
374,2018-07-04,10 13 15 16 | 1 13 16 17
375,2018-07-05,1 7 9 20 | 4 5 6 18
376,2018-07-05,1 2 14 19 | 6 7 17 19
377,2018-07-06,6 9 11 14 | 3 14 16 17
378,2018-07-06,4 5 15 20 | 4 5 7 19
379,2018-07-07,2 8 13 15 | 7 14 15 20
380,2018-07-07,5 12 18 20 | 1 6 12 15
381,2018-07-08,14 15 16 20 | 7 16 19 20
382,2018-07-08,6 8 9 19 | 2 6 14 16
383,2018-07-09,1 3 4 11 | 5 6 9 14
384,2018-07-09,1 10 14 20 | 3 11 12 13
385,2018-07-10,1 7 9 14 | 5 6 16 17
386,2018-07-10,4 6 9 13 | 4 9 12 14
387,2018-07-11,2 16 17 19 | 7 11 17 18
388,2018-07-11,11 13 14 19 | 6 7 8 9
389,2018-07-12,2 5 8 16 | 2 6 8 18
390,2018-07-12,14 15 17 19 | 1 10 12 13
391,2018-07-13,3 5 14 15 | 3 11 13 19
392,2018-07-13,2 12 13 17 | 2 3 4 14
393,2018-07-14,13 14 15 19 | 8 17 19 20
394,2018-07-14,1 2 5 10 | 2 9 13 19
395,2018-07-15,7 9 15 19 | 1 7 12 17
396,2018-07-15,2 5 8 13 | 4 8 11 19
397,2018-07-16,2 3 4 7 | 1 5 10 15
398,2018-07-16,3 5 10 17 | 4 8 10 20
399,2018-07-17,6 11 12 16 | 4 5 7 19
400,2018-07-17,8 11 14 19 | 5 9 12 20
401,2018-07-18,3 6 13 14 | 3 11 13 14
402,2018-07-18,4 7 9 20 | 4 14 18 19
403,2018-07-19,1 4 14 19 | 4 6 12 16
404,2018-07-19,2 4 7 12 | 1 8 13 20
405,2018-07-20,3 5 8 12 | 3 12 19 20
406,2018-07-20,2 12 13 15 | 4 7 8 15
407,2018-07-21,10 12 19 20 | 2 6 13 18
408,2018-07-21,5 7 9 19 | 1 6 10 12
409,2018-07-22,6 10 15 20 | 2 12 13 14
410,2018-07-22,1 12 16 18 | 7 15 17 19
411,2018-07-23,3 5 15 16 | 3 7 15 16
412,2018-07-23,2 12 17 20 | 1 3 12 13
413,2018-07-24,7 14 18 20 | 5 8 11 15
414,2018-07-24,8 10 14 17 | 9 14 17 18
415,2018-07-25,5 11 16 20 | 2 5 9 16
416,2018-07-25,1 5 6 12 | 6 9 10 19
417,2018-07-26,1 8 16 19 | 5 7 13 20
418,2018-07-26,2 4 5 17 | 2 3 4 6
419,2018-07-27,4 9 16 17 | 4 16 18 19
420,2018-07-27,5 6 14 17 | 5 11 18 20
421,2018-07-28,2 3 10 17 | 3 9 11 17
422,2018-07-28,1 10 11 12 | 1 8 13 18
423,2018-07-29,3 8 12 20 | 1 5 11 14
424,2018-07-29,9 15 18 19 | 1 3 8 9
425,2018-07-30,5 8 9 17 | 2 12 16 19
426,2018-07-30,7 13 17 18 | 7 9 13 20
427,2018-07-31,2 9 13 17 | 4 7 11 19
428,2018-07-31,2 4 9 12 | 2 9 10 19
429,2018-08-01,6 9 15 18 | 2 9 12 19
430,2018-08-01,7 9 17 19 | 9 11 15 20
431,2018-08-02,9 11 12 18 | 2 9 13 15
432,2018-08-02,2 5 12 14 | 8 11 13 14
433,2018-08-03,6 8 14 18 | 1 15 16 20
434,2018-08-03,3 8 11 13 | 2 5 12 16
435,2018-08-04,7 8 10 12 | 2 5 17 19
436,2018-08-04,9 10 18 20 | 5 6 8 17
437,2018-08-05,2 15 18 20 | 3 7 14 17
438,2018-08-05,1 4 14 20 | 9 11 14 16
439,2018-08-06,5 13 16 18 | 1 3 4 18
440,2018-08-06,4 6 13 16 | 1 9 15 18
441,2018-08-07,7 15 18 19 | 4 9 13 17
442,2018-08-07,7 8 12 14 | 12 13 14 16
443,2018-08-08,10 14 18 20 | 8 14 16 18
444,2018-08-08,1 4 6 7 | 8 9 16 18
445,2018-08-09,2 5 17 20 | 8 14 16 19
446,2018-08-09,4 12 14 16 | 2 5 6 7
447,2018-08-10,1 3 8 19 | 8 11 14 20
448,2018-08-10,13 15 17 18 | 3 10 15 19
449,2018-08-11,2 11 14 19 | 7 9 12 20
450,2018-08-11,4 7 19 20 | 9 13 14 17
451,2018-08-12,1 8 13 20 | 2 13 15 20
452,2018-08-12,5 6 12 14 | 4 5 6 16
453,2018-08-13,2 6 11 17 | 6 10 15 17
454,2018-08-13,9 10 14 16 | 3 5 6 19
455,2018-08-14,3 6 7 13 | 3 11 13 16
456,2018-08-14,1 13 17 19 | 5 12 18 19
457,2018-08-15,4 5 6 12 | 6 10 11 20
458,2018-08-15,6 7 8 10 | 1 2 10 11
459,2018-08-16,5 13 14 16 | 2 4 8 16
460,2018-08-16,2 9 14 19 | 3 14 15 18
461,2018-08-17,1 2 4 16 | 1 15 19 20
462,2018-08-17,6 12 14 17 | 1 5 13 15
463,2018-08-18,4 12 16 17 | 1 2 6 12
464,2018-08-18,2 8 15 16 | 8 15 18 19
465,2018-08-19,3 4 5 10 | 7 14 15 16
466,2018-08-19,4 5 6 8 | 6 13 16 19
467,2018-08-20,4 6 10 18 | 5 12 17 18
468,2018-08-20,1 6 15 19 | 6 9 11 12
469,2018-08-21,4 7 10 19 | 6 8 16 19
470,2018-08-21,1 10 11 14 | 1 2 5 12
471,2018-08-22,5 6 10 11 | 4 6 10 19
472,2018-08-22,3 12 14 17 | 3 10 14 18
473,2018-08-23,3 8 12 14 | 1 8 9 10
474,2018-08-23,11 12 14 19 | 3 16 18 20
475,2018-08-24,1 3 5 19 | 3 7 11 19
476,2018-08-24,3 5 7 15 | 3 5 11 12
477,2018-08-25,1 13 14 17 | 2 9 14 19
478,2018-08-25,3 5 10 19 | 5 6 8 18
479,2018-08-26,1 5 7 10 | 7 10 12 20
480,2018-08-26,7 12 15 16 | 1 6 14 18
481,2018-08-27,7 10 17 18 | 2 5 12 15
482,2018-08-27,2 9 16 17 | 1 3 13 15
483,2018-08-28,5 7 15 18 | 7 16 17 19
484,2018-08-28,7 11 19 20 | 7 10 19 20
485,2018-08-29,4 15 17 20 | 3 5 6 16
486,2018-08-29,4 9 11 16 | 2 7 14 16
487,2018-08-30,4 7 18 20 | 7 11 12 20
488,2018-08-30,8 10 16 17 | 8 14 18 20
489,2018-08-31,12 13 15 18 | 5 8 18 19
490,2018-08-31,3 7 13 17 | 8 10 12 13
491,2018-09-01,1 11 12 18 | 4 8 15 16
492,2018-09-01,2 7 10 17 | 1 4 16 20
493,2018-09-02,6 10 12 18 | 7 13 18 20
494,2018-09-02,4 7 13 14 | 11 14 17 19
495,2018-09-03,6 11 14 20 | 7 13 15 18
496,2018-09-03,1 5 14 17 | 1 6 11 18
497,2018-09-04,4 11 17 18 | 7 10 12 18
498,2018-09-04,9 12 13 17 | 6 7 8 13
499,2018-09-05,2 3 9 18 | 7 12 18 20
500,2018-09-05,8 9 16 19 | 5 9 13 18
501,2018-09-06,1 12 14 15 | 3 4 9 20
502,2018-09-06,3 8 13 15 | 7 10 15 17
503,2018-09-07,3 9 14 16 | 3 12 18 19
504,2018-09-07,1 7 12 15 | 3 8 19 20
505,2018-09-08,6 13 15 20 | 11 12 16 20
506,2018-09-08,10 12 18 19 | 5 6 10 20
507,2018-09-09,7 15 17 19 | 4 9 11 12
508,2018-09-09,2 3 4 20 | 3 8 17 20
509,2018-09-10,3 8 9 17 | 13 14 15 17
510,2018-09-10,5 9 18 19 | 2 12 16 20
511,2018-09-11,2 9 11 19 | 1 5 6 18
512,2018-09-11,7 10 13 20 | 4 6 19 20
513,2018-09-12,3 7 9 17 | 5 10 12 14
514,2018-09-12,1 3 13 20 | 1 6 14 18
515,2018-09-13,10 12 13 20 | 9 13 15 19
516,2018-09-13,4 8 12 16 | 5 12 15 16
517,2018-09-14,8 14 17 19 | 5 6 12 15
518,2018-09-14,6 10 15 16 | 6 10 13 14
519,2018-09-15,6 7 16 17 | 2 8 11 17
520,2018-09-15,2 10 11 18 | 4 9 17 18
521,2018-09-16,6 12 15 18 | 4 7 12 18
522,2018-09-16,7 10 11 19 | 2 15 16 20
523,2018-09-17,1 7 8 9 | 9 10 13 19
524,2018-09-17,3 5 12 15 | 2 9 17 20
525,2018-09-18,2 4 5 11 | 7 9 13 15
526,2018-09-18,7 9 13 14 | 1 7 9 18
527,2018-09-19,4 6 9 14 | 2 10 13 15
528,2018-09-19,3 5 6 15 | 1 5 14 17
529,2018-09-20,9 17 18 20 | 4 5 12 15
530,2018-09-20,2 3 13 15 | 1 11 12 20
531,2018-09-21,8 17 18 19 | 2 4 7 10
532,2018-09-21,1 14 19 20 | 2 10 14 20
533,2018-09-22,1 2 12 20 | 1 7 12 16
534,2018-09-22,4 13 14 15 | 5 6 12 16
535,2018-09-23,1 5 18 19 | 1 6 11 18
536,2018-09-23,6 9 12 16 | 1 11 12 17
537,2018-09-24,9 16 18 19 | 4 9 13 20
538,2018-09-24,3 4 6 18 | 3 9 12 13
539,2018-09-25,1 3 10 16 | 6 9 16 19
540,2018-09-25,5 6 12 13 | 2 14 17 18
541,2018-09-26,11 12 16 18 | 1 7 10 19
542,2018-09-26,12 14 18 19 | 3 14 15 20
543,2018-09-27,1 2 3 17 | 1 9 18 19
544,2018-09-27,6 13 14 20 | 5 12 14 20
545,2018-09-28,1 16 17 20 | 8 11 13 20
546,2018-09-28,5 13 15 16 | 1 2 16 18
547,2018-09-29,8 11 15 17 | 1 8 9 10
548,2018-09-29,6 8 10 14 | 9 10 11 19
549,2018-09-30,8 9 16 17 | 2 7 11 16
550,2018-09-30,2 6 8 15 | 1 7 15 16
551,2018-10-01,2 3 9 11 | 7 9 13 17
552,2018-10-01,2 5 12 16 | 2 7 15 17
553,2018-10-02,1 3 19 20 | 5 8 9 16
554,2018-10-02,7 8 11 20 | 1 4 6 14
555,2018-10-03,7 9 10 14 | 2 9 14 18
556,2018-10-03,4 10 14 19 | 3 12 13 17
557,2018-10-04,7 8 9 18 | 4 11 18 19
558,2018-10-04,1 8 11 14 | 2 5 9 19
559,2018-10-05,5 6 8 11 | 1 2 6 9
560,2018-10-05,9 10 17 20 | 5 14 17 19
561,2018-10-06,5 7 11 15 | 1 2 3 10
562,2018-10-06,8 16 17 18 | 6 12 13 15
563,2018-10-07,2 3 15 19 | 2 8 10 16
564,2018-10-07,6 7 11 19 | 5 7 12 13
565,2018-10-08,1 4 15 18 | 1 2 10 12
566,2018-10-08,8 10 13 17 | 11 12 16 17
567,2018-10-09,4 6 7 13 | 3 11 13 18
568,2018-10-09,1 2 11 13 | 9 11 16 18
569,2018-10-10,6 11 14 17 | 1 2 13 17
570,2018-10-10,4 8 13 20 | 2 6 12 20
571,2018-10-11,1 4 12 16 | 4 8 11 19
572,2018-10-11,5 14 17 20 | 3 4 6 14
573,2018-10-12,1 8 9 13 | 12 13 19 20
574,2018-10-12,9 13 16 18 | 5 8 14 18
575,2018-10-13,10 11 14 20 | 2 5 7 19
576,2018-10-13,4 9 10 16 | 7 9 10 11
577,2018-10-14,10 13 18 19 | 2 10 14 15
578,2018-10-14,6 7 8 15 | 8 11 13 18
579,2018-10-15,1 2 4 6 | 8 9 14 19
580,2018-10-15,4 8 9 10 | 1 3 14 15
581,2018-10-16,2 4 8 13 | 8 12 18 19
582,2018-10-16,11 13 16 20 | 1 3 10 12
583,2018-10-17,1 8 19 20 | 8 15 19 20
584,2018-10-17,12 16 19 20 | 3 9 11 19
585,2018-10-18,6 9 16 18 | 4 11 13 16
586,2018-10-18,4 7 11 13 | 6 8 17 19
587,2018-10-19,1 4 7 9 | 8 15 18 20
588,2018-10-19,1 6 11 16 | 7 13 18 20
589,2018-10-20,3 6 8 12 | 2 7 9 16
590,2018-10-20,13 14 19 20 | 7 8 17 20
591,2018-10-21,1 2 3 4 | 6 9 13 20
592,2018-10-21,1 7 19 20 | 4 7 10 15
593,2018-10-22,1 11 15 17 | 1 6 9 19
594,2018-10-22,5 9 12 16 | 1 2 9 20
595,2018-10-23,7 9 11 16 | 5 8 13 16
596,2018-10-23,8 12 17 18 | 2 4 8 17
597,2018-10-24,4 8 9 12 | 1 3 10 17
598,2018-10-24,3 10 14 16 | 3 8 9 15
599,2018-10-25,2 3 11 15 | 4 6 7 14
600,2018-10-25,9 14 18 20 | 1 17 18 19
601,2018-10-26,1 4 9 15 | 13 17 18 20
602,2018-10-26,3 7 11 15 | 14 16 17 19
603,2018-10-27,8 9 13 16 | 5 11 19 20
604,2018-10-27,3 4 6 20 | 3 11 12 13
605,2018-10-28,1 3 6 7 | 3 4 15 16
606,2018-10-28,1 8 9 17 | 3 4 6 9
607,2018-10-29,9 11 12 16 | 4 8 14 15
608,2018-10-29,5 7 8 15 | 8 13 14 20
609,2018-10-30,13 16 17 18 | 9 10 15 20
610,2018-10-30,5 6 10 14 | 10 11 17 19
611,2018-10-31,3 17 18 19 | 7 9 12 20
612,2018-10-31,3 4 11 20 | 8 9 12 18
613,2018-11-01,1 4 17 20 | 2 3 5 13
614,2018-11-01,10 12 15 19 | 3 9 10 17
615,2018-11-02,2 4 19 20 | 1 3 12 20
616,2018-11-02,7 11 16 17 | 5 8 11 18
617,2018-11-03,2 3 15 18 | 7 16 18 19
618,2018-11-03,7 9 11 20 | 3 9 11 20
619,2018-11-04,1 6 12 17 | 11 13 14 15
620,2018-11-04,1 6 7 17 | 2 3 14 17
621,2018-11-05,9 10 13 17 | 6 7 10 17
622,2018-11-05,1 6 7 13 | 3 4 6 9
623,2018-11-06,1 5 8 14 | 5 13 17 19
624,2018-11-06,1 2 4 18 | 2 6 18 20
625,2018-11-07,2 5 17 18 | 3 8 9 18
626,2018-11-07,1 10 16 20 | 2 5 16 17
627,2018-11-08,7 9 12 19 | 3 4 6 14
628,2018-11-08,7 13 16 18 | 2 11 18 20
629,2018-11-09,3 12 17 19 | 2 4 8 13
630,2018-11-09,10 13 19 20 | 6 8 16 17
631,2018-11-10,7 12 18 19 | 3 6 12 20
632,2018-11-10,1 8 9 20 | 1 9 10 11
633,2018-11-11,5 7 19 20 | 7 15 19 20
634,2018-11-11,5 8 14 18 | 1 3 12 16
635,2018-11-12,3 11 13 17 | 12 13 16 19
636,2018-11-12,12 13 15 16 | 1 12 18 20
637,2018-11-13,8 9 10 18 | 3 4 12 19
638,2018-11-13,1 2 17 18 | 5 7 13 18
639,2018-11-14,3 13 15 19 | 5 9 15 18
640,2018-11-14,1 6 12 20 | 5 8 13 17
641,2018-11-15,6 8 13 19 | 4 6 10 14
642,2018-11-15,5 10 12 16 | 3 11 12 14
643,2018-11-16,9 11 12 19 | 1 4 6 7
644,2018-11-16,2 6 10 17 | 9 12 17 19
645,2018-11-17,2 5 17 20 | 1 2 4 12
646,2018-11-17,3 11 15 17 | 9 15 17 19
647,2018-11-18,1 4 5 20 | 4 10 18 19
648,2018-11-18,5 12 15 20 | 3 5 11 12
649,2018-11-19,3 6 9 10 | 11 15 19 20
650,2018-11-19,2 6 7 8 | 2 11 17 18
651,2018-11-20,2 10 13 17 | 7 8 11 18
652,2018-11-20,2 4 9 17 | 11 13 14 17
653,2018-11-21,4 8 13 20 | 1 11 14 20
654,2018-11-21,2 5 11 19 | 2 6 7 10
655,2018-11-22,3 9 12 14 | 3 5 15 17
656,2018-11-22,3 4 10 18 | 5 12 13 15
657,2018-11-23,4 5 9 11 | 5 11 16 18
658,2018-11-23,8 14 19 20 | 5 9 12 20
659,2018-11-24,1 10 16 18 | 3 7 18 19
660,2018-11-24,5 12 16 19 | 5 10 16 19
661,2018-11-25,2 7 13 18 | 1 10 14 18
662,2018-11-25,4 5 6 19 | 9 12 13 19
663,2018-11-26,1 2 9 13 | 1 5 11 16
664,2018-11-26,3 9 12 14 | 3 8 9 15
665,2018-11-27,5 8 13 16 | 7 8 19 20
666,2018-11-27,11 12 14 15 | 5 9 15 19
667,2018-11-28,2 6 18 19 | 1 2 5 16
668,2018-11-28,7 12 15 20 | 1 10 11 13
669,2018-11-29,5 8 19 20 | 4 6 8 15
670,2018-11-29,10 13 14 17 | 1 3 7 9
671,2018-11-30,5 15 17 20 | 1 11 12 18
672,2018-11-30,2 3 8 13 | 3 4 16 17
673,2018-12-01,4 7 8 11 | 6 8 17 18
674,2018-12-01,5 7 8 13 | 5 6 15 19
675,2018-12-02,2 11 13 18 | 4 7 9 12
676,2018-12-02,7 8 10 18 | 5 12 18 20
677,2018-12-03,1 4 12 19 | 5 6 18 20
678,2018-12-03,7 11 14 17 | 5 9 10 16
679,2018-12-04,1 4 5 20 | 7 9 11 17
680,2018-12-04,4 7 13 14 | 1 3 13 15
681,2018-12-05,6 7 17 18 | 5 12 14 16
682,2018-12-05,5 7 11 19 | 10 16 19 20
683,2018-12-06,1 13 14 15 | 1 8 10 20
684,2018-12-06,4 10 15 17 | 2 10 11 13
685,2018-12-07,2 3 7 20 | 9 10 17 18
686,2018-12-07,2 3 12 17 | 1 10 14 19
687,2018-12-08,5 6 14 15 | 2 4 15 17
688,2018-12-08,3 5 19 20 | 1 12 16 20
689,2018-12-09,1 2 9 10 | 1 9 14 15
690,2018-12-09,7 10 14 17 | 3 6 9 19
691,2018-12-10,3 6 8 16 | 1 13 15 19
692,2018-12-10,4 7 14 19 | 2 4 14 20
693,2018-12-11,8 9 10 12 | 5 6 10 18
694,2018-12-11,1 5 7 13 | 12 15 16 19
695,2018-12-12,4 10 18 20 | 10 12 13 14
696,2018-12-12,1 12 16 18 | 1 9 13 18
697,2018-12-13,3 13 15 17 | 11 13 14 18
698,2018-12-13,3 14 16 18 | 6 11 16 18
699,2018-12-14,7 11 12 14 | 7 12 18 19
700,2018-12-14,4 8 18 19 | 1 2 6 8
701,2018-12-15,1 13 14 20 | 1 2 5 6
702,2018-12-15,7 10 15 20 | 3 8 16 17
703,2018-12-16,3 9 13 14 | 4 7 16 18
704,2018-12-16,3 6 10 11 | 3 13 15 20
705,2018-12-17,1 3 14 16 | 2 9 12 20
706,2018-12-17,5 7 8 14 | 12 13 14 15
707,2018-12-18,9 12 14 15 | 7 9 13 14
708,2018-12-18,7 11 17 18 | 9 10 16 20
709,2018-12-19,2 6 7 12 | 2 5 6 19
710,2018-12-19,4 7 17 18 | 1 6 12 17
711,2018-12-20,8 9 12 17 | 4 5 14 17
712,2018-12-20,6 7 19 20 | 6 7 14 15
713,2018-12-21,4 9 16 17 | 2 9 11 15
714,2018-12-21,1 10 18 19 | 3 8 16 17
715,2018-12-22,2 4 18 20 | 6 7 13 14
716,2018-12-22,3 8 9 18 | 4 7 15 18
717,2018-12-23,1 7 18 19 | 2 8 11 13
718,2018-12-23,7 9 15 18 | 5 8 12 16
719,2018-12-24,4 5 7 15 | 1 8 14 20
720,2018-12-24,3 5 6 18 | 2 4 13 18
721,2018-12-25,2 7 9 16 | 8 12 13 19
722,2018-12-25,2 9 16 17 | 1 5 9 18
723,2018-12-26,1 3 4 10 | 2 3 6 8
724,2018-12-26,12 13 17 18 | 11 13 18 19
725,2018-12-27,16 17 18 19 | 3 5 13 15
726,2018-12-27,10 11 16 18 | 5 12 15 16
727,2018-12-28,10 11 18 19 | 10 11 14 20
728,2018-12-28,14 15 16 18 | 2 11 17 20
729,2018-12-29,10 12 17 19 | 7 16 18 20
730,2018-12-29,2 3 7 16 | 6 9 13 15
731,2018-12-30,1 4 16 18 | 3 11 13 17
732,2018-12-30,3 8 11 19 | 2 4 13 19
733,2018-12-31,2 6 18 19 | 7 8 10 15
734,2018-12-31,5 8 9 15 | 5 7 9 11
735,2019-01-01,2 3 11 18 | 2 13 17 20
736,2019-01-01,3 8 9 13 | 6 9 14 16
737,2019-01-02,1 10 17 18 | 3 11 16 17
738,2019-01-02,1 2 11 15 | 2 3 10 19
739,2019-01-03,1 2 8 20 | 5 6 11 16
740,2019-01-03,1 4 15 16 | 1 7 12 18
741,2019-01-04,7 9 16 19 | 11 12 14 20
742,2019-01-04,4 8 9 10 | 12 14 16 18
743,2019-01-05,6 8 12 16 | 1 11 19 20
744,2019-01-05,2 15 17 19 | 5 10 12 15
745,2019-01-06,3 5 9 17 | 4 10 11 15
746,2019-01-06,9 13 16 17 | 10 11 15 17
747,2019-01-07,2 3 17 20 | 9 12 13 14
748,2019-01-07,1 3 12 13 | 5 8 11 15
749,2019-01-08,4 5 8 13 | 1 10 14 18
750,2019-01-08,2 8 12 18 | 7 15 18 19
751,2019-01-09,3 4 5 15 | 1 10 14 20
752,2019-01-09,3 4 8 11 | 4 14 17 19
753,2019-01-10,1 8 9 18 | 3 7 13 20
754,2019-01-10,2 4 11 14 | 3 9 10 17
755,2019-01-11,9 18 19 20 | 1 6 19 20
756,2019-01-11,1 6 19 20 | 3 10 16 18
757,2019-01-12,8 11 16 17 | 6 11 13 14
758,2019-01-12,2 4 9 20 | 2 4 11 14
759,2019-01-13,1 6 17 18 | 1 9 13 20
760,2019-01-13,3 5 9 16 | 7 8 10 18
761,2019-01-14,8 13 15 19 | 7 12 18 19
762,2019-01-14,3 12 14 17 | 11 14 15 19
763,2019-01-15,1 2 3 5 | 8 9 14 19
764,2019-01-15,1 3 10 17 | 8 10 11 18
765,2019-01-16,3 4 16 18 | 1 4 11 18
766,2019-01-16,4 7 11 17 | 5 7 14 20
767,2019-01-17,15 17 18 20 | 2 5 11 14
768,2019-01-17,2 8 17 19 | 3 13 14 20
769,2019-01-18,6 13 14 18 | 7 9 16 18
770,2019-01-18,4 10 11 20 | 1 2 18 19
771,2019-01-19,4 6 12 15 | 5 10 12 17
772,2019-01-19,12 14 15 20 | 3 8 9 10
773,2019-01-20,11 13 14 16 | 4 9 14 17
774,2019-01-20,6 7 12 18 | 13 14 16 18
775,2019-01-21,2 12 14 17 | 1 2 5 13
776,2019-01-21,9 12 16 18 | 3 12 17 20
777,2019-01-22,2 5 7 11 | 1 4 10 18
778,2019-01-22,3 4 6 20 | 1 3 10 14
779,2019-01-23,5 12 15 18 | 2 3 5 10
780,2019-01-23,13 14 15 19 | 4 11 12 17
781,2019-01-24,4 6 12 14 | 1 6 11 19
782,2019-01-24,7 8 13 18 | 1 4 14 16
783,2019-01-25,1 8 11 18 | 1 9 15 20
784,2019-01-25,11 14 15 17 | 2 3 9 15
785,2019-01-26,5 10 19 20 | 1 4 7 20
786,2019-01-26,1 2 7 15 | 6 7 13 14
787,2019-01-27,2 3 13 18 | 2 6 16 19
788,2019-01-27,5 14 16 20 | 4 6 7 9
789,2019-01-28,14 16 18 19 | 1 4 15 16
790,2019-01-28,2 9 17 19 | 2 3 5 8
791,2019-01-29,4 6 18 20 | 1 2 3 11
792,2019-01-29,4 9 11 15 | 3 7 9 19
793,2019-01-30,7 12 17 19 | 7 13 19 20
794,2019-01-30,6 7 10 17 | 2 8 10 13
795,2019-01-31,1 2 12 19 | 1 3 15 19
796,2019-01-31,4 5 10 14 | 6 7 12 15
797,2019-02-01,3 5 8 20 | 5 7 10 11
798,2019-02-01,3 5 12 14 | 1 13 16 18
799,2019-02-02,2 3 14 17 | 5 11 14 19
800,2019-02-02,1 3 7 16 | 2 4 13 19
801,2019-02-03,3 11 16 20 | 1 3 9 12
802,2019-02-03,2 3 11 20 | 3 11 15 18
803,2019-02-04,3 4 17 19 | 1 11 14 15
804,2019-02-04,4 6 7 15 | 6 8 15 19
805,2019-02-05,8 10 11 17 | 2 12 16 17
806,2019-02-05,3 10 15 17 | 4 6 7 9
807,2019-02-06,6 10 11 14 | 2 5 11 16
808,2019-02-06,2 3 6 16 | 7 11 14 16
809,2019-02-07,5 10 12 19 | 2 3 11 18
810,2019-02-07,3 4 5 14 | 2 11 13 20
811,2019-02-08,3 9 11 14 | 3 7 13 14
812,2019-02-08,3 5 7 15 | 4 7 15 17
813,2019-02-09,7 14 16 17 | 6 13 17 20
814,2019-02-09,5 14 15 16 | 1 14 17 19
815,2019-02-10,8 14 18 19 | 2 7 9 17
816,2019-02-10,2 6 15 18 | 2 7 11 16
817,2019-02-11,3 7 17 18 | 2 6 18 19
818,2019-02-11,3 13 14 16 | 3 8 10 14
819,2019-02-12,1 2 12 16 | 9 15 16 17
820,2019-02-12,1 6 15 19 | 7 8 18 20
821,2019-02-13,11 15 16 20 | 2 14 17 18
822,2019-02-13,2 4 6 17 | 4 5 7 9
823,2019-02-14,5 11 17 19 | 3 4 10 14
824,2019-02-14,3 16 18 20 | 5 7 14 19
825,2019-02-15,2 14 17 20 | 2 8 16 19
826,2019-02-15,1 3 6 9 | 1 5 14 15
827,2019-02-16,13 14 15 19 | 4 12 13 20
828,2019-02-16,4 9 10 15 | 1 2 12 16
829,2019-02-17,1 6 8 10 | 7 10 17 18
830,2019-02-17,2 9 16 17 | 12 14 16 17
831,2019-02-18,13 17 18 20 | 3 8 15 16
832,2019-02-18,2 5 16 18 | 2 9 11 18
833,2019-02-19,2 10 15 20 | 1 2 4 15
834,2019-02-19,2 3 4 13 | 2 11 12 19
835,2019-02-20,1 9 14 16 | 6 15 18 20
836,2019-02-20,6 13 16 20 | 6 12 16 18
837,2019-02-21,10 16 18 20 | 8 10 17 20
838,2019-02-21,4 11 14 20 | 2 10 15 18
839,2019-02-22,1 10 18 20 | 1 7 16 18
840,2019-02-22,3 6 9 15 | 3 4 5 17
841,2019-02-23,3 10 11 15 | 11 13 14 20
842,2019-02-23,9 14 15 16 | 1 2 12 20
843,2019-02-24,1 4 7 9 | 7 8 12 19
844,2019-02-24,2 6 9 19 | 1 2 9 14
845,2019-02-25,2 7 8 12 | 5 6 9 15
846,2019-02-25,1 6 9 19 | 2 6 12 14
847,2019-02-26,2 13 18 20 | 2 12 18 19
848,2019-02-26,3 4 6 8 | 6 8 11 14
849,2019-02-27,4 12 13 17 | 2 11 12 13
850,2019-02-27,5 12 17 20 | 5 6 15 19
851,2019-02-28,1 11 12 16 | 1 3 8 15
852,2019-02-28,8 17 18 20 | 5 6 7 12
853,2019-03-01,2 9 14 17 | 11 14 17 20
854,2019-03-01,3 7 14 19 | 10 13 16 17
855,2019-03-02,3 5 6 12 | 2 3 8 14
856,2019-03-02,2 6 14 20 | 2 7 11 13
857,2019-03-03,5 9 17 20 | 1 6 12 17
858,2019-03-03,4 7 8 16 | 5 12 14 16
859,2019-03-04,3 16 18 20 | 2 8 13 17
860,2019-03-04,10 12 14 17 | 5 6 9 14
861,2019-03-05,2 3 5 17 | 2 3 8 9
862,2019-03-05,1 9 11 15 | 1 13 19 20
863,2019-03-06,1 7 8 19 | 1 5 15 16
864,2019-03-06,9 14 15 19 | 4 5 8 17
865,2019-03-07,3 7 11 15 | 5 6 15 20
866,2019-03-07,10 12 16 19 | 1 7 9 12
867,2019-03-08,2 7 18 20 | 2 3 7 13
868,2019-03-08,3 6 11 18 | 4 5 15 17
869,2019-03-09,8 10 18 19 | 3 8 11 19
870,2019-03-09,2 10 14 20 | 1 10 14 16
871,2019-03-10,3 5 17 20 | 6 12 13 19
872,2019-03-10,8 10 11 15 | 10 12 18 20
873,2019-03-11,7 8 13 19 | 12 14 17 18
874,2019-03-11,2 3 8 12 | 7 8 10 13
875,2019-03-12,5 6 13 20 | 1 9 11 17
876,2019-03-12,5 8 11 19 | 5 6 14 17
877,2019-03-13,5 10 11 16 | 2 9 15 17
878,2019-03-13,1 10 11 12 | 4 7 15 18
879,2019-03-14,2 12 13 14 | 4 11 15 18
880,2019-03-14,4 6 8 20 | 1 6 10 18
881,2019-03-15,7 10 12 20 | 4 11 15 19
882,2019-03-15,2 5 8 18 | 2 4 14 20
883,2019-03-16,2 14 19 20 | 6 8 10 12
884,2019-03-16,5 7 16 18 | 5 6 16 17
885,2019-03-17,13 15 18 20 | 2 9 11 20
886,2019-03-17,4 8 9 12 | 1 6 15 16
887,2019-03-18,3 7 12 16 | 2 7 14 20
888,2019-03-18,12 17 18 20 | 1 2 7 12
889,2019-03-19,11 13 17 20 | 2 6 10 11
890,2019-03-19,3 7 9 10 | 12 13 14 18
891,2019-03-20,6 10 14 19 | 2 5 17 20
892,2019-03-20,1 7 10 18 | 1 12 18 19
893,2019-03-21,5 7 15 16 | 1 6 11 14
894,2019-03-21,4 7 10 15 | 2 11 12 13
895,2019-03-22,7 8 12 19 | 5 7 9 12
896,2019-03-22,8 11 13 19 | 1 11 14 18
897,2019-03-23,2 4 13 17 | 1 11 12 17
898,2019-03-23,3 11 14 19 | 4 7 15 16
899,2019-03-24,1 2 5 14 | 3 7 11 18
900,2019-03-24,4 13 16 20 | 2 7 8 12
901,2019-03-25,6 7 9 14 | 1 9 16 17
902,2019-03-25,1 3 5 10 | 1 9 13 19
903,2019-03-26,5 11 15 18 | 3 14 18 20
904,2019-03-26,11 14 15 19 | 9 10 18 19
905,2019-03-27,4 10 14 17 | 9 10 11 16
906,2019-03-27,5 8 9 13 | 3 8 11 15
907,2019-03-28,7 8 9 10 | 4 6 10 17
908,2019-03-28,4 7 17 20 | 6 7 18 20
909,2019-03-29,5 10 12 15 | 4 8 19 20
910,2019-03-29,6 14 15 16 | 12 14 18 20
911,2019-03-30,4 10 15 20 | 4 10 18 19
912,2019-03-30,1 2 4 14 | 1 4 11 12
913,2019-03-31,5 7 13 19 | 4 13 14 18
914,2019-03-31,2 5 12 19 | 3 4 8 12
915,2019-04-01,5 12 18 19 | 1 2 7 13
916,2019-04-01,2 4 5 15 | 6 13 17 19
917,2019-04-02,7 10 13 19 | 2 5 8 11
918,2019-04-02,5 6 11 20 | 3 4 5 19
919,2019-04-03,6 8 17 19 | 1 3 7 11
920,2019-04-03,10 12 14 16 | 5 6 14 19
921,2019-04-04,4 7 12 15 | 9 14 15 18
922,2019-04-04,7 12 13 15 | 5 11 14 18
923,2019-04-05,5 9 16 19 | 4 5 12 16
924,2019-04-05,1 6 7 18 | 1 2 4 8
925,2019-04-06,9 13 14 15 | 7 10 12 15
926,2019-04-06,5 8 11 16 | 5 10 11 19
927,2019-04-07,1 2 6 9 | 1 7 13 15
928,2019-04-07,3 6 13 19 | 3 5 10 20
929,2019-04-08,6 8 9 13 | 12 15 16 19
930,2019-04-08,3 9 18 19 | 2 3 8 17
931,2019-04-09,2 6 14 18 | 1 7 9 16
932,2019-04-09,11 13 14 17 | 1 4 10 18
933,2019-04-10,2 3 9 15 | 9 11 15 16
934,2019-04-10,4 8 11 12 | 3 7 13 19
935,2019-04-11,5 11 17 19 | 1 9 11 20
936,2019-04-11,1 5 6 7 | 6 8 15 18
937,2019-04-12,5 17 18 19 | 5 8 14 20
938,2019-04-12,9 11 17 20 | 4 13 14 20
939,2019-04-13,7 9 13 15 | 6 10 12 14
940,2019-04-13,3 11 17 19 | 3 8 16 17
941,2019-04-14,9 13 18 19 | 4 7 18 19
942,2019-04-14,4 8 12 19 | 8 13 14 17
943,2019-04-15,2 4 13 15 | 1 10 15 20
944,2019-04-15,3 5 12 16 | 8 14 15 18
945,2019-04-16,2 8 17 20 | 3 5 13 18
946,2019-04-16,3 6 12 13 | 6 10 15 19
947,2019-04-17,2 3 10 18 | 6 7 8 19
948,2019-04-17,2 3 4 17 | 3 7 15 19
949,2019-04-18,3 5 6 12 | 11 12 16 18
950,2019-04-18,2 3 13 16 | 3 4 7 13
951,2019-04-19,4 10 17 19 | 3 5 6 18
952,2019-04-19,4 7 12 16 | 4 8 11 16
953,2019-04-20,2 6 17 19 | 3 4 5 9
954,2019-04-20,3 6 12 19 | 1 2 9 19
955,2019-04-21,5 6 13 17 | 2 4 7 15
956,2019-04-21,10 11 12 19 | 4 5 8 17
957,2019-04-22,7 8 9 13 | 1 6 7 19
958,2019-04-22,7 11 19 20 | 3 13 16 17
959,2019-04-23,1 3 4 5 | 6 16 19 20
960,2019-04-23,5 8 14 18 | 3 10 11 18
961,2019-04-24,2 5 6 19 | 3 14 16 18
962,2019-04-24,10 11 16 17 | 2 3 5 14
963,2019-04-25,1 7 11 16 | 2 3 14 16
964,2019-04-25,1 15 17 20 | 9 10 12 18
965,2019-04-26,6 12 14 19 | 3 11 13 14
966,2019-04-26,6 7 15 18 | 10 15 16 17
967,2019-04-27,3 7 10 12 | 5 11 15 19
968,2019-04-27,2 10 12 13 | 8 9 11 20
969,2019-04-28,2 13 14 17 | 4 14 19 20
970,2019-04-28,1 3 11 19 | 1 4 7 20
971,2019-04-29,3 9 10 16 | 2 12 14 17
972,2019-04-29,7 10 13 14 | 7 10 17 18
973,2019-04-30,1 2 11 20 | 1 3 7 15
974,2019-04-30,1 5 10 13 | 4 7 9 17
975,2019-05-01,5 10 12 15 | 2 3 11 12
976,2019-05-01,1 5 12 18 | 7 8 9 20
977,2019-05-02,7 9 14 20 | 4 7 15 16
978,2019-05-02,13 16 17 18 | 5 12 13 14
979,2019-05-03,4 6 13 17 | 3 8 9 20
980,2019-05-03,9 10 12 18 | 1 4 6 18
981,2019-05-04,1 9 16 19 | 3 6 7 18
982,2019-05-04,5 9 10 17 | 2 9 13 19
983,2019-05-05,6 9 10 11 | 5 6 9 13
984,2019-05-05,8 11 14 18 | 1 11 14 15
985,2019-05-06,1 5 8 13 | 5 9 13 18
986,2019-05-06,2 6 9 11 | 3 4 17 18
987,2019-05-07,2 7 10 13 | 1 5 10 19
988,2019-05-07,9 12 13 16 | 7 9 11 15
989,2019-05-08,1 4 16 17 | 3 5 9 10
990,2019-05-08,12 14 16 18 | 6 15 17 18
991,2019-05-09,7 11 16 17 | 9 14 17 18
992,2019-05-09,1 3 10 12 | 7 8 15 20
993,2019-05-10,6 9 12 19 | 2 3 9 17
994,2019-05-10,1 9 10 19 | 2 12 14 15
995,2019-05-11,2 7 8 15 | 7 17 19 20
996,2019-05-11,4 5 14 16 | 3 10 18 20
997,2019-05-12,8 12 13 15 | 6 8 9 14
998,2019-05-12,6 13 17 20 | 4 9 12 13
999,2019-05-13,5 11 19 20 | 6 11 12 18
1000,2019-05-13,1 3 9 13 | 3 9 12 14
1001,2019-05-14,5 16 17 20 | 1 4 15 19
1002,2019-05-14,4 7 11 15 | 2 4 6 10
1003,2019-05-15,6 11 12 19 | 5 9 12 14
1004,2019-05-15,2 11 13 17 | 11 15 18 19
1005,2019-05-16,2 6 12 14 | 6 7 9 15
1006,2019-05-16,1 4 10 14 | 11 13 14 16
1007,2019-05-17,1 9 15 17 | 10 15 16 19
1008,2019-05-17,10 14 19 20 | 5 12 14 20
1009,2019-05-18,4 5 8 16 | 9 10 15 17
1010,2019-05-18,3 10 13 15 | 1 14 15 16
1011,2019-05-19,2 3 5 19 | 2 4 6 20
1012,2019-05-19,6 11 17 20 | 1 3 12 13
1013,2019-05-20,1 7 11 18 | 4 11 13 16
1014,2019-05-20,4 9 13 14 | 6 8 14 18
1015,2019-05-21,6 11 19 20 | 8 9 11 17
1016,2019-05-21,2 3 5 12 | 11 13 17 18
1017,2019-05-22,9 11 13 16 | 4 11 12 17
1018,2019-05-22,2 4 7 14 | 4 6 9 11
1019,2019-05-23,4 13 15 19 | 1 9 14 20
1020,2019-05-23,3 13 15 17 | 13 15 16 19
1021,2019-05-24,1 7 10 18 | 7 12 19 20
1022,2019-05-24,4 12 17 18 | 2 5 10 16
1023,2019-05-25,5 8 10 13 | 3 4 16 19
1024,2019-05-25,2 6 9 16 | 3 5 15 19
1025,2019-05-26,9 10 13 14 | 10 13 15 16
1026,2019-05-26,1 10 11 18 | 2 3 11 20
1027,2019-05-27,10 12 18 20 | 2 9 10 19
1028,2019-05-27,5 7 9 20 | 2 9 11 16
1029,2019-05-28,4 10 13 19 | 3 11 12 20
1030,2019-05-28,8 9 10 12 | 7 15 17 19
1031,2019-05-29,2 6 16 19 | 2 3 16 19
1032,2019-05-29,11 13 16 20 | 10 11 14 19
1033,2019-05-30,7 14 15 19 | 9 13 18 20
1034,2019-05-30,3 11 14 16 | 6 10 13 15
1035,2019-05-31,12 16 18 19 | 8 13 15 19
1036,2019-05-31,2 3 8 18 | 1 3 19 20
1037,2019-06-01,2 7 9 19 | 1 3 4 10
1038,2019-06-01,10 15 16 20 | 1 5 15 18
1039,2019-06-02,2 7 16 17 | 2 4 15 17
1040,2019-06-02,1 5 10 16 | 2 12 13 14
1041,2019-06-03,7 11 14 19 | 1 2 16 20
1042,2019-06-03,10 12 13 14 | 1 11 14 18
1043,2019-06-04,1 4 6 8 | 3 8 13 19
1044,2019-06-04,10 11 12 15 | 1 5 9 11
1045,2019-06-05,4 5 9 12 | 4 5 12 17
1046,2019-06-05,5 7 9 11 | 6 9 10 11
1047,2019-06-06,6 7 8 10 | 5 15 19 20
1048,2019-06-06,3 5 6 19 | 3 7 9 16
1049,2019-06-07,3 7 10 14 | 5 6 11 18
1050,2019-06-07,2 6 16 17 | 13 16 17 19
1051,2019-06-08,7 12 16 20 | 2 3 5 14
1052,2019-06-08,1 5 14 18 | 3 4 16 17
1053,2019-06-09,16 17 18 20 | 12 13 14 16
1054,2019-06-09,10 15 17 19 | 1 13 18 19
1055,2019-06-10,2 8 13 14 | 4 11 13 20
1056,2019-06-10,3 5 11 14 | 2 3 8 17
1057,2019-06-11,2 11 12 20 | 3 4 15 16
1058,2019-06-11,6 9 11 14 | 6 7 8 14
1059,2019-06-12,4 5 6 14 | 3 4 14 18
1060,2019-06-12,10 15 17 20 | 4 11 15 17
1061,2019-06-13,8 12 14 16 | 3 4 16 17
1062,2019-06-13,2 4 11 15 | 2 4 14 20
1063,2019-06-14,2 14 15 16 | 5 9 16 18
1064,2019-06-14,5 12 13 15 | 2 8 17 18
1065,2019-06-15,2 5 10 12 | 8 11 13 20
1066,2019-06-15,9 12 14 20 | 2 7 9 17
1067,2019-06-16,11 16 17 20 | 2 10 14 18
1068,2019-06-16,1 3 17 18 | 7 9 11 18
1069,2019-06-17,2 11 12 16 | 12 18 19 20
1070,2019-06-17,1 7 14 20 | 3 4 12 19
1071,2019-06-18,2 6 16 17 | 8 10 11 20
1072,2019-06-18,9 11 13 20 | 2 4 6 17
1073,2019-06-19,2 5 13 18 | 6 12 14 15
1074,2019-06-19,3 4 8 11 | 3 6 16 20
1075,2019-06-20,2 10 11 15 | 13 16 17 19
1076,2019-06-20,2 3 12 13 | 3 11 12 14
1077,2019-06-21,1 5 13 18 | 3 5 10 12
1078,2019-06-21,8 9 13 14 | 9 11 15 16
1079,2019-06-22,2 6 9 14 | 4 5 16 18
1080,2019-06-22,1 5 6 16 | 1 6 10 20
1081,2019-06-23,2 5 16 17 | 6 8 10 17
1082,2019-06-23,1 3 10 11 | 3 4 13 20
1083,2019-06-24,1 2 4 15 | 1 7 12 15
1084,2019-06-24,3 13 15 19 | 1 16 19 20
1085,2019-06-25,2 11 16 20 | 2 5 11 13
1086,2019-06-25,1 9 10 16 | 7 10 12 20
1087,2019-06-26,1 10 11 14 | 12 13 16 17
1088,2019-06-26,7 16 18 20 | 7 13 18 20
1089,2019-06-27,6 10 17 19 | 2 4 7 9
1090,2019-06-27,2 9 15 18 | 7 13 14 20
1091,2019-06-28,3 7 12 15 | 1 3 8 16
1092,2019-06-28,3 4 11 12 | 3 13 17 19
1093,2019-06-29,1 2 10 17 | 4 8 12 20
1094,2019-06-29,3 8 12 13 | 2 6 15 19
1095,2019-06-30,10 11 16 17 | 2 12 14 19
1096,2019-06-30,5 10 11 19 | 4 6 13 19
1097,2019-07-01,10 11 15 16 | 2 9 10 19
1098,2019-07-01,6 7 12 20 | 8 9 10 17
1099,2019-07-02,7 8 14 20 | 1 10 12 18
1100,2019-07-02,1 8 9 11 | 11 16 18 19
1101,2019-07-03,5 11 18 20 | 5 7 8 9
1102,2019-07-03,1 3 5 10 | 1 3 4 13
1103,2019-07-04,2 9 14 20 | 1 4 9 19
1104,2019-07-04,3 5 8 11 | 2 10 15 17
1105,2019-07-05,5 12 13 15 | 1 9 11 16
1106,2019-07-05,1 6 7 8 | 9 10 17 18
1107,2019-07-06,5 10 14 20 | 4 7 13 17
1108,2019-07-06,2 5 9 12 | 4 6 8 12
1109,2019-07-07,1 9 14 19 | 5 7 14 20
1110,2019-07-07,2 12 17 18 | 3 6 9 11
1111,2019-07-08,6 8 13 17 | 4 11 16 17
1112,2019-07-08,9 10 12 15 | 3 7 17 18
1113,2019-07-09,4 5 14 15 | 1 9 11 17
1114,2019-07-09,11 12 17 20 | 3 6 12 19
1115,2019-07-10,4 7 13 14 | 4 7 13 15
1116,2019-07-10,7 12 13 15 | 3 7 15 18
1117,2019-07-11,6 9 12 19 | 1 2 5 9
1118,2019-07-11,4 7 15 19 | 2 13 16 19
1119,2019-07-12,1 6 9 17 | 3 5 10 12
1120,2019-07-12,3 8 13 17 | 7 9 12 16
1121,2019-07-13,2 5 15 20 | 5 13 16 18
1122,2019-07-13,8 11 15 19 | 6 7 11 16
1123,2019-07-14,5 7 9 13 | 8 16 17 18
1124,2019-07-14,15 17 18 20 | 1 6 8 19
1125,2019-07-15,3 6 7 19 | 6 7 8 12
1126,2019-07-15,2 11 16 17 | 1 9 12 19
1127,2019-07-16,5 8 14 17 | 5 8 9 17
1128,2019-07-16,12 16 17 19 | 4 10 13 14
1129,2019-07-17,5 7 10 19 | 1 6 8 11
1130,2019-07-17,12 13 16 17 | 2 5 6 12
1131,2019-07-18,5 7 9 16 | 2 8 15 16
1132,2019-07-18,4 7 9 20 | 2 6 7 8
1133,2019-07-19,7 8 10 11 | 4 14 16 18
1134,2019-07-19,5 10 11 15 | 3 9 13 17
1135,2019-07-20,11 12 15 18 | 2 5 14 15
1136,2019-07-20,3 4 13 20 | 3 7 14 17
1137,2019-07-21,2 6 11 20 | 9 14 15 20
1138,2019-07-21,2 5 7 15 | 1 13 14 20
1139,2019-07-22,2 5 7 16 | 5 8 9 16
1140,2019-07-22,2 3 5 18 | 1 2 6 9
1141,2019-07-23,1 2 3 11 | 4 9 10 20
1142,2019-07-23,6 12 15 16 | 6 9 12 14
1143,2019-07-24,2 9 15 20 | 3 4 7 14
1144,2019-07-24,1 10 11 16 | 2 4 10 15
1145,2019-07-25,6 9 15 17 | 4 10 15 16
1146,2019-07-25,5 8 10 20 | 4 7 13 19
1147,2019-07-26,3 4 8 9 | 4 5 16 18
1148,2019-07-26,4 7 12 15 | 4 11 16 17
1149,2019-07-27,11 12 13 19 | 7 8 10 18
1150,2019-07-27,8 13 17 20 | 7 11 15 17
1151,2019-07-28,8 14 16 18 | 1 15 16 19
1152,2019-07-28,6 7 12 16 | 5 11 17 20
1153,2019-07-29,1 7 9 14 | 5 14 16 20
1154,2019-07-29,6 9 18 20 | 1 6 9 18
1155,2019-07-30,2 4 15 18 | 4 9 17 20
1156,2019-07-30,6 11 15 20 | 10 12 16 20
1157,2019-07-31,4 6 9 10 | 5 12 13 17
1158,2019-07-31,5 7 15 17 | 1 8 10 16
1159,2019-08-01,7 10 11 12 | 4 5 10 18
1160,2019-08-01,10 12 14 19 | 1 6 16 17
1161,2019-08-02,1 7 13 16 | 5 10 12 15
1162,2019-08-02,9 15 16 17 | 2 5 13 19
1163,2019-08-03,4 8 13 15 | 3 6 9 17
1164,2019-08-03,3 4 12 17 | 5 7 9 11
1165,2019-08-04,2 3 7 9 | 1 4 8 9
1166,2019-08-04,8 13 15 18 | 1 5 11 14
1167,2019-08-05,2 6 19 20 | 1 2 12 16
1168,2019-08-05,3 6 10 11 | 2 8 19 20
1169,2019-08-06,1 3 4 7 | 3 14 16 20
1170,2019-08-06,5 9 16 18 | 2 9 11 14
1171,2019-08-07,2 5 7 8 | 7 16 17 19
1172,2019-08-07,8 14 15 17 | 7 10 15 20
1173,2019-08-08,5 9 12 15 | 8 11 15 20
1174,2019-08-08,4 8 10 12 | 8 13 18 20
1175,2019-08-09,6 13 16 19 | 1 3 4 10
1176,2019-08-09,1 3 10 11 | 2 9 10 18
1177,2019-08-10,1 6 8 18 | 4 10 15 18
1178,2019-08-10,7 8 13 16 | 7 9 10 17
1179,2019-08-11,10 12 16 17 | 9 12 17 18
1180,2019-08-11,2 4 10 12 | 12 14 15 17
1181,2019-08-12,2 7 9 19 | 2 9 11 13
1182,2019-08-12,3 9 12 19 | 2 3 13 20
1183,2019-08-13,4 10 13 16 | 7 11 12 19
1184,2019-08-13,1 10 11 18 | 5 12 13 18
1185,2019-08-14,5 7 17 18 | 9 11 16 19
1186,2019-08-14,14 15 16 20 | 1 12 13 18
1187,2019-08-15,10 16 18 19 | 1 3 17 18
1188,2019-08-15,4 5 19 20 | 8 11 13 15
1189,2019-08-16,1 5 8 11 | 2 3 13 19
1190,2019-08-16,7 8 12 20 | 1 4 13 17
1191,2019-08-17,1 4 6 18 | 5 7 16 17
1192,2019-08-17,6 9 12 14 | 1 4 10 14
1193,2019-08-18,8 14 16 17 | 7 14 16 19
1194,2019-08-18,4 5 6 19 | 8 15 16 20
1195,2019-08-19,7 10 14 16 | 3 16 18 19
1196,2019-08-19,10 11 15 19 | 3 12 17 19
1197,2019-08-20,1 7 9 10 | 1 2 4 7
1198,2019-08-20,7 9 13 17 | 1 11 15 20
1199,2019-08-21,6 7 13 16 | 3 5 14 16
1200,2019-08-21,1 3 12 13 | 6 7 19 20
1201,2019-08-22,9 10 11 17 | 2 6 7 17
1202,2019-08-22,1 5 12 19 | 3 7 8 10
1203,2019-08-23,3 5 8 17 | 1 10 11 12
1204,2019-08-23,2 5 12 16 | 1 5 17 20
1205,2019-08-24,2 8 16 18 | 8 13 16 19
1206,2019-08-24,6 7 9 12 | 1 2 4 5
1207,2019-08-25,1 6 7 14 | 1 13 18 20
1208,2019-08-25,4 8 10 18 | 1 5 13 16
1209,2019-08-26,9 10 16 19 | 5 6 13 19
1210,2019-08-26,8 12 17 19 | 1 9 10 16
1211,2019-08-27,4 7 17 20 | 4 11 13 14
1212,2019-08-27,4 8 9 18 | 1 8 14 20
1213,2019-08-28,4 7 8 12 | 3 4 9 15
1214,2019-08-28,9 14 18 19 | 3 6 8 16
1215,2019-08-29,3 10 15 16 | 4 5 7 19
1216,2019-08-29,2 5 8 15 | 2 8 19 20
1217,2019-08-30,4 10 14 17 | 7 8 11 19
1218,2019-08-30,10 11 12 17 | 2 4 16 20
1219,2019-08-31,1 2 11 20 | 1 6 9 13
1220,2019-08-31,8 10 14 17 | 8 16 17 19
1221,2019-09-01,5 6 17 20 | 3 15 17 18
1222,2019-09-01,4 10 15 19 | 7 11 15 20
1223,2019-09-02,4 7 10 17 | 5 7 12 20
1224,2019-09-02,1 2 7 16 | 3 9 11 19
1225,2019-09-03,2 4 13 17 | 3 10 13 19
1226,2019-09-03,3 8 16 20 | 1 2 3 14
1227,2019-09-04,7 9 12 17 | 1 2 6 11
1228,2019-09-04,4 9 15 17 | 5 7 14 20
1229,2019-09-05,3 6 7 17 | 4 6 9 14
1230,2019-09-05,6 9 12 16 | 2 15 16 20
1231,2019-09-06,2 7 16 17 | 5 6 10 12
1232,2019-09-06,7 11 12 18 | 4 8 9 15
1233,2019-09-07,1 4 6 20 | 4 7 14 18
1234,2019-09-07,4 8 15 16 | 10 14 15 16
1235,2019-09-08,2 9 14 20 | 6 7 10 11
1236,2019-09-08,2 6 12 20 | 2 4 13 16
1237,2019-09-09,1 7 14 20 | 8 9 11 18
1238,2019-09-09,3 4 11 15 | 5 9 12 19
1239,2019-09-10,4 11 16 19 | 1 14 17 18
1240,2019-09-10,5 7 10 19 | 2 5 14 20
1241,2019-09-11,3 6 14 20 | 1 8 12 14
1242,2019-09-11,9 11 13 19 | 3 5 12 15
1243,2019-09-12,12 13 15 19 | 1 3 14 19
1244,2019-09-12,2 10 15 17 | 3 8 11 15
1245,2019-09-13,2 7 15 20 | 11 13 16 20
1246,2019-09-13,3 7 11 13 | 8 9 12 14
1247,2019-09-14,7 12 15 19 | 4 6 16 19
1248,2019-09-14,2 3 15 17 | 1 6 12 15
1249,2019-09-15,2 7 9 14 | 3 7 14 17
1250,2019-09-15,4 7 10 13 | 1 2 8 17
1251,2019-09-16,1 11 18 20 | 5 6 8 15
1252,2019-09-16,11 16 17 19 | 5 11 17 20
1253,2019-09-17,1 7 16 17 | 2 5 15 17
1254,2019-09-17,4 6 10 15 | 2 9 12 16
1255,2019-09-18,6 10 12 18 | 5 9 13 16
1256,2019-09-18,4 13 16 18 | 3 5 12 20
1257,2019-09-19,2 15 18 19 | 4 5 10 11
1258,2019-09-19,8 9 17 20 | 3 6 10 12
1259,2019-09-20,8 9 15 19 | 3 6 16 18
1260,2019-09-20,8 11 14 15 | 5 12 14 19
1261,2019-09-21,2 13 14 18 | 2 13 14 19
1262,2019-09-21,4 10 13 14 | 5 9 16 20
1263,2019-09-22,4 8 17 18 | 2 3 10 18
1264,2019-09-22,3 7 9 17 | 2 8 10 17
1265,2019-09-23,3 9 10 12 | 1 3 10 12
1266,2019-09-23,4 10 12 15 | 7 10 12 19
1267,2019-09-24,3 10 17 20 | 4 7 12 13
1268,2019-09-24,1 9 11 16 | 4 5 9 13
1269,2019-09-25,1 6 7 17 | 3 11 17 18
1270,2019-09-25,2 14 18 20 | 4 8 12 20
1271,2019-09-26,7 12 15 18 | 5 9 11 18
1272,2019-09-26,2 8 11 14 | 2 4 15 16
1273,2019-09-27,2 7 8 19 | 1 8 10 17
1274,2019-09-27,5 13 15 20 | 2 5 15 16
1275,2019-09-28,1 7 9 20 | 1 9 16 19
1276,2019-09-28,4 5 9 15 | 2 4 6 12
1277,2019-09-29,1 6 10 12 | 4 6 14 17
1278,2019-09-29,4 8 13 16 | 1 4 15 20
1279,2019-09-30,1 6 7 8 | 1 5 8 11
1280,2019-09-30,2 6 9 14 | 2 17 18 19
1281,2019-10-01,3 8 18 19 | 6 11 12 14
1282,2019-10-01,2 10 13 15 | 2 3 14 15
1283,2019-10-02,1 2 9 11 | 6 14 16 17
1284,2019-10-02,1 7 15 18 | 2 16 19 20
1285,2019-10-03,2 6 18 19 | 1 2 5 20
1286,2019-10-03,2 6 7 20 | 9 10 16 20
1287,2019-10-04,2 7 8 17 | 3 6 16 17
1288,2019-10-04,9 14 17 19 | 7 10 15 19
1289,2019-10-05,2 4 8 20 | 9 13 15 19
1290,2019-10-05,2 3 15 16 | 7 11 17 18
1291,2019-10-06,1 2 13 15 | 6 7 8 15
1292,2019-10-06,1 2 5 8 | 1 2 7 8
1293,2019-10-07,2 10 11 13 | 1 8 18 20
1294,2019-10-07,13 16 19 20 | 10 11 18 20
1295,2019-10-08,5 6 11 14 | 3 8 10 13
1296,2019-10-08,2 5 14 15 | 3 5 9 18
1297,2019-10-09,3 5 6 19 | 6 7 11 19
1298,2019-10-09,1 3 5 9 | 2 4 10 12
1299,2019-10-10,6 8 10 11 | 6 8 16 17
1300,2019-10-10,4 9 13 18 | 10 11 13 18
1301,2019-10-11,8 11 13 17 | 5 11 14 16
1302,2019-10-11,4 6 12 13 | 1 11 14 20
1303,2019-10-12,10 14 16 19 | 8 15 16 17
1304,2019-10-12,7 10 19 20 | 6 7 13 18
1305,2019-10-13,12 13 16 17 | 4 12 13 15
1306,2019-10-13,2 5 8 12 | 1 2 10 14
1307,2019-10-14,4 7 8 14 | 6 16 18 19
1308,2019-10-14,3 9 12 18 | 4 8 9 19
1309,2019-10-15,1 5 7 18 | 1 6 13 18
1310,2019-10-15,1 16 18 20 | 4 5 10 17
1311,2019-10-16,2 6 10 15 | 7 14 16 17
1312,2019-10-16,4 6 11 18 | 4 5 6 10
1313,2019-10-17,7 10 11 15 | 2 5 15 20
1314,2019-10-17,7 15 18 19 | 4 9 10 17
1315,2019-10-18,5 8 13 20 | 2 5 10 17
1316,2019-10-18,2 10 17 18 | 4 12 16 19
1317,2019-10-19,6 8 14 19 | 5 6 10 18
1318,2019-10-19,2 10 11 20 | 11 16 17 18
1319,2019-10-20,2 11 12 19 | 1 9 14 19
1320,2019-10-20,1 2 12 13 | 11 12 14 17
1321,2019-10-21,2 9 15 19 | 5 9 10 20
1322,2019-10-21,1 2 10 12 | 6 12 15 16
1323,2019-10-22,2 8 9 19 | 7 10 17 18
1324,2019-10-22,2 11 15 19 | 2 8 12 19
1325,2019-10-23,13 14 15 20 | 1 5 10 16
1326,2019-10-23,4 7 11 14 | 3 7 13 15
1327,2019-10-24,11 14 16 18 | 3 5 11 13
1328,2019-10-24,2 3 9 16 | 1 9 11 18
1329,2019-10-25,5 9 10 16 | 6 10 18 19
1330,2019-10-25,1 3 10 15 | 3 11 17 20
1331,2019-10-26,4 9 15 16 | 2 7 15 16
1332,2019-10-26,6 15 18 19 | 5 8 9 19
1333,2019-10-27,1 6 14 19 | 3 5 18 20
1334,2019-10-27,3 7 19 20 | 10 11 16 19
1335,2019-10-28,2 5 15 16 | 5 7 13 20
1336,2019-10-28,6 7 11 13 | 2 6 9 14
1337,2019-10-29,4 7 10 19 | 2 7 10 16
1338,2019-10-29,4 8 11 18 | 6 8 13 17
1339,2019-10-30,2 6 16 17 | 4 8 9 14
1340,2019-10-30,15 16 19 20 | 5 6 15 17
1341,2019-10-31,2 7 12 14 | 4 11 12 19
1342,2019-10-31,2 6 11 16 | 3 5 8 12
1343,2019-11-01,3 6 12 14 | 3 8 9 17
1344,2019-11-01,6 9 10 17 | 1 13 17 20
1345,2019-11-02,2 15 18 20 | 3 13 16 20
1346,2019-11-02,1 9 11 14 | 7 10 11 13
1347,2019-11-03,2 4 7 9 | 2 4 11 15
1348,2019-11-03,2 4 7 9 | 3 11 12 17
1349,2019-11-04,3 9 10 11 | 14 15 16 20
1350,2019-11-04,3 14 17 18 | 1 5 6 13
1351,2019-11-05,2 6 8 14 | 2 7 9 16
1352,2019-11-05,10 13 17 18 | 3 7 11 20
1353,2019-11-06,1 6 8 12 | 1 3 9 10
1354,2019-11-06,1 5 12 18 | 1 2 3 17
1355,2019-11-07,5 6 19 20 | 7 9 11 15
1356,2019-11-07,2 4 11 13 | 8 10 14 17
1357,2019-11-08,2 12 17 19 | 2 6 14 19
1358,2019-11-08,6 11 12 20 | 7 9 15 16
1359,2019-11-09,11 12 16 19 | 16 18 19 20
1360,2019-11-09,2 8 16 19 | 9 15 16 17
1361,2019-11-10,4 6 8 20 | 5 11 12 18
1362,2019-11-10,1 4 9 18 | 4 5 10 11
1363,2019-11-11,6 8 16 20 | 2 12 15 19
1364,2019-11-11,4 10 11 14 | 1 3 6 7
1365,2019-11-12,2 10 12 17 | 8 10 15 18
1366,2019-11-12,1 2 5 9 | 5 13 15 16
1367,2019-11-13,6 8 11 13 | 3 7 9 15
1368,2019-11-13,7 9 14 17 | 12 16 18 19
1369,2019-11-14,10 13 14 18 | 2 6 16 19
1370,2019-11-14,11 14 16 20 | 1 3 10 12
1371,2019-11-15,8 14 17 19 | 1 5 9 14
1372,2019-11-15,14 17 18 20 | 4 9 12 19
1373,2019-11-16,3 8 13 15 | 1 2 3 4
1374,2019-11-16,6 9 16 17 | 3 7 9 16
1375,2019-11-17,4 7 13 18 | 3 9 15 19
1376,2019-11-17,7 10 13 17 | 4 8 11 17
1377,2019-11-18,3 16 18 19 | 10 13 14 19
1378,2019-11-18,4 10 12 16 | 4 11 14 19
1379,2019-11-19,7 10 14 20 | 5 11 12 19
1380,2019-11-19,2 3 18 19 | 1 4 7 14
1381,2019-11-20,6 11 12 17 | 1 2 11 18
1382,2019-11-20,4 7 9 13 | 8 9 18 19
1383,2019-11-21,5 6 14 16 | 1 5 16 18
1384,2019-11-21,1 7 16 19 | 11 14 15 19
1385,2019-11-22,1 9 14 15 | 1 4 8 19
1386,2019-11-22,4 11 12 16 | 1 4 16 17
1387,2019-11-23,3 9 13 17 | 4 14 18 19
1388,2019-11-23,4 5 14 17 | 7 13 17 20
1389,2019-11-24,2 8 15 18 | 3 9 17 20
1390,2019-11-24,5 9 14 18 | 2 8 14 18
1391,2019-11-25,1 4 17 18 | 1 2 4 12
1392,2019-11-25,1 5 8 14 | 9 14 18 20
1393,2019-11-26,11 12 15 19 | 7 9 10 19
1394,2019-11-26,1 13 19 20 | 5 7 10 13
1395,2019-11-27,3 7 8 15 | 9 10 12 17
1396,2019-11-27,1 2 5 9 | 1 2 16 17
1397,2019-11-28,4 10 15 16 | 3 8 10 18
1398,2019-11-28,2 5 7 8 | 3 4 6 9
1399,2019-11-29,3 12 17 18 | 2 4 16 20
1400,2019-11-29,3 5 6 14 | 3 4 7 19
1401,2019-11-30,10 13 15 20 | 9 12 18 20
1402,2019-11-30,5 10 11 12 | 3 4 5 17
1403,2019-12-01,12 14 15 20 | 1 4 15 17
1404,2019-12-01,1 8 13 20 | 3 7 8 14
1405,2019-12-02,3 5 16 19 | 1 5 13 19
1406,2019-12-02,2 4 9 18 | 9 10 17 18
1407,2019-12-03,12 14 16 19 | 4 7 8 16
1408,2019-12-03,12 13 14 17 | 6 7 13 19
1409,2019-12-04,3 11 18 20 | 3 5 10 18
1410,2019-12-04,8 9 11 14 | 5 9 14 15
1411,2019-12-05,4 14 16 18 | 3 5 12 19
1412,2019-12-05,2 13 14 17 | 2 4 15 19
1413,2019-12-06,6 17 18 19 | 5 6 13 16
1414,2019-12-06,3 6 7 18 | 8 10 12 17
1415,2019-12-07,10 15 16 19 | 3 6 10 16
1416,2019-12-07,1 3 8 16 | 1 11 15 17
1417,2019-12-08,2 3 12 13 | 5 9 11 18
1418,2019-12-08,5 6 11 14 | 11 13 14 20
1419,2019-12-09,1 6 15 19 | 2 5 8 15
1420,2019-12-09,2 12 15 19 | 5 9 10 17
1421,2019-12-10,5 9 12 15 | 8 9 10 17
1422,2019-12-10,4 16 19 20 | 9 10 15 20
1423,2019-12-11,5 7 9 11 | 1 3 15 18
1424,2019-12-11,6 9 12 19 | 6 10 12 19
1425,2019-12-12,1 2 4 15 | 3 6 17 20
1426,2019-12-12,1 8 10 20 | 2 6 13 18
1427,2019-12-13,1 6 19 20 | 4 10 12 20
1428,2019-12-13,3 6 11 15 | 2 7 11 15
1429,2019-12-14,3 4 16 20 | 5 16 17 18
1430,2019-12-14,2 9 14 19 | 2 4 7 17
1431,2019-12-15,3 7 10 15 | 2 7 9 13
1432,2019-12-15,5 10 14 16 | 3 4 16 20
1433,2019-12-16,2 10 17 19 | 6 12 15 19
1434,2019-12-16,1 6 7 11 | 6 7 14 15
1435,2019-12-17,1 3 11 15 | 4 6 8 14
1436,2019-12-17,2 8 16 19 | 3 12 15 18
1437,2019-12-18,1 9 12 13 | 2 10 13 16
1438,2019-12-18,1 12 14 17 | 3 4 9 17
1439,2019-12-19,5 7 9 19 | 9 10 12 16
1440,2019-12-19,4 9 10 19 | 7 13 17 19
1441,2019-12-20,2 7 10 11 | 5 9 11 13
1442,2019-12-20,2 7 9 20 | 3 9 10 18
1443,2019-12-21,1 6 13 20 | 13 16 17 18
1444,2019-12-21,12 13 16 19 | 4 10 14 17
1445,2019-12-22,1 2 5 14 | 4 7 9 12
1446,2019-12-22,1 6 13 18 | 1 9 10 15
1447,2019-12-23,3 4 10 13 | 6 11 15 18
1448,2019-12-23,2 10 12 19 | 2 3 9 18
1449,2019-12-24,6 8 14 18 | 3 6 7 20
1450,2019-12-24,3 5 9 10 | 4 5 6 18
1451,2019-12-25,11 16 17 18 | 7 8 16 18
1452,2019-12-25,1 3 12 16 | 16 17 19 20
1453,2019-12-26,1 2 10 12 | 12 17 18 20
1454,2019-12-26,1 4 9 14 | 2 4 12 13
1455,2019-12-27,8 12 15 20 | 1 7 14 19
1456,2019-12-27,4 9 10 13 | 2 5 12 16
1457,2019-12-28,10 15 16 18 | 10 12 16 17
1458,2019-12-28,1 9 10 13 | 2 8 13 14
1459,2019-12-29,6 11 13 16 | 8 9 10 14
1460,2019-12-29,3 4 11 19 | 4 11 14 16
1461,2019-12-30,8 14 19 20 | 1 10 13 19
1462,2019-12-30,1 3 5 20 | 1 5 7 11
1463,2019-12-31,3 9 10 11 | 3 12 18 20
1464,2019-12-31,4 7 13 14 | 1 3 10 20
1465,2020-01-01,12 13 17 18 | 4 7 16 18
1466,2020-01-01,7 12 15 19 | 8 9 12 20
1467,2020-01-02,10 11 17 20 | 7 13 16 17
1468,2020-01-02,4 8 13 15 | 1 3 5 12
1469,2020-01-03,4 6 9 20 | 2 7 17 20
1470,2020-01-03,1 10 11 18 | 5 11 18 20
1471,2020-01-04,1 3 12 15 | 2 3 10 14
1472,2020-01-04,1 5 14 19 | 8 9 14 18
1473,2020-01-05,2 8 9 16 | 4 7 16 20
1474,2020-01-05,3 4 5 6 | 4 9 11 15
1475,2020-01-06,9 11 14 20 | 3 15 18 19
1476,2020-01-06,4 5 13 16 | 2 7 14 15
1477,2020-01-07,6 11 12 13 | 1 6 9 15
1478,2020-01-07,2 10 11 15 | 2 7 8 15
1479,2020-01-08,1 8 10 14 | 3 9 11 16
1480,2020-01-08,2 6 7 15 | 6 7 11 15
1481,2020-01-09,11 13 17 18 | 1 2 6 12
1482,2020-01-09,8 10 15 18 | 3 4 5 17
1483,2020-01-10,3 8 9 15 | 8 9 17 18
1484,2020-01-10,9 11 14 16 | 1 4 5 7
1485,2020-01-11,5 9 16 17 | 6 15 17 19
1486,2020-01-11,1 11 12 14 | 3 8 17 19
1487,2020-01-12,1 4 9 18 | 6 7 9 10
1488,2020-01-12,11 13 17 19 | 2 6 14 19
1489,2020-01-13,5 7 9 14 | 3 5 11 13
1490,2020-01-13,1 4 5 11 | 1 10 13 20
1491,2020-01-14,3 14 16 20 | 6 11 12 15
1492,2020-01-14,3 11 15 16 | 3 11 15 17
1493,2020-01-15,1 4 16 19 | 5 10 13 19
1494,2020-01-15,5 14 18 19 | 2 9 14 20
1495,2020-01-16,2 3 4 15 | 2 6 14 20
1496,2020-01-16,7 18 19 20 | 1 4 7 9
1497,2020-01-17,6 11 12 16 | 3 14 15 16
1498,2020-01-17,5 14 15 20 | 2 4 5 15
1499,2020-01-18,4 9 16 17 | 1 4 7 15
1500,2020-01-18,2 13 17 20 | 6 8 9 16
1501,2020-01-19,6 11 12 16 | 2 13 17 20
1502,2020-01-19,1 16 17 20 | 4 11 12 19
1503,2020-01-20,2 10 14 15 | 1 4 6 10
1504,2020-01-20,3 5 10 18 | 6 9 10 18
1505,2020-01-21,2 9 18 20 | 1 2 12 20
1506,2020-01-21,1 10 13 19 | 1 3 10 15
1507,2020-01-22,3 14 18 20 | 9 10 13 15
1508,2020-01-22,1 8 11 16 | 2 5 10 14
1509,2020-01-23,1 2 18 20 | 2 5 6 10
1510,2020-01-23,13 15 19 20 | 2 8 9 20
1511,2020-01-24,5 8 10 12 | 3 11 13 14
1512,2020-01-24,1 7 10 15 | 6 7 13 16
1513,2020-01-25,6 7 13 19 | 4 11 12 18
1514,2020-01-25,1 11 12 19 | 4 5 7 11
1515,2020-01-26,1 6 11 20 | 2 12 14 19
1516,2020-01-26,4 12 17 20 | 7 12 15 20
1517,2020-01-27,7 10 18 19 | 2 14 16 18
1518,2020-01-27,2 15 17 19 | 10 15 18 19
1519,2020-01-28,1 3 4 5 | 2 9 11 13
1520,2020-01-28,1 3 9 19 | 4 6 14 15
1521,2020-01-29,4 8 9 12 | 1 2 8 9
1522,2020-01-29,8 9 10 14 | 3 5 6 20
1523,2020-01-30,6 14 18 20 | 1 6 13 15
1524,2020-01-30,3 12 13 17 | 3 10 13 17
1525,2020-01-31,5 15 17 19 | 8 14 15 17
1526,2020-01-31,6 7 8 18 | 2 3 5 14
1527,2020-02-01,3 4 10 15 | 3 8 15 18
1528,2020-02-01,6 11 16 18 | 4 13 15 16
1529,2020-02-02,1 6 7 19 | 10 16 18 20
1530,2020-02-02,6 7 9 15 | 8 12 13 18
1531,2020-02-03,1 7 10 15 | 3 8 17 18
1532,2020-02-03,5 7 12 18 | 9 13 19 20
1533,2020-02-04,7 12 19 20 | 1 2 4 13
1534,2020-02-04,5 10 13 14 | 5 6 10 13
1535,2020-02-05,1 4 6 12 | 6 11 13 18
1536,2020-02-05,1 7 15 20 | 1 10 11 16
1537,2020-02-06,3 5 15 17 | 1 6 13 19
1538,2020-02-06,3 4 6 16 | 2 5 8 12
1539,2020-02-07,4 6 15 17 | 7 11 18 19
1540,2020-02-07,2 9 13 18 | 1 11 14 19
1541,2020-02-08,4 5 7 18 | 3 6 7 8
1542,2020-02-08,3 5 11 18 | 11 13 19 20
1543,2020-02-09,2 8 9 16 | 4 12 18 19
1544,2020-02-09,9 11 14 16 | 3 4 14 19
1545,2020-02-10,1 12 17 18 | 9 11 16 18
1546,2020-02-10,7 16 17 20 | 3 5 10 17
1547,2020-02-11,8 9 14 17 | 2 4 13 16
1548,2020-02-11,10 11 12 16 | 4 5 9 19
1549,2020-02-12,7 8 9 13 | 7 8 11 17
1550,2020-02-12,9 13 15 19 | 3 5 10 20
1551,2020-02-13,2 4 5 16 | 8 10 13 20
1552,2020-02-13,4 5 15 17 | 2 4 17 18
1553,2020-02-14,1 9 12 19 | 1 4 9 12
1554,2020-02-14,1 3 4 5 | 2 4 11 19
1555,2020-02-15,1 13 16 19 | 6 11 13 17
1556,2020-02-15,7 11 15 16 | 7 8 15 16
1557,2020-02-16,11 12 14 20 | 3 7 8 20
1558,2020-02-16,1 7 8 19 | 10 11 12 19
1559,2020-02-17,3 14 19 20 | 5 8 11 14
1560,2020-02-17,2 9 11 18 | 14 15 16 19
1561,2020-02-18,5 12 14 15 | 4 8 12 13
1562,2020-02-18,5 7 11 13 | 4 11 13 19
1563,2020-02-19,3 9 11 19 | 4 5 12 17
1564,2020-02-19,3 10 11 18 | 3 8 16 17
1565,2020-02-20,5 11 14 20 | 7 13 14 17
1566,2020-02-20,6 11 12 13 | 1 14 15 16
1567,2020-02-21,6 10 11 15 | 2 4 13 17
1568,2020-02-21,5 11 13 17 | 1 6 7 14
1569,2020-02-22,2 14 18 20 | 1 3 5 6
1570,2020-02-22,7 13 16 18 | 5 9 15 16
1571,2020-02-23,5 12 14 15 | 6 7 18 20
1572,2020-02-23,9 11 12 18 | 5 18 19 20
1573,2020-02-24,4 8 14 19 | 3 5 14 20
1574,2020-02-24,2 5 8 15 | 11 12 15 20
1575,2020-02-25,3 6 10 17 | 2 13 16 19
1576,2020-02-25,2 6 10 12 | 1 3 6 16
1577,2020-02-26,3 9 17 20 | 3 9 11 20
1578,2020-02-26,10 15 17 18 | 1 3 10 12
1579,2020-02-27,2 11 18 19 | 7 14 15 16
1580,2020-02-27,6 7 11 15 | 4 8 10 18
1581,2020-02-28,4 9 15 18 | 2 11 14 16
1582,2020-02-28,8 11 16 19 | 6 15 16 18
1583,2020-02-29,8 15 16 19 | 11 14 15 19
1584,2020-02-29,4 8 9 11 | 2 7 12 13
1585,2020-03-01,4 10 11 17 | 2 5 10 18
1586,2020-03-01,9 14 15 18 | 12 16 18 20
1587,2020-03-02,1 2 15 19 | 1 10 16 19
1588,2020-03-02,1 3 5 7 | 1 3 5 19
1589,2020-03-03,1 8 17 18 | 4 5 12 20
1590,2020-03-03,4 9 11 15 | 3 8 9 12
1591,2020-03-04,1 4 15 18 | 2 15 16 19
1592,2020-03-04,9 12 13 18 | 4 8 15 16
1593,2020-03-05,12 14 15 19 | 1 6 15 19
1594,2020-03-05,2 7 8 9 | 7 15 18 19
1595,2020-03-06,2 3 5 19 | 1 4 11 18
1596,2020-03-06,2 6 9 19 | 2 11 12 14
1597,2020-03-07,4 9 18 19 | 2 16 17 19
1598,2020-03-07,3 5 7 14 | 3 8 9 13
1599,2020-03-08,4 13 15 20 | 5 6 10 20
1600,2020-03-08,6 7 14 19 | 2 3 14 17
1601,2020-03-09,1 3 5 10 | 6 9 13 14
1602,2020-03-09,4 6 18 20 | 1 13 14 15
1603,2020-03-10,4 9 17 19 | 1 7 12 18
1604,2020-03-10,2 5 6 7 | 2 3 6 18
1605,2020-03-11,11 16 18 20 | 3 7 10 19
1606,2020-03-11,1 4 5 15 | 3 11 13 17
1607,2020-03-12,1 14 18 20 | 1 5 7 10
1608,2020-03-12,5 9 18 20 | 2 4 16 17
1609,2020-03-13,7 8 9 13 | 8 11 13 16
1610,2020-03-13,2 6 11 13 | 5 8 14 20
1611,2020-03-14,1 6 8 15 | 9 10 11 14
1612,2020-03-14,6 13 16 20 | 1 2 4 13
1613,2020-03-15,1 2 11 15 | 6 9 10 15
1614,2020-03-15,7 8 10 14 | 1 11 13 15
1615,2020-03-16,5 6 8 9 | 7 9 10 14
1616,2020-03-16,1 2 4 8 | 1 3 5 18
1617,2020-03-17,1 4 7 15 | 1 3 15 18
1618,2020-03-17,5 7 9 14 | 6 8 15 17
1619,2020-03-18,2 3 12 18 | 1 3 8 9
1620,2020-03-18,8 9 17 19 | 6 9 10 20
1621,2020-03-19,3 7 9 20 | 1 9 16 20
1622,2020-03-19,1 15 17 19 | 5 9 14 19
1623,2020-03-20,3 13 15 16 | 8 9 16 19
1624,2020-03-20,12 14 19 20 | 1 7 12 16
1625,2020-03-21,9 10 12 14 | 2 7 16 19
1626,2020-03-21,3 4 6 13 | 2 3 5 13
1627,2020-03-22,6 11 13 18 | 8 10 14 17
1628,2020-03-22,5 12 13 18 | 3 7 14 15
1629,2020-03-23,7 13 15 16 | 1 3 4 17
1630,2020-03-23,3 7 8 16 | 2 4 11 13
1631,2020-03-24,2 10 11 20 | 6 8 9 20
1632,2020-03-24,3 4 5 11 | 4 6 10 18
1633,2020-03-25,1 7 9 17 | 1 2 7 16
1634,2020-03-25,7 15 16 19 | 1 6 14 20
1635,2020-03-26,3 10 11 20 | 2 6 9 11
1636,2020-03-26,9 10 15 18 | 13 18 19 20
1637,2020-03-27,5 7 17 18 | 3 13 17 20
1638,2020-03-27,1 6 9 16 | 2 4 6 18
1639,2020-03-28,1 5 8 14 | 5 7 10 15
1640,2020-03-28,4 13 17 18 | 1 3 7 12
1641,2020-03-29,2 9 13 18 | 3 4 9 20
1642,2020-03-29,3 13 16 17 | 1 3 15 18
1643,2020-03-30,6 10 15 16 | 4 9 10 19
1644,2020-03-30,2 4 8 11 | 3 5 7 18
1645,2020-03-31,5 8 10 15 | 11 16 17 19
1646,2020-03-31,4 5 10 19 | 1 2 6 9
1647,2020-04-01,5 6 16 20 | 3 5 16 18
1648,2020-04-01,3 10 15 20 | 2 4 10 16
1649,2020-04-02,2 3 9 13 | 1 3 7 16
1650,2020-04-02,5 9 15 18 | 3 6 17 19
1651,2020-04-03,4 6 8 18 | 5 13 15 17
1652,2020-04-03,2 7 14 15 | 4 13 15 17
1653,2020-04-04,7 9 13 16 | 3 10 11 18
1654,2020-04-04,8 14 15 18 | 9 14 18 19
1655,2020-04-05,1 2 4 14 | 1 2 4 10
1656,2020-04-05,2 7 14 15 | 1 10 11 20
1657,2020-04-06,7 8 16 20 | 2 10 14 17
1658,2020-04-06,5 8 14 20 | 3 15 17 18
1659,2020-04-07,8 12 18 19 | 6 12 19 20
1660,2020-04-07,1 2 4 7 | 1 2 10 15
1661,2020-04-08,13 16 17 19 | 6 13 14 18
1662,2020-04-10,3 12 13 20 | 1 10 13 15
1663,2020-04-11,8 10 15 18 | 3 11 12 17
1664,2020-04-11,3 6 16 20 | 1 6 14 20
1665,2020-04-11,1 5 9 12 | 2 14 16 19
1666,2020-04-11,2 7 13 16 | 3 6 11 17
1667,2020-04-12,4 5 6 8 | 1 6 9 11
1668,2020-04-12,5 11 12 13 | 1 7 9 15
1669,2020-04-12,4 8 13 20 | 7 12 14 17
1670,2020-04-12,7 14 15 16 | 4 8 9 19
1671,2020-04-13,9 10 16 19 | 4 6 7 8
1672,2020-04-13,1 3 13 16 | 10 11 14 17
1673,2020-04-13,4 16 17 18 | 3 10 11 15
1674,2020-04-13,5 13 14 16 | 1 10 13 18
1675,2020-04-14,6 10 11 14 | 5 8 11 13
1676,2020-04-14,1 2 13 15 | 7 9 11 14
1677,2020-04-14,7 10 18 19 | 7 8 9 10
1678,2020-04-14,1 8 13 15 | 2 3 13 16
1679,2020-04-15,2 4 9 16 | 3 6 15 16
1680,2020-04-15,8 11 13 17 | 8 9 15 16
1681,2020-04-15,14 15 16 18 | 3 5 12 19
1682,2020-04-15,1 13 17 20 | 5 18 19 20
1683,2020-04-16,4 8 16 20 | 7 8 12 17
1684,2020-04-16,5 7 8 20 | 1 4 8 11
1685,2020-04-16,3 6 8 16 | 3 5 6 9
1686,2020-04-16,6 10 13 14 | 1 10 15 20
1687,2020-04-17,7 13 14 20 | 1 6 7 18
1688,2020-04-17,4 6 14 16 | 1 2 5 17
1689,2020-04-17,1 15 19 20 | 4 11 13 16
1690,2020-04-17,6 7 11 15 | 8 16 17 20
1691,2020-04-18,6 7 12 19 | 3 6 9 12
1692,2020-04-18,16 17 18 20 | 6 9 17 20
1693,2020-04-18,1 10 11 12 | 9 13 14 15
1694,2020-04-18,2 4 5 8 | 1 9 12 20
1695,2020-04-19,2 5 13 18 | 5 6 10 19
1696,2020-04-19,2 4 10 15 | 2 7 9 12
1697,2020-04-19,2 3 11 13 | 3 8 12 17
1698,2020-04-19,4 9 18 19 | 1 8 9 20
1699,2020-04-20,4 6 8 18 | 3 4 9 16
1700,2020-04-20,2 6 11 18 | 1 6 12 16
1701,2020-04-20,3 6 8 20 | 5 6 9 16
1702,2020-04-20,5 8 12 18 | 5 7 8 12
1703,2020-04-21,4 7 9 18 | 11 13 14 20
1704,2020-04-21,6 13 16 19 | 1 2 13 15
1705,2020-04-21,4 8 16 17 | 1 3 7 13
1706,2020-04-21,2 3 7 17 | 1 2 7 11
1707,2020-04-22,3 4 9 14 | 2 3 17 20
1708,2020-04-22,6 7 11 13 | 7 11 17 18
1709,2020-04-22,3 16 17 20 | 12 13 17 20
1710,2020-04-22,7 12 17 18 | 2 4 9 12
1711,2020-04-23,6 9 19 20 | 3 4 5 15
1712,2020-04-23,5 14 18 19 | 3 6 16 18
1713,2020-04-23,10 11 17 19 | 3 16 18 20
1714,2020-04-23,1 4 12 15 | 4 6 15 17
1715,2020-04-24,4 14 15 17 | 12 16 17 20
1716,2020-04-24,5 8 9 16 | 3 4 6 12
1717,2020-04-24,9 14 17 20 | 12 17 19 20
1718,2020-04-24,6 7 9 13 | 3 5 6 9
1719,2020-04-25,1 6 13 16 | 2 18 19 20
1720,2020-04-25,1 5 12 19 | 2 3 18 19
1721,2020-04-25,5 8 9 10 | 8 12 15 20
1722,2020-04-25,1 3 13 18 | 2 8 10 13
1723,2020-04-26,3 4 8 10 | 2 4 9 14
1724,2020-04-26,5 7 8 12 | 2 3 9 16
1725,2020-04-26,2 7 14 19 | 2 8 13 15
1726,2020-04-26,8 11 14 15 | 1 5 6 17
1727,2020-04-27,4 5 8 14 | 6 10 15 17
1728,2020-04-27,1 15 17 19 | 5 13 15 19
1729,2020-04-27,1 10 15 16 | 1 3 7 10
1730,2020-04-27,1 9 16 19 | 6 11 13 14
1731,2020-04-28,2 6 9 12 | 3 8 10 20
1732,2020-04-28,3 5 15 19 | 1 4 9 15
1733,2020-04-28,6 8 18 20 | 1 7 11 16
1734,2020-04-28,11 17 19 20 | 8 10 11 18
1735,2020-04-29,4 13 19 20 | 3 8 12 15
1736,2020-04-29,7 10 11 14 | 4 5 12 17
1737,2020-04-29,5 12 15 16 | 2 8 10 11
1738,2020-04-29,1 8 13 16 | 10 12 14 16
1739,2020-04-30,8 9 10 14 | 6 9 13 19
1740,2020-04-30,11 12 14 16 | 13 14 16 19
1741,2020-04-30,3 10 18 19 | 1 5 8 13
1742,2020-04-30,14 15 18 20 | 9 10 11 16
1743,2020-05-01,12 16 18 20 | 1 7 17 20
1744,2020-05-01,5 8 13 15 | 1 2 14 18
1745,2020-05-01,2 12 13 19 | 9 15 19 20
1746,2020-05-01,3 4 10 20 | 1 4 6 20
1747,2020-05-02,3 9 17 18 | 3 6 13 14
1748,2020-05-02,4 12 15 17 | 9 17 19 20
1749,2020-05-02,1 14 16 19 | 8 9 18 19
1750,2020-05-02,3 5 10 11 | 11 12 16 19
1751,2020-05-03,4 6 18 20 | 5 6 16 17
1752,2020-05-03,3 10 16 17 | 5 15 16 20
1753,2020-05-03,8 18 19 20 | 1 6 14 17
1754,2020-05-03,8 13 14 15 | 8 11 13 16
1755,2020-05-04,2 10 13 18 | 8 10 17 18
1756,2020-05-04,1 6 15 16 | 1 4 9 19
1757,2020-05-04,5 7 18 19 | 5 8 13 15
1758,2020-05-04,3 11 18 19 | 4 8 11 19
1759,2020-05-05,2 8 12 15 | 5 10 11 20
1760,2020-05-05,1 2 10 14 | 1 3 6 13
1761,2020-05-05,5 6 7 8 | 8 10 14 17
1762,2020-05-05,1 7 12 18 | 6 12 14 18
1763,2020-05-06,7 9 16 17 | 8 10 12 20
1764,2020-05-06,7 12 15 19 | 5 14 18 20
1765,2020-05-06,2 3 7 8 | 2 8 11 16
1766,2020-05-06,2 5 6 18 | 3 5 7 8
1767,2020-05-07,4 5 6 8 | 1 2 4 16
1768,2020-05-07,4 9 13 20 | 8 10 16 18
1769,2020-05-07,3 4 6 15 | 8 14 18 19
1770,2020-05-07,8 10 13 19 | 2 7 9 17
1771,2020-05-08,2 4 14 16 | 8 11 18 20
1772,2020-05-08,1 8 10 17 | 5 13 14 17
1773,2020-05-08,2 6 19 20 | 6 9 13 14
1774,2020-05-08,4 8 17 18 | 1 4 12 18
1775,2020-05-09,3 9 10 11 | 12 14 17 20
1776,2020-05-09,4 7 10 20 | 13 15 16 19
1777,2020-05-09,6 7 14 20 | 3 9 10 11
1778,2020-05-09,4 7 12 18 | 1 7 10 19
1779,2020-05-10,4 9 17 18 | 2 10 17 19
1780,2020-05-10,2 10 13 14 | 9 11 17 20
1781,2020-05-10,6 7 13 20 | 6 7 16 19
1782,2020-05-10,1 4 6 14 | 6 8 13 17
1783,2020-05-11,5 8 10 17 | 2 3 10 12
1784,2020-05-11,1 5 15 18 | 4 5 8 10
1785,2020-05-11,8 9 16 18 | 1 5 7 20
1786,2020-05-11,15 16 19 20 | 1 9 10 19
1787,2020-05-12,4 5 7 10 | 7 8 11 14
1788,2020-05-12,6 11 13 14 | 4 10 12 13
1789,2020-05-12,2 6 14 18 | 3 16 18 19
1790,2020-05-12,2 3 8 9 | 2 8 13 17
1791,2020-05-13,7 10 13 15 | 2 7 11 18
1792,2020-05-13,4 9 10 18 | 3 5 12 17
1793,2020-05-13,3 6 13 15 | 6 9 10 16
1794,2020-05-13,7 8 17 19 | 5 6 8 16
1795,2020-05-14,2 6 12 14 | 1 3 9 12
1796,2020-05-14,5 7 8 12 | 6 9 12 15
1797,2020-05-14,2 11 12 14 | 5 6 7 13
1798,2020-05-14,1 8 9 19 | 2 12 15 20
1799,2020-05-15,1 3 11 19 | 8 12 14 18
1800,2020-05-15,1 2 7 13 | 2 6 15 20
1801,2020-05-15,5 6 14 19 | 1 2 16 20
1802,2020-05-15,1 11 12 14 | 6 8 16 18
1803,2020-05-16,4 5 8 20 | 3 8 11 15
1804,2020-05-16,7 8 11 15 | 1 7 11 17
1805,2020-05-16,4 5 11 13 | 1 7 18 20
1806,2020-05-16,1 5 8 20 | 8 13 14 16
1807,2020-05-17,3 9 11 13 | 1 8 10 18
1808,2020-05-17,12 13 14 15 | 1 3 4 16
1809,2020-05-17,1 10 12 16 | 10 11 16 17
1810,2020-05-17,1 7 11 13 | 3 9 13 16
1811,2020-05-18,7 12 17 19 | 6 11 13 16
1812,2020-05-18,4 10 14 18 | 10 11 15 19
1813,2020-05-18,3 8 13 19 | 2 4 14 19
1814,2020-05-18,3 7 13 20 | 4 6 12 19
1815,2020-05-19,2 8 9 16 | 2 4 5 7
1816,2020-05-19,1 8 10 15 | 8 13 16 17
1817,2020-05-19,5 8 13 19 | 1 7 13 17
1818,2020-05-19,3 9 12 18 | 3 17 18 20
1819,2020-05-20,8 14 16 18 | 3 17 18 20
1820,2020-05-20,2 5 9 17 | 2 13 15 16
1821,2020-05-20,4 6 7 12 | 6 14 19 20
1822,2020-05-20,4 6 10 12 | 7 10 12 17
1823,2020-05-21,2 3 5 15 | 3 5 7 8
1824,2020-05-21,2 5 6 7 | 1 4 5 17
1825,2020-05-21,2 7 13 19 | 5 9 13 17
1826,2020-05-21,3 12 13 20 | 7 9 13 20
1827,2020-05-22,6 8 12 15 | 7 16 17 20
1828,2020-05-22,6 9 11 16 | 2 10 13 15
1829,2020-05-22,9 13 14 16 | 3 5 13 17
1830,2020-05-22,3 10 16 17 | 5 15 16 17
1831,2020-05-23,2 9 14 17 | 3 7 12 16
1832,2020-05-23,8 11 15 19 | 1 2 7 12
1833,2020-05-23,7 9 14 17 | 2 6 16 18
1834,2020-05-23,2 4 5 12 | 6 8 10 11
1835,2020-05-24,2 4 7 13 | 1 9 10 16
1836,2020-05-24,6 8 11 16 | 4 5 17 20
1837,2020-05-24,4 12 16 19 | 2 3 14 19
1838,2020-05-24,5 15 18 20 | 3 11 17 19
1839,2020-05-25,5 7 18 19 | 2 6 16 18
1840,2020-05-25,2 12 13 16 | 4 10 16 19
1841,2020-05-25,4 9 15 17 | 2 4 18 20
1842,2020-05-25,5 6 7 19 | 10 14 17 20
1843,2020-05-26,1 7 11 12 | 4 8 13 19
1844,2020-05-26,1 2 12 18 | 1 8 9 17
1845,2020-05-26,1 6 7 12 | 7 8 11 13
1846,2020-05-26,1 6 8 18 | 2 6 8 11
1847,2020-05-27,1 7 12 18 | 5 6 7 13
1848,2020-05-27,5 9 15 16 | 2 10 14 18
1849,2020-05-27,6 7 9 20 | 4 8 15 17
1850,2020-05-27,5 10 19 20 | 3 4 13 19
1851,2020-05-28,3 4 13 20 | 2 11 14 17
1852,2020-05-28,8 14 19 20 | 4 10 11 14
1853,2020-05-28,3 4 5 6 | 1 2 6 18
1854,2020-05-28,1 2 3 16 | 3 5 13 16
1855,2020-05-29,6 7 14 19 | 5 10 12 20
1856,2020-05-29,6 9 10 18 | 1 2 9 17
1857,2020-05-29,11 14 15 20 | 2 13 19 20
1858,2020-05-29,4 8 10 13 | 2 4 11 18
1859,2020-05-30,6 10 19 20 | 5 7 15 18
1860,2020-05-30,6 9 11 19 | 6 8 15 19
1861,2020-05-30,1 8 10 20 | 3 4 6 20
1862,2020-05-30,10 14 16 18 | 1 4 10 16
1863,2020-05-31,4 6 11 18 | 4 5 15 19
1864,2020-05-31,5 7 8 13 | 2 5 9 11
1865,2020-05-31,1 4 6 10 | 8 10 19 20
1866,2020-05-31,1 5 8 14 | 3 6 12 17
1867,2020-06-01,1 6 17 19 | 3 4 5 13
1868,2020-06-01,2 7 8 17 | 1 7 16 19
1869,2020-06-01,7 8 11 17 | 7 10 17 19
1870,2020-06-01,9 12 14 20 | 2 4 12 15
1871,2020-06-02,3 13 14 17 | 5 9 15 20
1872,2020-06-02,1 2 7 13 | 5 6 12 16
1873,2020-06-02,2 4 16 20 | 6 16 18 20
1874,2020-06-02,6 10 15 16 | 3 8 13 17
1875,2020-06-03,1 10 16 18 | 1 5 9 12
1876,2020-06-03,2 14 17 18 | 4 8 19 20
1877,2020-06-03,4 8 14 18 | 11 15 16 20
1878,2020-06-03,6 11 12 13 | 2 11 15 16
1879,2020-06-04,1 5 12 13 | 6 7 18 20
1880,2020-06-04,8 10 12 18 | 7 9 12 17
1881,2020-06-04,3 5 10 14 | 5 9 17 19
1882,2020-06-04,2 7 12 14 | 10 15 16 17
1883,2020-06-05,1 4 14 20 | 2 12 17 18
1884,2020-06-05,2 6 11 13 | 8 15 16 17
1885,2020-06-05,1 3 12 20 | 2 14 19 20
1886,2020-06-05,3 10 16 18 | 6 9 16 19
1887,2020-06-06,5 6 7 15 | 1 2 5 13
1888,2020-06-06,4 5 15 19 | 4 10 19 20
1889,2020-06-06,1 8 9 15 | 3 5 6 10
1890,2020-06-06,3 13 15 20 | 1 7 10 13
1891,2020-06-07,6 9 18 20 | 4 8 15 16
1892,2020-06-07,3 6 9 11 | 4 5 8 20
1893,2020-06-07,6 8 9 13 | 1 8 16 17
1894,2020-06-07,1 14 15 17 | 9 11 13 18
1895,2020-06-08,7 11 15 18 | 7 9 10 12
1896,2020-06-08,4 9 19 20 | 1 6 8 17
1897,2020-06-08,2 5 8 15 | 8 11 13 14
1898,2020-06-08,2 7 15 20 | 4 10 16 18
1899,2020-06-09,13 15 17 18 | 4 13 18 19
1900,2020-06-09,8 12 19 20 | 10 13 14 15
1901,2020-06-09,7 12 14 20 | 2 8 14 18
1902,2020-06-09,8 9 13 15 | 4 6 10 11
1903,2020-06-10,6 8 13 20 | 3 6 13 15
1904,2020-06-10,2 4 10 11 | 6 8 16 18
1905,2020-06-10,1 11 12 14 | 5 6 8 17
1906,2020-06-10,3 5 17 19 | 7 12 14 17
1907,2020-06-11,3 4 14 16 | 2 8 10 20
1908,2020-06-11,3 10 14 15 | 1 2 6 20
1909,2020-06-11,1 3 15 20 | 3 5 8 13
1910,2020-06-11,6 8 16 18 | 1 4 13 18
1911,2020-06-12,2 8 9 18 | 3 12 19 20
1912,2020-06-12,5 11 15 16 | 5 6 9 18
1913,2020-06-12,12 16 18 20 | 1 3 8 18
1914,2020-06-12,4 13 15 17 | 4 10 13 20
1915,2020-06-13,3 11 15 19 | 1 2 3 17
1916,2020-06-13,4 7 15 18 | 1 3 6 14
1917,2020-06-13,3 8 13 17 | 3 4 6 19
1918,2020-06-13,3 4 8 18 | 10 14 15 19
1919,2020-06-14,6 10 14 19 | 4 7 13 17
1920,2020-06-14,4 11 18 20 | 1 9 12 14
1921,2020-06-14,1 2 16 18 | 2 3 13 19
1922,2020-06-14,8 11 15 19 | 1 3 4 14
1923,2020-06-15,5 6 17 18 | 9 12 16 19
1924,2020-06-15,1 8 10 20 | 1 6 16 20
1925,2020-06-15,1 3 5 14 | 3 5 6 8
1926,2020-06-15,2 4 8 10 | 1 2 10 18
1927,2020-06-16,1 6 7 17 | 1 8 11 17
1928,2020-06-16,1 3 5 14 | 4 5 9 10
1929,2020-06-16,1 3 16 19 | 6 9 17 20
1930,2020-06-16,2 9 13 20 | 1 7 11 18
1931,2020-06-17,2 7 9 18 | 11 12 18 19
1932,2020-06-17,2 3 14 17 | 3 14 15 16
1933,2020-06-17,1 5 10 13 | 9 11 18 20
1934,2020-06-17,8 11 14 20 | 6 8 10 15
1935,2020-06-18,6 11 12 14 | 2 3 5 18
1936,2020-06-18,9 10 14 15 | 3 9 17 18
1937,2020-06-18,1 7 9 19 | 3 6 9 10
1938,2020-06-18,7 9 13 16 | 3 5 17 19
1939,2020-06-19,2 5 17 19 | 13 14 16 18
1940,2020-06-19,5 6 13 20 | 5 7 14 18
1941,2020-06-19,1 2 10 13 | 3 5 8 20
1942,2020-06-19,1 4 12 16 | 6 7 9 11
1943,2020-06-20,2 10 12 17 | 2 12 15 19
1944,2020-06-20,4 10 13 18 | 5 6 8 16
1945,2020-06-20,2 6 9 14 | 1 13 14 20
1946,2020-06-20,6 15 17 19 | 5 6 7 15
1947,2020-06-21,2 5 9 11 | 3 13 16 19
1948,2020-06-21,6 7 8 15 | 2 6 8 17
1949,2020-06-21,1 6 13 18 | 8 17 19 20
1950,2020-06-21,1 6 9 16 | 4 9 12 16
1951,2020-06-22,2 4 5 15 | 2 8 15 16
1952,2020-06-22,1 7 12 20 | 6 9 12 19
1953,2020-06-22,3 12 18 19 | 1 4 9 14
1954,2020-06-22,5 6 9 19 | 4 5 6 8
1955,2020-06-23,2 7 8 11 | 2 14 17 19
1956,2020-06-23,3 12 17 19 | 10 13 14 18
1957,2020-06-23,1 6 9 10 | 8 15 17 18
1958,2020-06-23,8 9 14 17 | 1 13 17 18
1959,2020-06-24,1 7 8 9 | 8 14 15 18
1960,2020-06-24,6 13 19 20 | 2 12 15 17
1961,2020-06-24,9 12 15 18 | 5 12 18 20
1962,2020-06-24,1 10 12 20 | 5 8 15 16
1963,2020-06-25,5 14 15 16 | 2 7 11 17
1964,2020-06-25,8 9 14 18 | 3 6 8 16
1965,2020-06-25,4 7 12 20 | 1 2 15 19
1966,2020-06-25,4 10 13 16 | 3 9 16 17
1967,2020-06-26,1 6 11 17 | 2 6 7 10
1968,2020-06-26,3 11 17 20 | 2 4 9 20
1969,2020-06-26,3 11 13 16 | 7 10 15 17
1970,2020-06-26,1 8 9 10 | 9 10 12 18
1971,2020-06-27,8 9 19 20 | 4 7 12 15
1972,2020-06-27,3 7 8 11 | 2 13 15 20
1973,2020-06-27,1 14 15 20 | 1 5 7 8
1974,2020-06-27,1 5 16 17 | 8 12 15 17
1975,2020-06-28,2 3 9 20 | 2 5 14 16
1976,2020-06-28,9 11 13 18 | 5 6 11 14
1977,2020-06-28,1 5 12 14 | 6 14 15 18
1978,2020-06-28,6 11 13 17 | 1 14 15 17
1979,2020-06-29,2 3 17 20 | 8 12 17 18
1980,2020-06-29,3 6 13 17 | 4 7 14 17
1981,2020-06-29,5 8 16 18 | 6 11 16 20
1982,2020-06-29,9 10 13 16 | 2 8 10 11
1983,2020-06-30,2 4 11 16 | 2 9 12 19
1984,2020-06-30,8 10 15 18 | 2 7 18 19
1985,2020-06-30,9 11 13 14 | 7 11 13 14
1986,2020-06-30,6 9 12 17 | 4 10 15 18
1987,2020-07-01,1 5 13 17 | 3 11 14 17
1988,2020-07-01,2 10 11 15 | 3 4 13 15
1989,2020-07-01,2 4 16 20 | 4 13 17 18
1990,2020-07-01,4 8 16 19 | 8 12 15 18
1991,2020-07-02,1 3 12 20 | 4 16 18 20
1992,2020-07-02,3 5 13 16 | 9 12 19 20
1993,2020-07-02,4 15 16 17 | 8 9 16 20
1994,2020-07-02,4 14 17 19 | 3 7 8 9
1995,2020-07-03,5 11 12 15 | 3 7 17 20
1996,2020-07-03,6 9 15 17 | 1 6 7 8
1997,2020-07-03,2 5 7 11 | 6 15 19 20
1998,2020-07-03,5 10 12 15 | 4 10 12 20
1999,2020-07-04,4 5 6 10 | 8 11 13 20
2000,2020-07-04,5 10 13 14 | 3 5 12 18
2001,2020-07-04,1 3 5 11 | 3 7 12 19
2002,2020-07-04,3 6 18 20 | 1 7 9 18
2003,2020-07-05,5 12 18 19 | 4 7 10 18
2004,2020-07-05,2 11 15 16 | 2 12 15 16
2005,2020-07-05,1 4 13 17 | 6 16 18 20
2006,2020-07-05,1 3 4 20 | 8 11 13 17
2007,2020-07-06,6 11 12 20 | 3 5 15 18
2008,2020-07-06,3 8 9 17 | 1 14 18 19
2009,2020-07-06,4 11 18 19 | 6 7 12 19
2010,2020-07-06,4 11 13 19 | 2 4 17 20
2011,2020-07-07,1 3 5 6 | 11 12 14 17
2012,2020-07-07,3 8 12 20 | 2 4 7 9
2013,2020-07-07,2 3 9 17 | 7 8 16 17
2014,2020-07-07,5 6 10 18 | 4 6 12 20
2015,2020-07-08,5 16 17 20 | 5 8 10 19
2016,2020-07-08,1 2 7 18 | 2 6 7 20
2017,2020-07-08,3 10 13 15 | 7 13 18 19
2018,2020-07-08,3 7 9 11 | 2 5 6 14
2019,2020-07-09,11 15 16 19 | 1 10 11 14
2020,2020-07-09,1 11 17 18 | 1 18 19 20
2021,2020-07-09,3 11 14 15 | 3 8 11 18
2022,2020-07-09,4 5 10 14 | 4 6 14 17
2023,2020-07-10,7 9 16 17 | 5 8 11 18
2024,2020-07-10,6 10 12 14 | 2 5 14 16
2025,2020-07-10,2 4 6 7 | 4 8 9 17
2026,2020-07-10,13 15 19 20 | 5 14 19 20
2027,2020-07-11,6 9 11 18 | 3 8 13 17
2028,2020-07-11,14 16 17 18 | 4 6 15 19
2029,2020-07-11,4 10 15 19 | 2 6 16 20
2030,2020-07-11,3 6 10 18 | 7 8 17 18
2031,2020-07-12,6 10 12 19 | 2 9 12 18
2032,2020-07-12,4 5 12 18 | 5 10 11 16
2033,2020-07-12,2 4 16 20 | 4 6 11 18
2034,2020-07-12,6 8 19 20 | 1 6 13 18
2035,2020-07-13,2 16 19 20 | 5 10 13 19
2036,2020-07-13,2 3 8 9 | 13 14 15 19
2037,2020-07-13,2 5 14 15 | 1 7 16 20
2038,2020-07-13,6 11 17 20 | 1 6 11 15
2039,2020-07-14,1 4 7 20 | 3 5 7 18
2040,2020-07-14,7 10 12 13 | 11 13 15 16
2041,2020-07-14,3 4 11 20 | 6 8 12 17
2042,2020-07-14,4 12 13 14 | 1 7 12 13
2043,2020-07-15,12 14 16 20 | 2 10 12 18
2044,2020-07-15,8 11 13 18 | 5 10 11 19
2045,2020-07-15,3 7 12 17 | 7 8 9 12
2046,2020-07-15,8 9 13 16 | 7 10 13 17
2047,2020-07-16,5 7 12 18 | 5 10 11 18
2048,2020-07-16,2 9 14 15 | 9 10 11 12
2049,2020-07-16,3 7 9 15 | 5 9 10 20
2050,2020-07-16,7 9 13 17 | 1 9 12 15
2051,2020-07-17,3 9 14 20 | 4 11 16 18
2052,2020-07-17,3 6 8 11 | 6 8 14 17
2053,2020-07-17,1 4 8 16 | 3 6 7 19
2054,2020-07-17,6 15 17 20 | 1 6 12 16
2055,2020-07-18,8 14 17 18 | 10 11 13 18
2056,2020-07-18,1 6 7 19 | 4 6 10 16
2057,2020-07-18,3 5 14 15 | 5 9 12 17
2058,2020-07-18,3 6 8 9 | 2 4 6 15
2059,2020-07-19,3 5 7 17 | 1 8 9 13
2060,2020-07-19,11 13 14 15 | 3 8 10 18
2061,2020-07-19,1 2 3 8 | 13 14 17 19
2062,2020-07-19,8 10 15 19 | 1 4 8 15
2063,2020-07-20,5 7 11 18 | 4 9 11 15
2064,2020-07-20,6 9 13 14 | 6 12 13 15
2065,2020-07-20,10 12 14 18 | 1 9 16 17
2066,2020-07-20,1 3 12 15 | 3 5 7 10
2067,2020-07-21,2 3 11 15 | 3 5 6 7
2068,2020-07-21,2 3 9 18 | 3 11 17 18
2069,2020-07-21,4 11 17 20 | 2 4 5 6
2070,2020-07-21,2 8 13 18 | 3 14 15 16
2071,2020-07-22,1 4 16 18 | 9 10 11 17
2072,2020-07-22,4 10 12 17 | 2 5 12 18
2073,2020-07-22,5 14 17 18 | 2 7 17 19
2074,2020-07-22,10 13 15 16 | 2 6 16 17
2075,2020-07-23,1 5 7 19 | 11 13 15 18
2076,2020-07-23,10 13 14 19 | 5 6 9 12
2077,2020-07-23,4 8 9 18 | 1 5 9 15
2078,2020-07-23,8 12 14 16 | 3 11 14 19
2079,2020-07-24,8 9 14 20 | 1 9 14 20
2080,2020-07-24,11 12 13 19 | 2 4 5 11
2081,2020-07-24,9 11 18 19 | 2 10 12 13
2082,2020-07-24,4 8 13 14 | 3 4 17 20
2083,2020-07-25,2 7 15 17 | 9 10 18 19
2084,2020-07-25,5 12 15 16 | 2 8 14 20
2085,2020-07-25,1 4 9 18 | 1 12 16 17
2086,2020-07-25,3 6 9 13 | 3 8 15 19
2087,2020-07-26,2 4 5 6 | 2 6 15 18
2088,2020-07-26,3 8 14 17 | 10 11 15 19
2089,2020-07-26,3 6 7 16 | 4 11 12 16
2090,2020-07-26,3 4 5 18 | 3 4 9 12
2091,2020-07-27,3 10 13 19 | 2 4 10 17
2092,2020-07-27,7 8 14 18 | 3 5 9 12
2093,2020-07-27,3 8 9 13 | 3 6 9 15
2094,2020-07-27,10 14 15 16 | 3 8 14 15
2095,2020-07-28,2 6 18 20 | 4 7 13 20
2096,2020-07-28,1 14 16 20 | 2 7 8 12
2097,2020-07-28,2 11 16 18 | 2 6 7 14
2098,2020-07-28,6 11 14 15 | 3 10 14 15
2099,2020-07-29,3 8 12 16 | 3 6 8 15
2100,2020-07-29,1 6 11 20 | 1 7 9 13
2101,2020-07-29,1 11 12 20 | 7 12 14 18
2102,2020-07-29,3 14 17 20 | 5 6 15 20
2103,2020-07-30,7 10 12 13 | 1 6 7 18
2104,2020-07-30,1 5 9 11 | 1 12 15 20
2105,2020-07-30,7 8 10 11 | 4 9 10 15
2106,2020-07-30,13 14 18 20 | 2 4 9 15
2107,2020-07-31,2 4 10 20 | 5 14 16 19
2108,2020-07-31,10 11 14 19 | 2 6 11 18
2109,2020-07-31,2 4 7 19 | 2 4 7 10
2110,2020-07-31,5 13 17 19 | 5 8 9 15
2111,2020-08-01,5 12 14 19 | 6 15 16 17
2112,2020-08-01,9 12 16 17 | 8 11 12 16
2113,2020-08-01,9 15 18 19 | 1 3 13 15
2114,2020-08-01,1 8 9 10 | 3 10 14 19
2115,2020-08-02,1 5 16 19 | 3 8 14 19
2116,2020-08-02,3 7 15 20 | 9 10 13 18
2117,2020-08-02,6 8 16 18 | 7 10 12 16
2118,2020-08-02,4 7 8 18 | 3 6 8 11
2119,2020-08-03,10 14 15 16 | 1 2 5 20
2120,2020-08-03,4 7 14 19 | 3 11 18 20
2121,2020-08-03,2 5 8 16 | 5 6 18 20
2122,2020-08-03,3 4 14 20 | 6 11 14 15
2123,2020-08-04,12 14 15 18 | 1 6 11 20
2124,2020-08-04,3 6 12 20 | 6 12 13 14
2125,2020-08-04,4 6 8 20 | 2 4 8 13
2126,2020-08-04,7 12 13 19 | 5 8 16 20
2127,2020-08-05,3 8 9 11 | 3 18 19 20
2128,2020-08-05,3 15 16 20 | 1 7 9 18
2129,2020-08-05,2 3 7 20 | 3 7 10 11
2130,2020-08-05,4 5 8 11 | 3 4 16 18
2131,2020-08-06,2 4 5 20 | 3 6 9 18
2132,2020-08-06,8 12 16 19 | 5 9 12 19
2133,2020-08-06,4 5 9 11 | 3 8 9 10
2134,2020-08-06,5 13 14 19 | 7 11 17 18
2135,2020-08-07,7 8 9 11 | 3 4 6 19
2136,2020-08-07,1 2 4 13 | 2 4 13 15
2137,2020-08-07,7 10 13 20 | 8 9 13 18
2138,2020-08-07,1 7 19 20 | 2 4 9 11
2139,2020-08-08,4 11 18 20 | 1 7 13 15
2140,2020-08-08,2 3 14 18 | 7 9 15 16
2141,2020-08-08,1 5 6 16 | 4 7 11 14
2142,2020-08-08,3 11 15 18 | 3 16 17 18
2143,2020-08-09,2 5 11 13 | 7 10 19 20
2144,2020-08-09,5 9 15 20 | 11 12 14 15
2145,2020-08-09,1 10 19 20 | 2 4 7 11
2146,2020-08-09,5 12 17 20 | 7 16 18 19
2147,2020-08-10,1 5 6 7 | 2 6 13 17
2148,2020-08-10,8 13 18 20 | 3 6 15 16
2149,2020-08-10,7 13 17 18 | 5 6 11 14
2150,2020-08-10,1 2 8 12 | 2 3 16 19
2151,2020-08-11,1 4 11 20 | 6 8 13 19
2152,2020-08-11,5 13 15 19 | 1 16 17 20
2153,2020-08-11,2 3 9 11 | 7 8 14 20
2154,2020-08-11,7 8 11 20 | 4 6 10 14
2155,2020-08-12,1 17 18 20 | 5 13 17 18
2156,2020-08-12,5 6 10 13 | 6 7 15 17
2157,2020-08-12,6 10 16 18 | 10 13 16 18
2158,2020-08-12,2 10 17 20 | 5 12 14 18
2159,2020-08-13,5 6 17 19 | 3 4 8 14
2160,2020-08-13,5 7 9 17 | 7 9 11 16
2161,2020-08-13,3 5 10 17 | 10 14 16 20
2162,2020-08-13,2 11 14 15 | 3 4 8 9
2163,2020-08-14,5 8 15 16 | 1 4 9 17
2164,2020-08-14,3 14 18 19 | 11 13 15 16
2165,2020-08-14,3 5 11 16 | 3 5 10 12
2166,2020-08-14,11 14 15 18 | 4 9 14 17
2167,2020-08-15,5 10 12 13 | 2 5 13 19
2168,2020-08-15,1 7 9 17 | 7 10 11 15
2169,2020-08-15,4 7 9 12 | 9 15 18 20
2170,2020-08-15,4 6 10 20 | 2 3 4 9
2171,2020-08-16,1 3 4 6 | 1 4 5 11
2172,2020-08-16,6 13 16 20 | 2 4 18 20
2173,2020-08-16,6 12 13 17 | 5 14 18 19
2174,2020-08-16,3 12 13 20 | 5 13 14 18
2175,2020-08-17,4 5 9 12 | 6 8 10 19
2176,2020-08-17,11 12 17 19 | 4 9 11 17
2177,2020-08-17,3 5 10 20 | 2 8 13 18
2178,2020-08-17,5 12 16 19 | 3 11 15 20
2179,2020-08-18,7 11 14 17 | 3 5 9 17
2180,2020-08-18,7 9 18 19 | 2 6 8 10
2181,2020-08-18,3 11 13 14 | 6 8 14 17
2182,2020-08-18,12 13 17 20 | 1 4 9 11
2183,2020-08-19,2 4 6 13 | 2 3 15 20
2184,2020-08-21,1 6 9 18 | 3 4 7 13
2185,2020-08-22,1 8 11 12 | 3 4 11 14
2186,2020-08-22,1 2 14 17 | 3 4 9 18
2187,2020-08-22,4 8 14 19 | 4 6 11 17
2188,2020-08-22,10 13 16 17 | 3 6 10 13
2189,2020-08-23,12 15 16 19 | 4 7 10 14
2190,2020-08-23,1 4 5 20 | 1 4 5 19
2191,2020-08-23,6 10 14 20 | 9 12 17 18
2192,2020-08-23,4 9 13 18 | 1 3 5 6
2193,2020-08-24,2 3 14 17 | 6 8 13 16
2194,2020-08-24,5 13 14 18 | 2 11 13 14
2195,2020-08-24,3 8 12 19 | 3 9 16 20
2196,2020-08-24,3 4 13 16 | 2 9 15 20
2197,2020-08-25,5 9 17 20 | 1 2 11 16
2198,2020-08-25,3 4 12 19 | 4 6 7 9
2199,2020-08-25,1 11 12 14 | 5 9 11 12
2200,2020-08-25,2 6 9 18 | 1 4 10 18
2201,2020-08-26,1 3 5 14 | 3 11 17 20
2202,2020-08-26,4 7 10 14 | 3 9 12 20
2203,2020-08-26,2 5 15 17 | 6 12 15 20
2204,2020-08-26,1 2 5 17 | 2 4 8 11
2205,2020-08-27,1 2 14 19 | 4 5 6 12
2206,2020-08-27,6 7 19 20 | 3 9 17 19
2207,2020-08-27,1 14 16 19 | 6 10 13 20
2208,2020-08-27,2 5 7 15 | 1 3 7 18
2209,2020-08-28,5 15 16 20 | 6 7 12 14
2210,2020-08-28,2 3 4 14 | 6 9 10 19
2211,2020-08-28,8 13 16 19 | 4 11 13 18
2212,2020-08-28,1 3 14 16 | 14 16 17 19
2213,2020-08-29,4 8 17 18 | 9 14 17 19
2214,2020-08-29,8 16 17 20 | 6 8 17 18
2215,2020-08-29,1 16 17 19 | 10 14 17 18
2216,2020-08-29,2 5 11 16 | 8 9 10 12
2217,2020-08-30,13 15 16 19 | 5 9 11 14
2218,2020-08-30,1 3 7 20 | 4 10 15 18
2219,2020-08-30,5 14 17 19 | 1 2 15 20
2220,2020-08-30,5 10 16 19 | 9 16 18 20
2221,2020-08-31,2 6 7 11 | 6 12 16 20
2222,2020-08-31,3 9 16 17 | 3 5 7 12
2223,2020-08-31,4 5 10 12 | 13 14 18 19
2224,2020-08-31,1 4 8 9 | 5 12 17 19
2225,2020-09-01,12 15 16 17 | 4 9 16 18
2226,2020-09-01,7 13 14 17 | 1 8 12 17
2227,2020-09-01,2 10 15 16 | 4 10 16 20
2228,2020-09-01,3 9 10 13 | 5 9 12 13
2229,2020-09-02,1 4 11 19 | 2 12 14 18
2230,2020-09-02,3 15 16 19 | 2 4 11 18
2231,2020-09-02,5 6 7 8 | 1 5 11 15
2232,2020-09-02,6 10 15 18 | 5 6 17 19
2233,2020-09-03,3 7 12 13 | 2 6 12 18
2234,2020-09-03,5 7 12 20 | 4 9 16 17
2235,2020-09-03,4 13 15 18 | 4 5 15 17
2236,2020-09-03,2 4 16 17 | 5 7 8 17
2237,2020-09-04,2 4 16 19 | 9 14 16 18
2238,2020-09-04,4 13 15 16 | 3 7 8 19
2239,2020-09-04,4 12 17 19 | 2 13 14 16
2240,2020-09-04,10 11 15 18 | 5 10 13 20
2241,2020-09-05,2 4 5 12 | 2 6 7 19
2242,2020-09-05,13 14 17 20 | 7 11 13 15
2243,2020-09-05,1 2 16 18 | 5 10 11 16
2244,2020-09-05,3 4 6 17 | 3 4 7 17
2245,2020-09-06,4 6 10 14 | 1 2 8 20
2246,2020-09-06,4 6 13 16 | 8 12 14 20
2247,2020-09-06,4 6 12 15 | 5 6 18 19
2248,2020-09-06,12 16 17 20 | 13 17 18 20
2249,2020-09-07,1 12 15 19 | 2 6 12 14
2250,2020-09-07,12 14 17 20 | 3 6 11 14
2251,2020-09-07,2 3 18 20 | 3 8 10 18
2252,2020-09-07,4 9 16 17 | 4 14 17 20
2253,2020-09-08,4 5 10 12 | 1 11 14 18
2254,2020-09-08,2 12 14 16 | 4 12 13 16
2255,2020-09-08,1 3 17 18 | 1 2 14 19
2256,2020-09-08,3 4 6 9 | 1 5 6 16
2257,2020-09-09,1 8 13 20 | 2 12 16 18
2258,2020-09-09,1 3 12 14 | 3 5 12 15
2259,2020-09-09,1 9 17 20 | 1 6 9 13
2260,2020-09-09,5 6 10 19 | 4 6 8 12
2261,2020-09-10,7 8 9 12 | 1 5 6 14
2262,2020-09-10,1 6 11 17 | 11 13 14 17
2263,2020-09-10,2 6 11 13 | 2 3 6 14
2264,2020-09-10,2 4 8 12 | 1 4 17 20
2265,2020-09-11,7 9 11 20 | 1 5 7 9
2266,2020-09-11,6 13 15 16 | 5 11 19 20
2267,2020-09-11,6 11 13 16 | 2 7 14 17
2268,2020-09-11,2 4 8 13 | 1 4 13 15
2269,2020-09-12,7 11 14 18 | 2 8 10 18
2270,2020-09-12,14 16 18 20 | 3 8 11 17
2271,2020-09-12,1 4 10 15 | 2 3 4 6
2272,2020-09-12,6 9 14 20 | 11 12 17 18
2273,2020-09-13,14 15 18 20 | 1 6 11 20
2274,2020-09-13,5 8 15 16 | 12 14 15 19
2275,2020-09-13,5 7 13 14 | 14 16 17 20
2276,2020-09-13,2 7 11 18 | 9 13 15 20
2277,2020-09-14,8 12 13 20 | 6 9 11 18
2278,2020-09-14,4 6 12 20 | 2 8 11 13
2279,2020-09-14,2 4 16 20 | 2 3 13 16
2280,2020-09-14,7 10 16 19 | 7 9 16 17
2281,2020-09-15,10 12 14 19 | 2 11 16 20
2282,2020-09-15,6 8 10 20 | 7 8 18 20
2283,2020-09-15,2 6 10 17 | 5 12 14 19
2284,2020-09-15,9 10 11 12 | 7 8 12 19
2285,2020-09-16,7 12 18 20 | 7 10 13 18
2286,2020-09-16,1 11 12 17 | 6 8 13 15
2287,2020-09-16,1 12 15 18 | 2 14 16 19
2288,2020-09-16,1 5 12 16 | 1 12 17 20
2289,2020-09-17,2 4 5 18 | 2 3 7 11
2290,2020-09-17,1 4 9 11 | 9 14 17 19
2291,2020-09-17,9 12 14 15 | 2 13 15 17
2292,2020-09-17,5 9 12 18 | 12 13 17 18
2293,2020-09-18,1 5 19 20 | 6 14 17 19
2294,2020-09-18,7 8 13 14 | 2 14 15 16
2295,2020-09-18,6 10 15 17 | 2 3 12 20
2296,2020-09-18,2 9 18 19 | 9 12 16 19
2297,2020-09-19,2 3 10 12 | 7 12 16 19
2298,2020-09-19,1 6 8 19 | 9 10 13 16
2299,2020-09-19,1 2 5 10 | 6 10 12 18
2300,2020-09-19,6 11 16 17 | 5 7 10 12
2301,2020-09-20,6 7 13 17 | 1 9 11 13
2302,2020-09-20,9 10 13 15 | 2 12 13 14
2303,2020-09-20,2 4 12 14 | 8 13 15 16
2304,2020-09-20,3 4 7 13 | 2 8 11 14
2305,2020-09-21,4 7 13 15 | 2 11 19 20
2306,2020-09-21,3 7 15 18 | 9 10 11 14
2307,2020-09-21,9 14 15 19 | 4 11 16 18
2308,2020-09-21,2 5 18 19 | 3 9 13 18
2309,2020-09-22,5 6 19 20 | 5 10 16 19
2310,2020-09-22,3 10 16 18 | 1 7 14 16
2311,2020-09-22,3 13 14 15 | 7 11 13 14
2312,2020-09-22,11 13 16 20 | 11 12 13 19
2313,2020-09-23,2 11 17 18 | 6 11 12 13
2314,2020-09-23,1 4 14 20 | 1 16 17 19
2315,2020-09-23,4 6 8 13 | 5 7 10 11
2316,2020-09-23,1 8 15 17 | 3 4 5 14
2317,2020-09-24,4 7 8 9 | 3 4 5 15
2318,2020-09-24,1 7 10 14 | 3 5 6 15
2319,2020-09-24,1 5 10 13 | 1 2 3 13
2320,2020-09-24,3 9 12 16 | 3 7 13 17
2321,2020-09-25,4 7 14 17 | 6 10 17 20
2322,2020-09-25,2 3 6 10 | 5 6 8 14
2323,2020-09-25,3 7 14 18 | 5 7 11 15
2324,2020-09-25,12 17 18 19 | 3 4 12 19
2325,2020-09-26,2 5 12 15 | 12 13 15 19
2326,2020-09-26,3 9 16 18 | 6 10 16 20
2327,2020-09-26,2 8 13 19 | 9 10 16 20
2328,2020-09-26,4 18 19 20 | 13 14 15 20
2329,2020-09-27,9 11 13 20 | 4 5 12 20
2330,2020-09-27,4 10 14 16 | 1 2 10 13
2331,2020-09-27,2 6 9 16 | 2 3 5 14
2332,2020-09-27,2 9 18 20 | 5 12 14 17
2333,2020-09-28,12 18 19 20 | 9 10 16 17
2334,2020-09-28,10 11 12 19 | 11 13 15 19
2335,2020-09-28,8 14 18 19 | 3 5 7 9
2336,2020-09-28,7 11 14 16 | 9 15 17 20
2337,2020-09-29,5 6 10 19 | 7 10 11 15
2338,2020-09-29,7 8 16 18 | 4 12 15 20
2339,2020-09-29,1 5 10 19 | 1 3 10 16
2340,2020-09-29,8 14 16 19 | 3 7 12 14
2341,2020-09-30,7 9 11 19 | 9 13 14 19
2342,2020-09-30,6 11 18 19 | 1 7 10 18
2343,2020-09-30,7 13 14 16 | 9 12 14 15
2344,2020-09-30,1 2 14 15 | 4 5 13 16
2345,2020-10-01,1 6 7 15 | 2 3 14 16
2346,2020-10-01,7 8 9 17 | 2 6 12 15
2347,2020-10-01,14 17 18 20 | 2 3 15 16
2348,2020-10-01,9 15 17 18 | 1 10 13 17
2349,2020-10-02,5 14 16 19 | 6 9 13 16
2350,2020-10-02,10 11 12 20 | 3 4 5 18
2351,2020-10-02,6 9 15 19 | 8 16 18 20
2352,2020-10-02,7 9 12 16 | 3 10 19 20
2353,2020-10-03,4 8 9 17 | 9 11 16 17
2354,2020-10-03,2 12 13 14 | 6 11 14 20
2355,2020-10-03,2 4 10 12 | 1 17 19 20
2356,2020-10-03,2 9 13 17 | 1 2 10 11
2357,2020-10-04,3 5 9 19 | 9 11 12 14
2358,2020-10-04,4 6 9 11 | 2 4 5 7
2359,2020-10-04,2 10 16 19 | 1 4 13 15
2360,2020-10-04,4 10 12 13 | 2 18 19 20
2361,2020-10-05,5 6 14 20 | 1 3 11 19
2362,2020-10-05,2 7 14 19 | 6 10 12 19
2363,2020-10-05,9 11 13 16 | 1 5 11 17
2364,2020-10-05,1 2 7 20 | 2 5 11 13
2365,2020-10-06,11 15 16 18 | 1 5 6 14
2366,2020-10-06,9 10 15 17 | 7 10 12 19
2367,2020-10-06,5 6 14 15 | 3 6 7 16
2368,2020-10-06,2 7 9 20 | 4 5 6 10
2369,2020-10-07,6 8 13 20 | 2 5 7 9
2370,2020-10-07,4 11 16 18 | 1 7 9 13
2371,2020-10-07,2 12 13 18 | 10 11 14 19
2372,2020-10-07,1 6 13 20 | 3 10 15 17
2373,2020-10-08,5 7 16 18 | 14 15 17 18
2374,2020-10-08,3 4 10 11 | 4 8 10 15
2375,2020-10-08,4 7 10 18 | 1 4 12 19
2376,2020-10-08,9 11 15 20 | 1 6 17 19
2377,2020-10-09,6 8 12 14 | 10 12 15 17
2378,2020-10-09,5 9 14 17 | 1 2 12 17
2379,2020-10-09,1 11 13 14 | 1 4 6 14
2380,2020-10-09,1 4 19 20 | 5 8 12 20
2381,2020-10-10,1 4 5 20 | 3 8 18 19
2382,2020-10-10,2 9 15 17 | 6 8 15 17
2383,2020-10-10,2 5 6 15 | 2 4 11 18
2384,2020-10-10,1 12 13 20 | 12 16 17 19
2385,2020-10-11,5 7 11 19 | 1 9 13 16
2386,2020-10-11,10 14 17 20 | 9 10 15 17
2387,2020-10-11,8 10 11 16 | 6 7 9 15
2388,2020-10-11,7 12 17 20 | 7 11 13 17
2389,2020-10-12,8 10 11 17 | 7 10 15 16
2390,2020-10-12,3 6 9 14 | 7 8 14 20
2391,2020-10-12,6 10 14 15 | 2 4 16 19
2392,2020-10-12,5 10 13 15 | 4 15 17 18
2393,2020-10-13,7 8 12 18 | 5 8 9 13
2394,2020-10-13,6 13 15 17 | 1 5 8 9
2395,2020-10-13,2 10 13 19 | 8 10 11 15
2396,2020-10-13,2 4 5 19 | 1 11 13 14
2397,2020-10-14,4 10 11 18 | 3 10 19 20
2398,2020-10-14,8 13 19 20 | 7 17 18 20
2399,2020-10-14,2 3 10 17 | 1 7 13 16
2400,2020-10-14,8 9 12 17 | 7 9 11 12
2401,2020-10-15,6 8 19 20 | 6 7 15 18
2402,2020-10-15,2 5 8 10 | 2 9 12 18
2403,2020-10-15,3 8 14 15 | 4 5 9 15
2404,2020-10-15,3 7 9 15 | 6 10 13 14
2405,2020-10-16,4 10 16 19 | 13 16 19 20
2406,2020-10-16,9 13 16 19 | 3 5 10 18
2407,2020-10-16,2 4 9 11 | 1 2 18 20
2408,2020-10-16,1 9 12 15 | 13 14 15 18
2409,2020-10-17,1 7 14 15 | 5 8 12 15
2410,2020-10-17,1 7 8 17 | 2 7 13 19
2411,2020-10-17,1 7 15 17 | 6 8 11 13
2412,2020-10-17,2 4 5 18 | 1 3 4 7
2413,2020-10-18,1 6 17 19 | 1 6 12 15
2414,2020-10-18,8 10 12 19 | 1 3 4 14
2415,2020-10-18,3 4 9 19 | 2 8 15 20
2416,2020-10-18,2 3 7 14 | 9 10 11 12
2417,2020-10-19,2 4 5 13 | 1 8 9 18
2418,2020-10-19,5 7 17 19 | 8 9 15 16
2419,2020-10-19,2 6 15 20 | 7 10 15 17
2420,2020-10-19,3 7 11 15 | 3 8 14 18
2421,2020-10-20,4 7 12 19 | 7 16 17 18
2422,2020-10-20,10 11 13 15 | 11 17 18 19
2423,2020-10-20,1 8 15 16 | 3 7 10 15
2424,2020-10-20,2 6 10 14 | 2 5 12 15
2425,2020-10-21,2 7 9 11 | 8 18 19 20
2426,2020-10-21,2 4 15 18 | 1 7 17 18
2427,2020-10-21,4 7 8 10 | 2 4 12 19
2428,2020-10-21,2 3 12 20 | 3 6 17 18
2429,2020-10-22,3 6 10 14 | 1 3 4 15
2430,2020-10-22,1 3 9 17 | 10 13 15 20
2431,2020-10-22,5 6 13 17 | 1 6 19 20
2432,2020-10-22,14 15 19 20 | 2 9 14 20
2433,2020-10-23,9 11 12 20 | 1 3 9 20
2434,2020-10-23,6 16 17 18 | 4 6 13 16
2435,2020-10-23,3 5 9 17 | 3 5 14 18
2436,2020-10-23,1 3 10 20 | 3 5 8 17
2437,2020-10-24,12 14 15 17 | 1 5 7 15
2438,2020-10-24,3 4 8 16 | 5 6 14 15
2439,2020-10-24,1 5 7 8 | 7 10 13 19
2440,2020-10-24,7 8 9 12 | 4 5 8 9
2441,2020-10-25,2 3 6 17 | 1 11 15 18
2442,2020-10-25,2 6 18 20 | 4 7 9 17
2443,2020-10-25,3 9 15 19 | 5 9 10 19
2444,2020-10-25,7 15 16 18 | 11 12 13 15
2445,2020-10-26,1 6 9 17 | 4 7 11 12
2446,2020-10-26,2 3 10 20 | 3 7 10 15
2447,2020-10-26,2 8 14 15 | 8 9 11 19
2448,2020-10-26,1 8 17 20 | 7 10 17 20
2449,2020-10-27,4 8 14 17 | 7 8 12 14
2450,2020-10-27,7 10 15 19 | 7 8 15 17
2451,2020-10-27,1 10 14 19 | 1 7 9 17
2452,2020-10-27,2 5 8 14 | 5 11 18 19
2453,2020-10-28,2 12 16 18 | 2 9 10 16
2454,2020-10-28,8 9 17 19 | 5 15 17 18
2455,2020-10-28,5 8 11 14 | 5 7 9 16
2456,2020-10-28,2 6 12 16 | 1 2 5 14
2457,2020-10-29,5 7 14 15 | 2 8 11 19
2458,2020-10-29,2 8 18 20 | 4 14 18 19
2459,2020-10-29,3 5 19 20 | 1 9 10 18
2460,2020-10-29,2 12 14 20 | 9 12 14 15
2461,2020-10-30,1 2 12 18 | 3 5 14 15
2462,2020-10-30,2 9 13 18 | 13 14 15 17
2463,2020-10-30,11 12 16 20 | 11 15 16 20
2464,2020-10-30,4 12 15 18 | 1 2 4 19
2465,2020-10-31,3 12 18 19 | 3 14 16 17
2466,2020-10-31,2 4 8 18 | 1 3 5 12
2467,2020-10-31,1 4 7 14 | 2 3 11 15
2468,2020-10-31,6 11 16 18 | 6 10 15 16
2469,2020-11-01,4 10 11 17 | 5 6 7 19
2470,2020-11-01,1 3 15 20 | 2 7 15 17
2471,2020-11-01,5 9 12 18 | 10 17 19 20
2472,2020-11-01,3 13 17 20 | 2 3 12 15
2473,2020-11-02,2 6 9 11 | 2 3 8 12
2474,2020-11-02,3 13 19 20 | 2 10 15 18
2475,2020-11-02,3 4 6 11 | 1 12 13 16
2476,2020-11-02,4 7 15 20 | 3 5 12 14
2477,2020-11-03,1 6 10 16 | 6 12 15 19
2478,2020-11-03,2 6 15 16 | 1 5 7 13
2479,2020-11-03,1 9 13 19 | 1 2 8 16
2480,2020-11-03,11 12 16 19 | 11 12 14 20
2481,2020-11-04,1 2 5 10 | 3 4 8 9
2482,2020-11-04,2 9 10 12 | 1 8 13 17
2483,2020-11-04,6 10 12 17 | 6 9 19 20
2484,2020-11-04,2 3 5 9 | 3 6 13 19
2485,2020-11-05,2 6 11 15 | 1 2 10 17
2486,2020-11-05,3 7 10 19 | 3 4 12 19
2487,2020-11-05,1 9 11 14 | 4 5 7 18
2488,2020-11-05,2 5 10 20 | 6 8 9 20
2489,2020-11-06,9 10 14 18 | 8 12 19 20
2490,2020-11-06,4 6 10 17 | 2 8 9 19
2491,2020-11-06,3 9 11 14 | 2 7 11 20
2492,2020-11-06,3 8 12 16 | 5 8 10 18
2493,2020-11-07,5 6 12 20 | 3 9 14 17
2494,2020-11-07,5 13 14 20 | 3 11 12 15
2495,2020-11-07,1 5 12 18 | 1 3 6 17
2496,2020-11-07,4 10 11 16 | 3 9 17 20
2497,2020-11-08,6 11 16 20 | 4 10 15 17
2498,2020-11-08,1 10 11 20 | 8 11 14 20
2499,2020-11-08,5 8 15 18 | 1 3 4 20
2500,2020-11-08,1 2 7 14 | 3 14 16 18
2501,2020-11-09,3 9 10 17 | 9 12 16 20
2502,2020-11-09,8 9 13 16 | 4 5 12 20
2503,2020-11-09,1 3 4 19 | 1 17 18 19
2504,2020-11-09,7 12 13 17 | 7 12 18 20
2505,2020-11-10,6 9 12 17 | 3 14 15 18
2506,2020-11-10,5 10 15 17 | 1 9 14 20
2507,2020-11-10,1 9 11 14 | 7 10 12 20
2508,2020-11-10,3 12 17 19 | 10 12 15 20
2509,2020-11-11,13 15 19 20 | 3 14 16 20
2510,2020-11-11,4 11 15 19 | 2 7 11 18
2511,2020-11-11,3 5 7 16 | 5 11 16 17
2512,2020-11-11,5 16 18 19 | 3 8 13 20
2513,2020-11-12,5 15 16 19 | 2 3 9 12
2514,2020-11-12,2 9 13 18 | 4 6 7 20
2515,2020-11-12,10 13 17 18 | 3 6 10 15
2516,2020-11-12,2 4 14 16 | 7 10 16 17
2517,2020-11-13,6 12 14 18 | 6 7 12 13
2518,2020-11-13,4 11 14 17 | 4 8 14 18
2519,2020-11-13,8 15 17 20 | 1 9 11 17
2520,2020-11-13,2 8 16 19 | 6 10 15 19
2521,2020-11-14,6 8 17 18 | 3 4 6 8
2522,2020-11-14,3 9 15 20 | 3 4 5 11
2523,2020-11-14,7 9 11 15 | 3 11 14 17
2524,2020-11-14,1 4 11 17 | 5 8 10 19
2525,2020-11-15,1 4 6 15 | 11 12 15 18
2526,2020-11-15,8 10 13 19 | 2 6 13 20
2527,2020-11-15,2 11 16 19 | 4 6 7 14
2528,2020-11-15,5 13 14 19 | 4 11 12 17
2529,2020-11-16,8 10 12 20 | 9 11 14 16
2530,2020-11-16,8 10 11 20 | 6 7 14 20
2531,2020-11-16,3 4 8 14 | 9 12 14 18
2532,2020-11-16,2 5 14 20 | 1 4 11 19
2533,2020-11-17,1 4 9 15 | 4 8 12 16
2534,2020-11-17,4 7 17 20 | 6 9 10 17
2535,2020-11-17,1 2 4 12 | 1 2 7 17
2536,2020-11-17,3 6 7 9 | 5 13 14 19
2537,2020-11-18,4 10 14 15 | 7 10 14 16
2538,2020-11-18,8 9 13 20 | 3 13 16 19
2539,2020-11-18,1 15 17 20 | 5 11 12 19
2540,2020-11-18,2 4 10 14 | 11 12 19 20
2541,2020-11-19,5 10 12 15 | 1 14 15 18
2542,2020-11-19,5 8 9 10 | 6 7 8 19
2543,2020-11-19,2 15 16 17 | 12 13 17 19
2544,2020-11-19,1 8 9 15 | 1 4 11 20
2545,2020-11-20,1 6 14 20 | 7 10 14 15
2546,2020-11-20,1 2 14 16 | 10 11 12 14
2547,2020-11-20,1 5 9 11 | 4 15 16 17
2548,2020-11-20,13 14 18 19 | 10 15 17 18
2549,2020-11-21,4 5 17 19 | 4 10 15 18
2550,2020-11-21,2 7 9 11 | 4 9 12 14
2551,2020-11-21,8 9 14 18 | 1 6 8 19
2552,2020-11-21,4 14 16 20 | 5 15 17 20
2553,2020-11-22,1 2 10 16 | 3 4 15 19
2554,2020-11-22,4 8 9 19 | 1 3 10 20
2555,2020-11-22,9 10 13 20 | 6 7 19 20
2556,2020-11-22,9 10 13 17 | 1 10 12 14
2557,2020-11-23,6 9 11 15 | 8 12 13 18
2558,2020-11-23,2 15 16 20 | 9 12 14 19
2559,2020-11-23,6 9 18 19 | 1 16 19 20
2560,2020-11-23,3 10 11 14 | 3 4 14 18
2561,2020-11-24,1 2 7 14 | 3 5 8 20
2562,2020-11-24,7 11 13 18 | 10 11 18 20
2563,2020-11-24,3 5 12 20 | 3 7 13 15
2564,2020-11-24,3 8 9 18 | 5 8 11 15
2565,2020-11-25,3 16 17 20 | 11 13 14 18
2566,2020-11-25,6 9 13 20 | 1 5 6 13
2567,2020-11-25,3 5 13 20 | 1 2 13 19
2568,2020-11-25,7 9 15 20 | 2 8 19 20
2569,2020-11-26,1 3 8 16 | 1 2 5 6
2570,2020-11-26,3 5 10 19 | 2 7 9 10
2571,2020-11-26,1 11 15 19 | 5 14 17 18
2572,2020-11-26,6 9 10 12 | 4 5 13 14
2573,2020-11-27,4 6 11 13 | 1 12 13 15
2574,2020-11-27,12 13 17 20 | 11 12 13 17
2575,2020-11-27,12 13 14 15 | 7 9 12 18
2576,2020-11-27,10 11 12 20 | 1 2 17 20
2577,2020-11-28,4 8 11 12 | 2 4 11 17
2578,2020-11-28,8 9 18 20 | 2 10 12 20
2579,2020-11-28,3 5 13 18 | 1 5 12 18
2580,2020-11-28,7 9 19 20 | 1 2 6 12
2581,2020-11-29,1 6 7 20 | 4 5 7 13
2582,2020-11-29,4 7 11 14 | 10 14 16 18
2583,2020-11-29,2 10 12 19 | 6 14 17 18
2584,2020-11-29,1 7 8 18 | 3 6 18 19
2585,2020-11-30,7 17 18 19 | 12 13 17 19
2586,2020-11-30,7 11 13 19 | 1 4 12 16
2587,2020-11-30,3 5 12 18 | 7 10 14 18
2588,2020-11-30,9 10 17 20 | 1 3 6 20
2589,2020-12-01,3 4 5 7 | 1 4 16 17
2590,2020-12-01,2 5 7 20 | 8 10 11 16
2591,2020-12-01,5 9 12 19 | 1 4 16 18
2592,2020-12-01,5 7 10 17 | 6 8 11 12
2593,2020-12-02,3 4 7 11 | 3 8 18 19
2594,2020-12-02,8 12 17 20 | 7 10 13 18
2595,2020-12-02,3 6 15 17 | 5 8 10 16
2596,2020-12-02,1 8 16 17 | 11 16 17 19
2597,2020-12-03,5 8 11 12 | 4 7 13 17
2598,2020-12-03,5 6 15 16 | 9 10 12 17
2599,2020-12-03,12 14 17 20 | 2 13 16 18
2600,2020-12-03,5 7 12 15 | 6 7 10 19
2601,2020-12-04,4 5 7 20 | 6 7 9 20
2602,2020-12-04,8 11 15 16 | 9 15 19 20
2603,2020-12-04,4 9 13 20 | 3 10 11 19
2604,2020-12-04,1 8 10 20 | 5 6 13 19
2605,2020-12-05,3 6 18 20 | 3 7 13 14
2606,2020-12-05,1 3 5 16 | 7 9 15 16
2607,2020-12-05,10 11 14 19 | 3 4 7 9
2608,2020-12-05,1 2 10 14 | 6 8 11 14
2609,2020-12-06,1 3 5 18 | 4 7 13 20
2610,2020-12-06,1 10 12 14 | 1 9 16 18
2611,2020-12-06,1 8 13 16 | 6 11 14 19
2612,2020-12-06,6 14 18 20 | 6 7 10 14
2613,2020-12-07,3 6 14 16 | 7 8 15 20
2614,2020-12-07,4 12 19 20 | 6 7 9 15
2615,2020-12-07,1 9 12 15 | 4 17 18 19
2616,2020-12-07,11 16 17 19 | 2 9 18 20
2617,2020-12-08,4 6 7 18 | 10 11 18 19
2618,2020-12-08,1 3 7 19 | 5 13 14 17
2619,2020-12-08,10 15 17 19 | 8 9 13 16
2620,2020-12-08,1 11 14 18 | 4 7 11 14
2621,2020-12-09,2 4 7 20 | 2 5 10 20
2622,2020-12-09,1 4 9 17 | 8 13 19 20
2623,2020-12-09,10 15 18 20 | 4 6 8 14
2624,2020-12-09,1 5 7 18 | 2 11 16 18
2625,2020-12-10,5 6 13 16 | 9 14 15 20
2626,2020-12-10,1 2 9 12 | 4 5 17 19
2627,2020-12-10,10 12 13 19 | 3 15 19 20
2628,2020-12-10,3 11 13 16 | 7 8 9 20
2629,2020-12-11,2 3 5 7 | 4 7 10 18
2630,2020-12-11,1 16 17 19 | 3 4 7 11
2631,2020-12-11,1 5 6 9 | 3 10 17 20
2632,2020-12-11,6 8 9 13 | 3 4 7 11
2633,2020-12-12,1 10 11 16 | 4 8 11 15
2634,2020-12-12,7 9 15 19 | 3 5 12 17
2635,2020-12-12,3 8 9 12 | 1 7 15 20
2636,2020-12-12,8 14 15 16 | 4 14 17 18
2637,2020-12-13,8 14 16 17 | 1 3 7 20
2638,2020-12-13,10 15 17 18 | 1 9 16 18
2639,2020-12-13,3 12 17 19 | 1 10 13 14
2640,2020-12-13,1 9 16 20 | 3 8 12 15
2641,2020-12-14,2 6 12 14 | 2 7 12 15
2642,2020-12-14,2 8 9 18 | 4 6 8 9
2643,2020-12-14,2 11 12 16 | 1 3 4 10
2644,2020-12-14,2 12 17 20 | 4 6 14 20
2645,2020-12-15,1 5 6 18 | 7 11 13 17
2646,2020-12-15,5 8 16 19 | 11 13 18 19
2647,2020-12-15,2 5 14 17 | 1 2 7 15
2648,2020-12-15,3 4 6 15 | 1 2 8 10
2649,2020-12-16,3 9 11 14 | 8 11 12 14
2650,2020-12-16,8 12 17 20 | 1 2 3 17
2651,2020-12-16,4 7 16 19 | 2 7 17 20
2652,2020-12-16,1 4 9 13 | 4 7 8 11
2653,2020-12-17,3 4 6 7 | 1 7 10 12
2654,2020-12-17,2 9 14 15 | 2 10 16 18
2655,2020-12-17,2 3 6 19 | 5 6 8 16
2656,2020-12-17,8 10 14 18 | 1 6 9 18
2657,2020-12-18,1 5 14 16 | 3 11 17 20
2658,2020-12-18,2 5 10 19 | 10 11 14 15
2659,2020-12-18,10 13 14 18 | 4 6 12 16
2660,2020-12-18,6 7 11 19 | 2 7 11 13
2661,2020-12-19,5 6 9 18 | 2 5 14 20
2662,2020-12-19,3 7 15 17 | 8 14 15 17
2663,2020-12-19,2 9 13 20 | 5 12 15 16
2664,2020-12-19,5 7 18 20 | 1 4 8 12
2665,2020-12-20,1 5 9 20 | 9 11 12 20
2666,2020-12-20,2 3 8 19 | 1 13 15 16
2667,2020-12-20,1 5 6 7 | 1 2 5 7
2668,2020-12-20,5 7 13 16 | 1 11 12 17
2669,2020-12-21,1 2 4 6 | 3 5 9 19
2670,2020-12-21,5 12 16 17 | 5 6 8 14
2671,2020-12-21,10 12 15 16 | 3 5 11 17
2672,2020-12-21,1 18 19 20 | 5 7 11 17
2673,2020-12-22,9 13 14 19 | 3 10 19 20
2674,2020-12-22,6 9 12 18 | 1 8 9 17
2675,2020-12-22,2 9 10 11 | 7 9 15 16
2676,2020-12-22,3 11 14 20 | 1 8 11 13
2677,2020-12-23,3 5 9 15 | 5 11 13 17
2678,2020-12-23,2 7 10 19 | 5 8 11 12
2679,2020-12-23,10 14 15 16 | 5 7 10 11
2680,2020-12-23,2 9 14 18 | 3 7 13 15
2681,2020-12-24,1 2 10 14 | 2 4 9 11
2682,2020-12-24,3 17 19 20 | 8 14 16 19
2683,2020-12-24,5 6 7 19 | 3 6 12 15
2684,2020-12-24,1 8 13 15 | 10 12 13 18
2685,2020-12-25,4 7 9 17 | 5 10 12 16
2686,2020-12-25,9 12 13 19 | 2 8 10 14
2687,2020-12-25,2 7 15 20 | 2 7 8 18
2688,2020-12-25,1 3 9 13 | 5 7 18 20
2689,2020-12-26,3 8 14 20 | 3 17 18 20
2690,2020-12-26,1 7 9 13 | 8 10 11 14
2691,2020-12-26,7 15 19 20 | 5 8 14 16
2692,2020-12-26,5 7 9 13 | 2 13 17 19
2693,2020-12-27,2 6 7 11 | 4 5 6 16
2694,2020-12-27,4 8 13 20 | 1 3 6 20
2695,2020-12-27,5 6 16 18 | 3 14 19 20
2696,2020-12-27,4 6 11 12 | 3 4 6 14
2697,2020-12-28,1 2 5 15 | 2 8 9 19
2698,2020-12-28,6 7 11 18 | 9 13 15 20
2699,2020-12-28,1 2 11 12 | 1 15 17 18
2700,2020-12-28,1 5 12 16 | 7 10 15 18
2701,2020-12-29,8 12 14 16 | 5 17 18 20
2702,2020-12-29,3 10 13 15 | 4 6 14 19
2703,2020-12-29,7 14 18 20 | 1 8 12 14
2704,2020-12-29,2 5 8 11 | 5 6 12 18
2705,2020-12-30,4 8 11 13 | 1 3 13 20
2706,2020-12-30,6 7 12 16 | 5 14 16 17
2707,2020-12-30,1 5 14 18 | 8 14 16 18
2708,2020-12-30,1 8 11 19 | 6 11 17 20
2709,2020-12-31,3 7 13 20 | 6 7 13 15
2710,2020-12-31,1 9 11 17 | 3 8 14 15
2711,2020-12-31,5 14 19 20 | 6 12 14 20
2712,2020-12-31,5 6 11 13 | 4 13 15 16
2713,2021-01-01,1 6 16 19 | 5 11 13 19
2714,2021-01-01,9 13 16 17 | 3 6 9 11
2715,2021-01-01,1 7 10 20 | 6 8 17 19
2716,2021-01-01,12 16 19 20 | 6 10 11 12
2717,2021-01-02,9 11 14 15 | 4 6 10 12
2718,2021-01-02,2 11 18 19 | 4 6 10 20
2719,2021-01-02,1 3 4 15 | 6 8 11 17
2720,2021-01-02,7 10 12 14 | 1 2 5 18
2721,2021-01-03,3 10 18 19 | 2 4 10 14
2722,2021-01-03,2 10 11 16 | 3 7 11 19
2723,2021-01-03,1 7 10 13 | 11 15 18 20
2724,2021-01-03,8 16 18 20 | 1 2 3 4
2725,2021-01-04,1 2 10 14 | 6 10 14 18
2726,2021-01-04,10 14 18 19 | 2 9 12 19
2727,2021-01-04,8 12 16 17 | 2 7 11 13
2728,2021-01-04,1 3 5 20 | 2 4 9 10
2729,2021-01-05,8 9 13 15 | 1 3 6 20
2730,2021-01-05,9 10 15 17 | 6 13 18 20
2731,2021-01-05,3 12 13 15 | 2 14 17 20
2732,2021-01-05,8 9 10 18 | 3 4 16 20
2733,2021-01-06,8 9 13 19 | 7 10 14 15
2734,2021-01-06,3 7 9 12 | 5 13 14 15
2735,2021-01-06,7 9 10 11 | 4 8 11 13
2736,2021-01-06,2 15 18 19 | 5 8 12 18
2737,2021-01-07,7 8 15 17 | 1 2 14 19
2738,2021-01-07,3 5 7 18 | 7 13 14 15
2739,2021-01-07,7 9 11 20 | 2 11 12 17
2740,2021-01-07,3 6 11 18 | 2 9 13 16
2741,2021-01-08,1 6 10 17 | 3 10 12 19
2742,2021-01-08,10 11 12 18 | 2 5 12 14
2743,2021-01-08,1 2 3 5 | 2 4 12 20
2744,2021-01-08,2 5 16 18 | 2 4 12 14
2745,2021-01-09,3 5 12 16 | 5 7 14 15
2746,2021-01-09,4 6 15 18 | 5 12 16 17
2747,2021-01-09,5 7 15 16 | 1 5 8 19
2748,2021-01-09,1 11 16 19 | 1 4 6 15
2749,2021-01-10,11 14 17 20 | 2 12 15 16
2750,2021-01-10,6 7 8 15 | 1 3 11 13
2751,2021-01-10,1 7 14 16 | 1 4 11 14
2752,2021-01-10,1 15 18 20 | 2 7 15 16
2753,2021-01-11,9 11 12 15 | 1 4 6 10
2754,2021-01-11,1 10 18 19 | 9 10 12 19
2755,2021-01-11,2 9 18 20 | 3 6 14 19
2756,2021-01-11,6 9 10 14 | 4 13 16 19
2757,2021-01-12,1 3 5 14 | 3 6 7 18
2758,2021-01-12,2 3 14 20 | 2 12 19 20
2759,2021-01-12,2 11 15 17 | 1 3 6 19
2760,2021-01-12,1 4 13 14 | 2 12 15 19
2761,2021-01-13,2 15 18 19 | 7 11 18 19
2762,2021-01-13,5 7 10 17 | 2 4 8 11
2763,2021-01-13,2 13 14 20 | 7 15 18 19
2764,2021-01-13,7 10 18 19 | 5 6 7 11
2765,2021-01-14,4 10 17 18 | 1 2 14 18
2766,2021-01-14,13 16 18 20 | 10 11 12 18
2767,2021-01-14,1 2 4 9 | 6 7 17 19
2768,2021-01-14,3 5 11 13 | 4 5 19 20
2769,2021-01-15,9 13 16 20 | 1 8 14 19
2770,2021-01-15,3 9 17 19 | 2 3 8 18
2771,2021-01-15,1 6 8 20 | 9 12 14 18
2772,2021-01-15,1 12 16 19 | 3 5 11 20
2773,2021-01-16,3 4 18 19 | 6 8 9 11
2774,2021-01-16,1 13 15 18 | 1 4 5 11
2775,2021-01-16,3 9 12 19 | 3 7 11 17
2776,2021-01-16,3 8 11 20 | 4 7 9 19
2777,2021-01-17,9 15 19 20 | 2 10 12 20
2778,2021-01-17,5 7 12 13 | 2 4 9 20
2779,2021-01-17,9 12 18 19 | 1 8 9 20
2780,2021-01-17,3 14 16 19 | 7 9 11 18
2781,2021-01-18,8 11 12 18 | 2 3 9 18
2782,2021-01-18,4 5 10 12 | 9 10 13 20
2783,2021-01-18,1 6 10 18 | 1 5 8 13
2784,2021-01-18,5 10 15 20 | 8 10 14 20
2785,2021-01-19,1 5 11 13 | 3 7 9 19
2786,2021-01-19,3 4 8 11 | 3 10 14 20
2787,2021-01-19,1 3 5 9 | 1 4 11 13
2788,2021-01-19,9 10 17 20 | 3 5 6 20
2789,2021-01-20,3 7 12 13 | 2 3 4 12
2790,2021-01-20,4 10 13 18 | 4 9 11 18
2791,2021-01-20,1 8 16 18 | 1 4 19 20
2792,2021-01-20,10 17 18 20 | 4 5 14 20
2793,2021-01-21,6 12 13 14 | 3 7 15 18
2794,2021-01-21,9 13 15 17 | 4 6 9 11
2795,2021-01-21,8 9 15 18 | 7 10 11 12
2796,2021-01-21,1 12 14 19 | 3 7 17 20
2797,2021-01-22,11 13 15 17 | 4 14 15 19
2798,2021-01-22,3 5 8 16 | 9 10 16 18
2799,2021-01-22,3 16 17 19 | 5 7 11 16
2800,2021-01-22,3 4 8 14 | 3 7 11 18
2801,2021-01-23,1 5 6 13 | 2 12 17 20
2802,2021-01-23,3 4 5 13 | 1 4 6 13
2803,2021-01-23,5 8 10 11 | 5 8 14 20
2804,2021-01-23,3 5 13 14 | 10 12 15 20
2805,2021-01-24,7 8 13 14 | 6 14 16 17
2806,2021-01-24,1 2 4 20 | 3 11 17 19
2807,2021-01-24,6 10 18 19 | 7 8 18 20
2808,2021-01-24,4 5 8 19 | 1 8 12 19
2809,2021-01-25,8 11 13 18 | 7 8 13 19
2810,2021-01-25,6 8 12 13 | 10 11 12 13
2811,2021-01-25,3 4 10 18 | 2 3 6 9
2812,2021-01-25,5 7 12 14 | 3 7 11 13
2813,2021-01-26,2 4 6 12 | 7 10 11 20
2814,2021-01-26,8 11 15 19 | 7 15 19 20
2815,2021-01-26,8 12 17 19 | 1 6 15 17
2816,2021-01-26,4 5 10 14 | 1 2 3 8
2817,2021-01-27,9 12 15 16 | 6 11 14 17
2818,2021-01-27,7 9 12 18 | 9 10 16 20
2819,2021-01-27,7 11 12 15 | 9 12 13 19
2820,2021-01-27,12 14 15 17 | 5 8 10 20
2821,2021-01-28,4 16 19 20 | 4 5 11 20
2822,2021-01-28,3 10 19 20 | 7 12 18 20
2823,2021-01-28,2 9 13 20 | 8 11 15 18
2824,2021-01-28,3 6 9 12 | 1 6 10 20
2825,2021-01-29,6 12 18 20 | 1 4 5 15
2826,2021-01-29,2 4 7 16 | 3 6 13 16
2827,2021-01-29,2 6 12 20 | 5 6 13 15
2828,2021-01-29,3 10 11 19 | 1 10 12 20
2829,2021-01-30,2 7 17 18 | 3 10 15 19
2830,2021-01-30,2 3 5 17 | 8 12 13 16
2831,2021-01-30,10 15 16 19 | 6 11 14 16
2832,2021-01-30,3 13 15 16 | 1 4 13 14
2833,2021-01-31,3 6 9 18 | 4 10 12 17
2834,2021-01-31,4 13 17 20 | 3 8 10 20
2835,2021-01-31,5 11 13 17 | 3 8 9 20
2836,2021-01-31,10 14 17 19 | 1 4 7 15
2837,2021-02-01,5 6 17 19 | 1 5 7 10
2838,2021-02-01,7 8 9 15 | 1 3 4 15
2839,2021-02-01,1 4 6 16 | 5 7 14 20
2840,2021-02-01,2 3 5 7 | 12 15 16 18
2841,2021-02-02,2 9 17 20 | 5 14 15 17
2842,2021-02-02,1 8 14 17 | 2 6 16 19
2843,2021-02-02,2 8 14 17 | 4 14 17 19
2844,2021-02-02,1 4 14 20 | 6 7 13 16
2845,2021-02-03,8 11 15 17 | 2 8 9 16
2846,2021-02-03,13 16 17 18 | 6 7 9 12
2847,2021-02-03,2 8 15 16 | 7 16 17 19
2848,2021-02-03,13 15 19 20 | 12 14 18 19
2849,2021-02-04,3 5 10 18 | 6 12 13 16
2850,2021-02-04,2 4 8 12 | 3 11 17 19
2851,2021-02-04,4 7 10 16 | 1 2 7 19
2852,2021-02-04,5 9 18 20 | 6 11 13 19
2853,2021-02-05,5 10 19 20 | 3 9 10 12
2854,2021-02-05,6 10 17 20 | 2 3 15 18
2855,2021-02-05,2 3 7 11 | 1 6 8 19
2856,2021-02-05,2 15 18 19 | 2 8 11 12
2857,2021-02-06,6 14 16 19 | 9 14 17 20
2858,2021-02-06,4 8 16 17 | 8 10 11 13
2859,2021-02-06,2 11 14 15 | 2 12 16 19
2860,2021-02-06,4 5 16 19 | 3 5 11 12
2861,2021-02-07,1 4 5 16 | 6 9 18 20
2862,2021-02-07,3 6 12 20 | 9 13 17 19
2863,2021-02-07,10 12 14 20 | 1 6 10 18
2864,2021-02-07,3 7 13 15 | 2 4 5 15
2865,2021-02-08,4 6 13 17 | 9 10 13 18
2866,2021-02-08,5 11 15 17 | 9 14 18 19
2867,2021-02-08,3 15 17 19 | 2 6 9 16
2868,2021-02-08,12 13 14 19 | 4 7 18 20
2869,2021-02-09,8 9 19 20 | 3 13 18 20
2870,2021-02-09,5 6 8 12 | 7 13 14 17
2871,2021-02-09,3 11 12 20 | 5 16 18 20
2872,2021-02-09,8 11 18 20 | 1 8 18 19
2873,2021-02-10,3 5 12 14 | 1 15 16 17
2874,2021-02-10,3 8 9 15 | 4 6 11 16
2875,2021-02-10,1 12 13 19 | 4 6 13 17
2876,2021-02-10,10 16 18 19 | 2 4 11 17
2877,2021-02-11,2 3 7 10 | 9 10 11 19
2878,2021-02-11,1 5 8 13 | 9 10 11 15
2879,2021-02-11,4 10 17 18 | 7 13 14 20
2880,2021-02-11,9 12 14 20 | 1 7 10 20
2881,2021-02-12,4 6 18 20 | 6 12 14 17
2882,2021-02-12,9 10 13 15 | 8 11 12 13
2883,2021-02-12,4 7 10 20 | 7 13 16 18
2884,2021-02-12,13 15 16 18 | 6 10 11 12
2885,2021-02-13,7 12 13 17 | 5 6 17 20
2886,2021-02-13,4 10 11 19 | 11 14 18 20
2887,2021-02-13,14 15 17 20 | 4 7 9 19
2888,2021-02-13,9 14 16 18 | 4 7 14 20
2889,2021-02-14,5 15 17 18 | 6 10 14 16
2890,2021-02-14,2 15 16 17 | 2 15 19 20
2891,2021-02-14,2 5 7 20 | 3 8 9 12
2892,2021-02-14,4 8 16 19 | 9 13 16 19
2893,2021-02-15,11 12 14 18 | 1 2 4 8
2894,2021-02-15,2 3 12 14 | 3 6 14 17
2895,2021-02-15,1 14 17 19 | 4 6 9 13
2896,2021-02-15,2 11 12 16 | 12 13 14 15
2897,2021-02-16,3 5 8 16 | 6 7 13 16
2898,2021-02-16,9 10 14 20 | 10 13 16 19
2899,2021-02-16,9 15 16 18 | 1 2 5 6
2900,2021-02-16,8 12 14 17 | 3 6 12 13
2901,2021-02-17,6 18 19 20 | 4 11 12 14
2902,2021-02-17,6 7 14 17 | 4 8 13 14
2903,2021-02-17,1 3 6 11 | 1 6 8 12
2904,2021-02-17,4 16 18 19 | 8 11 18 20
2905,2021-02-18,2 7 13 14 | 5 14 15 18
2906,2021-02-18,2 3 10 15 | 10 15 16 17
2907,2021-02-18,6 7 8 15 | 6 13 15 19
2908,2021-02-18,4 8 9 15 | 3 10 11 13
2909,2021-02-19,5 15 17 20 | 1 5 7 11
2910,2021-02-19,10 11 13 15 | 6 17 18 20
2911,2021-02-19,1 8 12 15 | 5 8 14 19
2912,2021-02-19,3 6 7 14 | 8 9 10 17
2913,2021-02-20,1 5 13 15 | 5 9 12 20
2914,2021-02-20,2 9 12 19 | 4 11 15 18
2915,2021-02-20,4 9 15 20 | 2 7 11 19
2916,2021-02-20,5 8 18 20 | 3 5 10 20
2917,2021-02-21,4 5 12 16 | 1 12 16 17
2918,2021-02-21,2 4 9 16 | 2 3 18 19
2919,2021-02-21,2 12 15 20 | 6 11 12 13
2920,2021-02-21,5 15 16 17 | 1 3 5 14
2921,2021-02-22,6 10 12 18 | 3 7 11 18
2922,2021-02-22,3 15 16 17 | 3 13 18 20
2923,2021-02-22,1 5 11 14 | 2 5 6 14
2924,2021-02-22,3 5 7 20 | 7 8 10 11
2925,2021-02-23,9 12 15 18 | 4 11 17 20
2926,2021-02-23,9 10 17 20 | 5 11 14 16
2927,2021-02-23,5 12 14 16 | 1 8 11 18
2928,2021-02-23,5 14 18 19 | 1 6 9 14
2929,2021-02-24,8 12 16 19 | 3 13 16 17
2930,2021-02-24,4 7 10 16 | 3 12 17 19
2931,2021-02-24,6 9 16 17 | 11 14 16 17
2932,2021-02-24,3 5 11 12 | 1 4 9 13
2933,2021-02-25,2 5 9 16 | 2 8 14 17
2934,2021-02-25,13 15 16 19 | 4 12 13 17
2935,2021-02-25,1 7 9 14 | 5 16 17 19
2936,2021-02-25,4 14 15 18 | 2 15 16 19
2937,2021-02-26,6 10 14 20 | 7 11 12 14
2938,2021-02-26,1 2 8 16 | 4 5 11 14
2939,2021-02-26,14 16 19 20 | 3 7 9 10
2940,2021-02-26,1 2 6 7 | 8 9 15 18
2941,2021-02-27,3 7 13 18 | 3 10 12 14
2942,2021-02-27,6 7 16 20 | 4 5 7 13
2943,2021-02-27,8 10 13 15 | 5 11 13 17
2944,2021-02-27,7 9 11 17 | 4 10 18 20
2945,2021-02-28,1 4 6 17 | 3 7 11 18
2946,2021-02-28,8 15 16 19 | 9 12 17 19
2947,2021-02-28,7 8 17 20 | 6 12 15 19
2948,2021-02-28,2 9 12 20 | 6 10 14 17
2949,2021-03-01,4 13 15 20 | 9 11 14 18
2950,2021-03-01,6 10 13 19 | 4 17 18 19
2951,2021-03-01,1 8 9 13 | 3 4 12 13
2952,2021-03-01,10 13 16 19 | 7 9 14 20
2953,2021-03-02,4 5 12 18 | 3 6 15 18
2954,2021-03-02,5 7 9 15 | 4 16 18 19
2955,2021-03-02,5 8 11 13 | 3 7 9 17
2956,2021-03-02,4 7 10 20 | 5 7 9 12
2957,2021-03-03,3 7 9 12 | 8 15 16 17
2958,2021-03-03,1 5 10 14 | 2 3 15 16
2959,2021-03-03,2 4 8 9 | 3 5 14 18
2960,2021-03-03,5 9 14 18 | 1 2 8 10
2961,2021-03-04,4 5 17 19 | 1 3 4 12
2962,2021-03-04,4 7 11 19 | 1 9 15 17
2963,2021-03-04,2 4 8 13 | 1 10 12 16
2964,2021-03-04,4 6 13 14 | 6 10 12 15
2965,2021-03-05,9 10 14 19 | 7 10 12 19
2966,2021-03-05,5 7 11 12 | 12 15 16 17
2967,2021-03-05,3 5 14 17 | 2 10 16 19
2968,2021-03-05,10 12 13 15 | 8 12 13 14
2969,2021-03-06,9 13 14 20 | 1 5 11 13
2970,2021-03-06,2 5 12 13 | 2 13 19 20
2971,2021-03-06,2 8 12 19 | 2 4 5 13
2972,2021-03-06,5 16 18 19 | 4 7 10 15
2973,2021-03-07,12 16 17 18 | 4 7 8 9
2974,2021-03-07,1 6 7 9 | 3 4 8 20
2975,2021-03-07,6 9 12 14 | 2 10 12 16
2976,2021-03-07,9 13 17 20 | 2 3 13 19
2977,2021-03-08,2 3 8 17 | 2 6 10 13
2978,2021-03-08,2 12 16 19 | 1 4 17 20
2979,2021-03-08,1 3 12 15 | 6 8 11 18
2980,2021-03-08,7 11 12 13 | 1 7 17 18
2981,2021-03-09,5 14 15 17 | 4 13 17 19
2982,2021-03-09,1 10 13 14 | 3 8 10 20
2983,2021-03-09,3 4 7 9 | 2 14 17 18
2984,2021-03-09,1 8 19 20 | 4 9 11 14
2985,2021-03-10,2 10 16 20 | 8 15 17 18
2986,2021-03-10,8 12 16 20 | 3 4 14 17
2987,2021-03-10,5 9 15 19 | 1 13 18 19
2988,2021-03-10,3 14 16 17 | 5 7 10 17
2989,2021-03-11,8 10 17 19 | 8 10 13 18
2990,2021-03-11,2 8 15 18 | 1 15 16 20
2991,2021-03-11,1 3 15 19 | 6 14 15 18
2992,2021-03-11,10 16 17 20 | 2 4 6 8
2993,2021-03-12,4 10 12 17 | 3 8 9 13
2994,2021-03-12,5 12 15 19 | 2 3 11 17
2995,2021-03-12,1 13 16 19 | 5 6 10 11
2996,2021-03-12,5 6 18 20 | 7 10 14 15
2997,2021-03-13,4 5 16 18 | 11 14 15 18
2998,2021-03-13,1 10 11 19 | 5 6 17 19
2999,2021-03-13,13 14 18 19 | 9 14 18 20
3000,2021-03-13,3 5 13 16 | 1 2 5 16
3001,2021-03-14,12 16 17 19 | 7 12 14 17
3002,2021-03-14,1 7 8 16 | 3 10 13 19
3003,2021-03-14,11 16 18 19 | 1 7 10 20
3004,2021-03-14,5 9 14 18 | 2 4 13 15
3005,2021-03-15,4 14 15 20 | 6 8 10 14
3006,2021-03-15,2 7 9 13 | 3 6 9 15
3007,2021-03-15,1 8 12 18 | 12 15 17 20
3008,2021-03-15,9 11 12 16 | 4 6 16 20
3009,2021-03-16,12 16 17 20 | 1 2 9 15
3010,2021-03-16,7 12 18 19 | 1 4 5 16
3011,2021-03-16,5 14 15 20 | 1 4 9 20
3012,2021-03-16,3 4 10 18 | 14 15 16 20
3013,2021-03-17,5 11 12 19 | 1 12 18 20
3014,2021-03-17,6 8 11 19 | 2 9 11 18
3015,2021-03-17,1 2 4 20 | 5 7 14 15
3016,2021-03-17,7 9 12 17 | 2 7 15 18
3017,2021-03-18,4 8 10 13 | 2 7 19 20
3018,2021-03-18,9 10 14 15 | 8 13 16 18
3019,2021-03-18,6 17 18 20 | 5 11 18 20
3020,2021-03-18,2 3 4 15 | 1 7 18 19
3021,2021-03-19,3 6 9 17 | 4 5 8 10
3022,2021-03-19,3 9 11 13 | 6 7 10 11
3023,2021-03-19,5 11 13 17 | 2 6 17 19
3024,2021-03-19,1 2 9 16 | 2 7 8 9
3025,2021-03-20,3 8 11 13 | 1 2 4 5
3026,2021-03-20,3 11 15 18 | 13 14 17 20
3027,2021-03-20,5 7 16 19 | 6 13 17 19
3028,2021-03-20,1 2 14 17 | 2 7 8 14
3029,2021-03-21,3 5 14 16 | 5 6 11 16
3030,2021-03-21,3 7 11 12 | 2 4 13 16
3031,2021-03-21,4 13 17 20 | 2 7 9 19
3032,2021-03-21,6 12 15 20 | 6 13 16 18
3033,2021-03-22,3 9 11 17 | 14 17 19 20
3034,2021-03-22,1 6 12 17 | 8 9 10 12
3035,2021-03-22,1 2 4 12 | 2 5 6 8
3036,2021-03-22,9 15 17 20 | 5 6 15 17
3037,2021-03-23,6 11 18 20 | 5 9 12 18
3038,2021-03-23,1 16 18 19 | 2 5 12 17
3039,2021-03-23,5 8 9 12 | 2 4 7 17
3040,2021-03-23,1 6 7 11 | 6 7 14 16
3041,2021-03-24,1 3 6 18 | 2 3 14 16
3042,2021-03-24,2 3 8 12 | 9 10 14 16
3043,2021-03-24,3 6 15 19 | 4 5 17 19
3044,2021-03-24,2 13 14 20 | 2 6 14 15
3045,2021-03-25,7 11 12 15 | 6 10 14 18
3046,2021-03-25,1 4 5 16 | 2 4 9 12
3047,2021-03-25,2 4 10 19 | 1 12 13 14
3048,2021-03-25,10 12 14 20 | 6 12 18 20
3049,2021-03-26,5 12 14 15 | 3 7 8 16
3050,2021-03-26,9 18 19 20 | 7 9 10 17
3051,2021-03-26,4 14 17 19 | 4 13 15 18
3052,2021-03-26,7 8 13 15 | 1 5 9 14
3053,2021-03-27,6 8 9 10 | 1 5 8 13
3054,2021-03-27,6 8 13 19 | 3 9 10 11
3055,2021-03-27,3 5 6 16 | 3 13 14 17
3056,2021-03-27,9 15 18 19 | 4 5 6 12
3057,2021-03-28,7 8 12 14 | 8 10 18 19
3058,2021-03-28,12 15 17 18 | 1 2 15 19
3059,2021-03-28,3 8 14 17 | 3 15 16 20
3060,2021-03-28,6 10 13 17 | 9 11 13 20
3061,2021-03-29,7 11 12 15 | 2 3 8 12
3062,2021-03-29,4 5 11 15 | 3 11 18 20
3063,2021-03-29,3 5 8 17 | 7 10 14 15
3064,2021-03-29,4 11 13 15 | 12 13 14 16
3065,2021-03-30,5 13 14 20 | 2 8 11 18
3066,2021-03-30,1 14 17 20 | 8 17 18 19
3067,2021-03-30,5 6 7 20 | 2 5 11 14
3068,2021-03-30,3 7 15 17 | 13 16 17 20
3069,2021-03-31,5 11 15 19 | 4 9 11 16
3070,2021-03-31,3 11 12 13 | 10 13 14 20
3071,2021-03-31,1 5 18 19 | 8 15 16 18
3072,2021-03-31,2 12 14 17 | 7 10 18 20
3073,2021-04-01,2 7 8 13 | 2 4 7 18
3074,2021-04-01,1 11 16 20 | 7 11 17 20
3075,2021-04-01,1 2 5 16 | 2 6 16 19
3076,2021-04-01,3 4 14 16 | 10 12 13 16
3077,2021-04-02,2 4 5 19 | 1 6 7 12
3078,2021-04-02,5 8 10 18 | 8 9 14 17
3079,2021-04-02,3 9 11 17 | 4 9 10 20
3080,2021-04-02,4 12 16 18 | 3 8 14 17
3081,2021-04-03,1 15 16 20 | 1 7 14 19
3082,2021-04-03,2 6 10 11 | 1 2 7 16
3083,2021-04-03,2 5 6 14 | 2 3 11 19
3084,2021-04-03,13 17 18 19 | 5 8 9 20
3085,2021-04-04,3 7 8 17 | 2 9 12 13
3086,2021-04-04,4 7 12 17 | 3 6 10 13
3087,2021-04-04,10 12 13 16 | 6 8 13 16
3088,2021-04-04,2 4 6 12 | 8 10 14 17
3089,2021-04-05,4 8 15 16 | 8 13 18 19
3090,2021-04-05,3 5 8 18 | 4 9 12 20
3091,2021-04-05,7 8 14 16 | 12 15 18 19
3092,2021-04-05,2 4 6 16 | 1 7 10 18
3093,2021-04-06,9 12 16 19 | 9 11 14 20
3094,2021-04-06,11 12 13 16 | 7 9 11 12
3095,2021-04-06,2 9 14 15 | 8 9 11 15
3096,2021-04-06,1 2 4 5 | 12 14 17 18
3097,2021-04-07,5 10 16 18 | 2 9 15 16
3098,2021-04-07,6 15 16 18 | 1 9 10 19
3099,2021-04-07,1 10 11 13 | 1 6 8 16
3100,2021-04-07,1 3 13 17 | 7 10 13 14
3101,2021-04-08,1 5 15 20 | 1 2 11 12
3102,2021-04-08,2 7 16 19 | 11 13 14 16
3103,2021-04-08,1 4 14 20 | 1 6 10 14
3104,2021-04-08,8 9 12 13 | 2 7 11 15
3105,2021-04-09,1 2 15 17 | 4 7 10 20
3106,2021-04-09,2 13 14 15 | 1 4 8 17
3107,2021-04-09,7 10 15 16 | 6 10 18 19
3108,2021-04-09,1 9 12 14 | 1 2 5 11
3109,2021-04-10,7 14 15 16 | 5 9 15 20
3110,2021-04-10,3 5 9 13 | 10 11 13 18
3111,2021-04-10,3 9 12 16 | 2 3 4 14
3112,2021-04-10,2 8 17 18 | 1 7 13 20
3113,2021-04-11,4 12 15 18 | 1 10 11 20
3114,2021-04-11,6 9 15 17 | 5 8 11 16
3115,2021-04-11,4 12 15 18 | 1 3 4 5
3116,2021-04-11,1 8 15 18 | 13 15 18 20
3117,2021-04-12,3 7 16 20 | 6 17 18 19
3118,2021-04-12,2 3 7 13 | 1 11 13 20
3119,2021-04-12,6 7 9 17 | 2 11 14 16
3120,2021-04-12,3 4 15 18 | 14 18 19 20
3121,2021-04-13,10 11 12 18 | 3 5 13 20
3122,2021-04-13,5 14 18 19 | 7 9 10 19
3123,2021-04-13,7 14 17 20 | 4 11 12 20
3124,2021-04-13,10 11 15 18 | 2 12 16 17
3125,2021-04-14,3 5 17 18 | 1 2 4 13
3126,2021-04-14,7 9 15 16 | 1 5 6 14
3127,2021-04-14,8 9 14 19 | 6 12 16 20
3128,2021-04-14,1 4 8 13 | 3 4 9 11
3129,2021-04-15,10 11 15 20 | 1 7 11 16
3130,2021-04-15,8 10 13 20 | 3 12 13 17
3131,2021-04-15,4 6 14 17 | 8 10 14 16
3132,2021-04-15,6 11 18 20 | 8 10 13 20
3133,2021-04-16,9 10 14 15 | 7 10 11 18
3134,2021-04-16,2 9 14 15 | 1 9 10 11
3135,2021-04-16,2 3 5 8 | 1 10 12 16
3136,2021-04-16,1 4 10 17 | 8 13 15 16
3137,2021-04-17,1 6 7 8 | 6 10 12 20
3138,2021-04-17,1 7 12 20 | 8 13 15 19
3139,2021-04-17,1 6 7 15 | 5 6 12 17
3140,2021-04-17,3 5 9 10 | 1 5 9 12
3141,2021-04-18,1 3 12 18 | 9 14 15 20
3142,2021-04-18,1 5 6 9 | 1 3 4 20
3143,2021-04-18,7 11 18 20 | 6 8 11 18
3144,2021-04-18,2 11 12 15 | 3 10 11 16
3145,2021-04-19,3 14 16 18 | 3 16 18 20
3146,2021-04-19,2 10 14 20 | 9 10 11 19
3147,2021-04-19,8 14 18 20 | 9 10 13 17
3148,2021-04-19,5 10 13 16 | 1 2 5 8
3149,2021-04-20,7 11 13 20 | 5 8 18 20
3150,2021-04-20,12 13 18 19 | 9 10 12 18
3151,2021-04-20,9 13 17 19 | 3 11 15 19
3152,2021-04-20,4 5 6 9 | 6 11 13 20
3153,2021-04-21,9 10 12 15 | 4 13 14 16
3154,2021-04-21,3 6 7 11 | 3 12 18 20
3155,2021-04-21,3 5 13 14 | 2 6 7 13
3156,2021-04-21,4 8 12 14 | 1 7 17 20
3157,2021-04-22,2 3 12 16 | 6 14 16 19
3158,2021-04-22,4 6 13 15 | 2 5 12 18
3159,2021-04-22,1 3 6 13 | 6 8 12 18
3160,2021-04-22,2 10 12 19 | 3 4 16 18
3161,2021-04-23,8 10 14 17 | 2 5 16 18
3162,2021-04-23,2 7 9 16 | 1 14 17 20
3163,2021-04-23,7 8 9 11 | 1 4 6 8
3164,2021-04-23,2 8 13 15 | 5 14 15 16
3165,2021-04-24,1 10 11 13 | 1 2 5 15
3166,2021-04-24,1 5 11 16 | 5 8 11 14
3167,2021-04-24,5 7 8 10 | 6 7 12 16
3168,2021-04-24,5 9 18 19 | 7 11 16 17
3169,2021-04-25,3 4 5 13 | 8 14 15 19
3170,2021-04-25,2 10 12 14 | 14 15 16 18
3171,2021-04-25,8 10 17 19 | 1 5 7 19
3172,2021-04-25,4 5 6 10 | 1 3 8 12
3173,2021-04-26,3 4 8 13 | 6 10 17 20
3174,2021-04-26,1 9 13 17 | 4 11 12 19
3175,2021-04-26,1 6 17 18 | 1 4 5 20
3176,2021-04-26,6 11 17 19 | 3 5 7 16
3177,2021-04-27,1 9 10 16 | 5 8 11 14
3178,2021-04-27,11 13 16 17 | 14 15 19 20
3179,2021-04-27,4 11 15 17 | 1 8 13 14
3180,2021-04-27,6 11 14 16 | 4 11 17 20
3181,2021-04-28,4 5 10 20 | 7 11 13 14
3182,2021-04-28,3 5 11 15 | 5 15 17 19
3183,2021-04-28,2 5 12 19 | 4 7 10 18
3184,2021-04-28,3 10 11 14 | 4 7 10 11
3185,2021-04-29,1 4 8 13 | 10 16 17 20
3186,2021-04-29,5 15 17 20 | 10 11 19 20
3187,2021-04-29,3 10 16 20 | 2 3 8 20
3188,2021-04-29,3 7 11 12 | 6 9 10 17
3189,2021-04-30,6 8 17 20 | 4 9 17 20
3190,2021-04-30,2 5 6 7 | 5 7 8 15
3191,2021-04-30,1 4 10 16 | 2 4 9 18
3192,2021-04-30,4 7 17 19 | 3 5 7 14
3193,2021-05-01,8 11 16 19 | 1 4 9 12
3194,2021-05-01,2 3 10 14 | 2 14 17 20
3195,2021-05-01,3 5 8 20 | 9 13 17 19
3196,2021-05-01,3 5 17 19 | 1 2 3 4
3197,2021-05-02,7 10 11 19 | 2 14 16 20
3198,2021-05-02,5 12 14 19 | 9 10 16 18
3199,2021-05-02,5 10 14 16 | 2 5 9 12
3200,2021-05-02,11 15 17 20 | 3 11 14 19
3201,2021-05-03,1 5 11 16 | 4 7 14 20
3202,2021-05-03,3 8 15 19 | 1 3 7 15
3203,2021-05-03,2 10 11 18 | 4 8 11 18
3204,2021-05-03,2 6 7 8 | 3 5 6 18
3205,2021-05-04,1 2 9 17 | 1 2 7 11
3206,2021-05-04,1 7 13 20 | 6 8 11 18
3207,2021-05-04,4 5 9 19 | 3 4 9 11
3208,2021-05-04,1 7 8 20 | 4 8 9 15
3209,2021-05-05,6 7 11 18 | 1 13 14 17
3210,2021-05-05,3 5 13 20 | 8 9 14 17
3211,2021-05-05,6 14 15 19 | 7 8 16 17
3212,2021-05-05,2 3 4 9 | 14 15 17 19
3213,2021-05-06,6 8 9 14 | 6 8 9 18
3214,2021-05-06,8 10 14 16 | 1 4 8 13
3215,2021-05-06,1 4 10 11 | 9 14 17 20
3216,2021-05-06,12 14 16 19 | 6 11 12 20
3217,2021-05-07,2 5 18 19 | 11 15 17 20
3218,2021-05-07,7 14 15 17 | 6 7 8 17
3219,2021-05-07,1 6 8 17 | 5 10 11 18
3220,2021-05-07,2 6 8 17 | 4 7 16 17
3221,2021-05-08,3 13 17 18 | 8 10 12 16
3222,2021-05-08,2 4 16 17 | 5 6 7 13
3223,2021-05-08,8 9 11 18 | 2 4 11 19
3224,2021-05-08,1 6 13 15 | 12 13 15 19
3225,2021-05-09,8 16 18 20 | 8 9 10 20
3226,2021-05-09,2 8 10 14 | 3 6 15 20
3227,2021-05-09,8 9 16 20 | 3 6 10 14
3228,2021-05-09,1 8 15 18 | 2 13 18 19
3229,2021-05-10,3 9 10 11 | 5 16 17 19
3230,2021-05-10,3 14 16 20 | 4 10 12 14
3231,2021-05-10,6 15 17 19 | 1 11 15 17
3232,2021-05-10,1 5 11 20 | 16 17 19 20
3233,2021-05-11,10 17 18 19 | 2 7 15 18
3234,2021-05-11,5 7 14 15 | 2 14 19 20
3235,2021-05-11,2 6 9 18 | 2 14 15 18
3236,2021-05-11,6 12 14 16 | 7 8 14 16
3237,2021-05-12,2 5 8 16 | 5 8 17 18
3238,2021-05-12,10 15 16 19 | 3 4 19 20
3239,2021-05-12,3 9 18 19 | 8 15 19 20
3240,2021-05-12,6 14 17 18 | 6 12 14 18
3241,2021-05-13,12 15 17 18 | 1 5 7 10
3242,2021-05-13,2 3 6 14 | 5 10 13 18
3243,2021-05-13,1 9 11 14 | 4 10 13 17
3244,2021-05-13,11 15 19 20 | 1 5 13 16
3245,2021-05-14,2 11 16 19 | 2 3 6 11
3246,2021-05-14,1 11 12 20 | 1 3 9 11
3247,2021-05-14,3 14 15 19 | 5 6 9 13
3248,2021-05-14,2 4 8 14 | 2 4 18 19
3249,2021-05-15,2 5 10 14 | 8 11 14 19
3250,2021-05-15,7 9 18 20 | 4 7 11 18
3251,2021-05-15,1 8 10 18 | 4 5 11 17
3252,2021-05-15,5 6 7 19 | 6 9 13 18
3253,2021-05-16,12 15 18 19 | 8 12 14 15
3254,2021-05-16,5 7 8 20 | 10 14 16 17
3255,2021-05-16,3 8 18 19 | 12 15 17 19
3256,2021-05-16,11 13 16 18 | 3 8 17 18
3257,2021-05-17,1 2 5 20 | 3 5 6 11
3258,2021-05-17,2 10 13 20 | 12 14 17 19
3259,2021-05-17,1 5 10 11 | 2 3 12 17
3260,2021-05-17,6 8 14 20 | 2 9 10 16
3261,2021-05-18,2 3 9 14 | 4 6 11 18
3262,2021-05-18,3 5 13 17 | 1 3 8 11
3263,2021-05-18,8 12 17 18 | 7 8 10 13
3264,2021-05-18,1 8 9 20 | 3 7 14 16
3265,2021-05-19,4 8 10 14 | 4 7 9 19
3266,2021-05-19,7 9 11 15 | 3 8 16 20
3267,2021-05-19,2 7 15 18 | 4 7 16 19
3268,2021-05-19,9 11 18 20 | 1 3 5 11
3269,2021-05-20,1 4 14 17 | 2 6 8 9
3270,2021-05-20,10 15 18 20 | 8 12 16 18
3271,2021-05-20,1 3 8 9 | 4 5 9 15
3272,2021-05-20,2 3 14 16 | 7 8 15 20
3273,2021-05-21,1 17 18 19 | 7 11 13 20
3274,2021-05-21,5 10 12 18 | 2 12 14 15
3275,2021-05-21,4 8 15 19 | 1 4 5 11
3276,2021-05-21,2 7 8 15 | 9 16 17 19
3277,2021-05-22,3 11 15 20 | 4 5 8 15
3278,2021-05-22,2 7 14 16 | 2 13 16 19
3279,2021-05-22,1 7 12 19 | 1 4 7 14
3280,2021-05-22,2 3 4 5 | 8 9 16 17
3281,2021-05-23,8 13 15 18 | 6 18 19 20
3282,2021-05-23,6 13 15 17 | 4 9 13 19
3283,2021-05-23,2 7 8 14 | 3 6 15 18
3284,2021-05-23,2 4 13 19 | 7 14 18 20
3285,2021-05-24,8 10 11 12 | 6 8 12 15
3286,2021-05-24,4 6 17 19 | 1 4 6 18
3287,2021-05-24,3 12 14 20 | 9 15 16 17
3288,2021-05-24,8 17 18 20 | 6 9 19 20
3289,2021-05-25,9 10 15 17 | 1 9 14 15
3290,2021-05-25,6 12 14 20 | 1 15 18 20
3291,2021-05-25,7 13 15 18 | 4 10 17 20
3292,2021-05-25,7 11 15 16 | 7 8 10 18
3293,2021-05-26,1 2 4 19 | 9 12 15 18
3294,2021-05-26,7 8 13 14 | 4 5 12 14
3295,2021-05-26,3 7 15 20 | 5 7 10 13
3296,2021-05-26,4 7 9 14 | 1 3 8 19
3297,2021-05-27,6 9 11 18 | 3 7 14 20
3298,2021-05-27,1 5 12 14 | 4 8 14 20
3299,2021-05-27,6 7 12 19 | 10 13 17 18
3300,2021-05-27,8 12 14 20 | 9 12 14 19
3301,2021-05-28,3 5 10 11 | 2 6 13 20
3302,2021-05-28,1 7 12 19 | 3 12 18 19
3303,2021-05-28,2 6 9 15 | 4 12 19 20
3304,2021-05-28,4 12 15 19 | 4 7 10 20
3305,2021-05-29,7 12 15 19 | 6 12 13 17
3306,2021-05-29,8 11 12 17 | 2 6 9 12
3307,2021-05-29,7 10 18 20 | 1 15 17 20
3308,2021-05-29,6 15 18 20 | 1 8 13 19
3309,2021-05-30,7 15 18 19 | 5 8 13 14
3310,2021-05-30,4 8 11 18 | 2 10 12 17
3311,2021-05-30,6 16 17 20 | 2 3 7 10
3312,2021-05-30,4 13 17 19 | 4 6 14 15
3313,2021-05-31,3 8 16 20 | 4 9 13 14
3314,2021-05-31,2 6 10 20 | 3 9 10 16
3315,2021-05-31,5 8 17 18 | 7 9 10 12
3316,2021-05-31,5 6 7 15 | 4 11 12 19
3317,2021-06-01,2 6 14 15 | 2 7 9 20
3318,2021-06-01,4 5 7 20 | 2 6 12 14
3319,2021-06-01,1 2 6 15 | 2 4 10 13
3320,2021-06-01,2 8 13 17 | 6 10 15 20
3321,2021-06-02,6 8 12 16 | 2 5 9 10
3322,2021-06-02,4 6 11 17 | 7 9 11 17
3323,2021-06-02,2 4 8 10 | 4 7 10 15
3324,2021-06-02,9 11 14 18 | 2 10 17 19
3325,2021-06-03,6 9 17 18 | 1 6 12 13
3326,2021-06-03,3 9 13 17 | 9 10 13 19
3327,2021-06-03,4 13 14 17 | 6 7 14 16
3328,2021-06-03,1 3 8 11 | 3 6 8 13
3329,2021-06-04,1 3 15 18 | 1 12 16 17
3330,2021-06-04,5 7 12 19 | 3 9 19 20
3331,2021-06-04,2 3 10 17 | 1 10 16 18
3332,2021-06-04,4 6 10 11 | 2 12 13 15
3333,2021-06-05,2 5 12 14 | 2 8 10 12
3334,2021-06-05,3 4 7 18 | 3 12 14 17
3335,2021-06-05,1 6 7 12 | 2 5 7 19
3336,2021-06-05,12 15 18 19 | 3 10 15 17
3337,2021-06-06,2 3 17 20 | 1 7 12 20
3338,2021-06-06,4 5 11 15 | 3 5 7 18
3339,2021-06-06,1 2 10 11 | 1 6 12 20
3340,2021-06-06,5 11 17 20 | 3 5 8 17
3341,2021-06-07,7 9 17 18 | 12 15 18 20
3342,2021-06-07,4 6 10 20 | 6 8 14 19
3343,2021-06-07,10 11 16 17 | 3 7 18 20
3344,2021-06-07,1 6 8 18 | 6 9 13 17
3345,2021-06-08,7 12 15 19 | 6 7 15 19
3346,2021-06-08,1 6 17 20 | 8 11 14 17
3347,2021-06-08,11 14 19 20 | 4 5 11 19
3348,2021-06-08,12 15 19 20 | 1 3 12 20
3349,2021-06-09,1 2 16 17 | 2 12 15 20
3350,2021-06-09,2 10 14 18 | 1 4 6 14
3351,2021-06-09,6 7 18 20 | 2 3 5 11
3352,2021-06-09,5 15 16 18 | 6 9 13 20
3353,2021-06-10,2 5 10 18 | 6 11 12 13
3354,2021-06-10,2 6 18 20 | 9 12 13 14
3355,2021-06-10,4 6 13 17 | 4 12 14 18
3356,2021-06-10,8 11 13 19 | 6 11 14 17
3357,2021-06-11,6 8 9 16 | 3 4 5 6
3358,2021-06-11,1 11 14 20 | 5 11 12 20
3359,2021-06-11,3 9 11 16 | 1 4 12 20
3360,2021-06-11,2 6 12 15 | 1 8 10 12
3361,2021-06-12,2 6 15 19 | 1 7 14 16
3362,2021-06-12,4 12 13 19 | 1 10 14 15
3363,2021-06-12,7 11 12 14 | 1 4 6 20
3364,2021-06-12,2 6 15 16 | 2 3 7 12
3365,2021-06-13,1 3 8 11 | 1 2 12 20
3366,2021-06-13,3 8 13 17 | 2 5 16 17
3367,2021-06-13,6 9 12 16 | 2 11 13 15
3368,2021-06-13,3 5 14 19 | 1 4 10 12
3369,2021-06-14,3 4 5 19 | 1 4 9 15
3370,2021-06-14,6 7 14 16 | 2 3 12 14
3371,2021-06-14,4 7 10 17 | 9 10 11 19
3372,2021-06-14,2 8 9 11 | 6 7 10 11
3373,2021-06-17,1 12 14 18 | 2 7 16 17
3374,2021-06-18,1 7 11 16 | 3 4 7 14
3375,2021-06-18,9 12 13 20 | 4 5 9 17
3376,2021-06-18,3 5 7 15 | 5 6 9 20
3377,2021-06-18,1 3 5 10 | 1 11 12 19
3378,2021-06-19,8 10 11 20 | 1 4 9 20
3379,2021-06-19,7 12 15 18 | 12 15 17 18
3380,2021-06-19,5 10 16 17 | 2 8 16 17
3381,2021-06-19,1 9 10 11 | 4 11 13 17
3382,2021-06-20,2 16 17 19 | 4 8 10 16
3383,2021-06-20,6 7 12 19 | 3 8 10 11
3384,2021-06-20,1 10 14 15 | 3 9 16 18
3385,2021-06-20,5 8 16 20 | 2 7 10 12
3386,2021-06-21,6 11 17 19 | 1 3 6 18
3387,2021-06-21,4 5 6 9 | 3 7 9 19
3388,2021-06-21,4 6 14 15 | 2 4 5 14
3389,2021-06-21,4 6 8 13 | 1 11 12 16
3390,2021-06-22,4 7 10 18 | 4 16 18 19
3391,2021-06-22,1 6 7 15 | 1 7 17 19
3392,2021-06-22,4 5 14 15 | 12 13 14 18
3393,2021-06-22,2 4 16 17 | 2 7 16 18
3394,2021-06-23,8 14 15 20 | 2 3 7 17
3395,2021-06-23,1 7 9 13 | 4 6 14 16
3396,2021-06-23,2 7 15 16 | 7 14 16 20
3397,2021-06-23,3 6 7 17 | 6 7 14 20
3398,2021-06-24,1 12 17 19 | 3 6 10 18
3399,2021-06-24,2 3 4 16 | 9 10 11 13
3400,2021-06-24,4 7 8 9 | 1 4 11 15
3401,2021-06-24,2 15 18 19 | 7 12 15 19
3402,2021-06-25,1 4 16 18 | 11 13 14 18
3403,2021-06-25,1 2 11 13 | 6 10 12 18
3404,2021-06-25,1 14 15 16 | 1 8 10 19
3405,2021-06-25,2 13 17 18 | 6 7 14 15
3406,2021-06-26,2 9 12 19 | 1 4 7 9
3407,2021-06-26,1 2 15 19 | 1 6 7 9
3408,2021-06-26,4 9 13 20 | 1 12 14 15
3409,2021-06-26,3 4 14 16 | 2 9 12 15
3410,2021-06-27,2 4 12 20 | 7 17 18 19
3411,2021-06-27,6 8 12 18 | 2 14 15 20
3412,2021-06-27,3 9 10 18 | 4 7 11 18
3413,2021-06-27,8 11 13 14 | 6 7 13 18
3414,2021-06-28,4 8 9 11 | 5 10 17 20
3415,2021-06-28,9 14 16 20 | 2 9 17 18
3416,2021-06-28,2 3 18 20 | 1 3 8 13
3417,2021-06-28,2 8 9 13 | 2 16 17 20
3418,2021-06-29,2 12 17 18 | 1 5 9 12
3419,2021-06-29,1 3 10 15 | 3 5 6 19
3420,2021-06-29,5 11 18 19 | 8 10 17 20
3421,2021-06-29,3 4 9 11 | 1 4 8 15
3422,2021-06-30,12 14 16 17 | 5 7 11 19
3423,2021-06-30,5 7 14 20 | 13 16 17 20
3424,2021-06-30,2 3 11 20 | 3 13 14 16
3425,2021-06-30,4 8 12 17 | 4 5 6 8
3426,2021-07-01,1 2 5 20 | 6 7 11 17
3427,2021-07-01,4 10 13 17 | 4 10 11 20
3428,2021-07-01,2 15 19 20 | 8 13 18 19
3429,2021-07-01,4 6 8 12 | 6 8 9 12
3430,2021-07-02,4 10 11 18 | 11 14 16 17
3431,2021-07-02,2 10 13 14 | 4 8 9 11
3432,2021-07-02,6 14 15 17 | 3 7 9 15
3433,2021-07-02,8 9 12 14 | 7 11 14 16
3434,2021-07-03,8 10 11 12 | 4 8 10 20
3435,2021-07-03,1 3 14 20 | 5 6 11 13
3436,2021-07-03,3 8 10 12 | 5 12 16 17
3437,2021-07-03,5 15 19 20 | 1 8 10 15
3438,2021-07-04,5 6 12 17 | 5 7 15 20
3439,2021-07-04,2 4 5 9 | 1 6 7 15
3440,2021-07-04,7 8 10 19 | 2 5 12 19
3441,2021-07-04,1 8 10 14 | 6 11 13 20
3442,2021-07-05,9 10 11 13 | 5 7 9 14
3443,2021-07-05,3 8 13 14 | 4 5 7 16
3444,2021-07-05,1 8 15 19 | 1 8 12 17
3445,2021-07-05,2 6 10 16 | 6 12 13 16
3446,2021-07-06,6 10 14 17 | 2 8 9 10
3447,2021-07-06,1 9 12 18 | 1 3 10 16
3448,2021-07-06,5 6 7 8 | 10 16 19 20
3449,2021-07-06,3 13 14 18 | 4 11 14 17
3450,2021-07-07,3 4 6 8 | 4 7 15 17
3451,2021-07-07,2 6 12 18 | 8 10 12 13
3452,2021-07-07,4 13 14 20 | 2 11 14 20
3453,2021-07-07,7 8 9 12 | 8 14 19 20
3454,2021-07-08,12 15 16 20 | 1 2 12 15
3455,2021-07-08,5 10 17 18 | 2 4 8 19
3456,2021-07-08,7 10 16 20 | 12 17 18 19
3457,2021-07-08,6 13 14 19 | 3 5 7 15
3458,2021-07-09,1 6 12 13 | 3 5 13 20
3459,2021-07-09,8 12 13 16 | 9 11 13 14
3460,2021-07-09,5 13 15 17 | 5 7 11 12
3461,2021-07-09,4 5 13 18 | 2 10 14 16
3462,2021-07-10,1 2 4 20 | 3 7 11 14
3463,2021-07-10,4 10 13 18 | 7 12 15 17
3464,2021-07-10,3 7 14 17 | 3 14 17 19
3465,2021-07-10,4 5 19 20 | 3 4 15 17
3466,2021-07-11,5 6 19 20 | 5 13 14 18
3467,2021-07-11,3 4 9 18 | 5 8 12 20
3468,2021-07-11,1 9 12 16 | 4 12 13 14
3469,2021-07-11,2 7 11 17 | 11 12 15 16
3470,2021-07-12,2 10 13 16 | 3 7 12 13
3471,2021-07-12,1 5 7 14 | 2 12 14 15
3472,2021-07-12,2 4 10 14 | 1 2 5 20
3473,2021-07-12,1 6 12 17 | 5 6 10 18
3474,2021-07-13,10 11 19 20 | 1 4 11 19
3475,2021-07-13,8 10 11 13 | 1 2 18 19
3476,2021-07-13,6 10 11 17 | 5 8 9 11
3477,2021-07-13,1 6 10 13 | 1 4 16 20
3478,2021-07-14,7 12 15 17 | 1 3 17 20
3479,2021-07-14,2 7 17 20 | 1 9 13 14
3480,2021-07-14,3 10 13 16 | 11 14 16 20
3481,2021-07-14,1 9 13 17 | 3 10 11 18
3482,2021-07-15,3 6 16 18 | 9 11 12 13
3483,2021-07-15,4 5 13 17 | 1 16 18 20
3484,2021-07-15,1 2 7 18 | 3 4 12 16
3485,2021-07-15,7 9 10 14 | 6 8 9 20
3486,2021-07-16,8 15 16 19 | 6 10 13 20
3487,2021-07-16,9 10 16 18 | 1 7 9 20
3488,2021-07-16,1 6 10 18 | 5 7 14 18
3489,2021-07-16,4 10 11 14 | 11 14 17 20
3490,2021-07-17,1 18 19 20 | 2 6 8 11
3491,2021-07-17,2 14 15 18 | 6 10 12 17
3492,2021-07-17,1 5 13 19 | 8 14 15 16
3493,2021-07-18,4 10 12 15 | 3 6 12 16
3494,2021-07-18,4 11 13 19 | 6 11 17 18
3495,2021-07-18,2 5 7 19 | 3 5 14 17
3496,2021-07-19,4 5 9 19 | 1 8 12 15
3497,2021-07-19,1 6 8 14 | 2 10 17 18
3498,2021-07-19,1 5 10 17 | 6 11 14 19
3499,2021-07-19,3 6 8 9 | 10 12 14 15
3500,2021-07-20,8 10 12 17 | 10 12 13 14
3501,2021-07-20,3 16 19 20 | 1 5 10 15
3502,2021-07-20,12 13 17 19 | 2 10 18 20
3503,2021-07-20,5 7 11 17 | 10 13 18 19
3504,2021-07-21,1 3 4 5 | 4 10 14 17
3505,2021-07-21,1 10 12 13 | 1 2 12 15
3506,2021-07-21,2 5 7 20 | 4 13 15 19
3507,2021-07-21,1 5 10 18 | 6 16 19 20
3508,2021-07-22,4 5 10 13 | 5 6 13 16
3509,2021-07-22,1 12 13 15 | 9 11 16 18
3510,2021-07-22,3 11 12 14 | 8 9 10 17
3511,2021-07-22,3 4 10 13 | 3 9 10 16
3512,2021-07-23,4 5 13 17 | 2 12 14 19
3513,2021-07-23,3 5 12 13 | 3 4 5 7
3514,2021-07-23,1 7 14 16 | 5 12 14 17
3515,2021-07-23,4 12 13 17 | 4 9 18 19
3516,2021-07-24,2 4 13 17 | 15 16 19 20
3517,2021-07-24,10 12 13 18 | 6 14 17 20
3518,2021-07-24,2 9 10 17 | 6 9 11 12
3519,2021-07-24,5 7 14 19 | 2 4 13 17
3520,2021-07-25,1 9 17 20 | 5 9 18 19
3521,2021-07-25,5 11 15 20 | 9 12 13 18
3522,2021-07-25,5 13 16 18 | 4 11 13 16
3523,2021-07-25,5 10 11 20 | 5 9 15 17
3524,2021-07-26,7 12 16 19 | 2 5 7 8
3525,2021-07-26,3 7 11 13 | 10 11 12 13
3526,2021-07-26,1 14 17 18 | 1 6 18 20
3527,2021-07-26,1 3 12 17 | 4 7 11 13
3528,2021-07-27,5 14 18 20 | 8 12 17 20
3529,2021-07-27,3 5 8 17 | 1 7 13 18
3530,2021-07-27,12 13 15 18 | 1 7 11 19
3531,2021-07-27,1 4 14 15 | 7 9 14 18
3532,2021-07-28,8 12 13 17 | 12 16 17 20
3533,2021-07-28,1 2 4 12 | 7 8 18 20
3534,2021-07-28,8 9 10 14 | 7 11 13 18
3535,2021-07-28,2 8 14 17 | 1 7 13 19
3536,2021-07-29,2 4 7 8 | 9 15 16 17
3537,2021-07-29,1 2 7 17 | 3 12 14 20
3538,2021-07-29,8 10 13 14 | 1 17 19 20
3539,2021-07-29,1 5 6 9 | 4 13 17 18
3540,2021-07-30,1 8 15 19 | 2 5 19 20
3541,2021-07-30,14 15 17 20 | 1 6 11 18
3542,2021-07-30,4 9 12 14 | 2 4 10 11
3543,2021-07-30,2 10 14 19 | 2 7 17 19
3544,2021-07-31,2 9 12 15 | 4 7 10 17
3545,2021-07-31,6 9 10 13 | 1 6 13 17
3546,2021-07-31,4 5 6 17 | 8 11 12 15
3547,2021-07-31,1 4 8 17 | 2 12 16 17
3548,2021-08-01,2 9 10 17 | 4 6 10 20
3549,2021-08-01,5 7 11 13 | 9 11 14 20
3550,2021-08-01,5 13 17 18 | 4 5 11 18
3551,2021-08-01,1 9 13 15 | 10 14 15 20
3552,2021-08-02,3 6 7 11 | 6 9 16 17
3553,2021-08-02,1 17 18 20 | 4 8 12 14
3554,2021-08-02,8 9 14 18 | 4 8 13 20
3555,2021-08-02,3 9 12 16 | 1 12 16 18
3556,2021-08-03,6 10 14 19 | 1 4 13 16
3557,2021-08-03,5 6 12 17 | 6 10 16 20
3558,2021-08-03,7 9 14 17 | 11 12 14 18
3559,2021-08-03,2 5 17 18 | 2 10 17 20
3560,2021-08-04,6 9 10 12 | 3 9 10 15
3561,2021-08-04,3 6 11 14 | 6 8 11 17
3562,2021-08-04,7 9 10 19 | 3 4 19 20
3563,2021-08-04,1 8 11 19 | 1 2 4 12
3564,2021-08-05,4 9 11 18 | 7 10 18 19
3565,2021-08-05,1 7 17 19 | 1 2 12 19
3566,2021-08-05,1 10 14 15 | 4 8 17 20
3567,2021-08-05,1 9 15 19 | 1 4 11 19
3568,2021-08-06,3 4 5 11 | 5 10 11 15
3569,2021-08-06,3 8 18 19 | 5 6 12 16
3570,2021-08-06,11 14 18 19 | 2 3 7 17
3571,2021-08-06,7 11 17 19 | 3 4 8 12
3572,2021-08-07,4 6 9 19 | 2 9 14 19
3573,2021-08-07,3 6 13 20 | 13 14 16 19
3574,2021-08-07,6 10 13 20 | 9 15 17 18
3575,2021-08-07,6 7 14 15 | 7 12 14 20
3576,2021-08-08,2 6 13 14 | 1 7 11 12
3577,2021-08-08,1 3 12 16 | 4 10 16 20
3578,2021-08-08,10 11 13 20 | 2 5 8 16
3579,2021-08-08,1 2 14 16 | 3 13 14 15
3580,2021-08-09,8 9 13 15 | 1 5 7 18
3581,2021-08-09,5 8 15 20 | 6 9 15 19
3582,2021-08-09,7 8 14 19 | 12 13 16 17
3583,2021-08-09,1 7 16 19 | 6 11 13 17
3584,2021-08-10,3 6 15 16 | 5 6 8 9
3585,2021-08-10,3 8 10 19 | 3 8 11 13
3586,2021-08-10,1 4 10 13 | 5 6 11 18
3587,2021-08-10,4 6 9 12 | 6 8 16 19
3588,2021-08-11,4 14 15 17 | 1 7 13 17
3589,2021-08-11,5 13 18 19 | 1 12 13 16
3590,2021-08-11,8 12 16 17 | 3 5 15 16
3591,2021-08-11,3 12 15 18 | 7 10 16 18
3592,2021-08-12,3 6 15 18 | 9 14 17 19
3593,2021-08-12,4 7 14 19 | 5 9 11 18
3594,2021-08-12,1 3 7 8 | 1 10 11 14
3595,2021-08-12,6 8 13 19 | 2 4 15 16
3596,2021-08-13,4 9 10 11 | 9 12 13 20
3597,2021-08-13,5 7 10 17 | 2 3 4 11
3598,2021-08-13,6 7 15 17 | 4 8 10 18
3599,2021-08-13,2 4 8 15 | 8 10 15 19
3600,2021-08-14,1 2 7 13 | 10 12 18 19
3601,2021-08-14,2 5 16 19 | 2 11 17 20
3602,2021-08-14,1 2 4 12 | 3 4 6 9
3603,2021-08-14,12 14 17 19 | 5 14 16 17
3604,2021-08-15,16 17 18 20 | 7 9 11 14
3605,2021-08-15,10 12 17 20 | 1 14 15 17
3606,2021-08-15,7 10 11 17 | 3 6 12 19
3607,2021-08-15,11 12 15 17 | 2 8 19 20
3608,2021-08-16,4 12 14 17 | 3 10 12 15
3609,2021-08-16,2 4 6 9 | 4 11 12 17
3610,2021-08-16,3 12 15 17 | 14 16 17 20
3611,2021-08-16,2 4 7 19 | 3 9 11 18
3612,2021-08-17,10 11 14 18 | 4 10 16 17
3613,2021-08-17,5 11 15 18 | 3 13 16 17
3614,2021-08-17,9 15 16 18 | 2 3 10 14
3615,2021-08-17,3 16 18 19 | 1 10 12 13
3616,2021-08-18,14 15 17 18 | 5 7 15 18
3617,2021-08-18,3 11 12 16 | 2 3 6 13
3618,2021-08-18,5 7 8 12 | 2 3 14 20
3619,2021-08-18,1 3 13 15 | 1 9 13 17
3620,2021-08-19,3 4 12 16 | 2 4 11 18
3621,2021-08-19,7 14 15 17 | 5 8 12 19
3622,2021-08-19,4 13 16 17 | 5 7 16 18
3623,2021-08-19,2 7 8 18 | 6 8 16 20
3624,2021-08-20,1 2 5 14 | 1 5 10 14
3625,2021-08-20,1 8 13 20 | 4 9 12 18
3626,2021-08-20,2 6 8 11 | 5 15 16 17
3627,2021-08-20,6 13 17 18 | 2 3 5 10
3628,2021-08-21,2 10 13 15 | 2 5 6 16
3629,2021-08-21,6 7 10 13 | 3 4 13 17
3630,2021-08-21,1 4 11 15 | 1 4 10 19
3631,2021-08-21,1 8 10 18 | 2 10 11 15
3632,2021-08-22,7 11 12 19 | 5 10 16 17
3633,2021-08-22,10 11 14 16 | 4 10 13 17
3634,2021-08-22,4 7 11 17 | 10 11 13 16
3635,2021-08-22,6 10 16 17 | 1 5 8 18
3636,2021-08-23,7 17 19 20 | 6 8 10 12
3637,2021-08-23,8 11 16 18 | 9 14 15 20
3638,2021-08-23,1 4 12 15 | 1 2 9 20
3639,2021-08-23,3 8 14 20 | 1 6 8 18
3640,2021-08-24,3 5 15 19 | 7 13 17 20
3641,2021-08-24,10 13 14 20 | 9 10 14 19
3642,2021-08-24,7 8 12 13 | 6 10 18 19
3643,2021-08-24,1 9 10 16 | 2 3 8 13
3644,2021-08-25,5 8 9 17 | 3 5 12 17
3645,2021-08-25,6 7 18 20 | 1 2 18 20
3646,2021-08-25,8 9 16 20 | 2 4 5 13
3647,2021-08-25,4 10 13 15 | 7 9 10 18
3648,2021-08-26,2 9 11 17 | 5 7 9 17
3649,2021-08-26,3 4 10 19 | 2 4 7 11
3650,2021-08-26,1 9 12 13 | 2 10 13 17
3651,2021-08-26,6 7 16 20 | 2 9 10 17
3652,2021-08-27,1 6 7 14 | 1 4 13 17
3653,2021-08-27,2 6 10 14 | 8 10 14 17
3654,2021-08-27,1 4 7 13 | 12 16 18 20
3655,2021-08-27,7 8 10 14 | 9 11 14 18
3656,2021-08-28,2 5 14 17 | 1 2 13 16
3657,2021-08-28,1 5 8 16 | 4 7 13 16
3658,2021-08-28,2 3 5 17 | 7 10 11 14
3659,2021-08-28,10 11 17 19 | 2 10 11 17
3660,2021-08-29,7 8 19 20 | 1 10 15 20
3661,2021-08-29,1 5 8 20 | 1 4 6 18
3662,2021-08-29,2 15 17 19 | 3 4 11 15
3663,2021-08-29,8 12 13 20 | 3 13 18 19
3664,2021-08-30,13 17 19 20 | 1 2 6 18
3665,2021-08-30,6 15 17 19 | 1 10 14 15
3666,2021-08-30,2 13 17 19 | 6 7 10 11
3667,2021-08-30,6 10 16 19 | 5 13 14 17
3668,2021-08-31,5 12 17 20 | 4 7 9 13
3669,2021-08-31,1 5 6 18 | 2 12 16 18
3670,2021-08-31,3 10 11 15 | 13 16 17 20
3671,2021-08-31,1 17 18 19 | 4 11 16 19
3672,2021-09-01,5 8 10 15 | 1 6 16 18
3673,2021-09-01,4 12 17 18 | 4 7 11 13
3674,2021-09-01,3 5 13 15 | 1 9 10 14
3675,2021-09-01,2 11 13 15 | 6 16 17 19
3676,2021-09-02,2 10 12 18 | 1 7 8 12
3677,2021-09-02,2 9 12 17 | 3 6 7 12
3678,2021-09-02,2 9 13 18 | 4 7 11 18
3679,2021-09-02,8 9 15 18 | 9 13 15 17
3680,2021-09-03,1 2 16 20 | 1 2 5 7
3681,2021-09-03,5 7 12 19 | 3 5 10 11
3682,2021-09-03,4 7 12 13 | 4 6 7 11
3683,2021-09-03,12 13 14 15 | 2 5 6 19
3684,2021-09-04,1 12 13 19 | 8 16 17 20
3685,2021-09-04,5 6 8 12 | 2 10 11 13
3686,2021-09-04,4 7 12 14 | 5 12 13 14
3687,2021-09-04,6 10 19 20 | 3 4 6 15
3688,2021-09-05,1 9 12 20 | 10 12 16 17
3689,2021-09-05,2 11 18 20 | 5 12 17 20
3690,2021-09-05,1 4 7 20 | 3 8 13 17
3691,2021-09-05,9 10 12 13 | 10 14 17 18
3692,2021-09-06,7 8 18 19 | 7 10 13 19
3693,2021-09-06,8 12 18 20 | 14 15 17 20
3694,2021-09-06,1 3 5 18 | 1 5 11 13
3695,2021-09-06,1 9 15 18 | 2 12 17 20
3696,2021-09-07,7 14 15 18 | 5 13 14 16
3697,2021-09-07,1 7 13 14 | 7 8 12 15
3698,2021-09-07,4 8 9 11 | 9 11 16 19
3699,2021-09-07,4 7 16 20 | 12 18 19 20
3700,2021-09-08,4 7 15 18 | 1 3 9 15
3701,2021-09-08,1 8 10 17 | 4 10 14 16
3702,2021-09-08,3 7 9 18 | 5 7 10 19
3703,2021-09-08,3 6 8 16 | 8 11 17 20
3704,2021-09-09,6 10 15 20 | 1 2 5 15
3705,2021-09-09,6 13 14 15 | 3 15 16 17
3706,2021-09-09,1 2 9 18 | 1 2 4 18
3707,2021-09-09,3 7 14 20 | 2 6 7 14
3708,2021-09-10,3 9 10 16 | 7 8 12 19
3709,2021-09-10,2 7 12 16 | 3 12 15 18
3710,2021-09-10,1 6 10 16 | 3 4 8 20
3711,2021-09-10,8 16 17 18 | 2 4 9 10
3712,2021-09-11,3 6 11 13 | 4 11 16 19
3713,2021-09-11,1 2 6 12 | 2 10 13 16
3714,2021-09-11,2 7 10 14 | 3 6 10 20
3715,2021-09-11,8 9 19 20 | 13 14 17 20
3716,2021-09-12,6 9 15 20 | 5 8 12 17
3717,2021-09-12,1 5 6 9 | 6 15 17 19
3718,2021-09-12,1 5 15 17 | 5 12 14 20
3719,2021-09-12,5 8 16 20 | 8 13 14 16
3720,2021-09-13,1 2 3 9 | 3 17 18 20
3721,2021-09-13,8 10 13 18 | 1 9 10 13
3722,2021-09-13,1 12 15 20 | 4 11 14 20
3723,2021-09-13,1 2 11 18 | 5 7 11 12
3724,2021-09-14,12 14 16 17 | 2 3 17 19
3725,2021-09-14,6 8 16 17 | 3 8 10 15
3726,2021-09-14,1 4 7 12 | 2 4 14 19
3727,2021-09-14,4 5 8 15 | 3 4 18 20
3728,2021-09-15,5 6 9 16 | 4 5 14 19
3729,2021-09-15,9 11 12 17 | 4 7 15 18
3730,2021-09-15,10 14 16 18 | 2 7 9 17
3731,2021-09-15,7 9 11 18 | 4 13 15 18
3732,2021-09-16,6 7 15 18 | 1 5 11 17
3733,2021-09-16,2 6 13 17 | 14 15 17 20
3734,2021-09-16,3 4 12 17 | 1 2 16 19
3735,2021-09-16,1 9 12 18 | 4 8 9 18
3736,2021-09-17,11 12 16 19 | 3 6 12 18
3737,2021-09-17,4 10 14 17 | 3 12 15 18
3738,2021-09-17,3 8 15 20 | 3 12 14 15
3739,2021-09-17,1 6 12 15 | 1 3 17 19
3740,2021-09-18,4 6 10 19 | 2 14 15 20
3741,2021-09-18,7 12 13 14 | 2 9 10 18
3742,2021-09-18,4 9 13 16 | 6 7 10 20
3743,2021-09-18,2 17 18 19 | 1 3 5 6
3744,2021-09-19,2 7 8 17 | 3 4 18 19
3745,2021-09-19,2 8 16 20 | 1 3 10 15
3746,2021-09-19,5 8 11 12 | 8 13 16 20
3747,2021-09-19,4 9 13 16 | 7 13 15 18
3748,2021-09-20,2 3 5 18 | 4 16 18 20
3749,2021-09-20,2 6 7 8 | 4 5 17 19
3750,2021-09-20,4 8 14 16 | 1 4 5 19
3751,2021-09-20,1 6 10 14 | 6 11 16 18
3752,2021-09-21,3 4 5 20 | 1 8 18 20
3753,2021-09-21,8 16 17 19 | 6 7 12 15
3754,2021-09-21,4 5 7 14 | 5 9 10 14
3755,2021-09-21,5 14 19 20 | 14 15 17 20
3756,2021-09-22,1 2 4 8 | 1 5 11 12
3757,2021-09-22,3 10 11 12 | 4 6 11 20
3758,2021-09-22,3 5 9 14 | 3 9 10 19
3759,2021-09-22,2 3 10 19 | 3 6 16 18
3760,2021-09-23,7 13 14 15 | 3 4 14 19
3761,2021-09-23,5 11 13 17 | 5 8 12 17
3762,2021-09-23,1 6 10 17 | 5 6 11 18
3763,2021-09-23,7 9 12 13 | 2 13 15 19
3764,2021-09-24,1 6 8 14 | 3 10 11 20
3765,2021-09-24,4 11 13 19 | 1 4 14 20
3766,2021-09-24,3 6 11 20 | 12 17 18 19
3767,2021-09-24,3 7 8 13 | 6 7 19 20
3768,2021-09-25,6 9 10 19 | 6 10 13 15
3769,2021-09-25,7 9 15 16 | 10 11 14 15
3770,2021-09-25,8 10 11 12 | 1 2 15 17
3771,2021-09-25,8 10 12 17 | 2 6 9 16
3772,2021-09-26,4 5 9 10 | 8 11 17 18
3773,2021-09-26,4 6 16 20 | 1 9 14 19
3774,2021-09-26,12 13 19 20 | 1 10 13 16
3775,2021-09-26,1 17 18 20 | 10 16 19 20
3776,2021-09-27,3 4 11 14 | 2 3 4 10
3777,2021-09-27,4 5 12 19 | 1 3 12 14
3778,2021-09-27,3 12 13 17 | 1 5 7 10
3779,2021-09-27,2 5 11 15 | 13 14 18 19
3780,2021-09-28,1 2 5 10 | 3 14 15 20
3781,2021-09-28,1 11 13 17 | 8 9 10 14
3782,2021-09-28,11 13 14 19 | 2 3 15 18
3783,2021-09-28,1 2 11 14 | 4 8 12 19
3784,2021-09-29,1 11 12 13 | 3 12 19 20
3785,2021-09-29,2 5 7 19 | 3 11 13 20
3786,2021-09-29,1 9 10 20 | 4 5 9 10
3787,2021-09-29,2 3 7 8 | 1 8 14 15
3788,2021-09-30,1 6 13 17 | 4 5 14 17
3789,2021-09-30,3 8 13 14 | 4 8 9 14
3790,2021-09-30,1 8 9 10 | 6 10 17 20
3791,2021-09-30,5 10 11 20 | 5 7 10 13
3792,2021-10-01,2 4 19 20 | 3 11 18 19
3793,2021-10-01,9 14 15 20 | 8 12 14 20
3794,2021-10-01,12 13 15 16 | 8 9 14 15
3795,2021-10-01,1 3 17 20 | 1 3 13 15
3796,2021-10-02,5 15 18 19 | 8 10 15 19
3797,2021-10-02,2 5 8 19 | 16 17 19 20
3798,2021-10-02,1 6 9 16 | 9 10 17 20
3799,2021-10-02,4 12 14 19 | 7 9 13 16
3800,2021-10-03,9 11 15 16 | 10 12 16 18
3801,2021-10-03,7 11 16 18 | 3 4 6 19
3802,2021-10-03,5 7 18 19 | 1 11 18 20
3803,2021-10-03,3 13 16 17 | 3 9 11 19
3804,2021-10-04,6 8 13 20 | 6 13 14 15
3805,2021-10-04,5 11 17 19 | 4 6 10 16
3806,2021-10-04,3 8 13 17 | 5 8 13 18
3807,2021-10-04,5 12 17 18 | 2 3 8 18
3808,2021-10-05,1 4 12 20 | 2 3 11 15
3809,2021-10-05,11 16 17 19 | 2 8 11 17
3810,2021-10-05,3 8 16 20 | 13 14 15 17
3811,2021-10-05,1 5 6 17 | 10 13 16 19
3812,2021-10-06,9 12 14 19 | 5 6 12 14
3813,2021-10-06,1 2 9 20 | 1 4 8 15
3814,2021-10-06,1 4 13 14 | 1 5 10 15
3815,2021-10-06,7 9 11 14 | 3 4 8 19
3816,2021-10-07,4 10 14 16 | 4 13 18 20
3817,2021-10-07,1 6 14 18 | 9 13 16 17
3818,2021-10-07,4 8 12 20 | 1 6 11 12
3819,2021-10-07,3 4 7 12 | 1 9 13 18
3820,2021-10-08,1 2 8 16 | 1 4 10 19
3821,2021-10-08,10 11 12 13 | 2 3 9 11
3822,2021-10-08,1 5 12 20 | 7 10 15 17
3823,2021-10-08,2 9 11 14 | 1 4 9 18
3824,2021-10-09,5 11 15 19 | 7 14 17 18
3825,2021-10-09,2 10 11 17 | 4 8 15 18
3826,2021-10-09,4 5 13 18 | 6 11 13 14
3827,2021-10-10,1 4 10 14 | 1 4 6 8
3828,2021-10-10,4 9 14 20 | 4 6 13 18
3829,2021-10-10,2 12 13 19 | 5 6 12 20
3830,2021-10-11,2 4 11 20 | 3 8 12 16
3831,2021-10-11,8 16 18 19 | 7 9 11 18
3832,2021-10-11,1 3 9 15 | 2 4 7 20
3833,2021-10-11,1 7 8 18 | 2 3 13 19
3834,2021-10-12,8 9 10 16 | 1 7 14 19
3835,2021-10-12,1 2 14 15 | 4 6 14 18
3836,2021-10-12,1 2 16 19 | 3 6 9 18
3837,2021-10-12,8 14 16 19 | 3 9 12 19
3838,2021-10-13,1 9 12 13 | 7 11 12 15
3839,2021-10-13,8 11 13 15 | 1 2 9 18
3840,2021-10-13,4 8 9 19 | 5 13 14 20
3841,2021-10-13,5 7 13 16 | 3 4 11 18
3842,2021-10-14,3 17 18 20 | 7 10 12 16
3843,2021-10-14,10 12 17 20 | 3 7 13 20
3844,2021-10-14,2 4 15 18 | 3 8 11 16
3845,2021-10-14,11 12 18 19 | 8 13 15 19
3846,2021-10-15,1 4 8 10 | 8 9 16 18
3847,2021-10-15,13 15 17 19 | 1 2 11 15
3848,2021-10-15,6 9 11 12 | 14 15 19 20
3849,2021-10-15,4 5 15 20 | 5 6 8 9
3850,2021-10-16,7 11 13 15 | 9 12 14 16
3851,2021-10-16,1 7 12 16 | 8 12 18 20
3852,2021-10-16,6 7 9 18 | 1 2 10 14
3853,2021-10-16,1 13 14 20 | 3 10 11 14
3854,2021-10-17,2 3 4 19 | 7 9 14 15
3855,2021-10-17,2 13 15 20 | 1 8 13 15
3856,2021-10-17,6 14 17 20 | 5 17 19 20
3857,2021-10-17,3 5 9 16 | 5 16 18 20
3858,2021-10-18,5 9 16 18 | 10 11 12 13
3859,2021-10-18,8 10 11 14 | 1 9 11 19
3860,2021-10-18,3 12 14 20 | 1 2 5 18
3861,2021-10-18,1 4 5 11 | 1 3 5 15
3862,2021-10-19,1 9 10 19 | 4 9 16 19
3863,2021-10-19,7 9 11 18 | 3 5 7 15
3864,2021-10-19,3 6 14 18 | 8 11 12 14
3865,2021-10-19,5 12 13 15 | 4 7 12 17
3866,2021-10-20,6 15 16 17 | 4 10 13 18
3867,2021-10-20,3 4 10 16 | 1 5 15 18
3868,2021-10-20,1 7 9 15 | 2 11 14 20
3869,2021-10-20,4 8 13 18 | 1 6 9 11
3870,2021-10-21,10 15 16 17 | 12 15 19 20
3871,2021-10-21,1 5 7 11 | 2 5 12 19
3872,2021-10-21,1 3 6 20 | 1 2 3 12
3873,2021-10-21,7 8 9 14 | 2 3 8 16
3874,2021-10-22,1 4 9 12 | 9 11 13 16
3875,2021-10-22,4 6 15 20 | 11 13 19 20
3876,2021-10-22,4 6 17 19 | 8 12 19 20
3877,2021-10-22,3 6 18 19 | 5 7 11 13
3878,2021-10-23,4 6 9 17 | 3 5 6 16
3879,2021-10-23,1 2 8 15 | 2 10 16 20
3880,2021-10-23,3 4 5 15 | 3 8 10 18
3881,2021-10-23,3 4 6 19 | 2 8 15 16
3882,2021-10-24,7 12 14 19 | 1 14 18 19
3883,2021-10-24,1 8 12 14 | 4 7 10 16
3884,2021-10-24,4 7 13 17 | 5 15 16 19
3885,2021-10-24,2 11 12 19 | 7 10 13 20
3886,2021-10-25,2 5 14 17 | 4 7 8 12
3887,2021-10-25,5 6 9 10 | 7 12 14 16
3888,2021-10-25,5 12 16 17 | 2 10 18 19
3889,2021-10-25,4 5 7 12 | 1 4 6 7
3890,2021-10-26,5 9 12 16 | 1 6 11 13
3891,2021-10-26,2 9 12 18 | 3 8 19 20
3892,2021-10-26,5 9 10 13 | 6 13 16 17
3893,2021-10-26,9 10 13 15 | 4 9 17 20
3894,2021-10-27,4 5 12 15 | 2 5 9 10
3895,2021-10-27,1 12 14 16 | 4 11 16 19
3896,2021-10-27,5 8 12 20 | 5 15 17 19
3897,2021-10-27,1 7 15 18 | 5 17 18 19
3898,2021-10-28,3 11 18 20 | 8 10 12 16
3899,2021-10-28,3 16 19 20 | 8 14 16 17
3900,2021-10-28,11 16 17 20 | 5 10 16 17
3901,2021-10-28,1 13 15 20 | 4 9 13 19
3902,2021-10-29,8 9 16 19 | 1 18 19 20
3903,2021-10-29,3 5 17 18 | 7 10 11 15
3904,2021-10-29,5 7 8 11 | 2 12 13 20
3905,2021-10-29,10 14 15 19 | 6 15 17 19
3906,2021-10-30,8 11 12 16 | 6 12 18 19
3907,2021-10-30,1 6 13 18 | 1 12 13 18
3908,2021-10-30,1 7 14 16 | 2 10 11 19
3909,2021-10-30,8 9 11 20 | 14 17 19 20
3910,2021-10-31,1 7 10 20 | 5 8 15 16
3911,2021-10-31,3 9 10 19 | 1 4 19 20
3912,2021-10-31,3 7 16 17 | 8 9 16 20
3913,2021-10-31,3 7 11 20 | 4 9 10 15
3914,2021-11-01,11 13 14 15 | 4 7 8 10
3915,2021-11-01,1 8 11 18 | 1 11 12 13
3916,2021-11-01,4 7 13 14 | 11 17 18 19
3917,2021-11-01,6 12 18 20 | 6 9 18 19
3918,2021-11-02,4 11 17 19 | 15 16 17 20
3919,2021-11-02,2 7 17 18 | 2 11 13 16
3920,2021-11-02,10 14 16 17 | 1 7 13 19
3921,2021-11-02,4 5 14 19 | 1 7 11 18
3922,2021-11-03,11 17 19 20 | 1 4 6 9
3923,2021-11-03,9 10 13 18 | 1 4 14 20
3924,2021-11-03,2 12 16 20 | 3 15 16 20
3925,2021-11-03,2 7 10 17 | 4 5 15 17
3926,2021-11-04,2 10 18 19 | 7 12 15 20
3927,2021-11-04,6 12 16 18 | 1 8 17 19
3928,2021-11-04,2 3 14 18 | 3 5 8 16
3929,2021-11-04,4 9 16 19 | 2 7 18 20
3930,2021-11-05,7 11 18 19 | 6 10 16 20
3931,2021-11-05,1 13 19 20 | 6 7 15 16
3932,2021-11-05,3 8 14 17 | 8 15 18 20
3933,2021-11-05,4 9 10 17 | 2 4 12 20
3934,2021-11-06,1 9 14 19 | 10 12 15 20
3935,2021-11-06,2 8 14 17 | 3 5 10 17
3936,2021-11-06,1 4 10 14 | 2 7 13 18
3937,2021-11-06,11 12 13 17 | 1 2 4 6
3938,2021-11-07,2 9 12 18 | 3 8 14 18
3939,2021-11-07,2 8 11 16 | 2 6 8 13
3940,2021-11-07,5 12 15 19 | 8 14 16 20
3941,2021-11-07,7 10 14 16 | 2 5 12 15
3942,2021-11-08,1 2 12 18 | 7 11 13 17
3943,2021-11-08,1 5 15 19 | 1 6 13 18
3944,2021-11-08,1 5 6 15 | 8 11 12 15
3945,2021-11-08,1 4 15 20 | 2 3 5 7
3946,2021-11-09,1 6 11 19 | 6 12 13 17
3947,2021-11-09,1 6 9 17 | 3 4 9 20
3948,2021-11-09,1 12 17 19 | 4 11 16 18
3949,2021-11-09,2 6 11 16 | 1 2 3 12
3950,2021-11-10,1 6 7 12 | 1 4 11 20
3951,2021-11-10,3 9 12 15 | 1 2 6 14
3952,2021-11-10,3 5 17 18 | 4 7 12 14
3953,2021-11-10,3 9 10 17 | 6 8 10 20
3954,2021-11-11,8 10 15 18 | 1 14 16 19
3955,2021-11-11,3 6 8 10 | 2 4 9 10
3956,2021-11-11,4 11 12 14 | 5 9 12 15
3957,2021-11-11,3 5 16 19 | 10 12 13 19
3958,2021-11-12,3 5 13 17 | 14 16 19 20
3959,2021-11-12,2 6 7 12 | 3 4 14 15
3960,2021-11-12,9 10 15 20 | 3 7 10 19
3961,2021-11-12,2 4 16 19 | 4 8 12 16
3962,2021-11-13,7 11 13 20 | 1 2 8 15
3963,2021-11-13,1 11 16 18 | 4 8 14 18
3964,2021-11-13,10 15 16 19 | 2 7 9 15
3965,2021-11-13,3 11 16 19 | 1 4 6 10
3966,2021-11-14,11 13 17 18 | 5 7 9 10
3967,2021-11-14,1 5 15 18 | 1 6 8 12
3968,2021-11-14,1 6 7 13 | 1 5 9 13
3969,2021-11-14,5 6 11 12 | 3 10 11 15
3970,2021-11-15,1 6 16 19 | 2 3 12 17
3971,2021-11-15,10 12 13 18 | 1 11 17 20
3972,2021-11-15,2 4 10 11 | 6 14 18 20
3973,2021-11-15,2 8 9 16 | 2 16 17 19
3974,2021-11-16,3 10 13 14 | 5 6 8 20
3975,2021-11-16,1 4 10 20 | 3 4 8 13
3976,2021-11-16,7 8 16 20 | 5 13 14 16
3977,2021-11-16,7 11 15 20 | 1 8 11 12
3978,2021-11-17,1 7 8 12 | 4 5 14 18
3979,2021-11-17,2 8 15 18 | 1 7 12 20
3980,2021-11-17,2 11 18 19 | 2 4 5 7
3981,2021-11-17,9 12 13 15 | 3 7 12 18
3982,2021-11-18,2 5 13 18 | 2 3 5 16
3983,2021-11-18,1 5 7 14 | 4 11 18 19
3984,2021-11-18,6 9 10 17 | 4 10 11 19
3985,2021-11-18,11 14 16 17 | 3 4 5 20
3986,2021-11-19,3 11 14 16 | 1 9 17 19
3987,2021-11-19,4 6 7 15 | 1 12 15 19
3988,2021-11-19,3 6 9 17 | 7 9 15 18
3989,2021-11-19,1 4 7 18 | 7 10 12 17
3990,2021-11-20,5 9 11 18 | 1 11 16 18
3991,2021-11-20,4 10 12 18 | 8 12 13 16
3992,2021-11-20,6 11 12 17 | 6 8 19 20
3993,2021-11-20,2 14 16 18 | 5 9 10 17
3994,2021-11-21,1 7 10 13 | 3 5 14 19
3995,2021-11-21,6 15 16 17 | 2 6 17 19
3996,2021-11-21,2 8 11 20 | 1 4 6 17
3997,2021-11-21,2 4 6 7 | 3 13 14 19
3998,2021-11-22,4 5 8 19 | 4 8 11 14
3999,2021-11-22,4 15 16 19 | 2 5 7 14
4000,2021-11-22,8 14 15 18 | 5 12 14 18
4001,2021-11-22,7 12 15 16 | 2 17 18 19
4002,2021-11-23,5 7 15 18 | 7 9 15 17
4003,2021-11-23,3 6 8 16 | 1 11 15 19
4004,2021-11-23,8 9 11 14 | 11 12 18 19
4005,2021-11-23,2 4 8 9 | 8 14 15 16
4006,2021-11-24,7 9 10 13 | 4 7 16 18
4007,2021-11-24,3 6 13 14 | 5 11 14 20
4008,2021-11-24,3 8 15 20 | 2 8 13 15
4009,2021-11-24,2 3 5 17 | 7 8 15 18
4010,2021-11-25,1 9 14 16 | 5 11 15 17
4011,2021-11-25,1 2 8 10 | 3 14 18 20
4012,2021-11-25,6 8 9 13 | 1 2 10 15
4013,2021-11-25,5 9 10 11 | 7 8 14 15
4014,2021-11-26,7 10 19 20 | 1 3 19 20
4015,2021-11-26,3 12 19 20 | 5 6 19 20
4016,2021-11-26,1 8 11 12 | 6 13 15 20
4017,2021-11-26,6 13 19 20 | 3 12 13 20
4018,2021-11-27,4 7 14 17 | 4 11 12 18
4019,2021-11-27,10 15 16 19 | 6 12 14 16
4020,2021-11-27,5 7 10 20 | 4 7 10 14
4021,2021-11-27,1 3 13 15 | 2 5 8 15
4022,2021-11-28,13 15 16 17 | 5 7 11 20
4023,2021-11-28,7 10 14 20 | 1 7 16 19
4024,2021-11-28,5 9 14 15 | 1 3 6 9
4025,2021-11-28,7 14 17 18 | 9 12 14 20
4026,2021-11-29,2 4 10 12 | 8 9 17 19
4027,2021-11-29,7 10 11 19 | 9 11 18 20
4028,2021-11-29,9 13 18 19 | 9 12 17 20
4029,2021-11-29,1 4 10 20 | 12 15 17 20
4030,2021-11-30,1 2 16 19 | 1 7 11 16
4031,2021-11-30,2 4 6 9 | 2 10 14 18
4032,2021-11-30,9 10 14 19 | 4 9 12 15
4033,2021-11-30,5 14 16 20 | 2 17 18 20
4034,2021-12-01,2 5 15 18 | 1 5 12 18
4035,2021-12-01,7 10 11 20 | 4 12 16 17
4036,2021-12-01,3 5 6 10 | 4 9 10 11
4037,2021-12-01,1 10 13 15 | 1 5 12 16
4038,2021-12-02,1 17 19 20 | 7 16 17 18
4039,2021-12-02,3 5 18 20 | 1 7 8 13
4040,2021-12-02,3 6 11 20 | 9 12 15 16
4041,2021-12-02,1 5 6 16 | 1 2 11 13
4042,2021-12-03,1 10 12 17 | 8 10 13 17
4043,2021-12-03,2 6 7 18 | 2 3 8 17
4044,2021-12-03,4 9 10 14 | 6 9 12 14
4045,2021-12-03,6 8 14 16 | 1 2 18 20
4046,2021-12-04,10 14 15 18 | 5 13 15 18
4047,2021-12-04,2 7 8 18 | 8 10 14 16
4048,2021-12-04,8 12 15 17 | 4 16 18 19
4049,2021-12-04,4 6 11 12 | 7 8 13 14
4050,2021-12-05,8 13 16 19 | 1 5 6 12
4051,2021-12-05,1 5 7 11 | 2 8 15 18
4052,2021-12-05,1 3 6 8 | 11 17 18 19
4053,2021-12-05,4 11 13 14 | 5 8 12 17
4054,2021-12-06,10 11 14 19 | 4 5 11 12
4055,2021-12-06,1 2 13 19 | 2 10 12 18
4056,2021-12-06,5 8 12 14 | 1 7 18 20
4057,2021-12-06,6 8 9 10 | 2 7 16 18
4058,2021-12-07,11 12 13 19 | 10 11 18 19
4059,2021-12-07,6 12 15 18 | 1 11 13 19
4060,2021-12-07,9 11 17 20 | 6 10 15 19
4061,2021-12-07,1 2 11 19 | 3 5 12 17
4062,2021-12-08,1 11 13 19 | 5 7 19 20
4063,2021-12-08,5 7 10 12 | 6 11 16 20
4064,2021-12-08,2 10 17 19 | 2 3 17 18
4065,2021-12-08,11 13 17 19 | 13 16 17 19
4066,2021-12-09,2 11 13 16 | 3 7 12 17
4067,2021-12-09,7 8 15 20 | 1 7 14 18
4068,2021-12-09,1 3 17 19 | 1 2 5 13
4069,2021-12-09,2 5 17 18 | 2 9 12 16
4070,2021-12-10,1 18 19 20 | 9 11 15 17
4071,2021-12-10,4 5 17 18 | 8 9 13 20
4072,2021-12-10,7 10 12 17 | 10 11 18 19
4073,2021-12-10,3 4 16 18 | 6 11 14 15
4074,2021-12-11,2 12 13 16 | 1 14 16 18
4075,2021-12-11,1 7 8 10 | 4 5 10 13
4076,2021-12-11,4 5 7 20 | 4 13 17 18
4077,2021-12-11,10 12 13 16 | 6 8 16 20
4078,2021-12-12,8 12 19 20 | 2 3 16 19
4079,2021-12-12,5 7 9 14 | 2 10 11 13
4080,2021-12-12,8 10 11 20 | 5 8 10 20
4081,2021-12-12,4 10 11 15 | 2 4 8 11
4082,2021-12-13,2 6 16 20 | 6 9 11 19
4083,2021-12-13,7 11 17 18 | 2 8 10 13
4084,2021-12-13,6 8 9 19 | 8 10 13 14
4085,2021-12-13,2 9 12 15 | 4 9 14 15
4086,2021-12-14,4 12 14 16 | 1 6 9 10
4087,2021-12-14,1 6 11 16 | 3 10 13 20
4088,2021-12-14,6 8 19 20 | 1 5 10 15
4089,2021-12-14,2 3 5 15 | 5 9 14 16
4090,2021-12-15,4 5 7 9 | 2 6 10 14
4091,2021-12-15,2 5 12 20 | 5 6 19 20
4092,2021-12-15,9 11 14 16 | 6 12 15 17
4093,2021-12-15,2 6 12 20 | 11 14 17 19
4094,2021-12-16,7 9 13 14 | 1 5 12 14
4095,2021-12-16,5 7 16 17 | 4 10 11 19
4096,2021-12-16,6 7 8 13 | 2 5 6 15
4097,2021-12-16,5 8 12 18 | 1 2 3 20
4098,2021-12-17,8 11 16 17 | 6 11 13 17
4099,2021-12-17,7 9 10 16 | 1 6 9 11
4100,2021-12-17,5 9 11 18 | 10 16 17 20
4101,2021-12-17,8 9 16 18 | 1 12 16 17
4102,2021-12-18,2 6 13 18 | 4 5 8 17
4103,2021-12-18,2 3 6 15 | 1 6 7 13
4104,2021-12-18,1 5 10 12 | 7 9 12 17
4105,2021-12-18,1 3 4 14 | 11 13 15 20
4106,2021-12-19,2 3 11 18 | 4 14 16 18
4107,2021-12-19,5 7 13 17 | 3 4 8 20
4108,2021-12-19,8 9 15 19 | 2 6 7 18
4109,2021-12-19,8 14 17 18 | 5 8 12 16
4110,2021-12-20,2 5 13 19 | 1 5 9 14
4111,2021-12-20,5 11 13 14 | 8 9 12 20
4112,2021-12-20,11 16 17 18 | 1 5 8 15
4113,2021-12-20,6 7 8 16 | 1 12 15 16
4114,2021-12-21,6 7 11 16 | 3 10 14 20
4115,2021-12-21,3 7 12 17 | 3 7 11 18
4116,2021-12-21,3 11 12 14 | 5 12 13 15
4117,2021-12-21,5 8 11 15 | 5 11 18 19
4118,2021-12-22,1 6 7 11 | 1 12 13 18
4119,2021-12-22,1 9 13 20 | 1 2 9 19
4120,2021-12-22,1 3 6 14 | 4 10 11 13
4121,2021-12-22,1 4 15 18 | 3 7 12 18
4122,2021-12-23,7 8 14 18 | 4 8 17 18
4123,2021-12-23,3 8 16 19 | 5 12 14 19
4124,2021-12-23,11 13 14 19 | 8 9 12 17
4125,2021-12-23,6 8 15 20 | 8 10 12 13
4126,2021-12-24,4 7 19 20 | 10 12 14 16
4127,2021-12-24,5 9 18 19 | 7 11 15 17
4128,2021-12-24,5 10 19 20 | 10 13 17 18
4129,2021-12-24,2 6 9 16 | 3 4 15 20
4130,2021-12-25,2 12 15 16 | 2 6 7 9
4131,2021-12-25,1 3 12 17 | 6 12 13 14
4132,2021-12-25,2 6 13 17 | 11 12 18 19
4133,2021-12-25,4 8 14 19 | 2 3 5 16
4134,2021-12-26,2 10 12 14 | 3 4 6 7
4135,2021-12-26,3 5 6 9 | 6 7 9 17
4136,2021-12-26,2 6 17 19 | 4 8 9 17
4137,2021-12-26,3 5 7 9 | 1 2 10 18
4138,2021-12-27,8 16 17 19 | 5 9 11 18
4139,2021-12-27,1 2 3 12 | 1 8 10 17
4140,2021-12-27,2 5 6 12 | 6 8 13 17
4141,2021-12-27,7 12 16 17 | 1 4 8 15
4142,2021-12-28,3 6 11 18 | 6 16 17 18
4143,2021-12-28,3 5 13 16 | 1 2 5 14
4144,2021-12-28,4 6 9 10 | 1 4 11 14
4145,2021-12-28,1 10 12 16 | 3 4 7 10
4146,2021-12-29,1 7 9 12 | 6 10 13 19
4147,2021-12-29,2 12 13 18 | 2 4 5 12
4148,2021-12-29,2 8 13 18 | 3 6 8 18
4149,2021-12-29,4 13 14 19 | 1 2 14 17
4150,2021-12-30,4 12 17 19 | 1 8 10 19
4151,2021-12-30,4 5 7 16 | 1 6 10 16
4152,2021-12-30,2 8 16 17 | 3 10 12 14
4153,2021-12-30,2 8 15 16 | 1 2 16 18
4154,2021-12-31,2 6 9 17 | 4 12 14 17
4155,2021-12-31,4 5 7 13 | 7 9 11 17
4156,2021-12-31,9 10 13 14 | 1 11 12 19
4157,2021-12-31,8 11 12 19 | 3 5 15 17
4158,2022-01-01,3 7 9 12 | 2 6 19 20
4159,2022-01-01,4 7 13 19 | 1 2 12 17
4160,2022-01-01,1 2 11 20 | 3 4 10 15
4161,2022-01-01,1 5 10 11 | 8 9 15 18
4162,2022-01-02,4 6 18 19 | 8 9 18 19
4163,2022-01-02,1 3 5 8 | 4 10 12 17
4164,2022-01-02,3 7 11 18 | 3 5 14 19
4165,2022-01-02,3 6 7 15 | 5 7 11 15
4166,2022-01-03,1 6 11 17 | 3 9 13 15
4167,2022-01-03,1 10 13 18 | 4 7 10 15
4168,2022-01-03,1 9 12 16 | 1 6 13 19
4169,2022-01-03,2 5 7 10 | 5 10 11 16
4170,2022-01-04,6 8 14 18 | 5 7 9 20
4171,2022-01-04,4 6 9 18 | 10 11 12 13
4172,2022-01-04,2 12 14 18 | 3 4 8 19
4173,2022-01-04,1 5 13 14 | 3 4 10 19
4174,2022-01-05,6 12 18 19 | 5 9 13 15
4175,2022-01-05,10 13 16 19 | 4 5 14 19
4176,2022-01-05,1 11 18 20 | 2 8 9 13
4177,2022-01-05,7 9 16 18 | 7 13 19 20
4178,2022-01-06,3 5 7 13 | 2 3 12 17
4179,2022-01-06,2 3 5 19 | 4 12 17 19
4180,2022-01-06,1 2 5 9 | 6 16 17 18
4181,2022-01-06,2 3 4 18 | 6 7 9 14
4182,2022-01-07,6 17 19 20 | 3 14 18 20
4183,2022-01-07,2 8 15 19 | 7 10 16 18
4184,2022-01-07,5 9 15 16 | 11 12 13 20
4185,2022-01-07,4 15 18 19 | 4 13 14 18
4186,2022-01-08,7 10 11 13 | 3 4 6 15
4187,2022-01-08,2 16 17 19 | 4 15 19 20
4188,2022-01-08,3 9 12 20 | 3 5 12 19
4189,2022-01-08,2 4 5 14 | 2 12 19 20
4190,2022-01-09,2 9 14 20 | 1 2 4 19
4191,2022-01-09,2 3 9 11 | 7 12 17 18
4192,2022-01-09,6 9 17 20 | 1 6 9 15
4193,2022-01-09,2 6 10 19 | 5 6 8 19
4194,2022-01-10,2 3 4 15 | 1 3 8 15
4195,2022-01-10,1 4 7 14 | 2 14 18 19
4196,2022-01-10,1 6 12 13 | 1 10 11 19
4197,2022-01-10,1 10 12 18 | 8 10 15 17
4198,2022-01-11,3 6 8 20 | 11 16 18 19
4199,2022-01-11,4 8 13 17 | 5 14 15 19
4200,2022-01-11,4 5 16 18 | 1 10 11 16
4201,2022-01-11,1 9 10 17 | 4 15 18 20
4202,2022-01-12,5 7 16 20 | 4 12 16 18
4203,2022-01-12,1 7 11 20 | 7 9 14 20
4204,2022-01-12,5 6 12 15 | 7 10 13 18
4205,2022-01-12,8 12 14 17 | 3 6 13 15
4206,2022-01-13,6 11 15 17 | 3 8 13 17
4207,2022-01-13,8 9 18 19 | 1 6 17 20
4208,2022-01-13,2 3 8 12 | 2 5 6 13
4209,2022-01-13,2 3 8 20 | 2 7 18 19
4210,2022-01-14,1 4 14 18 | 1 10 12 14
4211,2022-01-14,9 16 17 19 | 3 8 9 15
4212,2022-01-14,7 14 17 18 | 6 9 15 20
4213,2022-01-14,4 9 13 18 | 2 5 6 16
4214,2022-01-15,4 6 8 16 | 1 7 8 19
4215,2022-01-15,8 9 15 16 | 14 16 17 19
4216,2022-01-15,4 6 9 20 | 5 11 12 20
4217,2022-01-15,3 4 15 17 | 7 12 13 16
4218,2022-01-16,5 7 14 15 | 3 4 6 13
4219,2022-01-16,1 3 5 16 | 1 7 13 19
4220,2022-01-16,1 8 13 16 | 1 9 17 18
4221,2022-01-16,3 9 16 20 | 5 11 16 17
4222,2022-01-17,2 11 19 20 | 7 9 13 20
4223,2022-01-17,5 6 8 15 | 1 2 12 16
4224,2022-01-17,2 5 6 11 | 7 10 17 18
4225,2022-01-17,5 10 11 20 | 2 6 7 11
4226,2022-01-18,9 10 15 18 | 2 6 14 19
4227,2022-01-18,10 15 16 17 | 4 9 12 16
4228,2022-01-18,1 2 8 20 | 5 6 7 20
4229,2022-01-18,1 2 7 17 | 6 16 19 20
4230,2022-01-19,5 11 14 19 | 2 11 16 17
4231,2022-01-19,7 12 15 18 | 10 14 15 16
4232,2022-01-19,9 12 13 20 | 1 3 14 15
4233,2022-01-19,4 10 14 18 | 1 3 7 12
4234,2022-01-20,10 11 12 15 | 2 3 12 17
4235,2022-01-20,9 13 15 17 | 11 16 19 20
4236,2022-01-20,5 8 17 19 | 7 13 14 20
4237,2022-01-20,8 15 16 17 | 6 8 13 14
4238,2022-01-21,1 4 8 20 | 2 5 14 17
4239,2022-01-21,9 10 15 19 | 2 9 10 17
4240,2022-01-21,4 5 14 17 | 8 9 11 18
4241,2022-01-21,1 4 15 20 | 2 6 7 8
4242,2022-01-22,2 5 7 14 | 3 4 15 17
4243,2022-01-22,9 11 12 15 | 1 13 14 16
4244,2022-01-22,2 10 12 14 | 2 4 18 20
4245,2022-01-22,2 7 13 19 | 4 6 12 13
4246,2022-01-23,2 6 15 19 | 2 5 6 16
4247,2022-01-23,1 5 17 18 | 2 3 15 19
4248,2022-01-23,13 15 19 20 | 3 4 5 11
4249,2022-01-23,6 7 15 16 | 4 5 8 13
4250,2022-01-24,4 8 11 12 | 3 6 13 19
4251,2022-01-24,12 14 16 17 | 5 16 18 19
4252,2022-01-24,2 6 10 18 | 8 11 17 20
4253,2022-01-24,6 8 11 20 | 6 10 11 15
4254,2022-01-25,2 10 14 20 | 1 12 13 16
4255,2022-01-25,1 2 7 16 | 1 2 10 12
4256,2022-01-25,3 8 15 17 | 4 5 11 18
4257,2022-01-25,3 5 11 12 | 10 15 16 20
4258,2022-01-26,7 10 12 20 | 14 15 18 19
4259,2022-01-26,2 9 10 19 | 2 4 10 18
4260,2022-01-26,4 5 6 20 | 3 10 12 13
4261,2022-01-26,1 3 5 9 | 14 16 17 20
4262,2022-01-27,1 5 6 12 | 1 5 11 19
4263,2022-01-27,7 12 13 17 | 4 9 12 20
4264,2022-01-27,4 5 16 18 | 10 18 19 20
4265,2022-01-27,6 12 13 15 | 3 10 17 18
4266,2022-01-28,5 9 10 19 | 5 12 13 19
4267,2022-01-28,12 16 17 20 | 1 3 7 9
4268,2022-01-28,1 4 10 20 | 2 7 10 19
4269,2022-01-28,4 12 17 20 | 6 8 11 17
4270,2022-01-29,3 12 13 16 | 4 12 15 20
4271,2022-01-29,9 12 14 18 | 2 3 14 17
4272,2022-01-29,2 3 5 14 | 7 10 14 17
4273,2022-01-29,7 8 11 12 | 3 4 7 12
4274,2022-01-30,4 5 19 20 | 5 11 14 15
4275,2022-01-30,1 2 5 10 | 4 15 17 19
4276,2022-01-30,6 13 17 19 | 5 16 18 19
4277,2022-01-30,1 6 17 18 | 4 10 13 16
4278,2022-01-31,6 7 9 16 | 6 7 11 17
4279,2022-01-31,7 8 15 20 | 2 6 13 18
4280,2022-01-31,5 11 15 16 | 5 6 11 14
4281,2022-01-31,2 5 14 20 | 1 5 10 12
4282,2022-02-01,1 6 13 17 | 3 10 17 18
4283,2022-02-01,3 6 7 19 | 2 8 12 17
4284,2022-02-01,5 6 13 19 | 1 8 14 20
4285,2022-02-01,6 13 14 17 | 3 4 11 15
4286,2022-02-02,4 6 15 19 | 10 13 18 20
4287,2022-02-02,5 9 11 14 | 7 9 16 18
4288,2022-02-02,4 7 11 20 | 5 6 18 19
4289,2022-02-02,1 5 7 16 | 9 11 13 18
4290,2022-02-03,1 14 18 20 | 7 13 14 19
4291,2022-02-03,1 7 10 20 | 7 8 9 19
4292,2022-02-03,4 13 16 18 | 8 11 12 14
4293,2022-02-03,3 11 17 18 | 1 2 16 18
4294,2022-02-04,2 5 9 13 | 6 13 15 17
4295,2022-02-04,1 6 12 13 | 4 8 10 11
4296,2022-02-04,2 5 19 20 | 4 9 11 19
4297,2022-02-04,2 3 5 14 | 9 11 16 20
4298,2022-02-05,2 6 7 9 | 1 13 16 17
4299,2022-02-05,6 10 14 16 | 1 3 6 16
4300,2022-02-05,10 13 19 20 | 4 5 13 16
4301,2022-02-05,8 9 12 16 | 9 10 14 15
4302,2022-02-06,3 7 13 16 | 7 8 12 14
4303,2022-02-06,4 6 8 16 | 11 15 17 20
4304,2022-02-06,2 8 9 19 | 2 6 7 14
4305,2022-02-06,2 8 11 17 | 5 6 17 18
4306,2022-02-07,6 9 12 14 | 1 12 14 20
4307,2022-02-07,2 4 13 18 | 5 7 13 17
4308,2022-02-07,2 6 17 20 | 3 10 11 16
4309,2022-02-07,7 13 15 18 | 3 8 9 12
4310,2022-02-08,5 7 10 14 | 1 7 9 11
4311,2022-02-08,6 7 11 12 | 2 15 18 20
4312,2022-02-08,8 9 14 16 | 1 6 9 17
4313,2022-02-08,1 9 10 11 | 1 10 16 20
4314,2022-02-09,2 4 5 8 | 2 9 12 15
4315,2022-02-09,1 2 7 18 | 5 7 15 20
4316,2022-02-09,1 3 5 13 | 3 7 10 13
4317,2022-02-09,1 7 15 18 | 3 7 11 19
4318,2022-02-10,1 3 9 20 | 5 7 10 15
4319,2022-02-10,3 7 12 17 | 3 13 18 20
4320,2022-02-10,2 8 11 18 | 1 3 7 19
4321,2022-02-10,3 5 15 19 | 3 12 15 19
4322,2022-02-11,6 11 15 19 | 5 10 12 14
4323,2022-02-11,3 4 13 18 | 13 14 16 20
4324,2022-02-11,5 13 17 18 | 6 8 10 19
4325,2022-02-11,7 10 13 17 | 5 10 11 14
4326,2022-02-12,7 12 16 20 | 1 7 13 18
4327,2022-02-12,3 5 10 14 | 7 10 12 16
4328,2022-02-12,3 8 10 14 | 2 6 16 17
4329,2022-02-12,2 4 11 13 | 1 8 14 19
4330,2022-02-13,1 4 7 17 | 5 8 14 18
4331,2022-02-13,6 10 11 12 | 7 13 15 20
4332,2022-02-13,2 6 9 18 | 2 10 15 19
4333,2022-02-13,3 6 9 18 | 4 7 8 15
4334,2022-02-14,3 8 15 20 | 1 9 13 20
4335,2022-02-14,6 16 17 18 | 1 3 11 12
4336,2022-02-14,2 3 13 16 | 2 8 11 17
4337,2022-02-14,2 6 12 20 | 1 3 19 20
4338,2022-02-15,3 9 11 14 | 6 13 15 20
4339,2022-02-15,2 12 15 16 | 3 5 17 18
4340,2022-02-15,4 9 13 15 | 10 11 13 15
4341,2022-02-15,4 5 7 19 | 2 3 7 16
4342,2022-02-16,5 6 9 16 | 4 9 10 13
4343,2022-02-16,2 5 18 20 | 3 9 13 20
4344,2022-02-16,9 13 15 17 | 3 12 16 18
4345,2022-02-16,1 4 5 9 | 3 5 17 19
4346,2022-02-17,1 4 6 20 | 1 2 13 14
4347,2022-02-17,3 7 9 20 | 3 7 15 16
4348,2022-02-17,1 3 14 20 | 2 5 11 12
4349,2022-02-17,3 10 12 17 | 2 10 16 18
4350,2022-02-18,2 3 10 19 | 2 5 6 18
4351,2022-02-18,3 15 16 17 | 3 4 6 18
4352,2022-02-18,8 10 17 19 | 2 12 13 15
4353,2022-02-18,2 5 13 18 | 4 6 11 20
4354,2022-02-19,8 9 18 19 | 4 7 18 19
4355,2022-02-19,4 10 12 14 | 8 11 19 20
4356,2022-02-19,1 10 13 14 | 3 12 13 20
4357,2022-02-19,1 5 8 20 | 4 7 12 18
4358,2022-02-20,10 11 12 15 | 6 7 11 17
4359,2022-02-20,1 6 11 16 | 4 13 16 18
4360,2022-02-20,1 7 13 20 | 8 13 15 18
4361,2022-02-20,2 6 9 17 | 4 7 12 16
4362,2022-02-21,1 9 13 15 | 9 11 12 20
4363,2022-02-21,2 6 15 18 | 3 4 13 17
4364,2022-02-21,5 8 12 13 | 5 10 16 19
4365,2022-02-21,3 4 11 15 | 3 8 12 14
4366,2022-02-22,4 5 11 18 | 4 7 9 10
4367,2022-02-22,1 3 5 18 | 3 8 15 17
4368,2022-02-22,1 3 10 11 | 4 9 13 20
4369,2022-02-22,2 4 10 20 | 3 4 11 15
4370,2022-02-23,3 6 11 14 | 16 17 18 20
4371,2022-02-23,1 4 8 18 | 5 6 16 19
4372,2022-02-23,3 4 7 19 | 2 3 10 14
4373,2022-02-23,1 4 18 20 | 4 9 13 18
4374,2022-02-24,3 5 9 13 | 8 14 18 19
4375,2022-02-24,9 13 14 16 | 3 6 14 20
4376,2022-02-24,6 15 16 18 | 3 5 9 17
4377,2022-02-24,4 5 9 17 | 3 4 7 17
4378,2022-02-25,3 10 17 18 | 1 4 7 11
4379,2022-02-25,2 5 14 17 | 1 3 18 20
4380,2022-02-25,4 6 11 15 | 7 8 15 20
4381,2022-02-25,3 5 7 18 | 1 2 6 10
4382,2022-02-26,1 10 17 18 | 8 9 15 18
4383,2022-02-26,3 5 7 14 | 5 11 12 14
4384,2022-02-26,7 8 16 19 | 4 10 12 15
4385,2022-02-27,3 9 11 17 | 3 5 9 11
4386,2022-02-27,6 10 12 16 | 4 10 16 20
4387,2022-02-27,1 13 18 19 | 11 12 14 15
4388,2022-02-28,5 10 11 13 | 5 10 11 17
4389,2022-02-28,7 10 17 18 | 4 8 10 13
4390,2022-02-28,3 8 15 16 | 7 15 17 20
4391,2022-02-28,6 10 11 16 | 3 4 9 13
4392,2022-03-01,13 17 18 20 | 3 8 10 11
4393,2022-03-01,5 7 15 16 | 6 8 10 11
4394,2022-03-01,4 6 10 15 | 1 5 17 18
4395,2022-03-01,1 9 10 16 | 4 7 10 14
4396,2022-03-02,7 9 11 19 | 6 8 11 18
4397,2022-03-02,5 6 7 13 | 6 7 8 13
4398,2022-03-02,5 7 14 17 | 10 11 14 19
4399,2022-03-02,1 5 14 15 | 5 9 10 18
4400,2022-03-03,1 6 17 20 | 9 10 14 20
4401,2022-03-03,3 10 13 17 | 3 4 16 18
4402,2022-03-03,3 8 9 16 | 3 6 11 19
4403,2022-03-03,3 4 15 20 | 2 8 10 14
4404,2022-03-04,8 11 14 15 | 1 3 13 14
4405,2022-03-04,14 16 17 20 | 6 13 14 16
4406,2022-03-04,1 11 14 20 | 2 10 12 14
4407,2022-03-04,1 13 15 20 | 1 2 12 15
4408,2022-03-05,2 4 8 10 | 3 8 19 20
4409,2022-03-05,7 9 15 16 | 3 15 17 19
4410,2022-03-05,4 13 14 15 | 3 4 17 19
4411,2022-03-05,4 8 18 20 | 5 13 15 18
4412,2022-03-06,6 8 12 19 | 10 12 13 14
4413,2022-03-06,3 5 16 20 | 5 6 7 19
4414,2022-03-06,6 10 17 18 | 3 10 13 14
4415,2022-03-06,2 10 17 20 | 5 7 8 12
4416,2022-03-07,1 7 15 16 | 3 4 9 19
4417,2022-03-07,1 6 16 18 | 5 8 10 16
4418,2022-03-07,5 8 11 14 | 2 9 10 11
4419,2022-03-07,16 17 19 20 | 4 10 12 18
4420,2022-03-08,7 9 16 18 | 6 8 9 15
4421,2022-03-08,11 15 17 18 | 5 14 16 18
4422,2022-03-08,4 9 10 16 | 3 7 10 18
4423,2022-03-08,3 5 7 10 | 2 9 11 16
4424,2022-03-09,6 8 15 16 | 4 11 19 20
4425,2022-03-09,1 4 16 19 | 3 7 9 16
4426,2022-03-09,2 4 18 19 | 2 4 6 11
4427,2022-03-09,1 9 11 15 | 4 12 15 19
4428,2022-03-10,5 6 8 19 | 3 10 12 13
4429,2022-03-10,4 7 8 16 | 1 6 10 14
4430,2022-03-10,3 5 9 17 | 1 3 9 12
4431,2022-03-10,2 4 7 17 | 2 15 17 20
4432,2022-03-11,4 11 12 18 | 14 15 17 18
4433,2022-03-11,4 10 16 18 | 4 10 14 19
4434,2022-03-11,1 6 12 17 | 4 6 17 18
4435,2022-03-11,3 5 11 14 | 5 6 14 18
4436,2022-03-12,2 10 15 18 | 4 8 14 20
4437,2022-03-12,2 6 10 12 | 2 5 8 19
4438,2022-03-12,1 7 15 18 | 5 12 13 16
4439,2022-03-12,6 11 15 19 | 3 8 10 20
4440,2022-03-13,12 17 19 20 | 5 8 11 17
4441,2022-03-13,5 6 12 18 | 11 16 18 20
4442,2022-03-13,2 3 9 14 | 2 3 5 12
4443,2022-03-13,9 10 14 16 | 5 7 9 10
4444,2022-03-14,4 5 13 16 | 5 7 12 18
4445,2022-03-14,1 7 9 10 | 3 10 13 20
4446,2022-03-14,6 11 12 14 | 6 10 18 20
4447,2022-03-14,5 6 9 12 | 1 7 10 13
4448,2022-03-15,5 6 16 19 | 1 13 16 19
4449,2022-03-15,13 14 16 19 | 5 13 15 19
4450,2022-03-15,1 5 8 16 | 8 11 12 20
4451,2022-03-15,2 5 7 17 | 8 11 12 13
4452,2022-03-16,2 5 6 20 | 2 3 16 19
4453,2022-03-16,7 9 12 20 | 2 12 15 18
4454,2022-03-16,6 8 10 14 | 2 3 12 15
4455,2022-03-16,1 3 16 17 | 2 8 16 20
4456,2022-03-17,6 14 15 20 | 3 8 18 20
4457,2022-03-17,7 14 19 20 | 3 5 16 19
4458,2022-03-17,3 10 13 19 | 3 7 14 19
4459,2022-03-17,1 12 18 19 | 5 8 16 19
4460,2022-03-18,3 9 10 13 | 1 6 8 11
4461,2022-03-18,2 11 13 19 | 6 12 15 16
4462,2022-03-18,2 6 11 16 | 5 7 16 18
4463,2022-03-18,5 8 17 20 | 4 6 9 16
4464,2022-03-19,6 12 13 19 | 7 11 17 19
4465,2022-03-19,3 11 13 18 | 5 12 18 19
4466,2022-03-19,5 8 16 17 | 2 6 14 17
4467,2022-03-19,1 3 6 13 | 5 6 9 20
4468,2022-03-20,3 8 13 19 | 2 6 10 12
4469,2022-03-20,1 5 9 11 | 4 7 8 10
4470,2022-03-20,2 6 9 19 | 3 5 6 20
4471,2022-03-20,1 4 8 15 | 1 12 13 19
4472,2022-03-21,3 9 14 20 | 6 7 18 19
4473,2022-03-21,1 2 6 13 | 2 13 17 18
4474,2022-03-21,3 6 8 14 | 6 10 11 13
4475,2022-03-21,6 7 9 20 | 2 7 8 10
4476,2022-03-22,1 12 16 20 | 7 10 11 19
4477,2022-03-22,5 8 9 19 | 6 8 10 20
4478,2022-03-22,6 15 16 19 | 2 3 5 9
4479,2022-03-22,2 5 10 11 | 5 11 17 19
4480,2022-03-23,4 5 9 19 | 3 13 15 18
4481,2022-03-23,6 7 14 15 | 6 11 12 20
4482,2022-03-23,6 11 15 17 | 12 13 17 20
4483,2022-03-23,1 3 10 20 | 6 7 8 9
4484,2022-03-24,4 5 9 11 | 3 4 11 14
4485,2022-03-24,4 12 17 19 | 2 12 18 19
4486,2022-03-24,1 2 18 20 | 2 7 9 20
4487,2022-03-24,7 13 14 20 | 6 8 9 14
4488,2022-03-25,2 3 7 16 | 5 8 15 18
4489,2022-03-25,1 2 5 6 | 1 4 11 14
4490,2022-03-25,3 4 16 20 | 4 6 7 18
4491,2022-03-25,13 14 15 16 | 2 5 12 16
4492,2022-03-26,2 7 8 16 | 11 12 16 17
4493,2022-03-26,3 8 10 13 | 5 6 10 20
4494,2022-03-26,1 6 7 15 | 2 13 18 20
4495,2022-03-26,3 8 10 12 | 1 2 4 5
4496,2022-03-27,1 2 15 20 | 11 16 18 19
4497,2022-03-27,3 4 7 11 | 1 2 7 20
4498,2022-03-27,6 14 17 19 | 1 2 10 14
4499,2022-03-27,1 2 9 13 | 3 6 14 18
4500,2022-03-28,1 2 7 12 | 1 10 12 14
4501,2022-03-28,1 8 10 19 | 2 6 11 16
4502,2022-03-28,1 8 12 17 | 4 6 7 15
4503,2022-03-28,6 8 11 17 | 1 9 13 18
4504,2022-03-29,3 8 12 15 | 5 7 10 12
4505,2022-03-29,2 11 18 19 | 3 11 12 15
4506,2022-03-29,4 6 7 18 | 2 3 6 14
4507,2022-03-29,4 7 10 17 | 3 4 8 10
4508,2022-03-30,5 9 12 20 | 3 6 8 16
4509,2022-03-30,8 9 11 15 | 3 7 16 18
4510,2022-03-30,3 7 9 14 | 5 6 16 18
4511,2022-03-30,2 6 11 12 | 5 6 10 15
4512,2022-03-31,1 2 9 20 | 1 6 8 12
4513,2022-03-31,8 9 10 18 | 9 10 15 20
4514,2022-03-31,3 4 15 20 | 6 10 15 16
4515,2022-03-31,2 5 10 20 | 2 12 13 18
4516,2022-04-01,5 10 16 19 | 6 7 11 14
4517,2022-04-01,7 9 14 17 | 12 13 15 19
4518,2022-04-01,4 7 10 13 | 4 5 14 17
4519,2022-04-01,4 11 14 17 | 4 6 14 15
4520,2022-04-02,2 4 6 8 | 4 8 15 20
4521,2022-04-02,1 4 5 12 | 5 6 8 9
4522,2022-04-02,1 6 8 16 | 2 3 8 19
4523,2022-04-02,1 10 12 18 | 4 8 13 18
4524,2022-04-03,3 12 17 18 | 1 5 7 11
4525,2022-04-03,3 8 16 19 | 4 9 15 16
4526,2022-04-03,2 3 10 20 | 3 6 7 11
4527,2022-04-03,2 4 6 16 | 4 10 13 19
4528,2022-04-04,1 6 11 19 | 1 11 13 20
4529,2022-04-04,8 14 15 18 | 4 5 7 10
4530,2022-04-04,3 10 16 20 | 1 11 13 14
4531,2022-04-04,1 5 12 17 | 3 5 12 15
4532,2022-04-05,1 11 17 20 | 11 15 18 19
4533,2022-04-05,5 9 15 17 | 4 8 9 18
4534,2022-04-05,1 7 9 18 | 7 10 12 18
4535,2022-04-05,3 9 15 16 | 6 14 18 19
4536,2022-04-06,1 12 16 18 | 2 8 12 13
4537,2022-04-06,5 9 10 15 | 2 6 19 20
4538,2022-04-06,1 6 14 20 | 3 7 10 19
4539,2022-04-06,5 6 14 16 | 1 6 12 20
4540,2022-04-07,1 2 7 12 | 2 4 7 14
4541,2022-04-07,2 3 10 11 | 10 11 14 16
4542,2022-04-07,8 12 18 20 | 4 15 19 20
4543,2022-04-07,8 9 15 20 | 5 6 8 15
4544,2022-04-08,6 7 11 15 | 4 6 7 11
4545,2022-04-08,2 5 6 15 | 5 10 12 13
4546,2022-04-08,4 7 10 15 | 4 6 8 13
4547,2022-04-08,2 5 11 14 | 3 8 10 16
4548,2022-04-09,3 8 10 18 | 3 9 10 14
4549,2022-04-09,13 14 15 17 | 3 13 16 19
4550,2022-04-09,1 2 3 7 | 5 9 15 19
4551,2022-04-09,11 12 13 14 | 7 9 13 16
4552,2022-04-10,8 9 14 15 | 6 9 12 17
4553,2022-04-10,5 7 8 18 | 1 5 12 13
4554,2022-04-10,5 6 13 14 | 1 5 18 19
4555,2022-04-10,6 7 12 19 | 4 6 13 20
4556,2022-04-11,1 5 6 10 | 6 8 12 14
4557,2022-04-11,11 13 16 20 | 1 7 14 16
4558,2022-04-11,8 9 12 14 | 5 6 7 9
4559,2022-04-11,9 10 15 20 | 3 12 15 18
4560,2022-04-12,11 13 17 18 | 2 3 6 11
4561,2022-04-12,4 5 11 18 | 9 11 17 18
4562,2022-04-12,8 11 12 16 | 4 9 10 12
4563,2022-04-12,4 6 7 14 | 5 6 15 18
4564,2022-04-13,2 8 15 18 | 3 5 13 20
4565,2022-04-13,1 4 6 13 | 1 4 11 17
4566,2022-04-13,7 9 13 15 | 3 4 16 19
4567,2022-04-13,1 13 16 19 | 1 11 13 18
4568,2022-04-14,4 9 15 19 | 2 10 16 17
4569,2022-04-14,7 10 13 16 | 1 3 6 13
4570,2022-04-14,6 7 18 19 | 6 15 18 19
4571,2022-04-14,6 8 16 18 | 1 2 7 16
4572,2022-04-15,2 7 15 20 | 7 10 13 16
4573,2022-04-15,6 8 12 20 | 10 12 15 18
4574,2022-04-15,3 4 8 12 | 6 11 16 18
4575,2022-04-15,2 11 14 19 | 3 13 15 16
4576,2022-04-16,9 11 19 20 | 7 15 17 18
4577,2022-04-16,8 9 10 20 | 2 11 14 17
4578,2022-04-16,4 6 7 10 | 1 9 10 15
4579,2022-04-16,8 10 13 20 | 4 6 16 20
4580,2022-04-17,2 13 17 20 | 4 5 14 20
4581,2022-04-17,2 8 18 19 | 3 4 5 10
4582,2022-04-17,8 13 14 15 | 2 5 7 16
4583,2022-04-17,3 4 12 20 | 1 7 15 19
4584,2022-04-18,3 5 11 18 | 6 7 16 20
4585,2022-04-18,1 4 5 18 | 1 8 11 20
4586,2022-04-18,1 15 18 20 | 5 14 16 17
4587,2022-04-18,6 12 17 19 | 1 4 5 19
4588,2022-04-19,8 14 16 20 | 11 12 17 20
4589,2022-04-19,1 4 9 14 | 3 8 14 17
4590,2022-04-19,2 4 13 18 | 3 7 9 10
4591,2022-04-19,3 5 13 15 | 7 9 11 18
4592,2022-04-20,5 14 15 16 | 3 8 9 19
4593,2022-04-20,5 6 8 15 | 3 10 12 20
4594,2022-04-20,3 9 11 19 | 1 4 8 19
4595,2022-04-20,8 11 15 19 | 2 6 10 19
4596,2022-04-21,4 5 6 13 | 3 4 6 12
4597,2022-04-21,3 9 11 14 | 3 5 8 16
4598,2022-04-21,4 14 18 20 | 10 14 17 20
4599,2022-04-21,2 4 6 13 | 1 2 9 20
4600,2022-04-22,7 10 14 18 | 2 8 11 12
4601,2022-04-22,3 4 16 19 | 5 7 8 16
4602,2022-04-22,3 9 10 12 | 5 8 13 14
4603,2022-04-22,7 10 11 16 | 5 11 12 19
4604,2022-04-23,4 11 13 20 | 6 10 12 17
4605,2022-04-23,15 17 18 20 | 3 6 13 17
4606,2022-04-23,5 7 19 20 | 2 7 9 19
4607,2022-04-24,5 14 15 18 | 3 8 15 16
4608,2022-04-24,1 3 6 7 | 5 9 12 17
4609,2022-04-24,5 7 12 18 | 1 4 7 18
4610,2022-04-25,8 13 14 15 | 10 12 14 17
4611,2022-04-25,16 17 18 20 | 7 9 12 16
4612,2022-04-25,8 11 16 18 | 1 13 16 20
4613,2022-04-25,1 14 18 19 | 2 7 17 18
4614,2022-04-26,4 12 16 19 | 7 10 14 17
4615,2022-04-26,1 2 6 14 | 2 9 11 13
4616,2022-04-26,7 9 10 12 | 4 5 7 20
4617,2022-04-26,1 6 14 16 | 1 4 10 18
4618,2022-04-27,3 16 17 19 | 2 8 17 18
4619,2022-04-27,8 10 13 17 | 1 2 8 20
4620,2022-04-27,2 12 15 20 | 4 7 10 11
4621,2022-04-27,8 16 17 20 | 7 13 15 19
4622,2022-04-28,7 8 10 13 | 1 3 12 13
4623,2022-04-28,2 5 7 14 | 8 9 16 18
4624,2022-04-28,2 4 5 16 | 1 3 11 17
4625,2022-04-28,11 14 16 19 | 1 8 12 16
4626,2022-04-29,1 2 6 8 | 4 15 18 20
4627,2022-04-29,2 8 9 12 | 3 9 14 17
4628,2022-04-29,3 4 10 14 | 4 6 15 20
4629,2022-04-29,1 6 12 14 | 3 10 11 19
4630,2022-04-30,2 3 5 15 | 9 16 19 20
4631,2022-04-30,8 10 12 18 | 1 3 12 17
4632,2022-04-30,1 11 12 16 | 13 15 16 20
4633,2022-04-30,2 9 11 15 | 1 5 12 15
4634,2022-05-01,2 3 5 8 | 6 12 13 14
4635,2022-05-01,4 10 12 15 | 6 12 13 15
4636,2022-05-01,4 6 13 17 | 5 11 18 19
4637,2022-05-01,2 3 10 13 | 6 7 18 20
4638,2022-05-02,10 12 18 20 | 1 2 13 18
4639,2022-05-02,1 6 7 14 | 3 15 16 18
4640,2022-05-02,10 12 18 19 | 3 13 14 17
4641,2022-05-02,4 5 13 16 | 4 7 10 17
4642,2022-05-03,9 11 12 16 | 1 3 9 18
4643,2022-05-03,2 5 11 17 | 11 16 18 20
4644,2022-05-03,2 4 6 9 | 1 7 15 17
4645,2022-05-03,1 2 9 14 | 8 10 15 18
4646,2022-05-04,6 14 19 20 | 6 7 16 20
4647,2022-05-04,5 6 7 17 | 8 9 11 20
4648,2022-05-04,11 16 19 20 | 2 9 12 17
4649,2022-05-04,5 14 17 18 | 4 7 14 19
4650,2022-05-05,1 3 7 19 | 2 4 11 17
4651,2022-05-05,1 10 17 19 | 4 7 10 20
4652,2022-05-05,10 12 18 20 | 3 4 7 9
4653,2022-05-05,1 7 11 20 | 5 7 17 19
4654,2022-05-06,7 11 12 15 | 1 4 13 15
4655,2022-05-06,8 13 15 20 | 6 13 14 20
4656,2022-05-06,4 9 12 14 | 3 14 16 17
4657,2022-05-06,1 3 4 8 | 7 13 15 17
4658,2022-05-07,2 3 4 19 | 4 6 11 19
4659,2022-05-07,4 10 14 19 | 7 8 10 14
4660,2022-05-07,2 4 6 9 | 1 2 5 18
4661,2022-05-07,1 5 7 13 | 2 13 15 18
4662,2022-05-08,4 5 8 19 | 8 13 14 19
4663,2022-05-08,2 7 9 17 | 1 13 16 20
4664,2022-05-08,1 6 9 16 | 8 16 18 19
4665,2022-05-08,2 8 18 20 | 6 8 11 17
4666,2022-05-09,1 2 12 15 | 4 14 16 20
4667,2022-05-09,8 11 12 20 | 4 14 15 18
4668,2022-05-09,5 13 14 17 | 2 6 16 19
4669,2022-05-09,7 9 10 11 | 3 8 11 17
4670,2022-05-10,1 5 15 20 | 8 9 11 15
4671,2022-05-10,10 11 12 13 | 5 10 16 17
4672,2022-05-10,1 4 8 11 | 9 10 12 15
4673,2022-05-10,5 7 9 18 | 5 11 19 20
4674,2022-05-11,3 4 13 17 | 4 5 15 18
4675,2022-05-11,1 2 5 6 | 9 10 11 14
4676,2022-05-11,4 7 13 16 | 1 9 13 18
4677,2022-05-11,3 4 14 19 | 1 6 13 19
4678,2022-05-12,11 12 17 20 | 4 7 8 18
4679,2022-05-12,3 9 12 17 | 6 11 19 20
4680,2022-05-12,3 4 9 11 | 4 6 10 17
4681,2022-05-12,4 9 10 11 | 3 14 16 19
4682,2022-05-13,1 3 5 7 | 3 7 11 14
4683,2022-05-13,4 7 13 18 | 2 6 10 15
4684,2022-05-13,6 7 11 18 | 1 2 5 14
4685,2022-05-13,1 7 8 15 | 6 8 12 19
4686,2022-05-14,4 8 15 19 | 5 6 12 20
4687,2022-05-14,8 9 11 17 | 2 4 5 9
4688,2022-05-14,1 5 10 18 | 7 9 12 13
4689,2022-05-14,7 10 11 14 | 2 13 17 18
4690,2022-05-15,3 4 6 15 | 1 5 15 20
4691,2022-05-15,5 11 17 19 | 13 16 18 20
4692,2022-05-15,1 6 15 18 | 1 6 7 16
4693,2022-05-15,1 4 9 18 | 1 5 7 8
4694,2022-05-16,1 11 15 19 | 2 8 11 18
4695,2022-05-16,2 4 16 17 | 3 9 14 15
4696,2022-05-16,1 10 15 16 | 8 11 12 16
4697,2022-05-16,1 5 13 19 | 7 13 15 16
4698,2022-05-17,1 6 12 17 | 5 9 11 15
4699,2022-05-17,3 9 16 17 | 9 12 19 20
4700,2022-05-17,2 5 6 19 | 7 13 15 16
4701,2022-05-17,6 14 15 19 | 1 3 6 9
4702,2022-05-18,1 12 14 15 | 1 3 12 14
4703,2022-05-18,10 11 17 19 | 2 7 9 19
4704,2022-05-18,5 10 12 20 | 8 13 15 19
4705,2022-05-18,2 14 18 19 | 5 8 11 18
4706,2022-05-19,3 8 13 17 | 5 7 13 16
4707,2022-05-19,3 4 12 16 | 2 3 9 10
4708,2022-05-19,1 2 9 15 | 7 9 12 14
4709,2022-05-19,1 3 8 14 | 2 4 6 7
4710,2022-05-20,3 5 11 19 | 4 10 14 20
4711,2022-05-20,5 8 14 17 | 11 14 15 17
4712,2022-05-20,8 11 14 15 | 4 7 9 11
4713,2022-05-20,3 13 15 18 | 4 7 10 14
4714,2022-05-21,1 6 16 20 | 8 9 10 13
4715,2022-05-21,6 13 17 18 | 10 11 16 19
4716,2022-05-21,3 5 6 19 | 5 11 17 18
4717,2022-05-21,4 15 18 20 | 2 5 10 19
4718,2022-05-22,3 11 12 18 | 4 5 13 18
4719,2022-05-22,4 11 13 16 | 9 10 12 19
4720,2022-05-22,6 10 12 15 | 1 12 15 19
4721,2022-05-22,3 9 10 13 | 10 11 16 19
4722,2022-05-23,3 7 11 17 | 5 8 13 19
4723,2022-05-23,2 6 10 14 | 9 11 15 17
4724,2022-05-23,3 4 9 15 | 4 6 10 16
4725,2022-05-23,1 5 13 16 | 7 12 14 16
4726,2022-05-24,7 10 15 19 | 3 5 11 17
4727,2022-05-24,3 8 10 11 | 3 4 7 13
4728,2022-05-24,2 3 16 17 | 9 15 18 20
4729,2022-05-24,3 13 15 17 | 13 17 18 20
4730,2022-05-25,13 15 17 19 | 4 12 14 18
4731,2022-05-25,5 7 11 15 | 2 3 9 11
4732,2022-05-25,4 14 16 18 | 4 10 17 18
4733,2022-05-25,3 7 16 20 | 6 7 18 20
4734,2022-05-26,2 12 15 20 | 2 4 12 20
4735,2022-05-26,3 5 13 19 | 5 11 14 17
4736,2022-05-26,3 4 12 18 | 8 12 15 19
4737,2022-05-26,2 16 17 18 | 4 7 9 18
4738,2022-05-27,7 14 16 20 | 1 9 15 18
4739,2022-05-27,10 11 12 18 | 4 8 11 16
4740,2022-05-27,1 10 11 13 | 10 16 18 20
4741,2022-05-27,4 5 6 10 | 3 4 5 12
4742,2022-05-28,5 9 17 18 | 2 7 10 11
4743,2022-05-28,7 11 13 17 | 1 14 15 20
4744,2022-05-28,5 7 14 16 | 5 7 10 17
4745,2022-05-29,7 10 11 17 | 1 3 15 17
4746,2022-05-29,2 8 9 19 | 4 8 11 15
4747,2022-05-29,12 13 14 18 | 6 15 17 18
4748,2022-05-30,6 9 10 11 | 13 14 17 20
4749,2022-05-30,2 6 12 18 | 4 5 12 18
4750,2022-05-30,6 10 14 16 | 1 3 8 13
4751,2022-05-30,1 6 7 13 | 5 8 11 18
4752,2022-05-31,4 7 9 11 | 12 17 19 20
4753,2022-05-31,14 16 17 20 | 3 14 18 20
4754,2022-05-31,1 4 5 18 | 4 11 15 18
4755,2022-05-31,2 9 12 13 | 5 8 10 15
4756,2022-06-01,2 8 16 17 | 2 6 13 20
4757,2022-06-01,2 4 7 9 | 3 8 13 15
4758,2022-06-01,3 11 12 13 | 2 3 5 9
4759,2022-06-01,3 7 12 14 | 1 2 5 13
4760,2022-06-02,3 9 17 19 | 7 8 10 12
4761,2022-06-02,3 10 11 12 | 2 3 8 15
4762,2022-06-02,3 8 16 19 | 8 11 12 15
4763,2022-06-02,6 12 13 16 | 2 11 13 20
4764,2022-06-03,1 13 19 20 | 3 10 11 17
4765,2022-06-03,4 5 17 18 | 1 2 5 19
4766,2022-06-03,1 8 9 14 | 8 15 16 20
4767,2022-06-03,4 6 7 9 | 1 6 9 15
4768,2022-06-04,2 4 5 15 | 1 4 5 10
4769,2022-06-04,5 7 14 19 | 6 7 9 15
4770,2022-06-04,1 7 9 13 | 5 7 8 17
4771,2022-06-04,1 4 5 20 | 4 13 18 19
4772,2022-06-05,1 4 7 17 | 2 5 19 20
4773,2022-06-05,4 7 16 18 | 8 10 11 14
4774,2022-06-05,9 11 14 20 | 6 14 15 19
4775,2022-06-05,3 4 15 20 | 4 12 16 19
4776,2022-06-06,3 14 16 17 | 9 12 15 16
4777,2022-06-06,2 4 10 20 | 2 9 15 20
4778,2022-06-06,5 10 12 18 | 8 12 13 19
4779,2022-06-06,12 14 16 17 | 2 7 8 10
4780,2022-06-07,1 2 3 10 | 8 11 15 17
4781,2022-06-07,1 3 8 14 | 3 7 9 15
4782,2022-06-07,9 11 17 18 | 11 13 14 15
4783,2022-06-07,6 10 14 16 | 1 7 9 13
4784,2022-06-08,5 7 15 18 | 5 14 16 17
4785,2022-06-08,2 5 9 12 | 1 15 17 18
4786,2022-06-08,9 10 13 17 | 1 2 5 10
4787,2022-06-08,5 7 10 18 | 4 5 8 13
4788,2022-06-09,1 6 9 15 | 2 8 11 15
4789,2022-06-09,1 5 7 16 | 1 8 9 17
4790,2022-06-09,1 4 15 16 | 12 13 15 20
4791,2022-06-09,5 6 14 15 | 5 6 12 14
4792,2022-06-10,2 5 11 16 | 5 13 14 16
4793,2022-06-10,3 4 7 10 | 1 8 12 13
4794,2022-06-10,5 10 16 20 | 1 4 6 10
4795,2022-06-10,6 14 16 17 | 2 5 10 15
4796,2022-06-11,4 10 11 16 | 3 8 18 20
4797,2022-06-11,2 8 10 17 | 5 7 11 20
4798,2022-06-11,3 4 11 18 | 2 4 8 13
4799,2022-06-11,5 9 16 19 | 5 9 11 20
4800,2022-06-12,11 12 16 18 | 1 11 16 19
4801,2022-06-12,4 15 18 19 | 4 5 15 16
4802,2022-06-12,2 10 12 17 | 1 4 7 12
4803,2022-06-12,4 5 12 16 | 6 7 16 20
4804,2022-06-13,5 11 15 19 | 4 13 14 18
4805,2022-06-13,4 7 13 16 | 1 2 3 12
4806,2022-06-13,3 4 5 16 | 1 3 4 11
4807,2022-06-13,7 9 13 16 | 7 10 12 19
4808,2022-06-14,2 3 10 14 | 2 7 11 15
4809,2022-06-14,2 3 14 15 | 5 9 18 20
4810,2022-06-14,6 8 13 17 | 7 15 16 19
4811,2022-06-14,3 5 9 11 | 2 11 15 17
4812,2022-06-15,2 4 13 20 | 9 13 15 17
4813,2022-06-15,6 8 16 19 | 3 16 18 19
4814,2022-06-15,3 12 17 19 | 3 10 14 17
4815,2022-06-15,9 12 15 17 | 5 6 7 8
4816,2022-06-16,2 7 11 19 | 3 6 10 13
4817,2022-06-16,3 6 7 16 | 5 6 11 15
4818,2022-06-16,3 8 13 17 | 3 14 18 19
4819,2022-06-16,5 13 16 19 | 8 9 14 17
4820,2022-06-17,7 9 11 15 | 4 10 11 15
4821,2022-06-17,3 5 6 15 | 11 14 15 17
4822,2022-06-17,2 4 7 10 | 3 5 9 14
4823,2022-06-17,3 11 12 20 | 1 2 4 15
4824,2022-06-18,4 13 18 19 | 2 5 11 13
4825,2022-06-18,3 5 17 18 | 5 11 16 20
4826,2022-06-18,3 6 14 15 | 1 7 15 17
4827,2022-06-18,1 8 10 13 | 1 5 11 13
4828,2022-06-19,8 11 14 17 | 6 12 14 18
4829,2022-06-19,2 8 12 20 | 4 6 8 18
4830,2022-06-19,9 16 19 20 | 3 15 17 18
4831,2022-06-19,9 10 15 19 | 7 11 14 15
4832,2022-06-20,5 6 14 20 | 1 5 9 11
4833,2022-06-20,3 6 8 16 | 2 3 10 16
4834,2022-06-20,7 8 15 19 | 1 9 13 15
4835,2022-06-20,1 8 12 17 | 1 14 18 19
4836,2022-06-21,5 7 12 17 | 11 13 17 20
4837,2022-06-21,1 5 14 17 | 1 3 7 16
4838,2022-06-21,4 7 15 16 | 1 2 16 17
4839,2022-06-21,6 7 8 10 | 3 13 14 17
4840,2022-06-22,3 8 11 14 | 4 5 13 16
4841,2022-06-22,1 13 14 19 | 2 12 18 20
4842,2022-06-22,5 6 15 19 | 2 6 15 16
4843,2022-06-22,2 8 16 20 | 12 14 16 20
4844,2022-06-23,2 11 13 14 | 7 14 16 20
4845,2022-06-23,6 9 16 18 | 8 9 10 11
4846,2022-06-23,7 11 13 20 | 6 12 17 20
4847,2022-06-23,3 12 13 19 | 3 15 18 19
4848,2022-06-24,8 9 11 15 | 5 12 18 20
4849,2022-06-24,4 6 10 14 | 2 7 10 16
4850,2022-06-24,2 7 11 19 | 1 2 5 8
4851,2022-06-24,11 15 16 20 | 6 9 18 20
4852,2022-06-25,10 15 18 20 | 4 11 14 16
4853,2022-06-25,3 13 14 17 | 1 5 7 19
4854,2022-06-25,2 7 18 19 | 5 6 13 19
4855,2022-06-25,1 3 12 18 | 4 6 15 17
4856,2022-06-26,7 10 19 20 | 2 4 5 10
4857,2022-06-26,2 6 16 19 | 11 13 16 19
4858,2022-06-26,6 8 17 18 | 10 13 17 18
4859,2022-06-26,2 11 13 16 | 7 9 14 20
4860,2022-06-27,1 6 8 10 | 3 5 9 19
4861,2022-06-27,2 7 9 18 | 1 3 4 10
4862,2022-06-27,2 8 15 19 | 2 12 15 17
4863,2022-06-27,3 4 7 9 | 9 12 14 18
4864,2022-06-28,2 3 11 18 | 11 15 16 18
4865,2022-06-28,4 12 14 17 | 1 5 7 14
4866,2022-06-28,5 6 8 18 | 1 5 8 18
4867,2022-06-28,5 8 9 19 | 9 11 18 20
4868,2022-06-29,5 10 14 17 | 4 8 13 20
4869,2022-06-29,2 8 9 19 | 2 6 8 15
4870,2022-06-29,4 7 13 14 | 3 4 12 18
4871,2022-06-29,6 15 19 20 | 8 10 13 16
4872,2022-06-30,8 9 15 16 | 9 10 12 20
4873,2022-06-30,10 11 13 18 | 4 7 10 18
4874,2022-06-30,4 11 13 17 | 2 15 16 20
4875,2022-06-30,2 13 14 19 | 11 12 16 20
4876,2022-07-01,9 12 17 19 | 8 12 13 14
4877,2022-07-01,2 5 12 19 | 2 15 16 19
4878,2022-07-01,4 7 8 11 | 11 15 16 19
4879,2022-07-01,2 6 9 16 | 1 6 9 18
4880,2022-07-02,1 6 12 14 | 4 5 9 19
4881,2022-07-02,9 12 14 16 | 2 8 10 11
4882,2022-07-02,3 6 10 19 | 8 13 16 20
4883,2022-07-02,17 18 19 20 | 4 5 10 14
4884,2022-07-03,2 3 17 19 | 4 5 8 15
4885,2022-07-03,2 4 14 18 | 4 12 13 18
4886,2022-07-03,6 13 15 20 | 6 15 18 20
4887,2022-07-03,1 4 12 19 | 1 5 11 12
4888,2022-07-04,3 10 12 20 | 9 13 15 19
4889,2022-07-04,2 7 9 16 | 6 9 14 19
4890,2022-07-04,6 8 13 20 | 7 10 11 13
4891,2022-07-04,9 11 12 17 | 1 3 5 8
4892,2022-07-05,6 7 12 15 | 2 4 5 17
4893,2022-07-05,11 16 17 18 | 6 8 11 13
4894,2022-07-05,3 5 8 17 | 1 6 18 19
4895,2022-07-05,6 15 16 20 | 4 11 13 16
4896,2022-07-06,12 13 17 18 | 10 11 15 19
4897,2022-07-06,5 6 16 18 | 4 7 14 16
4898,2022-07-06,1 7 10 18 | 1 2 9 19
4899,2022-07-06,8 9 13 19 | 3 6 10 13
4900,2022-07-07,9 12 13 15 | 2 8 14 18
4901,2022-07-07,6 7 8 18 | 2 5 11 18
4902,2022-07-07,2 4 5 11 | 1 15 17 18
4903,2022-07-07,4 5 8 9 | 4 8 16 20
4904,2022-07-08,8 11 14 15 | 4 5 8 12
4905,2022-07-08,1 11 16 18 | 1 4 9 14
4906,2022-07-08,1 13 14 20 | 8 13 14 20
4907,2022-07-08,5 8 11 16 | 5 7 12 17
4908,2022-07-09,3 5 9 14 | 2 4 11 18
4909,2022-07-09,3 11 17 19 | 4 7 8 19
4910,2022-07-09,1 3 14 20 | 4 5 8 11
4911,2022-07-09,2 3 13 14 | 2 4 11 16
4912,2022-07-10,2 6 9 14 | 5 8 13 19
4913,2022-07-10,7 11 17 20 | 13 18 19 20
4914,2022-07-10,1 8 9 16 | 1 16 17 19
4915,2022-07-10,5 6 12 17 | 4 6 12 15
4916,2022-07-11,4 7 14 16 | 1 11 13 20
4917,2022-07-11,6 11 13 16 | 2 3 6 8
4918,2022-07-11,2 10 14 17 | 9 10 11 20
4919,2022-07-11,2 7 10 18 | 7 14 15 16
4920,2022-07-12,10 11 18 19 | 3 4 5 13
4921,2022-07-12,1 5 13 19 | 3 14 17 18
4922,2022-07-12,6 8 16 17 | 4 6 13 15
4923,2022-07-12,2 10 15 20 | 10 12 16 20
4924,2022-07-13,3 5 11 17 | 2 7 8 17
4925,2022-07-13,2 6 11 20 | 7 8 9 11
4926,2022-07-13,4 10 12 17 | 11 12 13 19
4927,2022-07-13,3 4 8 19 | 10 13 16 19
4928,2022-07-14,8 11 14 18 | 3 7 11 15
4929,2022-07-14,2 11 12 18 | 6 10 14 16
4930,2022-07-14,8 10 13 18 | 4 9 11 12
4931,2022-07-14,4 14 15 16 | 6 7 12 15
4932,2022-07-15,2 7 12 15 | 1 2 3 11
4933,2022-07-15,6 11 12 15 | 6 7 10 13
4934,2022-07-15,6 10 11 18 | 4 5 11 20
4935,2022-07-15,2 14 19 20 | 9 16 18 19
4936,2022-07-16,10 11 16 19 | 1 5 8 17
4937,2022-07-16,7 11 12 20 | 11 12 13 18
4938,2022-07-16,7 8 9 13 | 3 12 19 20
4939,2022-07-16,2 8 11 12 | 5 8 13 16
4940,2022-07-17,5 10 17 18 | 6 11 16 20
4941,2022-07-17,12 13 15 19 | 4 10 13 20
4942,2022-07-17,6 10 14 20 | 4 5 14 19
4943,2022-07-17,1 6 7 15 | 1 12 15 20
4944,2022-07-18,3 4 9 10 | 2 5 15 20
4945,2022-07-18,2 8 15 16 | 9 14 18 19
4946,2022-07-18,5 11 12 17 | 2 9 11 14
4947,2022-07-18,1 7 9 18 | 6 11 17 20
4948,2022-07-19,3 5 8 10 | 7 11 16 19
4949,2022-07-19,1 9 14 18 | 2 8 10 19
4950,2022-07-19,4 15 16 19 | 8 9 11 14
4951,2022-07-19,6 9 15 16 | 1 11 16 17
4952,2022-07-20,2 12 14 20 | 12 16 17 18
4953,2022-07-20,9 11 15 17 | 3 9 19 20
4954,2022-07-20,1 7 14 16 | 2 7 14 19
4955,2022-07-20,9 10 13 17 | 2 5 11 20
4956,2022-07-21,4 12 16 19 | 11 14 16 18
4957,2022-07-21,1 4 15 17 | 10 12 13 16
4958,2022-07-21,3 6 7 15 | 2 4 6 11
4959,2022-07-21,8 9 13 15 | 4 13 15 17
4960,2022-07-22,3 8 13 18 | 4 6 14 16
4961,2022-07-22,4 6 9 17 | 3 10 13 16
4962,2022-07-22,4 9 13 20 | 1 5 12 19
4963,2022-07-22,1 3 9 11 | 9 15 17 18
4964,2022-07-23,6 11 14 18 | 2 3 4 18
4965,2022-07-23,1 4 7 11 | 12 14 16 20
4966,2022-07-23,3 7 14 18 | 11 14 17 18
4967,2022-07-23,6 11 13 14 | 7 10 13 18
4968,2022-07-24,7 9 11 16 | 3 7 10 12
4969,2022-07-24,12 14 16 20 | 5 8 9 13
4970,2022-07-24,5 14 16 18 | 5 11 14 19
4971,2022-07-24,6 7 11 20 | 1 8 14 18
4972,2022-07-25,1 3 17 19 | 8 14 16 17
4973,2022-07-25,4 6 8 14 | 3 5 10 14
4974,2022-07-25,1 9 14 18 | 5 7 8 15
4975,2022-07-25,1 2 4 20 | 1 2 7 19
4976,2022-07-26,1 4 8 20 | 1 6 8 17
4977,2022-07-26,2 7 9 10 | 1 3 5 7
4978,2022-07-26,3 4 10 12 | 1 2 3 10
4979,2022-07-26,5 9 12 17 | 1 4 14 15
4980,2022-07-27,3 9 15 16 | 6 10 12 15
4981,2022-07-27,5 9 11 13 | 1 4 15 16
4982,2022-07-27,7 10 13 17 | 2 8 12 18
4983,2022-07-27,4 6 8 19 | 4 11 12 20
4984,2022-07-28,3 8 14 20 | 5 12 14 15
4985,2022-07-28,5 11 14 15 | 4 9 10 19
4986,2022-07-28,1 3 5 6 | 9 13 18 19
4987,2022-07-28,3 7 9 11 | 9 13 14 20
4988,2022-07-29,4 5 16 17 | 1 14 18 19
4989,2022-07-29,4 5 7 17 | 3 8 14 20
4990,2022-07-29,3 4 7 9 | 10 11 12 14
4991,2022-07-29,8 18 19 20 | 6 10 18 19
4992,2022-07-30,7 11 12 17 | 5 7 10 15
4993,2022-07-30,9 11 12 16 | 3 7 9 14
4994,2022-07-30,4 6 11 15 | 10 11 14 18
4995,2022-07-30,7 9 10 13 | 2 3 6 17
4996,2022-07-31,10 12 13 16 | 9 13 14 16
4997,2022-07-31,1 14 18 19 | 1 5 10 15
4998,2022-07-31,1 2 9 10 | 11 14 15 19
4999,2022-07-31,3 4 6 14 | 10 15 19 20
5000,2022-08-01,1 5 10 14 | 5 11 17 20
5001,2022-08-01,3 11 18 20 | 2 9 12 18
5002,2022-08-01,7 10 12 13 | 7 13 15 18
5003,2022-08-01,1 8 9 10 | 7 11 14 19
5004,2022-08-02,2 4 15 18 | 2 4 13 18
5005,2022-08-02,1 4 10 15 | 1 2 5 9
5006,2022-08-02,8 14 18 19 | 2 6 17 20
5007,2022-08-02,8 12 19 20 | 6 13 16 20
5008,2022-08-03,5 9 17 19 | 3 5 7 20
5009,2022-08-03,7 12 14 15 | 3 4 14 15
5010,2022-08-03,13 14 16 17 | 6 9 15 20
5011,2022-08-03,2 3 8 12 | 8 9 16 20
5012,2022-08-04,9 15 16 20 | 2 7 12 15
5013,2022-08-04,1 2 18 19 | 12 15 18 20
5014,2022-08-04,5 12 14 16 | 2 7 10 19
5015,2022-08-04,2 8 14 19 | 10 12 17 19
5016,2022-08-05,8 11 13 17 | 1 9 16 18
5017,2022-08-05,3 6 9 15 | 1 2 14 18
5018,2022-08-05,5 7 18 20 | 1 4 13 19
5019,2022-08-05,5 7 15 20 | 9 13 14 20
5020,2022-08-06,2 11 13 17 | 3 4 6 20
5021,2022-08-06,1 3 15 18 | 3 4 11 20
5022,2022-08-06,2 10 13 19 | 1 2 3 6
5023,2022-08-06,4 10 16 17 | 10 12 18 20
5024,2022-08-07,3 8 16 20 | 4 5 16 19
5025,2022-08-07,2 3 6 18 | 5 8 10 20
5026,2022-08-07,3 5 9 10 | 15 16 17 19
5027,2022-08-07,6 7 10 17 | 5 7 9 15
5028,2022-08-08,1 2 19 20 | 10 13 14 19
5029,2022-08-08,1 5 11 16 | 1 6 8 17
5030,2022-08-08,9 10 13 18 | 10 12 15 19
5031,2022-08-08,1 6 14 16 | 6 10 15 19
5032,2022-08-09,5 6 12 13 | 3 7 14 19
5033,2022-08-09,6 9 11 14 | 4 6 12 18
5034,2022-08-09,9 10 12 14 | 1 3 7 14
5035,2022-08-09,1 3 12 14 | 9 11 16 20
5036,2022-08-10,4 6 12 18 | 3 7 8 19
5037,2022-08-10,9 11 16 19 | 14 15 17 20
5038,2022-08-10,1 11 12 13 | 1 3 12 15
5039,2022-08-10,4 12 13 16 | 3 8 17 20
5040,2022-08-11,2 3 5 16 | 6 7 11 17
5041,2022-08-11,9 14 17 18 | 2 8 13 17
5042,2022-08-11,2 4 9 13 | 8 11 12 19
5043,2022-08-11,2 3 4 10 | 2 10 16 18
5044,2022-08-12,5 10 11 18 | 5 11 12 17
5045,2022-08-12,5 7 12 14 | 3 5 11 14
5046,2022-08-12,3 5 12 14 | 8 9 11 18
5047,2022-08-12,3 8 9 15 | 2 5 9 16
5048,2022-08-13,4 7 13 14 | 3 4 6 17
5049,2022-08-13,6 7 10 14 | 10 14 15 17
5050,2022-08-13,10 12 13 14 | 5 6 11 13
5051,2022-08-13,2 6 10 13 | 2 6 8 15
5052,2022-08-14,2 11 12 14 | 5 8 12 15
5053,2022-08-14,6 9 14 20 | 4 6 9 12
5054,2022-08-14,7 9 15 20 | 3 5 10 18
5055,2022-08-14,3 8 10 13 | 2 7 10 19
5056,2022-08-15,2 5 6 8 | 4 11 12 19
5057,2022-08-15,1 2 8 12 | 6 7 13 16
5058,2022-08-15,4 6 12 14 | 2 4 5 7
5059,2022-08-15,6 11 12 16 | 8 10 13 15
5060,2022-08-18,11 14 15 20 | 7 8 15 19
5061,2022-08-19,4 8 11 17 | 9 12 13 17
5062,2022-08-19,4 7 9 15 | 3 4 8 14
5063,2022-08-19,4 8 12 18 | 11 13 15 17
5064,2022-08-19,8 11 16 20 | 1 6 16 18
5065,2022-08-20,2 4 5 9 | 1 2 15 20
5066,2022-08-20,8 9 14 16 | 1 6 10 19
5067,2022-08-20,2 8 10 14 | 1 2 3 15
5068,2022-08-20,1 5 11 18 | 2 3 7 18
5069,2022-08-21,2 3 4 17 | 7 13 18 20
5070,2022-08-21,2 10 11 18 | 5 13 14 20
5071,2022-08-21,2 3 14 16 | 4 7 14 15
5072,2022-08-21,2 3 4 10 | 2 11 14 16
5073,2022-08-22,9 10 19 20 | 1 5 8 13
5074,2022-08-22,12 16 17 19 | 9 15 19 20
5075,2022-08-22,2 3 18 19 | 2 7 12 19
5076,2022-08-22,9 11 13 18 | 7 8 9 12
5077,2022-08-23,3 8 15 18 | 10 14 15 19
5078,2022-08-23,9 15 16 17 | 4 10 14 16
5079,2022-08-23,12 14 15 17 | 1 10 13 18
5080,2022-08-23,1 3 15 17 | 2 8 11 12
5081,2022-08-24,5 15 17 20 | 2 7 14 16
5082,2022-08-24,9 11 12 13 | 4 5 15 16
5083,2022-08-24,7 8 13 18 | 11 14 16 17
5084,2022-08-24,6 11 12 17 | 11 14 16 18
5085,2022-08-25,7 8 10 12 | 4 7 12 17
5086,2022-08-25,12 15 17 19 | 1 5 11 17
5087,2022-08-25,11 14 17 18 | 2 11 16 17
5088,2022-08-25,1 2 7 18 | 1 8 16 19
5089,2022-08-26,10 11 14 16 | 1 13 16 18
5090,2022-08-26,2 5 11 17 | 6 7 11 13
5091,2022-08-26,4 6 13 18 | 2 5 7 15
5092,2022-08-26,9 10 17 20 | 8 11 16 17
5093,2022-08-27,2 10 16 17 | 1 14 15 16
5094,2022-08-27,7 12 18 19 | 6 7 14 15
5095,2022-08-27,1 3 11 20 | 8 10 14 20
5096,2022-08-27,5 11 13 15 | 8 13 15 19
5097,2022-08-28,7 11 12 13 | 3 4 12 17
5098,2022-08-28,4 9 11 19 | 1 7 9 14
5099,2022-08-28,6 8 12 19 | 13 14 19 20
5100,2022-08-28,3 10 11 18 | 2 6 8 18
5101,2022-08-29,2 7 14 15 | 1 6 14 19
5102,2022-08-29,2 10 14 16 | 5 7 12 20
5103,2022-08-29,1 12 13 19 | 4 9 11 19
5104,2022-08-29,5 10 13 18 | 1 2 8 19
5105,2022-08-30,2 3 6 8 | 1 8 10 15
5106,2022-08-30,6 18 19 20 | 5 8 11 19
5107,2022-08-30,2 6 10 20 | 1 7 14 17
5108,2022-08-30,5 6 11 12 | 6 8 13 17
5109,2022-08-31,5 7 18 19 | 6 9 11 19
5110,2022-08-31,8 10 14 17 | 6 12 17 19
5111,2022-08-31,9 13 19 20 | 7 12 15 17
5112,2022-08-31,7 9 17 20 | 1 6 14 17
5113,2022-09-01,4 10 14 16 | 9 13 15 20
5114,2022-09-01,1 2 9 20 | 1 11 16 20
5115,2022-09-01,2 16 17 19 | 5 6 16 19
5116,2022-09-01,5 7 8 10 | 8 15 16 18
5117,2022-09-02,5 9 12 18 | 6 9 12 19
5118,2022-09-02,6 11 15 20 | 6 9 12 14
5119,2022-09-02,1 8 10 17 | 3 10 14 18
5120,2022-09-02,5 6 8 18 | 4 6 9 19
5121,2022-09-03,1 6 8 17 | 4 12 17 19
5122,2022-09-03,1 5 6 17 | 7 11 15 19
5123,2022-09-03,5 11 14 18 | 12 15 18 19
5124,2022-09-03,3 4 8 15 | 8 12 13 14
5125,2022-09-04,2 7 14 18 | 2 8 10 12
5126,2022-09-04,4 9 10 17 | 5 6 7 17
5127,2022-09-04,3 5 7 9 | 8 10 19 20
5128,2022-09-04,2 3 15 18 | 3 7 10 20
5129,2022-09-05,12 14 16 17 | 3 4 7 20
5130,2022-09-05,5 6 16 18 | 8 16 17 20
5131,2022-09-05,4 7 17 20 | 5 10 11 14
5132,2022-09-05,11 13 14 20 | 4 7 8 18
5133,2022-09-06,3 13 15 18 | 11 14 17 20
5134,2022-09-06,3 15 16 20 | 3 11 13 16
5135,2022-09-06,1 11 17 18 | 2 4 8 18
5136,2022-09-06,9 10 14 16 | 8 15 17 19
5137,2022-09-07,1 11 19 20 | 7 9 14 18
5138,2022-09-07,1 4 5 19 | 1 2 9 19
5139,2022-09-07,3 6 7 16 | 8 14 15 20
5140,2022-09-07,1 7 8 19 | 10 13 17 20
5141,2022-09-08,3 10 17 19 | 2 6 14 16
5142,2022-09-08,5 12 18 20 | 2 9 11 12
5143,2022-09-08,1 6 7 10 | 8 17 18 19
5144,2022-09-08,3 4 12 20 | 3 4 9 11
5145,2022-09-09,1 10 16 18 | 5 12 15 17
5146,2022-09-09,3 7 12 20 | 10 12 13 15
5147,2022-09-09,1 4 8 14 | 1 9 12 19
5148,2022-09-09,7 8 9 20 | 16 17 19 20
5149,2022-09-10,13 17 18 20 | 2 16 19 20
5150,2022-09-10,4 9 13 20 | 4 10 13 17
5151,2022-09-10,3 4 5 11 | 12 15 17 18
5152,2022-09-10,3 4 9 12 | 5 6 10 11
5153,2022-09-11,2 11 12 15 | 3 6 9 15
5154,2022-09-11,1 3 4 13 | 2 7 8 19
5155,2022-09-11,3 4 12 16 | 2 4 16 20
5156,2022-09-11,3 7 13 15 | 10 11 16 19
5157,2022-09-12,4 13 19 20 | 2 10 16 17
5158,2022-09-12,5 7 18 20 | 2 3 9 16
5159,2022-09-12,5 15 19 20 | 9 16 18 19
5160,2022-09-12,4 7 15 18 | 3 5 15 18
5161,2022-09-13,6 16 19 20 | 2 3 10 16
5162,2022-09-13,2 3 8 16 | 1 4 15 18
5163,2022-09-13,5 7 14 16 | 8 13 14 15
5164,2022-09-13,4 14 15 19 | 3 14 16 19
5165,2022-09-14,1 3 17 19 | 6 7 8 20
5166,2022-09-14,7 12 13 20 | 3 9 10 13
5167,2022-09-14,3 8 9 13 | 6 14 15 17
5168,2022-09-14,1 2 7 10 | 1 8 9 15
5169,2022-09-15,10 14 15 17 | 7 14 15 16
5170,2022-09-15,9 15 16 19 | 12 14 15 20
5171,2022-09-15,6 8 12 14 | 3 7 16 20
5172,2022-09-15,2 10 12 18 | 6 11 12 17
5173,2022-09-16,1 12 17 18 | 4 5 17 18
5174,2022-09-16,1 14 16 18 | 3 5 12 15
5175,2022-09-16,9 11 18 19 | 4 5 9 16
5176,2022-09-16,3 11 15 19 | 8 10 11 18
5177,2022-09-17,5 9 14 16 | 6 11 15 18
5178,2022-09-17,8 10 11 16 | 6 7 15 20
5179,2022-09-17,3 5 6 20 | 4 12 16 20
5180,2022-09-17,2 12 14 15 | 9 11 17 18
5181,2022-09-18,7 11 12 20 | 8 15 19 20
5182,2022-09-18,7 14 16 17 | 1 2 13 17
5183,2022-09-18,3 6 15 16 | 6 7 16 20
5184,2022-09-18,1 5 10 12 | 3 5 15 20
5185,2022-09-19,1 3 4 10 | 1 2 5 17
5186,2022-09-19,1 13 18 19 | 4 7 15 20
5187,2022-09-19,1 11 14 16 | 10 16 17 19
5188,2022-09-19,1 5 11 12 | 3 9 11 19
5189,2022-09-20,3 4 6 12 | 9 16 18 19
5190,2022-09-20,4 7 10 17 | 1 9 10 12
5191,2022-09-20,2 4 18 20 | 1 6 9 19
5192,2022-09-20,1 9 11 20 | 4 6 15 20
5193,2022-09-21,4 9 11 12 | 1 10 13 14
5194,2022-09-21,4 11 16 19 | 2 6 13 20
5195,2022-09-21,10 11 18 20 | 12 16 17 19
5196,2022-09-21,3 5 9 15 | 7 12 13 16
5197,2022-09-22,1 2 4 20 | 2 12 18 20
5198,2022-09-22,4 10 14 15 | 5 7 9 17
5199,2022-09-22,12 14 17 19 | 2 5 15 20
5200,2022-09-22,7 12 19 20 | 6 7 15 17
5201,2022-09-23,1 5 11 20 | 8 12 17 20
5202,2022-09-23,2 6 14 18 | 1 9 12 16
5203,2022-09-23,3 4 5 16 | 6 7 12 15
5204,2022-09-23,3 13 17 20 | 6 9 10 14
5205,2022-09-24,1 14 18 19 | 1 2 6 13
5206,2022-09-24,6 10 12 18 | 5 6 7 20
5207,2022-09-24,5 6 18 19 | 5 13 14 19
5208,2022-09-24,8 14 17 19 | 2 7 9 19
5209,2022-09-25,3 5 11 12 | 3 4 14 19
5210,2022-09-25,10 17 18 20 | 4 9 15 19
5211,2022-09-25,1 2 4 17 | 2 6 10 17
5212,2022-09-25,5 13 17 20 | 6 11 14 19
5213,2022-09-26,2 11 13 15 | 1 2 15 19
5214,2022-09-26,1 2 5 11 | 3 4 9 10
5215,2022-09-26,1 6 9 18 | 2 4 13 20
5216,2022-09-26,3 10 12 15 | 6 7 15 16
5217,2022-09-27,1 2 3 20 | 1 13 19 20
5218,2022-09-27,1 7 8 18 | 8 9 12 18
5219,2022-09-27,7 16 19 20 | 4 9 12 13
5220,2022-09-27,5 7 12 18 | 1 2 11 15
5221,2022-09-28,1 7 13 14 | 8 11 16 17
5222,2022-09-28,1 7 13 14 | 6 11 14 20
5223,2022-09-28,5 8 10 18 | 1 7 10 19
5224,2022-09-28,4 10 14 19 | 1 3 10 13
5225,2022-09-29,8 10 11 15 | 8 10 11 15
5226,2022-09-29,1 3 8 12 | 1 4 10 18
5227,2022-09-29,4 6 8 17 | 3 5 6 13
5228,2022-09-29,1 9 15 20 | 2 3 4 14
5229,2022-09-30,4 14 15 16 | 3 7 13 16
5230,2022-09-30,1 5 9 15 | 4 11 12 15
5231,2022-09-30,2 3 9 12 | 1 6 13 14
5232,2022-09-30,2 9 12 16 | 5 11 16 19
5233,2022-10-01,6 9 12 13 | 1 5 16 18
5234,2022-10-01,1 7 14 16 | 7 10 13 14
5235,2022-10-01,1 6 9 15 | 3 4 6 12
5236,2022-10-01,3 11 15 17 | 2 4 13 14
5237,2022-10-02,2 12 13 20 | 2 3 10 20
5238,2022-10-02,3 13 16 20 | 10 14 18 19
5239,2022-10-02,10 14 15 17 | 5 6 14 17
5240,2022-10-02,6 12 13 17 | 4 12 17 18
5241,2022-10-03,1 4 7 15 | 4 12 17 18
5242,2022-10-03,14 15 17 19 | 7 9 14 20
5243,2022-10-03,3 10 11 13 | 7 15 18 20
5244,2022-10-03,8 10 12 15 | 6 13 14 18
5245,2022-10-04,5 9 10 11 | 3 4 14 19
5246,2022-10-04,4 5 6 7 | 6 11 17 18
5247,2022-10-04,8 10 12 13 | 3 7 11 20
5248,2022-10-04,3 12 15 17 | 6 11 16 19
5249,2022-10-05,5 10 14 19 | 3 10 18 19
5250,2022-10-05,1 4 7 16 | 5 6 11 12
5251,2022-10-05,3 7 16 19 | 1 2 3 7
5252,2022-10-05,1 8 12 14 | 6 8 14 18
5253,2022-10-06,4 5 15 17 | 3 7 15 20
5254,2022-10-06,3 10 13 14 | 5 7 9 13
5255,2022-10-06,11 13 19 20 | 1 10 13 19
5256,2022-10-06,3 4 9 14 | 6 11 14 17
5257,2022-10-07,1 5 6 12 | 1 4 8 20
5258,2022-10-07,2 5 9 20 | 7 8 10 15
5259,2022-10-07,10 12 19 20 | 1 11 14 18
5260,2022-10-07,7 9 12 19 | 1 5 8 9
5261,2022-10-08,2 7 17 18 | 4 7 10 14
5262,2022-10-08,4 13 16 18 | 3 4 12 14
5263,2022-10-08,7 10 19 20 | 1 13 15 17
5264,2022-10-08,8 12 13 18 | 9 11 12 19
5265,2022-10-09,1 5 16 19 | 4 11 15 19
5266,2022-10-09,5 6 13 17 | 3 4 11 14
5267,2022-10-09,3 5 9 13 | 2 3 4 12
5268,2022-10-09,2 4 8 9 | 9 11 13 15
5269,2022-10-10,8 10 13 14 | 5 6 7 19
5270,2022-10-10,2 6 8 18 | 5 14 15 16
5271,2022-10-10,3 12 18 20 | 7 12 16 19
5272,2022-10-10,3 14 16 17 | 1 14 19 20
5273,2022-10-11,10 13 17 20 | 2 10 12 15
5274,2022-10-11,5 13 14 17 | 2 8 13 15
5275,2022-10-11,1 10 13 17 | 4 5 12 19
5276,2022-10-11,3 11 12 20 | 3 4 9 13
5277,2022-10-12,13 15 18 20 | 2 7 12 18
5278,2022-10-12,5 7 17 18 | 10 11 16 18
5279,2022-10-12,7 11 13 15 | 6 8 10 18
5280,2022-10-12,1 4 5 19 | 1 8 9 11
5281,2022-10-13,10 11 14 15 | 4 13 19 20
5282,2022-10-13,4 5 12 17 | 6 14 17 19
5283,2022-10-13,5 8 12 15 | 1 8 12 15
5284,2022-10-13,1 2 9 17 | 6 7 9 15
5285,2022-10-14,6 15 18 19 | 4 6 17 19
5286,2022-10-14,7 10 11 14 | 9 11 17 18
5287,2022-10-14,10 12 13 14 | 1 4 7 8
5288,2022-10-14,6 8 10 18 | 2 3 4 6
5289,2022-10-15,6 9 14 15 | 4 8 9 12
5290,2022-10-15,2 10 15 17 | 8 9 10 19
5291,2022-10-15,5 9 19 20 | 6 11 18 19
5292,2022-10-15,3 7 12 13 | 1 2 10 20
5293,2022-10-16,2 10 12 15 | 6 8 16 17
5294,2022-10-16,2 13 16 17 | 6 9 10 13
5295,2022-10-16,4 14 15 19 | 2 9 11 17
5296,2022-10-16,1 3 9 13 | 3 5 15 19
5297,2022-10-17,5 14 16 19 | 5 7 10 18
5298,2022-10-17,2 5 13 19 | 4 9 14 20
5299,2022-10-17,6 7 9 11 | 6 7 13 15
5300,2022-10-17,10 12 18 20 | 1 3 13 19
5301,2022-10-18,2 3 5 17 | 14 15 19 20
5302,2022-10-18,2 7 8 13 | 1 2 8 20
5303,2022-10-18,2 8 14 15 | 7 8 15 17
5304,2022-10-18,1 7 9 20 | 3 6 13 14
5305,2022-10-19,3 9 12 14 | 1 11 12 15
5306,2022-10-19,7 13 14 15 | 11 12 13 18
5307,2022-10-19,6 10 17 19 | 6 9 10 13
5308,2022-10-19,2 9 13 14 | 2 3 4 18
5309,2022-10-20,10 16 17 18 | 7 13 15 20
5310,2022-10-20,2 8 12 14 | 1 5 19 20
5311,2022-10-20,1 6 9 13 | 6 12 14 19
5312,2022-10-20,3 9 15 19 | 7 10 12 20
5313,2022-10-21,1 5 12 15 | 9 13 17 19
5314,2022-10-21,1 2 7 19 | 1 7 14 15
5315,2022-10-21,2 7 12 18 | 1 3 8 10
5316,2022-10-21,1 3 10 14 | 4 5 11 17
5317,2022-10-22,1 2 10 14 | 2 3 10 14
5318,2022-10-22,2 8 11 19 | 1 13 15 19
5319,2022-10-22,3 8 11 12 | 13 15 17 18
5320,2022-10-22,1 5 11 15 | 4 8 13 19
5321,2022-10-23,2 5 14 19 | 2 12 14 19
5322,2022-10-23,8 9 12 14 | 3 5 6 11
5323,2022-10-23,5 6 9 19 | 1 8 17 19
5324,2022-10-23,1 2 7 9 | 8 9 18 19
5325,2022-10-24,4 12 13 16 | 7 9 11 12
5326,2022-10-24,1 3 16 17 | 4 11 18 20
5327,2022-10-24,3 8 14 17 | 4 5 16 18
5328,2022-10-24,7 14 19 20 | 1 8 11 16
5329,2022-10-24,2 5 6 13 | 5 7 12 17
5330,2022-10-25,5 10 15 19 | 5 8 9 12
5331,2022-10-25,6 9 16 17 | 1 4 8 17
5332,2022-10-25,2 10 15 17 | 1 7 9 19
5333,2022-10-25,2 14 15 16 | 1 6 10 16
5334,2022-10-25,1 4 7 15 | 3 4 10 15
5335,2022-10-26,13 16 18 20 | 5 13 15 17
5336,2022-10-26,5 13 15 19 | 2 14 18 20
5337,2022-10-26,1 5 7 18 | 6 12 14 20
5338,2022-10-26,5 7 13 14 | 1 5 6 11
5339,2022-10-26,8 9 13 18 | 1 7 9 11
5340,2022-10-27,1 7 12 20 | 8 14 17 19
5341,2022-10-27,2 8 11 14 | 6 7 9 13
5342,2022-10-27,8 10 16 17 | 3 6 19 20
5343,2022-10-27,2 11 14 20 | 4 5 6 9
5344,2022-10-27,1 6 11 17 | 1 11 15 20
5345,2022-10-28,8 11 18 20 | 3 7 16 19
5346,2022-10-28,3 5 6 8 | 6 10 15 18
5347,2022-10-28,5 9 11 13 | 5 6 12 20
5348,2022-10-28,1 7 19 20 | 8 12 17 18
5349,2022-10-28,4 5 13 20 | 7 9 16 20
5350,2022-10-29,1 3 16 19 | 1 12 16 17
5351,2022-10-29,2 6 8 20 | 4 8 11 20
5352,2022-10-29,4 10 15 17 | 3 8 10 20
5353,2022-10-29,1 8 15 20 | 1 7 19 20
5354,2022-10-29,1 8 17 19 | 11 13 16 18
5355,2022-10-30,2 6 15 20 | 4 8 12 18
5356,2022-10-30,1 11 12 13 | 1 7 17 19
5357,2022-10-30,2 3 12 19 | 4 15 17 19
5358,2022-10-30,9 12 14 20 | 6 7 13 16
5359,2022-10-30,8 9 15 17 | 1 4 9 11
5360,2022-10-31,4 5 16 17 | 2 7 12 18
5361,2022-10-31,2 8 9 16 | 11 12 15 19
5362,2022-10-31,1 7 12 16 | 1 5 14 18
5363,2022-10-31,5 6 10 19 | 8 13 18 20
5364,2022-10-31,2 5 8 19 | 1 7 12 14
5365,2022-11-01,4 8 9 12 | 4 5 10 19
5366,2022-11-01,4 6 13 17 | 1 3 5 13
5367,2022-11-01,16 17 18 20 | 2 5 6 17
5368,2022-11-01,4 5 15 19 | 1 3 6 13
5369,2022-11-01,5 12 15 20 | 11 12 17 20
5370,2022-11-02,1 2 10 20 | 8 13 15 17
5371,2022-11-02,4 6 10 15 | 3 7 13 17
5372,2022-11-02,2 3 5 12 | 4 6 7 18
5373,2022-11-02,6 8 16 19 | 2 4 6 9
5374,2022-11-02,5 7 16 20 | 3 10 12 18
5375,2022-11-03,4 14 15 19 | 2 4 5 20
5376,2022-11-03,10 11 12 17 | 8 11 17 19
5377,2022-11-03,3 8 12 18 | 5 7 11 17
5378,2022-11-03,1 2 12 20 | 3 4 6 14
5379,2022-11-03,4 6 8 13 | 1 4 6 10
5380,2022-11-04,2 3 7 13 | 6 13 17 20
5381,2022-11-04,4 6 9 10 | 3 8 16 20
5382,2022-11-04,3 8 19 20 | 1 8 15 20
5383,2022-11-04,11 15 19 20 | 6 8 10 11
5384,2022-11-04,1 2 10 18 | 5 11 15 18
5385,2022-11-05,2 3 4 17 | 4 14 15 17
5386,2022-11-05,4 8 14 17 | 1 4 7 14
5387,2022-11-05,2 6 10 16 | 1 10 15 17
5388,2022-11-05,1 6 12 18 | 6 7 11 18
5389,2022-11-05,2 9 16 20 | 11 14 16 18
5390,2022-11-06,1 4 10 18 | 1 6 10 11
5391,2022-11-06,3 11 14 19 | 1 2 8 10
5392,2022-11-06,1 3 7 19 | 13 14 15 20
5393,2022-11-06,7 8 14 18 | 1 7 10 19
5394,2022-11-06,4 7 11 15 | 6 9 13 16
5395,2022-11-07,6 12 13 16 | 1 14 16 19
5396,2022-11-07,5 9 18 20 | 7 9 10 19
5397,2022-11-07,4 13 15 18 | 2 3 15 18
5398,2022-11-07,5 11 13 18 | 9 14 16 18
5399,2022-11-07,1 8 10 15 | 4 5 12 18
5400,2022-11-08,1 12 18 19 | 3 5 6 16
5401,2022-11-08,4 13 14 15 | 7 11 12 13
5402,2022-11-08,3 6 7 8 | 3 4 6 9
5403,2022-11-08,11 12 15 16 | 3 4 6 13
5404,2022-11-08,1 11 16 18 | 1 2 8 9
5405,2022-11-09,2 5 16 20 | 3 4 10 12
5406,2022-11-09,5 6 9 19 | 7 11 14 17
5407,2022-11-09,4 11 12 17 | 4 13 17 19
5408,2022-11-09,7 11 13 20 | 4 6 7 10
5409,2022-11-09,3 6 9 11 | 10 11 17 19
5410,2022-11-10,15 16 18 19 | 4 5 8 10
5411,2022-11-10,2 4 10 13 | 3 4 7 13
5412,2022-11-10,3 8 10 19 | 9 14 16 18
5413,2022-11-10,1 10 12 16 | 11 12 17 20
5414,2022-11-10,3 7 9 20 | 3 5 6 8
5415,2022-11-11,3 15 18 19 | 11 14 16 19
5416,2022-11-11,2 11 13 17 | 7 11 13 17
5417,2022-11-11,1 8 9 17 | 5 15 19 20
5418,2022-11-11,4 6 7 19 | 1 2 6 12
5419,2022-11-11,3 11 13 14 | 9 11 15 16
5420,2022-11-12,7 8 12 19 | 8 14 17 18
5421,2022-11-12,5 7 13 17 | 1 8 9 13
5422,2022-11-12,2 7 9 16 | 6 7 16 20
5423,2022-11-12,5 8 12 16 | 3 4 7 10
5424,2022-11-12,1 6 7 10 | 12 14 15 16
5425,2022-11-13,4 9 13 14 | 4 6 16 19
5426,2022-11-13,3 7 18 20 | 5 17 18 19
5427,2022-11-13,4 7 8 12 | 3 9 16 17
5428,2022-11-13,1 2 13 16 | 7 10 11 14
5429,2022-11-13,9 10 15 17 | 1 13 14 15
5430,2022-11-14,1 2 5 12 | 6 10 14 17
5431,2022-11-14,1 12 18 20 | 6 9 14 16
5432,2022-11-14,2 4 5 10 | 2 4 9 15
5433,2022-11-14,1 6 11 14 | 2 3 6 18
5434,2022-11-14,5 10 14 17 | 5 11 13 20
5435,2022-11-15,15 16 17 19 | 6 13 17 19
5436,2022-11-15,2 4 13 18 | 8 9 16 19
5437,2022-11-15,2 10 19 20 | 11 12 16 19
5438,2022-11-15,4 16 18 20 | 12 14 18 20
5439,2022-11-15,6 9 12 18 | 4 16 18 19
5440,2022-11-16,4 5 17 20 | 2 3 4 8
5441,2022-11-16,5 12 14 17 | 9 11 17 20
5442,2022-11-16,2 11 16 18 | 9 14 17 20
5443,2022-11-16,1 3 5 8 | 5 10 15 20
5444,2022-11-16,2 6 13 20 | 6 8 9 10
5445,2022-11-17,15 17 18 20 | 3 4 16 20
5446,2022-11-17,1 9 11 20 | 3 4 11 14
5447,2022-11-17,7 10 15 20 | 3 7 10 13
5448,2022-11-17,2 4 9 19 | 7 8 17 20
5449,2022-11-17,1 4 10 17 | 6 9 12 15
5450,2022-11-18,5 7 12 13 | 1 7 13 18
5451,2022-11-18,7 10 12 20 | 4 5 6 9
5452,2022-11-18,7 12 13 19 | 7 8 9 20
5453,2022-11-18,5 13 14 19 | 4 8 12 17
5454,2022-11-18,3 15 18 19 | 2 6 11 20
5455,2022-11-19,3 4 14 20 | 5 9 13 18
5456,2022-11-19,2 3 11 16 | 4 11 14 19
5457,2022-11-19,1 5 14 20 | 6 10 12 18
5458,2022-11-19,1 3 4 10 | 2 3 10 15
5459,2022-11-19,10 12 19 20 | 2 3 15 17
5460,2022-11-20,4 7 12 16 | 7 9 10 20
5461,2022-11-20,1 7 14 20 | 2 4 18 19
5462,2022-11-20,5 10 11 20 | 9 11 15 18
5463,2022-11-20,1 4 15 19 | 8 10 14 19
5464,2022-11-20,6 7 10 20 | 12 14 17 18
5465,2022-11-21,7 11 15 17 | 2 13 15 20
5466,2022-11-21,1 2 8 9 | 4 5 17 20
5467,2022-11-21,3 5 12 17 | 7 8 9 18
5468,2022-11-21,3 5 14 18 | 3 7 14 20
5469,2022-11-24,7 8 9 10 | 1 2 8 9
5470,2022-11-25,3 4 11 18 | 3 9 10 11
5471,2022-11-25,2 3 5 17 | 1 16 18 19
5472,2022-11-25,10 13 16 17 | 4 8 12 13
5473,2022-11-25,8 17 18 20 | 4 5 10 17
5474,2022-11-25,2 4 16 18 | 2 10 12 18
5475,2022-11-26,7 12 19 20 | 7 10 17 19
5476,2022-11-26,4 8 11 18 | 1 10 13 18
5477,2022-11-26,1 14 16 18 | 3 7 14 16
5478,2022-11-26,6 10 13 14 | 2 3 12 15
5479,2022-11-26,6 12 17 19 | 10 12 13 16
5480,2022-11-27,7 8 16 20 | 2 4 16 19
5481,2022-11-27,2 8 15 19 | 3 5 12 18
5482,2022-11-27,4 5 8 17 | 6 8 10 19
5483,2022-11-27,1 9 14 19 | 11 14 19 20
5484,2022-11-27,8 9 10 15 | 2 4 8 10
5485,2022-11-28,3 4 5 8 | 7 10 13 19
5486,2022-11-28,1 2 10 16 | 3 7 8 18
5487,2022-11-28,2 9 17 18 | 8 14 15 16
5488,2022-11-28,2 11 12 20 | 4 6 9 13
5489,2022-11-28,1 3 11 18 | 6 10 13 17
5490,2022-11-29,2 3 4 15 | 2 5 8 14
5491,2022-11-29,1 5 13 16 | 7 12 18 19
5492,2022-11-29,6 7 18 19 | 1 5 14 18
5493,2022-11-29,1 3 11 18 | 10 14 18 20
5494,2022-11-29,10 14 15 19 | 3 11 14 15
5495,2022-11-30,4 14 18 20 | 4 7 8 18
5496,2022-11-30,4 15 17 19 | 1 4 5 6
5497,2022-11-30,8 9 12 17 | 11 13 15 17
5498,2022-11-30,8 9 11 13 | 1 2 4 19
5499,2022-11-30,4 12 16 18 | 1 14 19 20
5500,2022-12-01,6 11 15 16 | 10 11 13 20
5501,2022-12-01,3 8 11 16 | 5 7 13 19
5502,2022-12-01,2 3 17 20 | 2 6 19 20
5503,2022-12-01,2 8 12 17 | 1 8 9 14
5504,2022-12-01,5 10 11 17 | 6 7 10 14
5505,2022-12-02,5 12 18 20 | 12 13 17 18
5506,2022-12-02,1 11 16 19 | 4 10 11 20
5507,2022-12-02,1 3 12 17 | 5 9 11 15
5508,2022-12-02,1 11 12 16 | 4 9 11 20
5509,2022-12-02,2 4 8 20 | 4 8 12 16
5510,2022-12-03,6 7 8 11 | 3 4 7 9
5511,2022-12-03,6 8 9 15 | 4 8 14 15
5512,2022-12-03,7 12 13 20 | 6 7 12 16
5513,2022-12-03,5 7 8 20 | 7 10 14 15
5514,2022-12-03,3 9 10 20 | 5 8 10 16
5515,2022-12-04,4 13 17 18 | 3 5 12 13
5516,2022-12-04,10 14 15 17 | 3 9 15 17
5517,2022-12-04,2 4 10 13 | 9 14 16 18
5518,2022-12-04,2 7 10 14 | 1 4 10 18
5519,2022-12-04,7 13 16 19 | 3 7 9 13
5520,2022-12-05,2 12 13 19 | 3 7 11 20
5521,2022-12-05,3 4 13 14 | 8 10 11 17
5522,2022-12-05,8 11 16 20 | 3 9 13 16
5523,2022-12-05,1 10 12 19 | 7 9 11 20
5524,2022-12-05,3 6 13 15 | 5 6 7 13
5525,2022-12-06,5 7 15 20 | 3 6 8 17
5526,2022-12-06,2 8 9 17 | 11 12 16 20
5527,2022-12-06,4 6 12 17 | 3 5 7 17
5528,2022-12-06,2 5 13 19 | 2 10 15 20
5529,2022-12-06,6 11 12 13 | 10 11 15 17
5530,2022-12-07,4 7 9 15 | 2 6 7 18
5531,2022-12-07,9 10 11 20 | 15 16 17 18
5532,2022-12-07,11 13 15 16 | 2 8 9 16
5533,2022-12-07,2 9 12 16 | 3 5 6 19
5534,2022-12-07,1 5 13 15 | 4 13 14 20
5535,2022-12-08,5 7 14 19 | 1 8 9 11
5536,2022-12-08,9 12 17 19 | 6 8 14 15
5537,2022-12-08,5 15 18 19 | 2 3 5 14
5538,2022-12-08,7 9 14 18 | 3 5 7 8
5539,2022-12-08,1 2 5 19 | 3 7 8 18
5540,2022-12-09,1 2 9 17 | 1 9 13 16
5541,2022-12-09,2 4 18 19 | 5 8 14 20
5542,2022-12-09,2 7 13 20 | 2 5 8 12
5543,2022-12-09,2 3 7 18 | 6 13 18 20
5544,2022-12-09,7 8 11 15 | 1 3 6 16
5545,2022-12-10,4 12 19 20 | 12 13 15 17
5546,2022-12-10,7 9 13 15 | 1 4 5 15
5547,2022-12-10,2 3 12 16 | 6 7 17 20
5548,2022-12-10,4 6 14 20 | 3 7 8 15
5549,2022-12-10,7 9 10 11 | 4 11 12 18
5550,2022-12-11,1 6 14 16 | 1 4 13 20
5551,2022-12-11,4 11 14 20 | 2 12 15 18
5552,2022-12-11,2 3 8 16 | 1 6 16 20
5553,2022-12-11,2 3 9 18 | 1 8 10 11
5554,2022-12-11,10 16 19 20 | 4 7 14 19
5555,2022-12-12,1 3 18 19 | 5 6 18 20
5556,2022-12-12,4 8 9 11 | 2 7 11 20
5557,2022-12-12,5 7 10 14 | 12 13 15 20
5558,2022-12-12,7 10 14 17 | 2 7 14 20
5559,2022-12-12,1 2 17 20 | 2 7 9 11
5560,2022-12-15,4 10 16 18 | 5 15 17 19
5561,2022-12-16,3 4 7 20 | 6 9 13 18
5562,2022-12-16,1 3 14 20 | 7 10 15 19
5563,2022-12-16,7 10 16 18 | 2 7 13 15
5564,2022-12-16,8 10 15 16 | 1 5 10 15
5565,2022-12-17,1 7 10 14 | 4 7 11 16
5566,2022-12-17,5 6 13 20 | 6 14 16 17
5567,2022-12-17,5 9 11 19 | 2 12 15 18
5568,2022-12-17,5 14 16 17 | 3 9 14 15
5569,2022-12-18,3 7 8 11 | 3 16 18 19
5570,2022-12-18,8 11 16 20 | 9 13 17 18
5571,2022-12-18,3 6 13 17 | 7 11 15 16
5572,2022-12-18,8 10 13 18 | 4 11 14 20
5573,2022-12-19,2 6 10 18 | 7 10 12 19
5574,2022-12-19,8 9 14 18 | 2 15 17 19
5575,2022-12-19,1 5 14 20 | 1 2 5 20
5576,2022-12-19,1 4 16 17 | 1 2 4 18
5577,2022-12-19,8 12 14 15 | 8 9 13 19
5578,2022-12-20,2 4 7 9 | 3 7 12 17
5579,2022-12-20,6 7 8 15 | 3 9 10 11
5580,2022-12-20,2 4 5 13 | 10 13 15 20
5581,2022-12-20,2 6 17 18 | 8 13 18 19
5582,2022-12-20,2 8 9 10 | 4 5 14 18
5583,2022-12-21,9 10 13 20 | 6 7 9 19
5584,2022-12-21,1 9 15 20 | 5 8 10 14
5585,2022-12-21,5 6 9 10 | 5 7 14 17
5586,2022-12-21,8 11 18 20 | 5 6 10 17
5587,2022-12-21,4 8 18 19 | 2 10 11 16
5588,2022-12-22,3 15 18 19 | 9 10 11 18
5589,2022-12-22,3 4 15 17 | 1 3 8 13
5590,2022-12-22,3 7 10 20 | 1 5 6 18
5591,2022-12-22,1 4 12 16 | 6 9 10 13
5592,2022-12-22,3 7 19 20 | 2 3 8 10
5593,2022-12-23,2 10 16 17 | 10 16 17 20
5594,2022-12-23,1 3 8 18 | 3 4 5 10
5595,2022-12-23,2 5 8 16 | 16 17 19 20
5596,2022-12-23,2 6 10 18 | 2 4 8 9
5597,2022-12-23,13 15 16 19 | 2 6 10 18
5598,2022-12-24,3 5 8 16 | 4 6 8 10
5599,2022-12-24,10 11 16 17 | 1 13 18 19
5600,2022-12-24,1 3 4 18 | 4 6 10 12
5601,2022-12-24,5 8 13 18 | 3 8 16 20
5602,2022-12-24,6 11 15 19 | 4 6 12 19
5603,2022-12-25,3 8 14 19 | 2 10 11 15
5604,2022-12-25,14 15 17 19 | 9 10 16 19
5605,2022-12-25,10 11 14 20 | 1 12 14 20
5606,2022-12-25,5 11 14 18 | 1 4 8 9
5607,2022-12-25,3 10 17 20 | 1 5 7 11
5608,2022-12-26,8 13 18 20 | 4 9 11 18
5609,2022-12-26,4 6 8 19 | 1 8 11 12
5610,2022-12-26,1 3 6 20 | 5 16 18 19
5611,2022-12-26,9 11 18 19 | 10 12 13 20
5612,2022-12-26,1 13 15 19 | 14 15 16 19
5613,2022-12-27,6 11 12 17 | 4 8 9 11
5614,2022-12-27,4 12 14 17 | 2 4 5 9
5615,2022-12-27,5 7 13 18 | 2 4 17 18
5616,2022-12-27,2 14 16 18 | 6 14 18 20
5617,2022-12-27,2 14 16 20 | 8 14 19 20
5618,2022-12-28,9 11 15 16 | 9 17 18 19
5619,2022-12-28,10 16 19 20 | 2 8 17 18
5620,2022-12-28,8 11 15 18 | 1 6 15 17
5621,2022-12-28,1 5 7 17 | 1 10 13 14
5622,2022-12-28,5 8 10 11 | 11 15 17 19
5623,2022-12-29,8 9 10 11 | 1 10 17 20
5624,2022-12-29,2 3 13 15 | 2 4 16 19
5625,2022-12-29,1 4 5 17 | 3 8 14 17
5626,2022-12-29,4 7 8 14 | 3 6 14 18
5627,2022-12-29,5 7 10 14 | 1 10 13 18
5628,2022-12-30,1 2 4 10 | 7 9 12 15
5629,2022-12-30,2 10 19 20 | 1 3 10 15
5630,2022-12-30,3 6 9 14 | 2 5 12 20
5631,2022-12-30,6 9 12 13 | 7 8 10 16
5632,2022-12-30,3 5 8 15 | 3 12 13 16
5633,2022-12-31,3 5 11 13 | 2 7 11 14
5634,2022-12-31,2 13 18 20 | 13 15 17 18
5635,2022-12-31,3 4 9 10 | 8 9 14 16
5636,2022-12-31,1 4 6 12 | 12 13 14 19
5637,2022-12-31,5 14 15 19 | 9 10 13 15
5638,2023-01-01,1 6 13 14 | 6 9 10 12
5639,2023-01-01,3 7 8 10 | 5 6 10 17
5640,2023-01-01,5 12 17 18 | 1 2 6 10
5641,2023-01-01,2 7 12 17 | 1 8 14 18
5642,2023-01-01,2 4 8 20 | 3 5 6 20
5643,2023-01-02,1 7 13 19 | 1 4 8 17
5644,2023-01-02,5 7 13 18 | 10 12 14 16
5645,2023-01-02,1 10 11 18 | 1 11 13 16
5646,2023-01-02,1 4 12 19 | 9 10 13 15
5647,2023-01-02,4 6 8 9 | 3 10 18 20
5648,2023-01-03,3 15 16 19 | 1 3 8 10
5649,2023-01-03,1 12 17 20 | 7 11 13 14
5650,2023-01-03,5 11 18 20 | 6 8 13 16
5651,2023-01-03,12 13 14 19 | 4 5 9 20
5652,2023-01-03,2 11 15 19 | 1 5 9 15
5653,2023-01-04,7 12 14 16 | 1 4 12 15
5654,2023-01-04,1 3 9 17 | 3 16 18 19
5655,2023-01-04,1 5 11 14 | 5 6 13 16
5656,2023-01-04,3 7 9 19 | 13 17 18 19
5657,2023-01-04,3 5 8 14 | 3 5 11 16
5658,2023-01-05,6 11 17 20 | 8 13 14 18
5659,2023-01-05,5 8 9 12 | 1 2 8 17
5660,2023-01-05,9 14 18 20 | 11 12 14 19
5661,2023-01-05,4 6 12 17 | 1 15 17 19
5662,2023-01-05,2 5 10 13 | 4 7 18 19
5663,2023-01-06,4 7 12 15 | 3 6 7 11
5664,2023-01-06,1 2 15 17 | 3 8 12 18
5665,2023-01-06,4 8 10 15 | 1 2 6 15
5666,2023-01-06,3 9 13 14 | 1 5 7 17
5667,2023-01-06,15 17 18 19 | 2 7 9 10
5668,2023-01-07,3 10 11 13 | 2 4 13 19
5669,2023-01-07,9 11 18 20 | 1 4 9 12
5670,2023-01-07,1 13 17 18 | 11 13 15 17
5671,2023-01-07,8 11 13 18 | 2 4 8 18
5672,2023-01-07,14 17 18 20 | 3 7 8 16
5673,2023-01-08,3 10 14 16 | 3 4 6 12
5674,2023-01-08,9 16 17 18 | 1 11 15 20
5675,2023-01-08,4 11 17 20 | 3 9 18 19
5676,2023-01-08,1 14 15 20 | 5 6 8 13
5677,2023-01-08,1 2 14 15 | 3 4 6 18
5678,2023-01-09,7 8 15 18 | 4 13 16 20
5679,2023-01-09,2 5 10 11 | 1 6 7 15
5680,2023-01-09,1 2 14 17 | 7 9 12 19
5681,2023-01-09,3 9 12 19 | 14 16 17 19
5682,2023-01-09,5 6 13 18 | 4 6 7 20
5683,2023-01-10,7 9 12 13 | 2 8 9 11
5684,2023-01-10,6 8 12 18 | 1 11 17 19
5685,2023-01-10,8 9 14 15 | 5 8 11 12
5686,2023-01-10,7 9 10 11 | 4 6 9 14
5687,2023-01-10,2 4 8 16 | 9 12 14 16
5688,2023-01-11,1 6 8 10 | 2 5 10 19
5689,2023-01-11,3 4 7 19 | 6 11 15 19
5690,2023-01-11,7 9 15 18 | 9 13 14 16
5691,2023-01-11,1 2 15 20 | 7 12 14 19
5692,2023-01-11,6 7 18 19 | 1 7 11 14
5693,2023-01-12,1 10 13 17 | 4 6 13 16
5694,2023-01-12,5 17 19 20 | 13 14 18 19
5695,2023-01-12,4 12 13 14 | 5 8 13 17
5696,2023-01-12,1 2 6 13 | 7 8 16 19
5697,2023-01-12,2 7 10 12 | 1 4 18 19
5698,2023-01-13,10 13 17 18 | 1 2 6 17
5699,2023-01-13,3 4 17 18 | 8 12 15 18
5700,2023-01-13,7 11 14 17 | 2 7 10 13
5701,2023-01-13,1 5 14 16 | 2 3 8 18
5702,2023-01-13,2 3 5 13 | 3 5 9 17
5703,2023-01-14,4 6 17 20 | 2 7 15 17
5704,2023-01-14,8 10 11 16 | 6 8 16 20
5705,2023-01-14,2 3 7 10 | 7 8 12 16
5706,2023-01-14,5 14 17 18 | 3 12 14 20
5707,2023-01-14,3 9 14 16 | 5 9 10 13
5708,2023-01-15,4 11 13 16 | 5 11 14 18
5709,2023-01-15,2 6 9 17 | 11 12 13 20
5710,2023-01-15,5 8 11 20 | 2 5 12 20
5711,2023-01-15,8 10 16 19 | 5 9 10 11
5712,2023-01-15,1 9 10 18 | 4 6 16 20
5713,2023-01-16,1 2 3 12 | 3 7 8 14
5714,2023-01-16,5 8 17 20 | 6 7 10 18
5715,2023-01-16,9 10 15 18 | 2 8 11 15
5716,2023-01-16,7 10 12 14 | 4 5 15 17
5717,2023-01-16,1 7 11 17 | 10 13 14 19
5718,2023-01-17,1 11 16 17 | 8 12 18 20
5719,2023-01-17,4 6 16 18 | 1 11 12 15
5720,2023-01-17,2 4 6 11 | 1 5 14 16
5721,2023-01-17,3 6 8 15 | 3 14 15 20
5722,2023-01-17,8 13 18 20 | 1 5 8 12
5723,2023-01-18,4 10 16 17 | 7 11 14 16
5724,2023-01-18,1 7 16 19 | 10 16 18 19
5725,2023-01-18,2 6 7 13 | 3 8 16 18
5726,2023-01-18,1 14 16 17 | 6 10 14 18
5727,2023-01-18,4 5 12 18 | 5 10 13 16
5728,2023-01-19,5 6 12 20 | 2 9 14 15
5729,2023-01-19,11 12 16 19 | 2 3 13 18
5730,2023-01-19,3 18 19 20 | 2 3 16 18
5731,2023-01-19,7 15 16 18 | 3 8 12 14
5732,2023-01-19,2 10 16 20 | 8 12 15 17
5733,2023-01-20,1 2 3 13 | 1 5 10 20
5734,2023-01-20,3 7 12 17 | 3 5 13 15
5735,2023-01-20,7 10 12 17 | 1 7 11 20
5736,2023-01-20,3 4 9 12 | 1 5 9 17
5737,2023-01-20,2 9 14 16 | 1 7 19 20
5738,2023-01-21,3 7 9 12 | 8 11 13 16
5739,2023-01-21,5 6 10 14 | 2 10 11 19
5740,2023-01-21,2 6 10 16 | 3 4 14 18
5741,2023-01-21,1 9 11 13 | 10 14 17 18
5742,2023-01-21,1 2 5 17 | 1 3 5 12
5743,2023-01-22,1 7 12 18 | 7 11 16 20
5744,2023-01-22,6 12 14 15 | 9 10 12 13
5745,2023-01-22,6 7 9 19 | 4 12 16 19
5746,2023-01-22,11 12 14 15 | 8 16 17 18
5747,2023-01-22,10 12 17 18 | 1 8 16 17
5748,2023-01-23,2 5 9 12 | 14 16 19 20
5749,2023-01-23,1 5 14 16 | 2 6 16 20
5750,2023-01-23,4 5 16 18 | 1 2 15 18
5751,2023-01-23,4 5 6 15 | 6 8 11 15
5752,2023-01-23,2 10 13 20 | 4 8 19 20
5753,2023-01-24,3 4 12 17 | 2 4 6 7
5754,2023-01-24,3 6 10 17 | 5 11 16 19
5755,2023-01-24,3 4 9 15 | 4 12 16 19
5756,2023-01-24,6 8 10 18 | 4 5 7 8
5757,2023-01-24,7 12 17 19 | 13 17 19 20
5758,2023-01-25,13 15 16 17 | 3 8 11 14
5759,2023-01-25,4 9 11 16 | 4 10 15 17
5760,2023-01-25,11 12 13 16 | 6 10 15 18
5761,2023-01-25,6 7 13 14 | 2 4 7 9
5762,2023-01-25,3 8 10 12 | 1 3 8 11
5763,2023-01-26,1 3 7 10 | 4 10 17 18
5764,2023-01-26,7 9 11 15 | 2 6 18 20
5765,2023-01-26,1 7 16 18 | 6 8 12 17
5766,2023-01-26,2 7 10 15 | 2 8 9 16
5767,2023-01-26,1 10 13 17 | 2 3 8 17
5768,2023-01-27,3 7 18 19 | 8 13 15 18
5769,2023-01-27,5 8 11 18 | 4 16 17 20
5770,2023-01-27,2 6 13 15 | 4 6 13 18
5771,2023-01-27,3 4 10 20 | 9 16 17 20
5772,2023-01-27,1 5 10 18 | 11 13 14 17
5773,2023-01-28,9 13 14 15 | 11 13 14 17
5774,2023-01-28,3 7 9 10 | 5 8 13 17
5775,2023-01-28,2 9 13 17 | 5 10 15 18
5776,2023-01-28,2 5 9 12 | 1 8 15 18
5777,2023-01-28,4 8 13 17 | 5 10 13 15
5778,2023-01-29,8 10 18 20 | 1 2 13 19
5779,2023-01-29,5 8 11 15 | 1 8 10 18
5780,2023-01-29,1 7 8 12 | 7 9 16 20
5781,2023-01-29,1 10 14 19 | 13 16 17 20
5782,2023-01-29,1 9 19 20 | 1 10 17 18
5783,2023-01-30,1 4 11 16 | 3 9 16 17
5784,2023-01-30,3 7 9 17 | 11 15 16 19
5785,2023-01-30,9 11 13 14 | 1 8 17 19
5786,2023-01-30,5 10 11 20 | 3 5 6 9
5787,2023-01-30,2 8 10 12 | 4 8 13 17
5788,2023-01-31,4 12 14 16 | 4 7 9 11
5789,2023-01-31,2 5 14 17 | 3 8 9 15
5790,2023-01-31,2 13 17 20 | 1 2 10 20
5791,2023-01-31,1 10 12 18 | 2 15 19 20
5792,2023-01-31,3 6 17 18 | 8 16 17 19
5793,2023-02-01,2 3 6 7 | 9 11 14 19
5794,2023-02-01,1 9 15 20 | 7 10 15 16
5795,2023-02-01,6 10 15 19 | 6 7 8 17
5796,2023-02-01,3 11 12 15 | 1 3 5 8
5797,2023-02-01,4 7 12 18 | 4 7 10 13
5798,2023-02-02,5 6 7 9 | 8 10 13 14
5799,2023-02-02,2 7 11 15 | 3 6 12 17
5800,2023-02-02,2 3 16 20 | 2 3 4 11
5801,2023-02-02,6 15 17 18 | 1 6 10 11
5802,2023-02-02,4 11 18 19 | 2 3 6 19
5803,2023-02-03,7 8 11 16 | 4 8 11 16
5804,2023-02-03,4 6 7 20 | 2 3 8 10
5805,2023-02-03,1 8 10 20 | 3 7 11 15
5806,2023-02-03,2 13 16 19 | 2 5 12 17
5807,2023-02-03,7 9 11 16 | 1 3 7 18
5808,2023-02-04,7 10 14 20 | 2 5 18 19
5809,2023-02-04,2 4 12 20 | 6 9 18 20
5810,2023-02-04,3 9 15 17 | 5 7 14 16
5811,2023-02-04,4 5 10 12 | 5 6 9 15
5812,2023-02-04,2 10 14 20 | 10 11 17 18
5813,2023-02-05,1 5 6 12 | 10 15 18 19
5814,2023-02-05,12 17 18 19 | 8 10 16 20
5815,2023-02-05,7 8 17 20 | 4 8 14 15
5816,2023-02-05,7 9 11 14 | 1 10 12 13
5817,2023-02-05,2 9 11 16 | 3 4 14 15
5818,2023-02-06,3 9 12 18 | 3 7 9 20
5819,2023-02-06,8 9 10 14 | 1 5 9 16
5820,2023-02-06,2 16 18 20 | 1 6 10 18
5821,2023-02-06,1 2 13 20 | 8 9 11 17
5822,2023-02-06,4 8 12 16 | 6 9 15 19
5823,2023-02-09,7 9 11 19 | 3 12 15 18
5824,2023-02-10,14 17 18 19 | 6 11 18 20
5825,2023-02-10,7 8 14 19 | 1 10 15 18
5826,2023-02-10,1 2 14 18 | 1 2 7 11
5827,2023-02-10,4 8 13 16 | 3 5 6 11
5828,2023-02-11,2 5 16 19 | 1 7 12 17
5829,2023-02-11,1 4 11 12 | 1 2 3 14
5830,2023-02-11,5 7 15 20 | 3 9 10 14
5831,2023-02-11,1 12 14 15 | 4 12 15 19
5832,2023-02-12,5 10 16 19 | 3 5 9 15
5833,2023-02-12,1 8 14 20 | 2 9 17 18
5834,2023-02-12,4 10 15 17 | 10 14 16 19
5835,2023-02-12,7 8 16 18 | 2 4 7 16
5836,2023-02-13,8 9 10 11 | 3 4 8 17
5837,2023-02-13,1 14 17 20 | 5 7 8 18
5838,2023-02-13,14 15 16 19 | 1 6 14 15
5839,2023-02-13,3 5 15 20 | 4 7 10 16
5840,2023-02-14,9 10 11 16 | 2 4 12 14
5841,2023-02-14,9 14 18 20 | 5 7 16 18
5842,2023-02-14,1 8 12 13 | 4 5 16 18
5843,2023-02-14,2 9 12 16 | 9 14 15 20
5844,2023-02-15,1 8 15 16 | 4 9 18 20
5845,2023-02-15,10 12 17 18 | 1 6 17 18
5846,2023-02-15,9 12 14 18 | 4 8 10 17
5847,2023-02-15,8 16 18 20 | 8 11 16 19
5848,2023-02-16,3 8 12 18 | 4 6 13 20
5849,2023-02-16,1 14 19 20 | 1 2 11 12
5850,2023-02-16,10 12 15 17 | 10 11 12 16
5851,2023-02-16,14 15 16 18 | 1 12 18 20
5852,2023-02-17,7 9 10 17 | 9 11 12 14
5853,2023-02-17,2 6 8 16 | 2 4 11 19
5854,2023-02-17,1 6 12 20 | 6 10 12 15
5855,2023-02-17,2 11 13 14 | 4 5 10 18
5856,2023-02-18,4 9 12 16 | 1 4 6 18
5857,2023-02-18,1 5 12 16 | 1 9 12 16
5858,2023-02-18,1 7 10 11 | 4 10 13 20
5859,2023-02-18,3 5 13 17 | 1 6 8 11
5860,2023-02-19,12 14 15 20 | 3 15 18 19
5861,2023-02-19,2 5 7 8 | 3 8 19 20
5862,2023-02-19,1 7 8 18 | 4 9 12 19
5863,2023-02-19,2 3 10 12 | 1 2 11 16
5864,2023-02-20,1 12 17 18 | 6 8 15 19
5865,2023-02-20,4 10 13 15 | 2 5 6 12
5866,2023-02-20,8 12 16 19 | 2 9 14 18
5867,2023-02-20,3 8 10 16 | 1 10 12 19
5868,2023-02-21,7 10 13 15 | 3 12 14 18
5869,2023-02-21,7 13 16 17 | 2 3 6 19
5870,2023-02-21,5 16 17 20 | 11 14 19 20
5871,2023-02-21,2 5 8 10 | 3 7 11 13
5872,2023-02-22,3 9 13 19 | 2 9 12 20
5873,2023-02-22,6 8 11 16 | 4 7 12 17
5874,2023-02-22,2 10 15 18 | 3 7 13 19
5875,2023-02-22,6 8 15 19 | 4 15 16 17
5876,2023-02-23,5 11 12 16 | 8 15 18 20
5877,2023-02-23,5 8 9 19 | 1 7 8 17
5878,2023-02-23,7 9 17 20 | 3 4 6 16
5879,2023-02-23,3 10 13 16 | 2 3 10 20
5880,2023-02-24,5 11 16 17 | 4 11 12 14
5881,2023-02-24,8 15 18 20 | 4 10 12 20
5882,2023-02-24,11 12 13 14 | 4 11 12 18
5883,2023-02-24,2 4 11 19 | 4 9 12 18
5884,2023-02-25,1 5 8 10 | 3 9 12 18
5885,2023-02-25,2 6 16 19 | 6 7 15 17
5886,2023-02-25,2 7 8 17 | 6 10 13 19
5887,2023-02-25,4 8 11 16 | 4 11 15 17
5888,2023-02-26,1 6 8 14 | 3 6 7 12
5889,2023-02-26,1 8 9 19 | 7 9 16 18
5890,2023-02-26,1 2 4 7 | 1 4 13 16
5891,2023-02-26,4 12 14 20 | 4 14 15 17
5892,2023-02-27,1 3 7 14 | 2 5 7 20
5893,2023-02-27,1 4 16 19 | 4 8 13 18
5894,2023-02-27,1 4 16 19 | 2 7 14 18
5895,2023-02-27,5 7 8 19 | 7 10 14 16
5896,2023-02-28,5 8 13 16 | 6 8 10 17
5897,2023-02-28,1 10 13 17 | 2 4 10 13
5898,2023-02-28,3 8 14 19 | 6 7 18 20
5899,2023-02-28,3 6 11 20 | 3 11 16 19
5900,2023-03-01,8 14 18 19 | 3 6 8 14
5901,2023-03-01,1 3 8 11 | 3 7 15 19
5902,2023-03-01,2 4 9 19 | 5 8 9 13
5903,2023-03-01,1 6 7 14 | 7 9 10 19
5904,2023-03-02,5 7 9 16 | 6 10 17 19
5905,2023-03-02,3 6 7 16 | 3 7 8 9
5906,2023-03-02,5 11 14 16 | 3 7 8 9
5907,2023-03-02,2 4 11 18 | 1 6 7 20
5908,2023-03-03,9 13 17 19 | 8 12 13 16
5909,2023-03-03,1 15 16 17 | 3 4 9 12
5910,2023-03-03,3 7 8 11 | 1 6 11 19
5911,2023-03-03,4 7 9 19 | 3 5 8 9
5912,2023-03-04,3 7 15 17 | 2 13 17 18
5913,2023-03-04,6 14 18 20 | 1 10 15 16
5914,2023-03-04,1 5 11 13 | 8 9 12 20
5915,2023-03-04,5 8 9 17 | 2 7 9 14
5916,2023-03-05,4 5 7 11 | 3 8 12 19
5917,2023-03-05,2 12 13 19 | 4 9 16 17
5918,2023-03-05,6 8 14 18 | 2 5 11 20
5919,2023-03-05,1 6 18 20 | 14 15 19 20
5920,2023-03-06,3 14 17 20 | 1 3 5 9
5921,2023-03-06,3 8 13 16 | 10 15 19 20
5922,2023-03-06,13 16 18 19 | 11 15 16 20
5923,2023-03-06,12 13 18 19 | 5 6 7 19
5924,2023-03-07,4 11 12 17 | 1 6 15 17
5925,2023-03-07,7 8 19 20 | 2 3 8 9
5926,2023-03-07,1 14 15 19 | 1 2 9 13
5927,2023-03-07,7 13 15 16 | 6 7 8 20
5928,2023-03-08,2 13 15 17 | 6 12 13 16
5929,2023-03-08,4 10 15 16 | 8 12 15 17
5930,2023-03-08,3 4 8 20 | 2 4 16 20
5931,2023-03-08,11 15 17 20 | 4 11 17 19
5932,2023-03-09,5 7 13 16 | 1 12 15 20
5933,2023-03-09,3 6 19 20 | 5 7 11 13
5934,2023-03-09,7 11 15 18 | 14 16 17 19
5935,2023-03-09,8 10 15 16 | 1 2 13 15
5936,2023-03-10,3 11 15 18 | 1 10 14 19
5937,2023-03-10,3 12 15 16 | 7 8 13 17
5938,2023-03-10,5 6 12 20 | 7 16 18 20
5939,2023-03-10,11 14 16 18 | 7 9 10 14
5940,2023-03-11,2 8 18 19 | 1 10 12 14
5941,2023-03-11,4 10 16 19 | 9 10 13 15
5942,2023-03-11,7 9 10 19 | 3 8 9 14
5943,2023-03-11,3 7 11 14 | 12 17 18 20
5944,2023-03-12,1 4 6 8 | 6 9 10 18
5945,2023-03-12,4 10 14 16 | 1 5 9 14
5946,2023-03-12,1 13 16 19 | 1 11 12 13
5947,2023-03-12,13 16 17 19 | 1 7 13 20
5948,2023-03-13,4 18 19 20 | 2 3 12 19
5949,2023-03-13,4 7 9 12 | 1 9 10 12
5950,2023-03-13,3 4 15 20 | 3 11 13 16
5951,2023-03-13,6 7 15 16 | 3 5 9 18
5952,2023-03-14,8 10 15 20 | 12 13 15 18
5953,2023-03-14,6 11 16 19 | 4 5 9 20
5954,2023-03-14,1 12 17 18 | 12 13 15 18
5955,2023-03-14,2 6 13 16 | 1 4 11 14
5956,2023-03-15,5 12 14 16 | 2 7 13 15
5957,2023-03-15,3 5 11 15 | 8 14 17 18
5958,2023-03-15,6 13 19 20 | 4 6 13 15
5959,2023-03-15,1 5 11 19 | 1 2 10 18
5960,2023-03-16,2 4 18 20 | 4 6 8 19
5961,2023-03-16,9 11 16 18 | 1 2 17 18
5962,2023-03-16,6 10 13 14 | 3 5 7 10
5963,2023-03-16,4 9 17 20 | 11 14 17 20
5964,2023-03-17,3 5 8 18 | 1 10 13 19
5965,2023-03-17,5 11 16 19 | 9 13 19 20
5966,2023-03-17,7 14 17 19 | 3 8 9 20
5967,2023-03-17,6 12 14 15 | 1 5 8 14
5968,2023-03-18,2 12 14 19 | 2 9 14 20
5969,2023-03-18,4 10 13 15 | 8 14 17 20
5970,2023-03-18,4 15 16 20 | 6 9 17 20
5971,2023-03-18,2 8 16 20 | 7 16 17 20
5972,2023-03-19,1 6 7 18 | 5 7 9 15
5973,2023-03-19,5 6 8 12 | 1 2 13 16
5974,2023-03-19,7 11 12 18 | 11 12 16 20
5975,2023-03-19,3 12 17 18 | 1 16 17 20
5976,2023-03-20,1 13 14 19 | 2 5 8 17
5977,2023-03-20,10 11 12 18 | 6 9 15 20
5978,2023-03-20,7 18 19 20 | 2 3 4 16
5979,2023-03-20,1 14 16 19 | 3 5 6 9
5980,2023-03-21,2 5 9 14 | 4 9 10 12
5981,2023-03-21,4 8 9 14 | 5 7 8 14
5982,2023-03-21,7 8 14 17 | 5 9 14 18
5983,2023-03-21,12 15 16 19 | 8 12 14 20
5984,2023-03-22,5 14 15 17 | 12 13 14 19
5985,2023-03-22,6 10 14 20 | 3 6 7 12
5986,2023-03-22,4 5 9 13 | 5 15 17 20
5987,2023-03-22,3 6 12 14 | 10 11 15 17
5988,2023-03-23,9 10 15 18 | 3 7 9 15
5989,2023-03-23,1 3 4 5 | 1 6 15 16
5990,2023-03-23,5 12 15 17 | 3 5 15 19
5991,2023-03-23,5 9 16 18 | 1 6 7 12
5992,2023-03-24,2 7 8 12 | 4 7 13 14
5993,2023-03-24,6 15 17 19 | 1 11 12 20
5994,2023-03-24,1 5 10 15 | 8 9 13 16
5995,2023-03-24,5 9 11 16 | 10 11 16 17
5996,2023-03-25,3 12 15 20 | 1 3 4 11
5997,2023-03-25,3 4 9 13 | 4 7 14 20
5998,2023-03-25,5 14 16 20 | 2 15 16 17
5999,2023-03-25,5 7 13 17 | 3 4 8 13
6000,2023-03-26,3 10 14 17 | 5 9 11 18
6001,2023-03-26,3 6 17 20 | 9 10 14 18
6002,2023-03-26,6 8 11 19 | 3 14 15 17
6003,2023-03-26,6 8 15 16 | 3 4 6 17
6004,2023-03-27,7 9 10 15 | 4 6 11 15
6005,2023-03-27,5 6 12 13 | 1 10 16 19
6006,2023-03-27,2 5 6 11 | 5 8 19 20
6007,2023-03-27,9 10 12 17 | 6 10 15 20
6008,2023-03-28,3 4 17 18 | 6 16 18 19
6009,2023-03-28,1 3 6 19 | 2 14 16 18
6010,2023-03-28,2 12 15 17 | 10 11 12 20
6011,2023-03-28,4 7 12 16 | 5 7 12 15
6012,2023-03-29,2 4 6 11 | 5 6 17 20
6013,2023-03-29,3 7 11 20 | 1 10 18 19
6014,2023-03-29,4 5 8 12 | 2 5 14 17
6015,2023-03-29,8 15 18 19 | 1 8 16 18
6016,2023-03-30,1 2 4 11 | 5 8 10 20
6017,2023-03-30,7 8 15 16 | 4 8 11 20
6018,2023-03-30,1 4 5 11 | 4 12 13 20
6019,2023-03-30,4 11 18 20 | 1 9 13 18
6020,2023-03-31,5 12 14 16 | 1 11 15 17
6021,2023-03-31,3 9 10 13 | 4 13 19 20
6022,2023-03-31,2 15 17 20 | 6 10 15 16
6023,2023-03-31,2 5 6 10 | 1 12 13 15
6024,2023-04-01,5 7 8 13 | 2 5 8 14
6025,2023-04-01,7 8 10 13 | 2 7 9 14
6026,2023-04-01,1 7 10 12 | 2 6 7 10
6027,2023-04-01,9 11 16 20 | 4 12 15 19
6028,2023-04-02,1 5 12 13 | 3 11 17 18
6029,2023-04-02,8 9 16 18 | 2 12 13 19
6030,2023-04-02,5 6 10 17 | 3 7 11 20
6031,2023-04-02,7 12 15 19 | 5 6 10 17
6032,2023-04-03,10 13 14 17 | 4 8 11 15
6033,2023-04-03,5 7 9 12 | 7 8 15 20
6034,2023-04-03,1 5 8 9 | 8 9 12 15
6035,2023-04-03,2 14 16 18 | 3 5 11 20
6036,2023-04-04,3 4 13 16 | 1 2 7 13
6037,2023-04-04,3 4 5 9 | 8 13 17 19
6038,2023-04-04,1 15 17 18 | 3 8 13 15
6039,2023-04-04,3 8 13 18 | 1 10 11 13
6040,2023-04-05,4 5 13 14 | 1 11 12 16
6041,2023-04-05,1 2 4 6 | 2 3 13 18
6042,2023-04-05,7 9 11 14 | 7 12 19 20
6043,2023-04-05,2 5 12 13 | 7 11 18 19
6044,2023-04-06,9 10 12 15 | 7 12 13 14
6045,2023-04-06,6 9 11 14 | 4 15 16 19
6046,2023-04-06,11 12 14 20 | 8 17 18 20
6047,2023-04-06,3 9 13 15 | 4 11 14 15
6048,2023-04-07,6 15 18 19 | 10 15 17 18
6049,2023-04-07,2 6 11 12 | 2 11 16 18
6050,2023-04-07,1 9 11 13 | 1 9 11 19
6051,2023-04-07,5 10 13 14 | 1 3 9 10
6052,2023-04-08,5 15 17 18 | 1 5 7 16
6053,2023-04-08,3 4 13 18 | 1 10 13 16
6054,2023-04-08,8 10 13 14 | 3 6 10 18
6055,2023-04-08,14 15 17 19 | 2 3 4 13
6056,2023-04-09,7 10 12 17 | 3 4 6 17
6057,2023-04-09,1 4 13 19 | 1 2 12 20
6058,2023-04-09,6 8 11 16 | 6 10 15 18
6059,2023-04-09,4 5 16 17 | 2 7 13 14
6060,2023-04-10,6 10 11 13 | 1 9 10 14
6061,2023-04-10,2 16 17 18 | 11 13 16 20
6062,2023-04-10,15 16 18 19 | 6 10 14 17
6063,2023-04-10,2 10 13 16 | 4 10 12 15
6064,2023-04-11,1 2 8 19 | 5 9 11 14
6065,2023-04-11,1 4 13 15 | 1 6 16 19
6066,2023-04-11,6 12 13 20 | 4 7 12 14
6067,2023-04-11,7 11 12 14 | 2 3 6 15
6068,2023-04-12,2 5 15 16 | 4 13 15 18
6069,2023-04-12,1 4 8 17 | 2 4 5 6
6070,2023-04-12,3 6 16 20 | 2 6 10 16
6071,2023-04-12,5 12 16 18 | 2 4 6 14
6072,2023-04-13,2 8 11 16 | 1 2 15 16
6073,2023-04-13,4 15 17 19 | 4 6 14 18
6074,2023-04-13,3 9 13 15 | 2 10 14 18
6075,2023-04-13,1 3 5 11 | 8 11 12 13
6076,2023-04-14,3 7 11 13 | 10 11 19 20
6077,2023-04-14,6 9 14 16 | 1 10 15 19
6078,2023-04-14,1 5 6 20 | 8 9 13 18
6079,2023-04-14,3 8 10 17 | 3 5 14 15
6080,2023-04-15,3 10 15 19 | 1 7 16 19
6081,2023-04-15,9 12 13 19 | 4 11 12 20
6082,2023-04-15,4 10 11 16 | 8 10 11 13
6083,2023-04-15,8 12 13 15 | 3 6 11 15
6084,2023-04-16,4 5 8 18 | 3 12 15 20
6085,2023-04-16,9 12 16 19 | 3 9 11 19
6086,2023-04-16,6 11 17 18 | 3 4 9 14
6087,2023-04-16,2 10 13 14 | 4 5 13 20
6088,2023-04-17,1 3 8 13 | 1 2 7 18
6089,2023-04-17,9 10 13 15 | 1 2 5 7
6090,2023-04-17,4 9 15 16 | 2 7 9 17
6091,2023-04-17,6 8 10 19 | 10 13 17 20
6092,2023-04-18,2 6 7 11 | 7 10 14 15
6093,2023-04-18,2 8 13 19 | 5 7 11 15
6094,2023-04-18,4 5 14 15 | 1 4 11 14
6095,2023-04-18,3 11 13 17 | 3 5 6 20
6096,2023-04-19,8 9 11 16 | 1 11 17 20
6097,2023-04-19,1 3 5 8 | 3 5 8 9
6098,2023-04-19,1 8 11 12 | 2 10 18 19
6099,2023-04-19,8 14 18 19 | 4 8 10 13
6100,2023-04-20,2 4 8 9 | 1 2 12 15
6101,2023-04-20,5 6 8 14 | 8 10 11 16
6102,2023-04-20,2 3 16 18 | 2 10 14 16
6103,2023-04-20,4 5 7 20 | 2 5 13 16
6104,2023-04-21,1 2 4 5 | 3 5 8 9
6105,2023-04-21,6 12 16 19 | 2 3 8 13
6106,2023-04-21,4 6 13 20 | 2 11 17 19
6107,2023-04-21,6 10 18 20 | 4 7 13 14
6108,2023-04-22,3 7 10 13 | 1 3 8 13
6109,2023-04-22,1 6 7 17 | 7 10 12 16
6110,2023-04-22,8 9 13 14 | 1 8 10 14
6111,2023-04-22,2 3 12 18 | 5 6 9 19
6112,2023-04-23,3 4 10 13 | 1 2 14 20
6113,2023-04-23,4 7 8 15 | 8 10 13 18
6114,2023-04-23,1 2 3 11 | 4 12 15 18
6115,2023-04-23,5 11 14 20 | 1 2 4 17
6116,2023-04-24,5 8 9 10 | 3 4 10 12
6117,2023-04-24,1 9 11 16 | 8 13 15 16
6118,2023-04-24,5 15 16 18 | 1 4 12 16
6119,2023-04-24,2 3 4 16 | 6 11 12 16
6120,2023-04-25,2 3 4 16 | 12 13 16 20
6121,2023-04-25,7 10 11 12 | 12 13 19 20
6122,2023-04-25,7 14 16 20 | 5 9 10 13
6123,2023-04-25,4 6 12 13 | 2 4 13 14
6124,2023-04-26,2 8 14 15 | 1 8 14 19
6125,2023-04-26,5 7 11 19 | 2 7 12 14
6126,2023-04-26,7 8 12 13 | 4 9 10 11
6127,2023-04-26,2 4 7 19 | 5 7 12 20
6128,2023-04-27,5 7 9 13 | 9 11 12 19
6129,2023-04-27,4 8 12 17 | 3 10 12 19
6130,2023-04-27,11 13 14 15 | 4 6 9 20
6131,2023-04-27,1 6 14 16 | 2 5 6 20
6132,2023-04-28,4 13 14 16 | 5 7 11 13
6133,2023-04-28,3 5 8 10 | 1 2 7 9
6134,2023-04-28,10 11 12 17 | 3 4 8 12
6135,2023-04-28,5 12 17 18 | 2 7 8 11
6136,2023-04-29,6 9 18 19 | 5 13 17 20
6137,2023-04-29,6 13 16 17 | 2 5 10 13
6138,2023-04-29,5 10 17 20 | 3 5 10 13
6139,2023-04-29,4 5 8 14 | 1 6 10 13
6140,2023-04-30,1 5 10 16 | 2 4 5 19
6141,2023-04-30,2 5 7 10 | 2 4 15 19
6142,2023-04-30,1 10 15 18 | 1 10 19 20
6143,2023-04-30,3 16 18 20 | 4 6 12 18
6144,2023-05-01,3 4 11 20 | 7 8 13 18
6145,2023-05-01,3 8 15 17 | 3 8 17 20
6146,2023-05-01,2 4 18 19 | 4 13 17 18
6147,2023-05-01,5 9 10 11 | 1 4 6 9
6148,2023-05-02,1 4 8 15 | 7 9 10 17
6149,2023-05-02,9 15 16 18 | 5 10 11 16
6150,2023-05-02,9 10 11 20 | 1 13 15 16
6151,2023-05-02,12 15 18 20 | 4 10 14 20
6152,2023-05-03,6 8 9 20 | 2 8 16 20
6153,2023-05-03,1 14 15 17 | 2 7 13 20
6154,2023-05-03,5 11 19 20 | 1 7 8 18
6155,2023-05-03,4 8 12 14 | 5 12 16 20
6156,2023-05-04,6 15 17 20 | 8 9 10 17
6157,2023-05-04,13 16 17 19 | 3 7 8 9
6158,2023-05-04,1 7 10 15 | 2 5 10 20
6159,2023-05-04,8 13 14 19 | 3 4 17 18
6160,2023-05-04,5 10 16 20 | 7 11 14 17
6161,2023-05-05,5 12 15 20 | 2 7 9 16
6162,2023-05-05,1 8 9 10 | 2 15 18 20
6163,2023-05-05,2 14 16 20 | 5 8 12 19
6164,2023-05-05,10 11 18 20 | 12 16 18 19
6165,2023-05-05,1 7 11 18 | 2 4 15 18
6166,2023-05-06,3 7 13 17 | 1 2 14 18
6167,2023-05-06,4 7 10 15 | 1 8 10 16
6168,2023-05-06,1 4 5 8 | 6 12 16 18
6169,2023-05-06,6 8 15 17 | 3 13 14 16
6170,2023-05-06,4 9 11 17 | 5 7 15 17
6171,2023-05-07,14 15 16 19 | 1 2 9 19
6172,2023-05-07,4 8 9 11 | 7 15 16 19
6173,2023-05-07,10 11 17 20 | 6 7 13 15
6174,2023-05-07,11 12 14 17 | 9 11 14 18
6175,2023-05-07,13 14 16 18 | 1 6 8 19
6176,2023-05-08,9 10 14 19 | 2 3 13 18
6177,2023-05-08,4 6 12 19 | 2 4 10 18
6178,2023-05-08,1 11 15 18 | 4 10 11 13
6179,2023-05-08,10 11 14 19 | 6 9 17 18
6180,2023-05-08,2 3 8 17 | 7 13 16 18
6181,2023-05-09,6 11 14 15 | 4 5 6 9
6182,2023-05-09,3 6 14 20 | 3 4 5 19
6183,2023-05-09,6 8 13 15 | 5 13 17 19
6184,2023-05-09,10 13 17 20 | 1 5 12 15
6185,2023-05-09,3 4 6 13 | 2 5 14 19
6186,2023-05-10,2 5 10 11 | 4 15 18 19
6187,2023-05-10,2 8 13 19 | 1 7 16 19
6188,2023-05-10,2 7 8 17 | 5 9 10 18
6189,2023-05-10,3 4 6 20 | 6 8 9 17
6190,2023-05-10,1 9 10 14 | 3 6 7 9
6191,2023-05-11,1 12 15 20 | 8 9 17 18
6192,2023-05-11,5 8 19 20 | 3 12 15 19
6193,2023-05-11,6 8 9 12 | 7 10 16 19
6194,2023-05-11,7 8 9 14 | 11 14 17 19
6195,2023-05-11,2 8 12 20 | 3 4 10 12
6196,2023-05-12,5 6 7 8 | 1 7 9 17
6197,2023-05-12,2 12 14 16 | 2 8 17 18
6198,2023-05-12,1 3 7 11 | 3 15 19 20
6199,2023-05-12,4 12 14 17 | 1 5 13 14
6200,2023-05-12,6 7 14 19 | 5 7 8 14
6201,2023-05-13,1 2 10 13 | 10 11 15 16
6202,2023-05-13,3 10 13 17 | 2 4 12 19
6203,2023-05-13,4 9 15 16 | 1 3 12 18
6204,2023-05-13,2 4 19 20 | 1 2 6 20
6205,2023-05-13,3 8 11 15 | 3 4 5 18
6206,2023-05-14,5 8 9 13 | 1 12 18 20
6207,2023-05-14,1 8 16 19 | 11 13 18 20
6208,2023-05-14,3 9 13 19 | 11 14 17 18
6209,2023-05-14,2 8 10 20 | 3 7 17 20
6210,2023-05-14,7 16 17 18 | 1 7 9 16
6211,2023-05-15,3 8 15 19 | 1 6 17 19
6212,2023-05-15,2 8 12 20 | 11 15 16 19
6213,2023-05-15,1 4 18 19 | 4 7 10 18
6214,2023-05-15,2 13 15 20 | 3 7 8 19
6215,2023-05-15,2 6 12 18 | 2 6 14 17
6216,2023-05-16,9 11 13 19 | 2 4 17 20
6217,2023-05-16,2 4 17 18 | 1 11 14 20
6218,2023-05-16,4 15 16 18 | 1 11 14 18
6219,2023-05-16,1 6 7 12 | 2 5 12 18
6220,2023-05-16,1 3 12 17 | 15 16 17 19
6221,2023-05-17,6 7 14 18 | 1 5 7 15
6222,2023-05-17,4 7 15 19 | 9 10 15 18
6223,2023-05-17,1 11 12 14 | 6 12 14 15
6224,2023-05-17,7 11 18 20 | 6 8 12 13
6225,2023-05-17,11 12 15 17 | 3 9 12 16
6226,2023-05-18,8 10 16 20 | 6 8 12 17
6227,2023-05-18,1 5 9 19 | 2 6 7 19
6228,2023-05-18,3 9 16 20 | 4 8 12 13
6229,2023-05-18,1 2 3 9 | 4 12 14 15
6230,2023-05-18,2 4 7 12 | 1 8 13 15
6231,2023-05-19,9 15 16 17 | 9 14 18 19
6232,2023-05-19,2 5 18 19 | 1 4 12 19
6233,2023-05-19,2 3 11 17 | 1 5 16 17
6234,2023-05-19,3 8 11 20 | 7 8 14 17
6235,2023-05-19,3 6 7 11 | 4 7 9 11
6236,2023-05-20,3 5 7 19 | 3 12 14 16
6237,2023-05-20,1 3 11 19 | 1 3 15 18
6238,2023-05-20,9 11 14 17 | 6 9 16 18
6239,2023-05-20,3 15 16 19 | 2 8 11 20
6240,2023-05-20,4 8 9 18 | 8 16 17 20
6241,2023-05-21,2 6 16 17 | 1 15 19 20
6242,2023-05-21,4 11 12 15 | 1 3 11 16
6243,2023-05-21,4 5 15 20 | 3 6 7 11
6244,2023-05-21,4 11 16 18 | 8 12 15 20
6245,2023-05-21,3 13 16 20 | 2 6 9 13
6246,2023-05-22,1 2 5 9 | 5 7 10 14
6247,2023-05-22,2 4 16 19 | 6 9 14 16
6248,2023-05-22,11 13 16 18 | 2 10 12 14
6249,2023-05-22,7 10 14 20 | 5 7 8 15
6250,2023-05-22,11 14 15 17 | 4 6 10 15
6251,2023-05-23,2 5 15 16 | 6 7 12 18
6252,2023-05-23,8 11 14 19 | 4 13 16 19
6253,2023-05-23,6 7 13 19 | 9 16 17 19
6254,2023-05-23,3 6 17 18 | 7 9 10 16
6255,2023-05-23,2 9 18 20 | 1 12 17 18
6256,2023-05-24,2 12 13 19 | 5 10 13 17
6257,2023-05-24,2 7 11 15 | 5 7 9 18
6258,2023-05-24,3 6 12 14 | 2 7 10 19
6259,2023-05-24,1 4 8 19 | 7 9 14 17
6260,2023-05-24,7 11 12 18 | 5 6 19 20
6261,2023-05-25,7 12 15 20 | 2 4 6 11
6262,2023-05-25,7 9 14 15 | 1 7 10 18
6263,2023-05-25,4 11 12 14 | 10 13 16 20
6264,2023-05-25,1 7 9 15 | 6 12 16 19
6265,2023-05-25,7 10 12 14 | 2 5 7 10
6266,2023-05-26,2 6 8 9 | 2 10 13 19
6267,2023-05-26,2 3 15 17 | 4 6 13 19
6268,2023-05-26,8 11 16 19 | 1 3 9 20
6269,2023-05-26,4 10 13 20 | 7 16 18 20
6270,2023-05-26,5 7 9 14 | 6 17 19 20
6271,2023-05-27,1 6 7 18 | 3 4 8 15
6272,2023-05-27,1 3 4 20 | 13 18 19 20
6273,2023-05-27,2 4 8 15 | 4 5 8 9
6274,2023-05-27,1 8 9 15 | 2 12 14 18
6275,2023-05-27,2 7 8 16 | 7 8 10 20
6276,2023-05-28,11 12 16 20 | 3 6 14 15
6277,2023-05-28,4 6 8 11 | 6 9 10 16
6278,2023-05-28,3 7 8 18 | 2 13 15 16
6279,2023-05-28,4 5 14 17 | 1 3 4 20
6280,2023-05-28,11 13 14 20 | 2 11 15 18
6281,2023-05-29,6 7 17 20 | 2 3 11 19
6282,2023-05-29,1 2 4 12 | 11 12 14 16
6283,2023-05-29,3 15 17 18 | 9 13 16 17
6284,2023-05-29,4 6 8 16 | 5 7 12 13
6285,2023-05-29,5 6 11 13 | 11 15 17 18
6286,2023-05-30,6 9 16 20 | 3 5 17 18
6287,2023-05-30,1 2 7 15 | 2 3 12 16
6288,2023-05-30,4 11 12 15 | 4 14 15 17
6289,2023-05-30,2 10 13 19 | 3 6 8 10
6290,2023-05-30,5 16 18 19 | 4 7 13 14
6291,2023-05-31,2 16 17 20 | 4 12 13 17
6292,2023-05-31,4 6 7 12 | 6 8 14 18
6293,2023-05-31,4 7 11 20 | 1 8 16 19
6294,2023-05-31,2 4 6 20 | 7 12 13 14
6295,2023-05-31,1 13 16 18 | 1 3 14 15
6296,2023-06-01,6 9 11 20 | 4 10 13 14
6297,2023-06-01,7 10 15 20 | 6 7 12 16
6298,2023-06-01,10 11 12 13 | 1 5 10 11
6299,2023-06-01,6 16 17 18 | 3 10 13 15
6300,2023-06-01,3 7 10 11 | 7 10 17 20
6301,2023-06-02,7 10 12 15 | 9 10 13 20
6302,2023-06-02,3 5 15 17 | 6 12 14 18
6303,2023-06-02,3 12 13 16 | 12 15 17 19
6304,2023-06-02,3 8 12 19 | 2 7 10 18
6305,2023-06-02,12 15 18 20 | 7 10 12 19
6306,2023-06-03,8 9 18 19 | 14 17 19 20
6307,2023-06-03,5 14 17 19 | 4 7 17 19
6308,2023-06-03,5 6 10 18 | 6 7 15 19
6309,2023-06-03,1 6 7 17 | 4 6 8 14
6310,2023-06-03,1 13 14 17 | 6 8 10 18
6311,2023-06-04,4 5 8 17 | 1 3 10 18
6312,2023-06-04,4 7 9 14 | 4 11 18 19
6313,2023-06-04,4 5 8 10 | 2 5 9 17
6314,2023-06-04,6 12 16 17 | 2 11 14 16
6315,2023-06-04,2 10 16 20 | 4 5 10 14
6316,2023-06-06,9 10 11 14 | 4 15 17 19
6317,2023-06-06,4 12 15 18 | 1 3 9 18
6318,2023-06-06,2 8 9 11 | 3 14 15 20
6319,2023-06-06,3 4 5 8 | 4 8 9 13
6320,2023-06-06,1 2 14 15 | 3 8 18 19
6321,2023-06-07,3 6 12 16 | 9 10 13 19
6322,2023-06-07,1 6 12 15 | 3 6 12 15
6323,2023-06-07,1 6 9 15 | 1 2 10 12
6324,2023-06-07,1 5 7 14 | 6 8 11 12
6325,2023-06-07,2 5 14 16 | 4 5 8 10
6326,2023-06-08,5 8 10 14 | 7 11 12 13
6327,2023-06-08,8 9 10 17 | 1 5 11 16
6328,2023-06-08,3 6 11 19 | 4 8 12 17
6329,2023-06-08,3 8 11 16 | 14 16 17 20
6330,2023-06-08,11 12 17 18 | 6 10 18 20
6331,2023-06-09,4 8 15 18 | 2 3 7 10
6332,2023-06-09,3 8 10 14 | 2 4 5 12
6333,2023-06-09,1 18 19 20 | 3 4 6 8
6334,2023-06-09,8 10 13 17 | 7 15 16 18
6335,2023-06-09,13 16 17 20 | 3 6 11 18
6336,2023-06-10,3 5 16 19 | 1 5 8 15
6337,2023-06-10,9 10 18 19 | 1 3 14 20
6338,2023-06-10,3 7 8 17 | 3 4 13 17
6339,2023-06-10,14 15 19 20 | 1 10 12 15
6340,2023-06-10,5 15 16 18 | 4 8 10 15
6341,2023-06-11,5 6 7 16 | 12 14 16 20
6342,2023-06-11,3 4 5 18 | 2 4 15 20
6343,2023-06-11,3 10 14 19 | 11 12 16 18
6344,2023-06-11,14 17 18 20 | 6 10 15 20
6345,2023-06-11,7 8 9 19 | 3 5 13 18
6346,2023-06-12,1 3 5 6 | 1 9 17 20
6347,2023-06-12,2 5 8 17 | 4 5 6 15
6348,2023-06-12,1 8 13 17 | 6 13 16 17
6349,2023-06-12,2 8 10 13 | 7 11 13 15
6350,2023-06-12,2 6 9 11 | 1 5 9 20
6351,2023-06-13,4 6 9 17 | 7 10 12 19
6352,2023-06-13,4 8 15 17 | 3 6 9 20
6353,2023-06-13,5 11 12 17 | 4 10 12 19
6354,2023-06-13,4 7 8 14 | 2 8 11 20
6355,2023-06-13,2 11 15 20 | 6 7 17 20
6356,2023-06-14,8 10 12 13 | 8 9 14 20
6357,2023-06-14,10 12 15 18 | 2 7 12 15
6358,2023-06-14,5 8 13 19 | 3 8 14 16
6359,2023-06-14,1 3 12 17 | 1 6 9 15
6360,2023-06-14,2 3 5 9 | 1 4 8 16
6361,2023-06-15,3 9 11 19 | 2 15 16 20
6362,2023-06-15,2 4 15 20 | 4 9 14 15
6363,2023-06-15,1 2 6 20 | 10 14 17 20
6364,2023-06-15,3 10 11 17 | 2 13 16 20
6365,2023-06-15,1 2 13 16 | 4 6 11 16
6366,2023-06-16,5 6 12 20 | 4 10 11 20
6367,2023-06-16,6 10 18 20 | 8 9 16 20
6368,2023-06-16,6 16 19 20 | 1 3 8 17
6369,2023-06-16,8 12 16 20 | 4 9 16 18
6370,2023-06-16,9 14 19 20 | 4 6 15 17
6371,2023-06-17,9 14 17 19 | 2 7 11 18
6372,2023-06-17,5 11 12 17 | 5 8 9 16
6373,2023-06-17,1 15 18 19 | 9 12 16 18
6374,2023-06-17,5 10 14 15 | 1 4 12 13
6375,2023-06-17,4 12 14 17 | 2 4 13 16
6376,2023-06-18,2 11 12 19 | 1 3 6 18
6377,2023-06-18,1 5 6 13 | 11 12 17 18
6378,2023-06-18,1 3 12 15 | 2 4 13 15
6379,2023-06-18,5 10 13 18 | 2 10 12 16
6380,2023-06-18,7 9 12 20 | 3 5 11 17
6381,2023-06-19,1 9 16 18 | 1 8 10 12
6382,2023-06-19,4 14 15 16 | 4 7 11 16
6383,2023-06-19,8 13 15 20 | 1 5 6 15
6384,2023-06-19,1 9 11 18 | 6 9 14 18
6385,2023-06-19,6 8 12 16 | 6 11 19 20
6386,2023-06-20,3 9 14 16 | 9 15 17 18
6387,2023-06-20,15 16 17 18 | 2 5 16 17
6388,2023-06-20,7 17 18 19 | 3 7 12 20
6389,2023-06-20,8 11 14 18 | 7 10 12 19
6390,2023-06-20,3 5 11 14 | 1 10 11 15
6391,2023-06-21,9 16 18 19 | 1 4 17 19
6392,2023-06-21,5 6 10 13 | 1 7 11 18
6393,2023-06-21,9 10 12 20 | 4 11 19 20
6394,2023-06-21,1 8 11 12 | 1 7 9 11
6395,2023-06-21,1 2 4 6 | 2 9 11 17
6396,2023-06-22,5 7 14 15 | 2 3 9 12
6397,2023-06-22,5 8 10 17 | 2 3 8 19
6398,2023-06-22,1 8 14 17 | 4 8 9 20
6399,2023-06-22,2 8 9 10 | 2 3 13 17
6400,2023-06-22,4 5 9 16 | 2 14 16 18
6401,2023-06-23,5 12 15 18 | 8 17 18 20
6402,2023-06-23,2 4 7 17 | 1 12 19 20
6403,2023-06-23,2 3 9 19 | 3 5 11 19
6404,2023-06-23,4 10 12 17 | 5 9 10 19
6405,2023-06-23,8 11 13 15 | 7 15 17 20
6406,2023-06-24,3 4 12 16 | 3 10 11 20
6407,2023-06-24,4 8 9 12 | 4 6 9 18
6408,2023-06-24,2 5 10 20 | 7 14 16 19
6409,2023-06-24,1 2 10 15 | 1 10 12 16
6410,2023-06-24,2 7 9 13 | 4 11 17 20
6411,2023-06-25,1 8 13 15 | 1 10 13 14
6412,2023-06-25,4 6 8 13 | 1 3 6 17
6413,2023-06-25,6 7 10 15 | 2 12 15 20
6414,2023-06-25,7 11 16 20 | 8 9 17 20
6415,2023-06-25,1 3 11 19 | 5 8 14 19
6416,2023-06-26,9 10 11 18 | 3 10 12 18
6417,2023-06-26,1 5 10 15 | 3 13 17 20
6418,2023-06-26,1 12 17 18 | 4 6 7 9
6419,2023-06-26,4 7 17 20 | 2 10 17 19
6420,2023-06-26,4 6 12 14 | 2 4 8 20
6421,2023-06-27,3 9 13 20 | 2 14 15 19
6422,2023-06-27,2 6 9 19 | 2 8 9 20
6423,2023-06-27,5 9 14 20 | 4 9 15 19
6424,2023-06-27,4 5 9 14 | 8 16 17 18
6425,2023-06-27,8 12 19 20 | 2 3 11 18
6426,2023-06-28,3 4 11 19 | 1 4 8 16
6427,2023-06-28,6 9 12 15 | 2 7 11 19
6428,2023-06-28,6 11 14 16 | 3 5 10 20
6429,2023-06-28,3 6 7 11 | 8 14 17 20
6430,2023-06-28,2 9 12 14 | 5 10 11 14
6431,2023-06-29,5 10 16 19 | 7 12 16 20
6432,2023-06-29,1 10 15 19 | 3 4 5 18
6433,2023-06-29,9 11 16 19 | 10 14 19 20
6434,2023-06-29,2 9 12 14 | 5 6 12 16
6435,2023-06-29,1 12 14 19 | 1 7 11 17
6436,2023-06-30,1 4 9 19 | 2 12 15 19
6437,2023-06-30,4 8 13 15 | 1 2 8 13
6438,2023-06-30,4 10 11 15 | 4 5 8 10
6439,2023-06-30,4 6 17 19 | 4 13 15 17
6440,2023-06-30,6 7 13 14 | 1 6 13 17
6441,2023-07-01,3 7 15 18 | 6 12 15 16
6442,2023-07-01,1 6 16 20 | 2 4 12 13
6443,2023-07-01,5 12 14 19 | 1 2 4 13
6444,2023-07-01,2 4 5 20 | 11 15 18 20
6445,2023-07-01,7 8 12 15 | 5 14 15 17
6446,2023-07-02,8 13 15 20 | 2 12 16 19
6447,2023-07-02,2 4 10 17 | 12 15 18 19
6448,2023-07-02,9 13 15 20 | 7 13 14 18
6449,2023-07-02,2 10 15 18 | 4 9 12 16
6450,2023-07-02,5 12 15 18 | 3 4 6 15
6451,2023-07-03,4 6 9 18 | 3 8 10 12
6452,2023-07-03,8 11 13 17 | 1 3 4 6
6453,2023-07-03,2 3 8 14 | 1 3 8 9
6454,2023-07-03,2 12 16 17 | 12 13 14 19
6455,2023-07-03,4 5 8 19 | 3 7 11 16
6456,2023-07-04,3 15 18 20 | 1 4 6 16
6457,2023-07-04,9 10 13 15 | 3 5 6 20
6458,2023-07-04,2 9 17 20 | 8 9 11 16
6459,2023-07-04,12 17 19 20 | 3 7 12 19
6460,2023-07-04,4 11 13 17 | 2 12 15 20
6461,2023-07-05,1 5 11 14 | 5 6 9 18
6462,2023-07-05,1 6 7 10 | 4 11 18 20
6463,2023-07-05,4 6 7 10 | 2 13 16 18
6464,2023-07-05,2 5 9 17 | 3 11 13 14
6465,2023-07-05,6 9 12 17 | 3 11 18 20
6466,2023-07-06,3 5 6 13 | 1 5 6 12
6467,2023-07-06,7 9 16 20 | 10 11 17 20
6468,2023-07-06,3 8 15 19 | 5 6 13 16
6469,2023-07-06,10 14 16 19 | 1 4 5 9
6470,2023-07-06,3 10 11 16 | 15 16 17 18
6471,2023-07-07,3 4 6 11 | 2 4 11 18
6472,2023-07-07,1 12 17 19 | 3 7 14 18
6473,2023-07-07,2 13 14 17 | 14 15 16 18
6474,2023-07-07,2 5 12 15 | 13 15 16 19
6475,2023-07-07,8 13 14 19 | 9 11 17 19
6476,2023-07-08,8 12 17 20 | 3 8 16 18
6477,2023-07-08,7 11 13 19 | 1 12 16 20
6478,2023-07-08,3 9 17 19 | 5 15 16 18
6479,2023-07-08,3 5 9 20 | 4 10 12 15
6480,2023-07-08,11 15 16 17 | 8 10 17 18
6481,2023-07-09,1 7 15 16 | 3 6 7 17
6482,2023-07-09,3 5 9 14 | 1 6 9 18
6483,2023-07-09,8 10 11 16 | 2 3 5 8
6484,2023-07-09,2 4 9 20 | 5 14 15 18
6485,2023-07-09,1 10 18 20 | 1 2 11 13
6486,2023-07-10,10 12 13 16 | 6 8 10 12
6487,2023-07-10,5 7 12 18 | 2 14 16 20
6488,2023-07-10,5 7 12 17 | 1 4 7 14
6489,2023-07-10,6 7 8 12 | 1 6 15 18
6490,2023-07-10,3 7 11 17 | 6 7 15 16
6491,2023-07-11,8 11 14 15 | 5 10 13 14
6492,2023-07-11,9 11 17 18 | 2 10 13 14
6493,2023-07-11,4 10 15 17 | 2 4 15 20
6494,2023-07-11,1 13 16 17 | 8 13 14 17
6495,2023-07-11,1 12 13 16 | 7 13 18 19
6496,2023-07-12,2 3 10 16 | 8 11 12 18
6497,2023-07-12,2 9 14 19 | 3 10 19 20
6498,2023-07-12,3 8 11 19 | 3 4 9 12
6499,2023-07-12,4 5 8 18 | 2 9 10 20
6500,2023-07-12,3 9 11 14 | 3 6 13 17
6501,2023-07-13,2 6 9 11 | 4 5 10 11
6502,2023-07-13,4 13 14 15 | 9 16 17 18
6503,2023-07-13,2 13 15 19 | 1 3 14 17
6504,2023-07-13,3 8 10 11 | 1 4 7 14
6505,2023-07-13,1 16 18 20 | 4 16 17 20
6506,2023-07-14,2 4 8 11 | 6 11 14 16
6507,2023-07-14,3 5 9 18 | 3 4 7 10
6508,2023-07-14,2 10 11 17 | 7 8 13 19
6509,2023-07-14,7 12 16 20 | 5 10 12 16
6510,2023-07-14,3 9 14 18 | 7 10 16 17
6511,2023-07-15,5 6 7 15 | 2 6 15 20
6512,2023-07-15,2 7 12 19 | 3 4 17 20
6513,2023-07-15,5 12 14 18 | 1 9 17 18
6514,2023-07-15,4 5 8 17 | 3 5 10 14
6515,2023-07-15,1 8 16 20 | 6 16 18 20
6516,2023-07-16,3 6 17 20 | 4 11 18 20
6517,2023-07-16,2 8 10 11 | 10 14 17 19
6518,2023-07-16,11 12 13 17 | 2 8 18 19
6519,2023-07-16,6 7 10 14 | 3 4 14 15
6520,2023-07-16,12 14 17 20 | 7 12 15 17
6521,2023-07-17,7 8 11 17 | 4 7 8 19
6522,2023-07-17,9 17 18 20 | 3 7 8 17
6523,2023-07-17,1 12 16 17 | 10 17 19 20
6524,2023-07-17,2 5 13 19 | 7 8 9 13
6525,2023-07-17,1 5 8 17 | 1 13 19 20
6526,2023-07-18,7 10 12 17 | 4 12 15 19
6527,2023-07-18,1 6 15 20 | 1 3 12 17
6528,2023-07-18,1 15 16 20 | 7 13 14 18
6529,2023-07-18,3 10 17 20 | 7 9 15 18
6530,2023-07-18,1 4 5 7 | 3 4 9 15
6531,2023-07-19,9 10 18 19 | 4 16 17 20
6532,2023-07-19,4 8 13 20 | 7 10 17 20
6533,2023-07-19,1 7 8 15 | 1 7 11 13
6534,2023-07-19,8 13 16 20 | 14 15 16 20
6535,2023-07-19,3 4 16 19 | 1 8 9 13
6536,2023-07-20,1 5 8 20 | 4 5 6 9
6537,2023-07-20,1 12 16 19 | 8 11 12 18
6538,2023-07-20,9 10 14 20 | 2 3 12 19
6539,2023-07-20,3 5 8 10 | 4 6 11 13
6540,2023-07-20,5 8 11 12 | 1 4 11 19
6541,2023-07-21,3 4 6 7 | 4 5 10 14
6542,2023-07-21,9 14 17 20 | 5 7 16 20
6543,2023-07-21,6 7 13 16 | 4 17 18 20
6544,2023-07-21,8 11 14 15 | 2 4 8 12
6545,2023-07-21,5 12 17 19 | 1 8 14 19
6546,2023-07-22,2 5 8 14 | 1 2 5 7
6547,2023-07-22,8 9 13 20 | 5 9 18 19
6548,2023-07-22,5 7 18 19 | 1 2 5 6
6549,2023-07-22,5 7 13 16 | 7 8 11 13
6550,2023-07-22,5 8 12 20 | 8 9 13 15
6551,2023-07-23,7 13 15 20 | 3 5 11 13
6552,2023-07-23,3 8 10 12 | 2 8 10 13
6553,2023-07-23,8 9 10 18 | 2 5 17 18
6554,2023-07-23,5 6 7 9 | 2 13 18 19
6555,2023-07-23,2 8 12 15 | 3 4 12 19
6556,2023-07-24,7 11 15 17 | 2 7 15 16
6557,2023-07-24,4 9 14 19 | 2 3 4 20
6558,2023-07-24,2 10 11 12 | 9 12 13 16
6559,2023-07-24,5 8 13 14 | 3 5 16 18
6560,2023-07-24,3 11 13 16 | 4 5 17 19
6561,2023-07-25,2 3 7 10 | 5 7 12 16
6562,2023-07-25,5 8 11 12 | 2 3 6 16
6563,2023-07-25,1 2 11 16 | 1 15 16 19
6564,2023-07-25,9 14 16 19 | 1 9 10 20
6565,2023-07-25,4 6 10 14 | 2 4 13 19
6566,2023-07-26,2 7 12 18 | 9 10 12 13
6567,2023-07-26,3 6 8 14 | 5 8 11 18
6568,2023-07-26,11 15 16 20 | 6 7 11 19
6569,2023-07-26,4 8 14 20 | 6 11 17 19
6570,2023-07-26,2 4 5 14 | 3 8 9 17
6571,2023-07-27,2 6 15 17 | 10 11 17 19
6572,2023-07-27,2 13 17 19 | 5 17 18 20
6573,2023-07-27,5 11 18 19 | 4 10 16 17
6574,2023-07-27,8 11 12 14 | 1 5 14 15
6575,2023-07-27,3 9 16 20 | 2 3 13 20
6576,2023-07-28,4 6 13 17 | 4 12 14 17
6577,2023-07-28,6 8 14 17 | 2 3 13 18
6578,2023-07-28,7 9 10 14 | 1 2 13 16
6579,2023-07-28,5 7 9 13 | 6 10 11 15
6580,2023-07-28,1 7 8 15 | 3 6 11 15
6581,2023-07-29,2 8 12 13 | 9 14 16 18
6582,2023-07-29,5 10 19 20 | 6 8 11 12
6583,2023-07-29,1 2 13 17 | 7 10 12 19
6584,2023-07-29,1 10 15 19 | 2 3 4 15
6585,2023-07-29,3 13 19 20 | 1 12 17 20
6586,2023-07-30,7 9 10 15 | 3 8 18 19
6587,2023-07-30,1 5 6 18 | 2 10 16 20
6588,2023-07-30,3 4 7 9 | 5 13 18 19
6589,2023-07-30,1 16 18 19 | 1 3 12 19
6590,2023-07-30,4 6 12 17 | 3 4 7 8
6591,2023-07-31,2 3 5 8 | 5 8 10 17
6592,2023-07-31,3 16 17 20 | 11 13 17 20
6593,2023-07-31,5 7 15 18 | 1 10 11 16
6594,2023-07-31,1 10 13 20 | 1 6 10 11
6595,2023-07-31,4 8 9 10 | 2 5 7 19
6596,2023-08-01,12 14 15 19 | 1 3 6 7
6597,2023-08-01,5 12 16 19 | 11 14 19 20
6598,2023-08-01,5 7 12 20 | 1 2 14 18
6599,2023-08-01,7 11 15 17 | 1 2 10 15
6600,2023-08-01,8 9 11 15 | 9 11 17 19
6601,2023-08-02,7 11 14 20 | 4 11 17 18
6602,2023-08-02,2 8 12 20 | 4 7 13 20
6603,2023-08-02,2 5 9 10 | 1 10 14 20
6604,2023-08-02,4 7 8 17 | 2 4 12 18
6605,2023-08-02,9 16 19 20 | 5 8 10 17
6606,2023-08-03,5 11 14 20 | 1 2 9 15
6607,2023-08-03,3 4 8 17 | 2 3 7 9
6608,2023-08-03,6 8 11 19 | 3 5 10 17
6609,2023-08-03,2 4 17 19 | 1 7 12 15
6610,2023-08-03,10 11 14 17 | 5 10 12 14
6611,2023-08-04,1 2 9 14 | 3 6 10 14
6612,2023-08-04,2 6 9 19 | 6 8 13 20
6613,2023-08-04,1 3 16 20 | 3 9 11 16
6614,2023-08-04,2 4 6 20 | 3 7 11 18
6615,2023-08-04,6 8 14 18 | 1 5 9 10
6616,2023-08-05,4 8 11 18 | 7 10 13 20
6617,2023-08-05,1 3 7 19 | 3 4 12 13
6618,2023-08-05,2 8 11 16 | 2 6 8 11
6619,2023-08-05,3 6 13 16 | 5 8 18 20
6620,2023-08-05,2 11 15 16 | 1 5 7 10
6621,2023-08-06,3 9 10 15 | 1 4 9 12
6622,2023-08-06,4 8 9 17 | 8 10 13 14
6623,2023-08-06,3 5 6 13 | 1 2 15 16
6624,2023-08-06,2 3 15 19 | 1 10 12 16
6625,2023-08-06,3 6 7 15 | 6 10 12 17
6626,2023-08-07,3 4 11 16 | 4 6 7 10
6627,2023-08-07,2 7 11 18 | 1 3 5 9
6628,2023-08-07,9 12 16 19 | 3 9 10 11
6629,2023-08-07,3 4 9 15 | 9 11 14 15
6630,2023-08-07,3 12 15 20 | 7 10 15 17
6631,2023-08-10,7 13 17 19 | 9 11 13 19
6632,2023-08-11,5 10 11 20 | 1 8 11 13
6633,2023-08-11,2 9 12 13 | 4 10 13 17
6634,2023-08-11,9 11 15 20 | 13 15 17 18
6635,2023-08-11,2 3 6 14 | 3 8 17 20
6636,2023-08-11,6 14 16 18 | 3 11 15 17
6637,2023-08-12,3 6 17 19 | 5 9 10 13
6638,2023-08-12,1 4 9 11 | 4 8 12 18
6639,2023-08-12,6 7 17 19 | 8 9 14 16
6640,2023-08-12,2 3 11 18 | 4 7 11 17
6641,2023-08-12,14 15 18 19 | 2 8 16 19
6642,2023-08-13,7 8 14 20 | 8 13 18 20
6643,2023-08-13,4 16 17 18 | 4 14 16 17
6644,2023-08-13,3 5 8 11 | 10 11 19 20
6645,2023-08-13,1 9 13 19 | 4 5 7 10
6646,2023-08-13,2 4 12 13 | 7 13 14 15
6647,2023-08-14,2 8 13 15 | 3 4 10 12
6648,2023-08-14,7 11 13 14 | 7 12 13 17
6649,2023-08-14,3 14 16 17 | 6 8 9 13
6650,2023-08-14,2 7 12 14 | 11 17 19 20
6651,2023-08-14,1 3 6 16 | 5 8 12 18
6652,2023-08-15,6 10 16 17 | 5 6 7 16
6653,2023-08-15,2 4 5 6 | 4 5 8 19
6654,2023-08-15,10 11 15 18 | 1 3 12 20
6655,2023-08-15,6 7 14 17 | 4 16 18 20
6656,2023-08-15,3 6 13 14 | 2 4 6 17
6657,2023-08-16,6 8 10 15 | 3 4 6 20
6658,2023-08-16,1 10 13 19 | 9 13 14 19
6659,2023-08-16,6 7 11 14 | 12 13 18 20
6660,2023-08-16,1 7 18 20 | 2 6 12 19
6661,2023-08-16,2 5 9 18 | 4 11 15 16
6662,2023-08-17,2 6 17 20 | 2 7 13 17
6663,2023-08-17,1 2 11 19 | 2 6 8 18
6664,2023-08-17,10 16 17 18 | 2 13 14 17
6665,2023-08-17,4 9 13 15 | 1 5 10 19
6666,2023-08-17,2 9 11 16 | 4 6 12 16
6667,2023-08-18,9 11 18 19 | 1 3 5 13
6668,2023-08-18,3 7 9 15 | 9 10 13 18
6669,2023-08-18,6 7 16 19 | 13 14 16 17
6670,2023-08-18,2 9 12 16 | 2 10 11 20
6671,2023-08-18,1 2 14 20 | 1 13 15 19
6672,2023-08-19,4 6 7 20 | 8 17 19 20
6673,2023-08-19,3 5 14 20 | 1 2 3 8
6674,2023-08-19,5 7 8 18 | 2 13 16 18
6675,2023-08-19,3 12 15 18 | 3 4 9 18
6676,2023-08-19,8 10 17 18 | 1 14 19 20
6677,2023-08-20,1 16 17 20 | 10 12 15 16
6678,2023-08-20,4 9 11 17 | 3 6 12 16
6679,2023-08-20,1 3 5 12 | 1 2 6 18
6680,2023-08-20,4 9 15 20 | 1 4 10 11
6681,2023-08-20,5 12 16 17 | 3 7 12 14
6682,2023-08-21,2 10 17 19 | 1 2 6 9
6683,2023-08-21,3 11 13 16 | 2 9 14 17
6684,2023-08-21,1 7 10 13 | 1 5 12 14
6685,2023-08-21,3 5 8 13 | 4 5 17 18
6686,2023-08-21,1 8 9 14 | 2 10 11 19
6687,2023-08-22,7 9 10 16 | 7 8 15 17
6688,2023-08-22,8 16 18 19 | 3 6 12 20
6689,2023-08-22,3 10 11 20 | 2 10 12 13
6690,2023-08-22,4 10 15 17 | 1 8 11 16
6691,2023-08-22,5 6 10 18 | 6 7 10 19
6692,2023-08-23,1 4 5 9 | 1 11 12 14
6693,2023-08-23,2 9 11 13 | 1 10 16 18
6694,2023-08-23,5 11 18 20 | 3 10 13 16
6695,2023-08-23,2 4 5 6 | 3 13 18 20
6696,2023-08-23,5 8 10 20 | 11 15 19 20
6697,2023-08-24,3 4 5 16 | 2 9 13 14
6698,2023-08-24,9 11 17 20 | 2 5 6 19
6699,2023-08-24,7 13 14 15 | 1 4 12 18
6700,2023-08-24,9 17 19 20 | 4 5 16 19
6701,2023-08-24,12 14 17 18 | 5 8 9 12
6702,2023-08-25,1 11 14 17 | 3 9 12 17
6703,2023-08-25,5 6 8 15 | 1 8 9 14
6704,2023-08-25,4 8 16 19 | 6 14 15 19
6705,2023-08-25,2 11 16 17 | 1 12 14 17
6706,2023-08-25,1 10 14 19 | 3 5 8 12
6707,2023-08-26,1 2 7 18 | 1 3 12 20
6708,2023-08-26,2 7 10 19 | 5 12 18 20
6709,2023-08-26,3 4 15 16 | 1 9 10 12
6710,2023-08-26,1 4 12 15 | 5 14 16 20
6711,2023-08-26,3 7 14 16 | 1 12 13 19
6712,2023-08-27,4 6 17 19 | 2 7 14 16
6713,2023-08-27,2 3 7 10 | 1 2 5 12
6714,2023-08-27,8 14 18 20 | 11 14 16 17
6715,2023-08-27,8 9 10 12 | 10 11 13 16
6716,2023-08-27,3 4 9 16 | 3 6 14 20
6717,2023-08-28,7 8 16 19 | 4 14 16 18
6718,2023-08-28,1 8 11 15 | 2 4 11 18
6719,2023-08-28,4 5 9 12 | 3 4 5 17
6720,2023-08-28,1 9 17 20 | 1 3 12 19
6721,2023-08-28,5 11 13 14 | 3 8 11 13
6722,2023-08-29,1 14 17 18 | 1 11 16 19
6723,2023-08-29,6 11 14 20 | 2 5 8 18
6724,2023-08-29,6 7 8 19 | 2 4 5 11
6725,2023-08-29,11 13 14 15 | 3 6 8 13
6726,2023-08-29,3 11 14 20 | 1 5 9 16
6727,2023-08-30,7 8 16 20 | 7 8 13 14
6728,2023-08-30,1 2 10 13 | 5 12 16 20
6729,2023-08-30,3 6 13 17 | 2 5 9 17
6730,2023-08-30,3 12 13 17 | 7 10 11 19
6731,2023-08-30,4 9 11 19 | 8 12 13 20
6732,2023-08-31,8 10 13 15 | 2 3 4 16
6733,2023-08-31,1 7 9 17 | 1 12 13 20
6734,2023-08-31,2 6 14 15 | 3 4 5 12
6735,2023-08-31,1 7 9 10 | 1 4 12 14
6736,2023-08-31,2 5 8 11 | 2 5 16 18
6737,2023-09-01,7 16 18 19 | 5 6 11 16
6738,2023-09-01,1 7 8 16 | 1 4 6 20
6739,2023-09-01,14 17 18 19 | 4 12 16 20
6740,2023-09-01,2 3 10 16 | 10 13 16 18
6741,2023-09-01,2 6 15 18 | 12 13 17 19
6742,2023-09-02,3 4 11 16 | 1 9 19 20
6743,2023-09-02,4 7 10 20 | 2 4 5 17
6744,2023-09-02,1 3 10 12 | 2 4 5 18
6745,2023-09-02,10 14 15 16 | 4 7 14 16
6746,2023-09-02,3 8 12 18 | 1 3 6 18
6747,2023-09-03,6 15 18 20 | 7 8 9 14
6748,2023-09-03,16 17 19 20 | 2 13 18 20
6749,2023-09-03,4 10 14 17 | 1 6 11 19
6750,2023-09-03,1 10 12 17 | 5 6 13 17
6751,2023-09-03,3 15 16 18 | 9 13 18 19
6752,2023-09-04,4 6 9 14 | 7 12 14 16
6753,2023-09-04,1 7 13 17 | 5 9 16 20
6754,2023-09-04,2 3 9 17 | 2 6 13 19
6755,2023-09-04,1 8 14 20 | 7 8 13 16
6756,2023-09-04,2 11 13 18 | 1 3 14 15
6757,2023-09-05,8 9 19 20 | 2 12 13 15
6758,2023-09-05,2 13 15 20 | 2 3 14 16
6759,2023-09-05,5 8 17 19 | 3 4 16 20
6760,2023-09-05,4 9 11 16 | 6 7 19 20
6761,2023-09-05,1 5 8 16 | 2 9 12 16
6762,2023-09-06,7 8 18 19 | 5 9 14 17
6763,2023-09-06,4 5 14 16 | 1 5 12 15
6764,2023-09-06,2 5 11 18 | 3 6 7 13
6765,2023-09-06,3 6 8 16 | 5 7 9 18
6766,2023-09-06,6 7 13 19 | 13 14 16 18
6767,2023-09-07,5 8 12 17 | 5 6 10 12
6768,2023-09-07,4 14 16 19 | 5 14 16 19
6769,2023-09-07,1 6 13 17 | 1 2 9 13
6770,2023-09-07,2 9 12 19 | 1 3 6 14
6771,2023-09-07,2 5 7 11 | 3 11 15 16
6772,2023-09-08,5 10 16 20 | 1 4 7 20
6773,2023-09-08,3 14 16 17 | 3 6 10 19
6774,2023-09-08,1 8 18 20 | 1 3 11 19
6775,2023-09-08,5 9 12 13 | 6 8 18 19
6776,2023-09-08,6 10 11 12 | 10 12 15 19
6777,2023-09-09,8 10 11 20 | 4 8 13 19
6778,2023-09-09,2 12 14 17 | 4 5 6 18
6779,2023-09-09,3 5 12 18 | 3 15 16 20
6780,2023-09-09,2 4 10 14 | 3 7 12 18
6781,2023-09-09,6 8 10 19 | 5 7 9 11
6782,2023-09-10,4 8 14 15 | 5 10 17 19
6783,2023-09-10,11 15 18 19 | 3 5 10 16
6784,2023-09-10,7 10 13 19 | 6 10 17 18
6785,2023-09-10,7 8 11 14 | 2 9 19 20
6786,2023-09-10,2 7 9 14 | 2 3 13 18
6787,2023-09-11,5 9 11 12 | 1 5 11 20
6788,2023-09-11,3 4 12 15 | 4 13 16 20
6789,2023-09-11,1 4 9 12 | 3 9 18 19
6790,2023-09-11,9 10 14 20 | 2 3 16 19
6791,2023-09-11,1 2 9 18 | 1 10 19 20
6792,2023-09-12,6 7 11 17 | 4 7 12 19
6793,2023-09-12,7 14 18 20 | 6 8 10 17
6794,2023-09-12,2 3 6 11 | 5 8 12 13
6795,2023-09-12,9 10 11 12 | 12 14 18 20
6796,2023-09-12,1 6 15 17 | 11 17 18 19
6797,2023-09-13,1 6 9 18 | 5 6 16 17
6798,2023-09-13,4 11 14 18 | 7 16 17 20
6799,2023-09-13,1 6 10 18 | 2 6 15 20
6800,2023-09-13,1 3 6 8 | 3 4 7 17
6801,2023-09-13,1 3 4 8 | 2 8 11 15
6802,2023-09-14,1 6 11 20 | 4 8 16 20
6803,2023-09-14,2 5 12 14 | 2 3 7 12
6804,2023-09-14,5 7 15 20 | 1 7 9 18
6805,2023-09-14,4 7 14 15 | 4 5 8 9
6806,2023-09-14,12 14 19 20 | 5 9 16 20
6807,2023-09-15,8 16 19 20 | 2 3 15 19
6808,2023-09-15,1 7 18 19 | 3 9 12 18
6809,2023-09-15,9 12 15 19 | 2 7 8 17
6810,2023-09-15,13 14 16 20 | 2 4 7 19
6811,2023-09-15,1 10 13 17 | 5 8 11 19
6812,2023-09-16,1 6 13 14 | 3 9 11 16
6813,2023-09-16,3 5 9 14 | 4 8 9 15
6814,2023-09-16,2 8 14 16 | 4 13 17 19
6815,2023-09-16,12 13 15 16 | 5 12 17 20
6816,2023-09-16,2 3 13 19 | 9 12 14 17
6817,2023-09-17,5 12 16 17 | 7 12 15 20
6818,2023-09-17,1 2 5 10 | 2 5 8 12
6819,2023-09-17,3 6 16 20 | 11 15 16 19
6820,2023-09-17,1 2 10 11 | 3 8 15 18
6821,2023-09-17,1 2 9 19 | 13 15 16 19
6822,2023-09-18,1 2 5 8 | 1 3 8 10
6823,2023-09-18,2 13 14 16 | 1 16 17 18
6824,2023-09-18,2 3 10 13 | 13 15 16 17
6825,2023-09-18,5 8 13 17 | 1 4 7 9
6826,2023-09-18,9 10 12 15 | 6 7 11 20
6827,2023-09-19,4 7 10 14 | 1 6 9 12
6828,2023-09-19,5 6 12 19 | 8 12 13 15
6829,2023-09-19,1 2 16 19 | 5 9 13 15
6830,2023-09-19,5 7 11 14 | 3 6 10 18
6831,2023-09-19,5 6 9 12 | 3 6 13 18
6832,2023-09-20,1 3 9 18 | 5 6 9 10
6833,2023-09-20,9 10 12 18 | 1 14 15 19
6834,2023-09-20,6 8 9 13 | 3 6 9 11
6835,2023-09-20,1 2 3 6 | 12 17 19 20
6836,2023-09-20,4 9 15 16 | 5 8 13 19
6837,2023-09-21,1 6 12 20 | 4 8 10 15
6838,2023-09-21,3 11 17 20 | 5 9 12 15
6839,2023-09-21,2 5 10 15 | 4 5 6 15
6840,2023-09-21,5 10 14 17 | 5 6 11 17
6841,2023-09-21,4 11 14 19 | 4 7 8 11
6842,2023-09-22,4 8 12 20 | 8 11 13 16
6843,2023-09-22,8 10 12 19 | 1 7 12 13
6844,2023-09-22,1 8 13 18 | 6 9 13 20
6845,2023-09-22,1 2 16 17 | 2 3 11 12
6846,2023-09-22,1 5 17 18 | 1 7 9 17
6847,2023-09-23,2 4 5 14 | 4 11 14 17
6848,2023-09-23,2 4 8 12 | 2 4 10 17
6849,2023-09-23,5 13 14 15 | 4 12 13 19
6850,2023-09-23,1 3 5 15 | 8 12 15 18
6851,2023-09-23,2 4 15 19 | 1 6 8 14
6852,2023-09-24,1 2 8 10 | 13 14 17 19
6853,2023-09-24,4 15 19 20 | 3 4 10 17
6854,2023-09-24,1 2 5 20 | 8 12 15 16
6855,2023-09-24,10 15 18 19 | 7 14 18 19
6856,2023-09-24,8 14 15 19 | 1 11 16 20
6857,2023-09-25,3 13 15 17 | 3 6 10 18
6858,2023-09-25,2 17 18 20 | 3 4 5 9
6859,2023-09-25,5 8 11 13 | 3 5 7 16
6860,2023-09-25,4 5 10 14 | 3 4 5 20
6861,2023-09-25,2 3 5 10 | 6 10 12 19
6862,2023-09-26,2 3 12 19 | 1 2 4 8
6863,2023-09-26,1 6 16 19 | 2 4 14 18
6864,2023-09-26,1 3 4 13 | 1 7 18 20
6865,2023-09-26,7 9 16 18 | 5 10 14 19
6866,2023-09-26,1 4 13 18 | 5 9 16 20
6867,2023-09-27,4 8 15 16 | 5 10 14 15
6868,2023-09-27,1 10 13 17 | 12 13 16 17
6869,2023-09-27,2 7 14 16 | 5 11 12 17
6870,2023-09-27,2 4 15 16 | 2 6 14 17
6871,2023-09-27,2 3 5 16 | 8 9 10 16
6872,2023-09-28,1 2 5 19 | 7 8 11 12
6873,2023-09-28,1 4 8 17 | 5 8 10 18
6874,2023-09-28,2 3 6 9 | 3 7 9 12
6875,2023-09-28,7 12 17 19 | 4 16 17 18
6876,2023-09-28,2 3 11 16 | 3 4 10 11
6877,2023-09-29,1 3 11 19 | 9 13 15 20
6878,2023-09-29,2 3 8 15 | 1 7 12 17
6879,2023-09-29,2 14 16 17 | 10 11 13 19
6880,2023-09-29,9 15 16 19 | 12 13 15 19
6881,2023-09-29,2 5 15 20 | 2 4 6 18
6882,2023-09-30,9 13 18 19 | 2 13 15 20
6883,2023-09-30,2 3 7 8 | 7 9 15 20
6884,2023-09-30,9 13 16 19 | 4 5 9 19
6885,2023-09-30,2 5 13 20 | 4 11 13 15
6886,2023-09-30,1 3 8 12 | 3 4 8 20
6887,2023-10-01,1 6 9 18 | 1 9 13 16
6888,2023-10-01,4 6 14 18 | 4 8 14 19
6889,2023-10-01,1 11 12 13 | 4 14 15 20
6890,2023-10-01,2 9 14 16 | 5 10 11 12
6891,2023-10-01,2 11 15 20 | 10 13 16 19
6892,2023-10-02,3 7 13 14 | 1 4 9 11
6893,2023-10-02,3 6 15 18 | 2 14 15 17
6894,2023-10-02,7 10 17 20 | 4 6 11 12
6895,2023-10-02,1 3 11 19 | 1 6 10 13
6896,2023-10-02,2 4 18 19 | 4 13 14 19
6897,2023-10-03,6 9 13 18 | 3 8 16 17
6898,2023-10-03,1 2 7 11 | 1 7 9 19
6899,2023-10-03,10 11 12 16 | 5 9 15 19
6900,2023-10-03,1 5 9 10 | 1 2 3 13
6901,2023-10-03,7 12 17 19 | 4 6 10 11
6902,2023-10-04,7 10 15 20 | 5 9 15 20
6903,2023-10-04,8 14 17 20 | 2 9 11 20
6904,2023-10-04,11 15 17 19 | 5 8 11 17
6905,2023-10-04,1 5 11 17 | 5 10 19 20
6906,2023-10-04,10 13 18 20 | 6 14 17 19
6907,2023-10-05,2 9 17 19 | 2 4 6 20
6908,2023-10-05,3 14 17 18 | 7 8 14 19
6909,2023-10-05,6 7 8 18 | 5 9 15 16
6910,2023-10-05,4 13 19 20 | 4 8 12 14
6911,2023-10-05,7 8 13 19 | 2 7 15 17
6912,2023-10-06,1 3 7 19 | 1 2 3 15
6913,2023-10-06,1 2 5 6 | 4 7 12 20
6914,2023-10-06,3 8 10 11 | 4 9 10 16
6915,2023-10-06,1 2 16 18 | 3 4 16 20
6916,2023-10-06,6 14 19 20 | 2 14 15 19
6917,2023-10-07,1 3 10 16 | 8 9 11 20
6918,2023-10-07,3 9 11 18 | 3 9 19 20
6919,2023-10-07,4 5 11 18 | 5 6 16 17
6920,2023-10-07,2 10 15 19 | 1 2 5 10
6921,2023-10-07,1 2 3 9 | 2 13 14 16
6922,2023-10-08,2 3 5 20 | 9 14 18 20
6923,2023-10-08,7 10 15 17 | 1 3 4 15
6924,2023-10-08,3 5 13 17 | 1 5 7 8
6925,2023-10-08,3 5 7 18 | 2 6 12 15
6926,2023-10-08,2 18 19 20 | 1 2 7 12
6927,2023-10-09,4 6 12 18 | 14 15 16 19
6928,2023-10-09,2 7 15 20 | 2 6 15 17
6929,2023-10-09,4 10 16 20 | 2 7 11 15
6930,2023-10-09,5 13 17 18 | 3 5 11 19
6931,2023-10-09,4 12 14 15 | 8 12 18 19
6932,2023-10-10,3 4 15 20 | 7 8 12 16
6933,2023-10-10,6 12 16 17 | 2 5 8 18
6934,2023-10-10,2 3 10 11 | 1 6 9 20
6935,2023-10-10,2 3 11 20 | 9 10 11 20
6936,2023-10-10,3 8 15 19 | 9 15 18 20
6937,2023-10-11,10 12 15 18 | 3 9 15 19
6938,2023-10-11,4 10 11 15 | 10 16 17 18
6939,2023-10-11,7 8 14 16 | 2 3 8 11
6940,2023-10-11,1 12 17 18 | 1 3 7 18
6941,2023-10-11,2 7 14 19 | 1 2 5 6
6942,2023-10-12,10 15 17 19 | 2 3 9 13
6943,2023-10-12,4 5 7 10 | 2 7 9 20
6944,2023-10-12,12 15 16 19 | 2 12 17 19
6945,2023-10-12,6 9 10 15 | 7 12 15 20
6946,2023-10-12,3 8 10 17 | 11 12 15 18
6947,2023-10-13,1 2 5 13 | 1 5 16 19
6948,2023-10-13,2 5 14 20 | 1 10 14 16
6949,2023-10-13,4 5 10 19 | 1 11 12 14
6950,2023-10-13,2 9 17 18 | 6 8 11 18
6951,2023-10-13,3 4 9 19 | 5 10 11 18
6952,2023-10-14,3 14 19 20 | 1 5 6 18
6953,2023-10-14,1 3 8 16 | 8 9 12 13
6954,2023-10-14,1 4 7 16 | 5 7 16 19
6955,2023-10-14,3 10 11 19 | 3 5 6 18
6956,2023-10-14,3 10 11 17 | 1 5 10 13
6957,2023-10-15,7 9 17 20 | 2 6 11 16
6958,2023-10-15,3 7 8 13 | 2 6 11 15
6959,2023-10-15,10 12 13 16 | 9 10 13 17
6960,2023-10-15,8 11 12 14 | 4 10 13 18
6961,2023-10-15,6 9 16 18 | 4 9 12 17
6962,2023-10-16,2 4 15 17 | 1 3 6 13
6963,2023-10-16,3 9 10 16 | 1 2 13 17
6964,2023-10-16,8 11 13 17 | 2 5 6 11
6965,2023-10-16,2 7 12 16 | 5 8 16 19
6966,2023-10-16,2 11 13 15 | 1 10 12 15
6967,2023-10-17,2 6 12 20 | 1 2 5 10
6968,2023-10-17,1 6 12 13 | 10 13 15 16
6969,2023-10-17,4 11 15 20 | 1 7 16 18
6970,2023-10-17,5 6 9 11 | 5 7 13 16
6971,2023-10-17,1 5 7 11 | 4 7 16 20
6972,2023-10-18,1 4 10 11 | 4 6 9 14
6973,2023-10-18,1 5 14 16 | 7 9 13 16
6974,2023-10-18,13 14 17 20 | 6 8 11 13
6975,2023-10-18,2 3 10 14 | 3 4 13 15
6976,2023-10-18,11 12 13 17 | 1 9 19 20
6977,2023-10-19,8 10 13 18 | 4 16 18 19
6978,2023-10-19,7 9 16 18 | 4 8 12 18
6979,2023-10-19,10 12 14 20 | 5 6 7 13
6980,2023-10-19,2 10 14 15 | 5 6 11 19
6981,2023-10-19,10 16 17 19 | 3 17 18 20
6982,2023-10-20,3 5 11 16 | 3 7 11 17
6983,2023-10-20,5 10 14 16 | 7 18 19 20
6984,2023-10-20,2 5 8 19 | 1 5 10 14
6985,2023-10-20,4 6 10 17 | 2 12 16 19
6986,2023-10-20,2 11 14 17 | 3 11 13 20
6987,2023-10-21,4 6 15 18 | 2 5 7 18
6988,2023-10-21,2 3 9 20 | 8 9 13 19
6989,2023-10-21,2 3 9 14 | 2 7 11 20
6990,2023-10-21,3 9 10 16 | 4 6 14 16
6991,2023-10-21,6 7 15 20 | 2 8 10 18
6992,2023-10-22,11 12 14 20 | 1 4 9 12
6993,2023-10-22,4 6 10 19 | 7 9 15 20
6994,2023-10-22,3 4 8 13 | 2 5 13 15
6995,2023-10-22,7 9 10 17 | 1 5 7 17
6996,2023-10-22,6 7 8 14 | 1 3 13 14
6997,2023-10-23,9 10 18 19 | 8 13 17 20
6998,2023-10-23,2 5 10 19 | 4 6 17 20
6999,2023-10-23,4 9 11 13 | 5 13 14 18
7000,2023-10-23,7 8 17 18 | 3 12 14 15
7001,2023-10-23,3 4 8 11 | 8 12 13 15
7002,2023-10-24,7 14 17 20 | 2 3 10 18
7003,2023-10-24,9 10 19 20 | 7 11 19 20
7004,2023-10-24,1 4 5 10 | 5 11 12 16
7005,2023-10-24,1 9 12 14 | 6 7 11 15
7006,2023-10-24,9 10 12 18 | 10 14 15 16
7007,2023-10-25,10 11 15 16 | 3 13 19 20
7008,2023-10-25,12 14 16 19 | 4 11 17 20
7009,2023-10-25,5 6 10 14 | 4 7 11 13
7010,2023-10-25,1 2 3 5 | 8 9 14 20
7011,2023-10-25,1 13 15 16 | 8 16 18 19
7012,2023-10-26,7 10 15 16 | 10 14 18 19
7013,2023-10-26,1 6 11 16 | 5 9 11 14
7014,2023-10-26,2 4 8 19 | 3 12 13 18
7015,2023-10-26,7 12 14 15 | 4 9 12 13
7016,2023-10-26,8 12 14 20 | 3 7 18 20
7017,2023-10-27,4 12 15 16 | 5 14 16 18
7018,2023-10-27,6 12 15 16 | 7 8 9 13
7019,2023-10-27,5 7 10 17 | 2 5 9 17
7020,2023-10-27,10 13 14 16 | 11 13 17 19
7021,2023-10-27,3 5 7 8 | 4 9 12 14
7022,2023-10-28,7 8 15 16 | 2 11 12 18
7023,2023-10-28,4 6 15 19 | 4 10 13 14
7024,2023-10-28,1 13 17 19 | 2 9 10 17
7025,2023-10-28,1 13 18 19 | 2 4 6 18
7026,2023-10-28,3 6 7 12 | 13 14 15 18
7027,2023-10-29,4 6 8 18 | 1 4 6 20
7028,2023-10-29,6 8 16 17 | 7 11 17 20
7029,2023-10-29,2 7 17 18 | 6 11 14 15
7030,2023-10-29,8 14 15 19 | 3 4 8 15
7031,2023-10-29,3 6 13 19 | 2 5 8 11
7032,2023-10-30,1 5 11 17 | 8 10 16 19
7033,2023-10-30,3 6 14 19 | 5 6 10 12
7034,2023-10-30,2 11 12 17 | 1 2 5 16
7035,2023-10-30,2 5 8 10 | 9 10 19 20
7036,2023-10-30,3 9 12 17 | 3 6 9 16
7037,2023-10-31,1 3 6 9 | 3 9 11 17
7038,2023-10-31,6 9 14 15 | 3 9 11 13
7039,2023-10-31,2 5 6 12 | 5 13 15 20
7040,2023-10-31,8 10 17 18 | 3 4 5 17
7041,2023-10-31,2 6 9 17 | 5 18 19 20
7042,2023-10-31,3 4 7 9 | 7 10 14 20
7043,2023-11-01,4 7 11 13 | 2 11 14 16
7044,2023-11-01,10 17 19 20 | 8 14 15 16
7045,2023-11-01,2 6 8 10 | 6 8 14 16
7046,2023-11-01,2 5 13 15 | 5 12 13 17
7047,2023-11-01,2 5 8 13 | 10 12 15 16
7048,2023-11-01,8 9 17 20 | 11 13 17 19
7049,2023-11-02,1 3 7 10 | 8 10 16 17
7050,2023-11-02,2 13 14 19 | 3 5 14 20
7051,2023-11-02,2 7 8 14 | 3 7 8 14
7052,2023-11-02,3 9 14 17 | 1 4 8 16
7053,2023-11-02,15 16 17 18 | 1 10 18 20
7054,2023-11-02,8 11 13 18 | 3 4 10 16
7055,2023-11-03,7 10 11 14 | 1 4 14 15
7056,2023-11-03,8 13 19 20 | 4 10 14 16
7057,2023-11-03,8 10 11 14 | 5 10 18 19
7058,2023-11-03,2 6 17 20 | 3 8 9 13
7059,2023-11-03,3 4 11 16 | 6 10 11 12
7060,2023-11-03,2 3 12 20 | 4 7 16 17
7061,2023-11-04,6 8 14 20 | 3 11 16 20
7062,2023-11-04,8 9 10 18 | 3 7 11 13
7063,2023-11-04,8 9 13 14 | 5 8 16 20
7064,2023-11-04,1 8 13 20 | 2 8 11 18
7065,2023-11-04,3 6 14 16 | 2 3 9 15
7066,2023-11-04,2 3 15 17 | 2 5 6 8
7067,2023-11-05,10 11 19 20 | 7 10 12 17
7068,2023-11-05,2 10 17 20 | 1 2 12 20
7069,2023-11-05,2 5 14 20 | 8 9 10 14
7070,2023-11-05,4 7 8 16 | 6 8 13 15
7071,2023-11-05,3 6 13 15 | 9 16 17 20
7072,2023-11-05,3 12 15 18 | 8 10 13 19
7073,2023-11-06,7 8 9 18 | 3 4 7 19
7074,2023-11-06,3 4 5 19 | 4 10 12 17
7075,2023-11-06,4 6 13 16 | 1 4 11 16
7076,2023-11-06,2 3 5 20 | 7 12 13 17
7077,2023-11-06,3 5 8 20 | 7 11 16 20
7078,2023-11-06,5 12 13 14 | 4 8 14 17
7079,2023-11-07,1 5 6 10 | 8 10 12 17
7080,2023-11-07,4 12 18 19 | 5 10 13 16
7081,2023-11-07,1 5 9 19 | 1 4 13 18
7082,2023-11-07,10 15 16 19 | 7 11 14 18
7083,2023-11-07,1 8 10 17 | 6 8 15 19
7084,2023-11-07,2 6 7 17 | 3 10 16 18
7085,2023-11-08,1 9 13 20 | 4 5 7 15
7086,2023-11-08,4 10 11 17 | 8 11 15 16
7087,2023-11-08,1 8 9 18 | 5 10 14 20
7088,2023-11-08,7 8 11 12 | 3 16 17 19
7089,2023-11-08,4 7 15 19 | 9 11 17 19
7090,2023-11-08,2 6 8 18 | 2 9 10 15
7091,2023-11-09,3 4 10 15 | 7 9 12 16
7092,2023-11-09,5 6 8 20 | 2 8 11 14
7093,2023-11-09,8 10 15 16 | 4 11 13 19
7094,2023-11-09,8 12 13 16 | 4 7 13 19
7095,2023-11-09,2 11 17 20 | 5 16 17 20
7096,2023-11-09,1 9 10 15 | 4 9 13 20
7097,2023-11-10,1 3 5 18 | 1 6 16 20
7098,2023-11-10,1 3 6 8 | 3 15 17 18
7099,2023-11-10,4 6 7 18 | 1 4 10 13
7100,2023-11-10,2 3 11 13 | 8 11 13 20
7101,2023-11-10,3 6 9 19 | 6 10 17 20
7102,2023-11-10,2 6 8 10 | 2 5 7 13
7103,2023-11-11,8 11 12 13 | 1 10 12 16
7104,2023-11-11,2 3 5 15 | 3 4 8 20
7105,2023-11-11,3 17 18 20 | 3 5 11 13
7106,2023-11-11,4 7 19 20 | 6 10 12 14
7107,2023-11-11,3 10 17 18 | 2 5 7 17
7108,2023-11-11,7 10 14 20 | 7 9 15 19
7109,2023-11-12,3 4 17 20 | 2 8 12 17
7110,2023-11-12,6 9 14 15 | 1 3 15 16
7111,2023-11-12,9 13 15 20 | 1 4 6 12
7112,2023-11-12,10 11 12 17 | 13 14 15 16
7113,2023-11-12,6 10 12 20 | 2 7 14 20
7114,2023-11-12,2 6 12 17 | 2 6 8 20
7115,2023-11-13,1 2 9 12 | 3 10 15 20
7116,2023-11-13,1 5 8 16 | 9 10 12 20
7117,2023-11-13,7 8 11 15 | 1 2 7 14
7118,2023-11-13,4 10 12 18 | 2 9 14 17
7119,2023-11-13,2 3 9 10 | 1 11 14 18
7120,2023-11-13,1 11 15 18 | 11 17 19 20
7121,2023-11-14,4 8 18 19 | 4 12 14 18
7122,2023-11-14,5 12 13 16 | 2 3 6 20
7123,2023-11-14,10 13 14 15 | 3 12 16 19
7124,2023-11-14,8 12 18 20 | 2 5 6 18
7125,2023-11-14,6 8 12 15 | 10 12 13 15
7126,2023-11-14,1 6 10 14 | 3 12 13 18
7127,2023-11-15,4 8 10 18 | 5 8 11 13
7128,2023-11-15,7 10 11 14 | 5 6 9 20
7129,2023-11-15,3 5 13 17 | 2 3 8 11
7130,2023-11-15,1 2 7 9 | 4 6 12 19
7131,2023-11-15,5 8 9 13 | 2 3 8 17
7132,2023-11-15,2 6 9 11 | 1 11 15 18
7133,2023-11-16,6 10 11 12 | 8 18 19 20
7134,2023-11-16,2 9 12 15 | 3 5 10 18
7135,2023-11-16,3 7 18 20 | 5 7 17 19
7136,2023-11-16,5 7 8 19 | 3 5 10 17
7137,2023-11-16,7 9 12 15 | 13 15 19 20
7138,2023-11-16,1 5 6 14 | 3 6 7 13
7139,2023-11-17,9 14 17 18 | 10 11 13 15
7140,2023-11-17,1 2 13 15 | 8 10 19 20
7141,2023-11-17,11 12 15 19 | 3 4 14 19
7142,2023-11-17,1 11 13 17 | 7 11 14 15
7143,2023-11-17,1 2 11 13 | 7 10 11 12
7144,2023-11-17,2 4 7 8 | 3 6 7 20
7145,2023-11-18,5 16 18 20 | 5 6 7 19
7146,2023-11-18,7 10 18 20 | 1 5 11 13
7147,2023-11-18,8 12 15 17 | 1 3 11 19
7148,2023-11-18,6 13 17 18 | 7 12 15 16
7149,2023-11-18,1 6 8 17 | 3 8 10 11
7150,2023-11-18,2 7 13 14 | 4 6 9 17
7151,2023-11-19,7 11 13 14 | 8 13 16 20
7152,2023-11-19,2 9 13 14 | 5 7 12 18
7153,2023-11-19,8 14 15 16 | 3 10 14 20
7154,2023-11-19,3 11 17 20 | 5 8 13 20
7155,2023-11-19,2 5 7 18 | 14 17 19 20
7156,2023-11-19,4 7 18 19 | 4 10 16 17
7157,2023-11-20,2 5 10 13 | 1 12 13 15
7158,2023-11-20,3 10 18 19 | 2 4 6 9
7159,2023-11-20,3 10 13 16 | 3 6 12 14
7160,2023-11-20,2 8 16 20 | 10 11 14 17
7161,2023-11-20,4 8 18 19 | 8 12 16 17
7162,2023-11-20,9 12 14 18 | 11 15 18 19
7163,2023-11-21,6 8 12 20 | 5 6 14 16
7164,2023-11-21,2 8 12 17 | 6 12 19 20
7165,2023-11-21,7 9 11 20 | 9 14 17 20
7166,2023-11-21,2 8 15 18 | 5 12 13 19
7167,2023-11-21,5 13 14 15 | 4 9 16 18
7168,2023-11-21,5 6 9 11 | 1 3 7 13
7169,2023-11-22,2 7 10 18 | 1 2 15 16
7170,2023-11-22,5 9 11 19 | 3 12 13 18
7171,2023-11-22,2 5 10 16 | 10 13 16 18
7172,2023-11-22,8 10 14 17 | 1 9 10 18
7173,2023-11-22,2 6 9 15 | 1 2 12 20
7174,2023-11-22,2 9 12 17 | 6 8 9 10
7175,2023-11-23,3 4 7 11 | 6 11 13 20
7176,2023-11-23,2 6 10 19 | 1 2 5 8
7177,2023-11-23,7 10 11 19 | 5 12 17 18
7178,2023-11-23,2 3 4 13 | 5 7 12 14
7179,2023-11-23,1 4 8 18 | 10 12 17 20
7180,2023-11-23,5 12 14 15 | 1 8 16 20
7181,2023-11-24,9 10 13 14 | 2 9 10 17
7182,2023-11-24,6 11 18 20 | 3 6 7 12
7183,2023-11-24,9 16 19 20 | 4 7 11 15
7184,2023-11-24,1 2 9 17 | 4 7 10 19
7185,2023-11-24,1 5 6 20 | 4 5 7 18
7186,2023-11-24,5 11 17 18 | 6 8 11 18
7187,2023-11-25,6 8 16 19 | 6 7 13 16
7188,2023-11-25,5 8 11 13 | 3 8 12 13
7189,2023-11-25,10 12 18 20 | 3 7 16 17
7190,2023-11-25,5 8 10 18 | 9 13 17 18
7191,2023-11-25,3 5 9 13 | 6 10 16 18
7192,2023-11-25,3 5 10 20 | 1 4 12 13
7193,2023-11-26,9 11 13 18 | 1 3 12 15
7194,2023-11-26,3 8 17 19 | 4 12 18 19
7195,2023-11-26,2 11 19 20 | 4 9 10 19
7196,2023-11-26,11 12 18 19 | 2 8 18 20
7197,2023-11-26,5 8 12 13 | 1 3 12 17
7198,2023-11-26,11 12 13 16 | 6 7 10 12
7199,2023-11-27,4 8 18 20 | 6 11 12 19
7200,2023-11-27,6 11 16 17 | 4 10 11 14
7201,2023-11-27,4 16 19 20 | 2 11 12 19
7202,2023-11-27,7 9 15 17 | 3 16 18 19
7203,2023-11-27,1 8 9 11 | 2 9 17 19
7204,2023-11-27,7 13 16 18 | 7 15 17 19
7205,2023-11-28,3 9 16 17 | 1 3 9 13
7206,2023-11-28,2 5 7 11 | 3 4 8 11
7207,2023-11-28,3 7 10 15 | 3 11 12 18
7208,2023-11-28,7 8 15 19 | 2 7 12 13
7209,2023-11-28,5 8 11 16 | 2 4 16 18
7210,2023-11-28,10 14 17 20 | 11 15 18 20
7211,2023-11-29,3 4 11 17 | 2 14 15 17
7212,2023-11-29,3 10 17 20 | 3 7 8 17
7213,2023-11-29,3 13 16 20 | 6 14 17 20
7214,2023-11-29,2 3 4 9 | 1 8 9 10
7215,2023-11-29,2 5 16 17 | 2 13 17 18
7216,2023-11-29,3 9 14 17 | 9 12 15 16
7217,2023-11-30,6 8 11 18 | 8 9 13 18
7218,2023-11-30,2 7 11 18 | 9 14 18 19
7219,2023-11-30,4 5 15 16 | 2 5 7 15
7220,2023-11-30,4 10 15 17 | 6 10 15 16
7221,2023-11-30,3 4 17 18 | 7 15 17 18
7222,2023-11-30,6 8 10 16 | 2 9 12 16
7223,2023-12-01,2 8 18 19 | 7 13 18 19
7224,2023-12-01,5 14 15 18 | 1 3 6 12
7225,2023-12-01,1 4 13 18 | 5 14 16 19
7226,2023-12-01,8 10 14 15 | 2 6 14 18
7227,2023-12-01,2 13 16 17 | 3 7 13 19
7228,2023-12-01,9 11 14 18 | 8 10 15 18
7229,2023-12-02,4 6 15 18 | 2 6 10 18
7230,2023-12-02,2 14 18 19 | 1 10 11 17
7231,2023-12-02,1 12 19 20 | 5 12 17 19
7232,2023-12-02,2 7 9 12 | 6 12 13 16
7233,2023-12-02,4 9 14 17 | 1 5 16 18
7234,2023-12-02,3 8 10 12 | 4 9 14 20
7235,2023-12-03,9 14 17 20 | 3 6 11 12
7236,2023-12-03,6 13 14 19 | 1 9 12 19
7237,2023-12-03,4 7 16 19 | 8 10 12 17
7238,2023-12-03,7 8 11 13 | 1 3 12 13
7239,2023-12-03,12 15 19 20 | 6 14 17 20
7240,2023-12-03,6 9 14 17 | 9 12 14 15
7241,2023-12-04,1 5 14 15 | 2 4 16 20
7242,2023-12-04,2 9 14 18 | 2 6 9 15
7243,2023-12-04,11 13 17 19 | 5 6 9 13
7244,2023-12-04,1 7 16 20 | 1 6 12 14
7245,2023-12-04,5 6 18 19 | 3 9 11 19
7246,2023-12-04,7 8 9 17 | 11 14 15 17
7247,2023-12-05,4 7 16 18 | 11 12 14 18
7248,2023-12-05,2 3 13 18 | 1 4 8 15
7249,2023-12-05,3 9 11 16 | 1 4 13 18
7250,2023-12-05,3 7 8 11 | 2 7 14 16
7251,2023-12-05,1 3 11 15 | 2 9 13 17
7252,2023-12-05,1 3 12 19 | 5 10 12 13
7253,2023-12-06,4 8 11 20 | 4 7 8 20
7254,2023-12-06,1 5 8 20 | 11 12 15 20
7255,2023-12-06,2 4 13 19 | 9 12 13 16
7256,2023-12-06,6 9 14 17 | 5 14 16 19
7257,2023-12-06,1 3 5 13 | 3 12 13 19
7258,2023-12-06,5 8 11 12 | 5 8 14 19
7259,2023-12-07,1 2 19 20 | 1 7 18 20
7260,2023-12-07,5 16 17 18 | 3 6 18 19
7261,2023-12-07,1 3 9 12 | 3 8 10 11
7262,2023-12-07,1 5 16 18 | 1 2 5 20
7263,2023-12-07,2 5 6 11 | 1 7 12 20
7264,2023-12-07,4 5 13 17 | 3 7 13 15
7265,2023-12-08,2 5 9 16 | 3 5 10 12
7266,2023-12-08,1 9 12 14 | 9 16 17 18
7267,2023-12-08,1 11 13 17 | 7 11 15 16
7268,2023-12-08,5 10 13 17 | 3 7 9 15
7269,2023-12-08,2 11 12 13 | 2 13 16 20
7270,2023-12-08,1 4 6 14 | 3 8 13 19
7271,2023-12-09,14 18 19 20 | 2 3 10 13
7272,2023-12-09,10 13 15 19 | 2 3 4 6
7273,2023-12-09,9 15 16 20 | 1 2 3 17
7274,2023-12-09,5 10 13 15 | 1 6 12 20
7275,2023-12-09,1 3 7 12 | 1 9 19 20
7276,2023-12-09,5 10 16 19 | 12 14 15 16
7277,2023-12-10,7 12 15 18 | 3 6 10 13
7278,2023-12-10,10 11 12 13 | 1 3 12 20
7279,2023-12-10,4 14 16 17 | 1 8 10 15
7280,2023-12-10,4 5 11 19 | 6 7 10 19
7281,2023-12-10,3 9 11 13 | 4 11 13 16
7282,2023-12-10,1 4 11 20 | 1 2 10 13
7283,2023-12-11,2 10 15 20 | 9 12 14 17
7284,2023-12-11,1 10 11 20 | 4 7 16 17
7285,2023-12-11,5 14 16 18 | 6 7 10 19
7286,2023-12-11,3 7 13 19 | 5 7 10 12
7287,2023-12-11,8 10 16 19 | 2 4 8 14
7288,2023-12-11,6 8 16 17 | 4 10 13 17
7289,2023-12-12,3 7 10 17 | 1 2 3 12
7290,2023-12-12,3 8 10 15 | 8 13 16 20
7291,2023-12-12,3 6 8 14 | 10 11 15 17
7292,2023-12-12,8 15 17 20 | 2 3 12 20
7293,2023-12-12,2 8 16 19 | 1 10 17 20
7294,2023-12-12,4 9 15 18 | 4 10 14 15
7295,2023-12-13,3 6 11 20 | 10 11 16 19
7296,2023-12-13,3 9 13 20 | 3 12 15 16
7297,2023-12-13,2 3 5 16 | 8 9 11 13
7298,2023-12-13,1 3 7 18 | 11 12 14 18
7299,2023-12-13,2 3 4 14 | 7 15 16 20
7300,2023-12-13,4 7 13 19 | 2 7 11 13
7301,2023-12-14,4 7 13 19 | 1 2 9 11
7302,2023-12-14,5 6 8 17 | 1 2 9 10
7303,2023-12-14,2 8 9 19 | 14 15 17 20
7304,2023-12-14,8 9 15 20 | 1 6 10 18
7305,2023-12-14,2 6 7 19 | 3 6 13 18
7306,2023-12-14,2 7 10 19 | 8 10 11 20
7307,2023-12-15,5 8 13 17 | 1 12 13 15
7308,2023-12-15,1 8 9 17 | 9 13 14 19
7309,2023-12-15,1 2 14 19 | 5 7 9 12
7310,2023-12-15,6 8 16 18 | 2 3 9 15
7311,2023-12-15,3 8 16 18 | 3 9 12 19
7312,2023-12-15,8 11 14 16 | 11 15 16 20
7313,2023-12-16,7 12 17 20 | 1 5 6 8
7314,2023-12-16,1 10 12 16 | 8 10 15 20
7315,2023-12-16,10 11 12 13 | 7 9 11 15
7316,2023-12-16,6 7 9 11 | 2 3 14 20
7317,2023-12-16,7 10 12 13 | 5 7 14 17
7318,2023-12-16,1 2 15 16 | 2 8 13 17
7319,2023-12-17,1 7 14 15 | 5 11 14 20
7320,2023-12-17,1 8 12 16 | 1 8 10 13
7321,2023-12-17,2 6 8 18 | 1 3 8 14
7322,2023-12-17,2 3 4 8 | 3 6 9 14
7323,2023-12-17,10 11 12 14 | 1 2 5 6
7324,2023-12-17,8 14 16 20 | 4 8 11 18
7325,2023-12-18,1 8 14 16 | 3 16 18 19
7326,2023-12-18,6 8 9 13 | 7 10 16 17
7327,2023-12-18,3 12 13 16 | 2 3 7 8
7328,2023-12-18,7 17 18 19 | 1 6 11 16
7329,2023-12-18,1 11 14 15 | 4 8 10 20
7330,2023-12-18,1 8 16 17 | 2 8 10 11
7331,2023-12-19,2 7 8 17 | 2 11 15 19
7332,2023-12-19,14 17 19 20 | 5 8 14 19
7333,2023-12-19,4 9 11 16 | 3 5 11 13
7334,2023-12-19,4 6 10 12 | 9 16 18 19
7335,2023-12-19,1 4 14 20 | 1 3 11 13
7336,2023-12-19,3 5 6 17 | 10 13 16 19
7337,2023-12-20,4 8 9 16 | 5 6 10 14
7338,2023-12-20,4 10 13 19 | 1 2 6 15
7339,2023-12-20,13 17 18 20 | 5 6 9 13
7340,2023-12-20,1 7 16 17 | 9 14 15 20
7341,2023-12-20,6 11 12 18 | 4 8 9 17
7342,2023-12-20,5 6 10 20 | 2 4 14 15
7343,2023-12-21,3 9 14 17 | 4 6 7 9
7344,2023-12-21,2 12 15 18 | 4 5 11 19
7345,2023-12-21,5 13 14 16 | 6 8 9 17
7346,2023-12-21,6 8 15 16 | 9 10 11 20
7347,2023-12-21,1 3 15 17 | 1 6 11 19
7348,2023-12-21,3 7 10 12 | 11 13 15 16
7349,2023-12-22,6 9 16 20 | 4 9 10 12
7350,2023-12-22,12 14 16 17 | 1 10 11 19
7351,2023-12-22,9 15 16 18 | 7 15 18 20
7352,2023-12-22,5 12 15 16 | 3 8 11 12
7353,2023-12-22,8 13 17 20 | 1 9 15 19
7354,2023-12-22,1 5 11 13 | 4 15 16 18
7355,2023-12-23,1 6 16 17 | 8 11 17 20
7356,2023-12-23,8 12 13 16 | 4 6 7 14
7357,2023-12-23,12 14 16 20 | 2 15 16 18
7358,2023-12-23,1 5 6 18 | 5 11 18 20
7359,2023-12-23,1 4 7 14 | 1 12 13 19
7360,2023-12-23,7 8 18 20 | 13 14 17 19
7361,2023-12-24,2 7 10 11 | 3 8 9 19
7362,2023-12-24,3 8 9 18 | 1 2 4 17
7363,2023-12-24,1 7 9 13 | 14 15 16 19
7364,2023-12-24,9 10 13 16 | 1 6 12 16
7365,2023-12-24,1 3 14 19 | 6 11 14 19
7366,2023-12-24,8 9 13 14 | 4 12 13 17
7367,2023-12-25,2 9 14 19 | 3 4 9 17
7368,2023-12-25,2 3 10 20 | 1 6 13 19
7369,2023-12-25,4 6 7 11 | 4 9 13 17
7370,2023-12-25,1 7 17 19 | 2 4 5 20
7371,2023-12-25,3 4 7 14 | 9 10 14 15
7372,2023-12-25,4 13 14 15 | 4 10 11 16
7373,2023-12-26,4 5 18 20 | 1 5 8 17
7374,2023-12-26,2 15 16 20 | 10 11 12 16
7375,2023-12-26,10 11 19 20 | 2 5 10 20
7376,2023-12-26,2 4 6 15 | 6 13 18 20
7377,2023-12-26,5 6 12 14 | 3 4 13 20
7378,2023-12-26,6 9 12 16 | 5 9 11 14
7379,2023-12-27,1 3 11 13 | 3 6 8 16
7380,2023-12-27,3 11 14 18 | 2 6 9 20
7381,2023-12-27,5 7 12 19 | 3 9 12 13
7382,2023-12-27,6 13 15 16 | 2 8 9 18
7383,2023-12-27,9 10 11 16 | 3 10 14 17
7384,2023-12-27,5 6 9 14 | 1 7 9 17
7385,2023-12-28,4 5 10 11 | 4 15 16 19
7386,2023-12-28,3 16 17 19 | 1 3 11 14
7387,2023-12-28,2 5 9 13 | 7 8 9 15
7388,2023-12-28,2 3 12 16 | 6 7 11 12
7389,2023-12-28,5 8 13 18 | 3 14 18 19
7390,2023-12-28,1 7 11 20 | 1 9 15 16
7391,2023-12-29,3 7 15 20 | 3 4 7 9
7392,2023-12-29,9 13 14 16 | 9 10 16 17
7393,2023-12-29,2 6 14 19 | 2 4 6 20
7394,2023-12-29,7 13 16 17 | 2 3 10 14
7395,2023-12-29,1 10 18 19 | 1 5 11 14
7396,2023-12-29,5 10 11 17 | 1 11 16 19
7397,2023-12-30,5 11 12 16 | 5 6 9 16
7398,2023-12-30,4 8 13 18 | 4 8 11 14
7399,2023-12-30,10 12 17 20 | 1 5 7 13
7400,2023-12-30,4 8 16 19 | 2 6 9 20
7401,2023-12-30,4 11 12 17 | 3 13 15 16
7402,2023-12-30,5 6 9 16 | 5 8 12 19
7403,2023-12-31,5 15 16 17 | 4 9 16 17
7404,2023-12-31,7 12 13 17 | 1 3 6 18
7405,2023-12-31,2 3 10 14 | 3 8 12 16
7406,2023-12-31,5 14 18 20 | 1 3 5 16
7407,2023-12-31,2 7 8 11 | 6 14 17 18
7408,2023-12-31,4 6 11 17 | 9 11 15 18
7409,2024-01-01,1 9 11 14 | 6 7 14 16
7410,2024-01-01,8 9 14 15 | 6 10 12 19
7411,2024-01-01,6 9 13 18 | 1 3 17 20
7412,2024-01-01,8 10 11 17 | 4 6 10 17
7413,2024-01-01,11 12 18 19 | 1 2 14 19
7414,2024-01-01,1 6 10 15 | 4 6 7 8
7415,2024-01-02,1 3 6 18 | 8 11 13 14
7416,2024-01-02,6 7 8 11 | 1 2 12 16
7417,2024-01-02,9 17 18 20 | 4 5 8 14
7418,2024-01-02,5 8 16 17 | 6 16 18 20
7419,2024-01-02,4 11 18 19 | 3 4 8 15
7420,2024-01-02,2 6 8 20 | 9 14 18 20
7421,2024-01-03,3 8 11 15 | 5 6 10 13
7422,2024-01-03,1 5 9 11 | 2 3 10 16
7423,2024-01-03,3 7 12 14 | 1 4 18 20
7424,2024-01-03,8 11 12 18 | 2 5 6 10
7425,2024-01-03,11 13 17 19 | 6 7 12 13
7426,2024-01-03,1 14 16 18 | 8 9 11 15
7427,2024-01-04,4 9 10 19 | 1 4 12 16
7428,2024-01-04,3 4 13 19 | 6 10 12 20
7429,2024-01-04,5 8 15 20 | 1 2 14 18
7430,2024-01-04,3 7 8 11 | 7 9 13 15
7431,2024-01-04,13 15 18 20 | 7 8 12 14
7432,2024-01-04,4 6 13 17 | 2 15 18 19
7433,2024-01-05,3 5 9 15 | 2 11 12 14
7434,2024-01-05,2 5 14 20 | 7 10 11 14
7435,2024-01-05,12 13 14 16 | 4 9 16 19
7436,2024-01-05,4 10 16 18 | 1 3 16 19
7437,2024-01-05,4 5 12 20 | 7 12 14 17
7438,2024-01-05,9 17 19 20 | 13 15 16 20
7439,2024-01-06,3 8 19 20 | 11 16 18 19
7440,2024-01-06,1 3 5 19 | 3 10 11 13
7441,2024-01-06,4 12 13 14 | 1 11 15 18
7442,2024-01-06,1 9 15 16 | 9 13 16 18
7443,2024-01-06,9 12 13 14 | 3 5 6 18
7444,2024-01-06,8 15 16 17 | 1 2 15 16
7445,2024-01-07,1 3 11 16 | 1 6 8 11
7446,2024-01-07,6 10 16 20 | 3 6 10 17
7447,2024-01-07,2 5 8 17 | 3 10 13 19
7448,2024-01-07,6 9 14 20 | 1 14 16 18
7449,2024-01-07,2 3 14 20 | 7 8 12 19
7450,2024-01-07,8 9 10 16 | 3 10 13 18
7451,2024-01-08,1 7 12 19 | 7 15 17 18
7452,2024-01-08,10 11 12 15 | 2 4 15 16
7453,2024-01-08,2 13 14 20 | 2 13 14 18
7454,2024-01-08,4 9 10 16 | 1 7 12 13
7455,2024-01-08,3 9 12 20 | 1 2 8 20
7456,2024-01-08,1 2 11 17 | 1 4 15 17
7457,2024-01-09,13 15 17 19 | 5 6 14 20
7458,2024-01-09,1 5 6 17 | 3 6 11 19
7459,2024-01-09,4 6 14 17 | 11 14 15 20
7460,2024-01-09,5 13 14 16 | 5 13 15 17
7461,2024-01-09,5 6 10 18 | 14 16 18 19
7462,2024-01-09,1 5 15 16 | 3 4 5 6
7463,2024-01-10,4 11 15 16 | 6 13 14 20
7464,2024-01-10,4 11 13 15 | 4 7 12 15
7465,2024-01-10,1 9 14 17 | 3 4 14 15
7466,2024-01-10,9 11 15 16 | 6 8 12 15
7467,2024-01-10,5 8 17 19 | 5 8 11 15
7468,2024-01-10,3 6 12 20 | 5 8 11 15
7469,2024-01-11,8 16 17 18 | 9 13 14 16
7470,2024-01-11,5 6 7 18 | 1 9 14 15
7471,2024-01-11,6 12 13 18 | 1 6 10 15
7472,2024-01-11,2 9 12 17 | 2 13 18 20
7473,2024-01-11,2 4 9 17 | 5 13 17 19
7474,2024-01-11,2 4 11 20 | 2 4 10 18
7475,2024-01-12,1 6 7 14 | 5 9 15 20
7476,2024-01-12,4 7 9 15 | 8 9 15 18
7477,2024-01-12,1 11 14 20 | 4 11 17 20
7478,2024-01-12,5 8 10 15 | 8 9 11 17
7479,2024-01-12,1 5 6 9 | 3 8 11 18
7480,2024-01-12,9 10 15 20 | 5 8 15 20
7481,2024-01-13,3 6 11 16 | 1 6 17 20
7482,2024-01-13,3 7 15 19 | 3 5 14 17
7483,2024-01-13,3 10 16 18 | 2 5 11 20
7484,2024-01-13,2 4 12 15 | 1 9 15 17
7485,2024-01-13,1 4 16 20 | 1 8 13 18
7486,2024-01-13,8 13 16 18 | 2 6 12 17
7487,2024-01-14,7 10 15 18 | 1 4 8 12
7488,2024-01-14,4 5 6 14 | 3 8 10 16
7489,2024-01-14,4 7 11 13 | 6 10 11 17
7490,2024-01-14,3 9 14 16 | 3 6 9 12
7491,2024-01-14,1 2 12 15 | 7 11 17 18
7492,2024-01-14,2 5 18 20 | 2 15 17 19
7493,2024-01-15,5 6 8 16 | 1 8 11 16
7494,2024-01-15,4 9 11 14 | 1 2 7 12
7495,2024-01-15,3 4 6 14 | 7 9 17 18
7496,2024-01-15,1 2 8 12 | 1 6 11 13
7497,2024-01-15,5 9 10 12 | 2 3 7 15
7498,2024-01-15,3 5 12 17 | 1 4 9 10
7499,2024-01-16,1 3 9 16 | 6 8 10 20
7500,2024-01-16,5 14 16 17 | 1 9 11 20
7501,2024-01-16,4 16 19 20 | 1 4 16 18
7502,2024-01-16,9 12 13 14 | 6 14 16 20
7503,2024-01-16,3 14 19 20 | 1 4 7 12
7504,2024-01-16,6 9 15 19 | 2 12 15 16
7505,2024-01-17,3 5 18 19 | 9 15 17 18
7506,2024-01-17,5 7 12 19 | 3 8 11 18
7507,2024-01-17,7 14 16 17 | 1 13 16 18
7508,2024-01-17,6 10 17 18 | 3 9 11 16
7509,2024-01-17,3 7 16 19 | 3 4 5 17
7510,2024-01-17,1 9 15 16 | 4 5 11 17
7511,2024-01-18,4 8 9 11 | 1 4 5 20
7512,2024-01-18,1 3 6 14 | 2 12 13 20
7513,2024-01-18,3 7 9 16 | 6 11 15 17
7514,2024-01-18,8 11 14 20 | 2 3 10 17
7515,2024-01-18,5 10 12 17 | 7 15 17 18
7516,2024-01-18,4 7 8 12 | 1 8 9 12
7517,2024-01-19,3 11 15 16 | 4 7 12 20
7518,2024-01-19,8 9 12 18 | 8 10 11 17
7519,2024-01-19,4 5 12 20 | 3 8 9 12
7520,2024-01-19,2 7 14 15 | 1 8 16 20
7521,2024-01-19,4 15 16 18 | 2 10 11 14
7522,2024-01-19,4 6 8 14 | 3 5 11 20
7523,2024-01-20,2 3 13 19 | 1 5 11 12
7524,2024-01-20,2 4 6 13 | 5 14 15 17
7525,2024-01-20,7 11 14 16 | 4 8 10 12
7526,2024-01-20,5 9 15 19 | 1 8 9 15
7527,2024-01-20,15 17 18 20 | 3 8 10 19
7528,2024-01-20,1 6 7 12 | 4 7 10 20
7529,2024-01-21,4 6 12 15 | 4 6 7 20
7530,2024-01-21,1 8 9 16 | 5 10 15 18
7531,2024-01-21,4 6 7 8 | 3 4 7 17
7532,2024-01-21,3 5 8 14 | 2 9 12 20
7533,2024-01-21,5 9 10 15 | 1 9 10 13
7534,2024-01-21,3 4 7 15 | 4 10 12 20
7535,2024-01-22,7 15 16 20 | 2 6 14 19
7536,2024-01-22,8 12 13 20 | 11 13 17 19
7537,2024-01-22,3 6 8 9 | 1 4 11 15
7538,2024-01-22,1 9 17 18 | 3 10 11 13
7539,2024-01-22,6 9 17 18 | 9 14 15 17
7540,2024-01-22,8 11 15 16 | 1 4 8 11
7541,2024-01-23,7 11 13 15 | 6 9 11 17
7542,2024-01-23,3 7 8 16 | 1 3 4 13
7543,2024-01-23,10 11 12 14 | 1 7 17 18
7544,2024-01-23,9 10 16 20 | 1 12 15 18
7545,2024-01-23,2 4 7 13 | 11 12 16 20
7546,2024-01-23,3 7 10 11 | 1 4 7 17
7547,2024-01-24,6 13 16 17 | 6 13 15 17
7548,2024-01-24,1 9 10 19 | 1 7 11 17
7549,2024-01-24,1 7 13 14 | 1 2 5 6
7550,2024-01-24,4 5 7 10 | 3 5 11 17
7551,2024-01-24,7 12 14 18 | 10 12 13 20
7552,2024-01-24,2 3 8 13 | 8 11 12 15
7553,2024-01-25,8 9 16 17 | 14 15 16 20
7554,2024-01-25,1 13 17 18 | 2 5 10 15
7555,2024-01-25,6 12 15 18 | 2 6 10 13
7556,2024-01-25,2 3 7 18 | 5 8 16 17
7557,2024-01-25,10 11 16 19 | 3 10 15 18
7558,2024-01-25,4 8 16 17 | 2 4 9 14
7559,2024-01-26,2 5 7 11 | 2 3 9 14
7560,2024-01-26,2 5 11 12 | 2 5 7 19
7561,2024-01-26,3 11 16 17 | 1 9 10 16
7562,2024-01-26,6 7 18 19 | 4 12 17 18
7563,2024-01-26,6 8 13 19 | 4 7 17 18
7564,2024-01-26,1 3 13 14 | 10 12 18 19
7565,2024-01-27,1 5 7 10 | 9 11 14 16
7566,2024-01-27,2 6 17 19 | 1 7 11 15
7567,2024-01-27,2 13 18 19 | 11 13 14 20
7568,2024-01-27,2 9 13 15 | 4 5 7 16
7569,2024-01-27,10 14 19 20 | 4 7 9 17
7570,2024-01-27,3 5 6 17 | 1 5 12 19
7571,2024-01-28,1 2 17 20 | 3 5 15 16
7572,2024-01-28,1 3 7 15 | 14 17 19 20
7573,2024-01-28,3 6 13 19 | 2 7 12 20
7574,2024-01-28,4 10 11 12 | 9 11 15 16
7575,2024-01-28,4 7 13 17 | 9 12 16 18
7576,2024-01-28,13 17 19 20 | 11 12 13 19
7577,2024-01-29,4 10 14 16 | 2 3 9 16
7578,2024-01-29,7 10 18 20 | 6 8 11 12
7579,2024-01-29,1 2 8 20 | 1 5 15 20
7580,2024-01-29,2 16 18 20 | 8 11 14 19
7581,2024-01-29,1 4 8 19 | 2 12 16 20
7582,2024-01-29,4 8 9 14 | 10 12 14 17
7583,2024-01-30,1 5 8 12 | 5 7 11 18
7584,2024-01-30,2 10 15 19 | 4 12 14 15
7585,2024-01-30,6 8 10 17 | 3 8 14 15
7586,2024-01-30,6 9 10 20 | 5 11 14 16
7587,2024-01-30,2 3 7 18 | 4 5 7 10
7588,2024-01-30,4 16 17 20 | 5 8 11 16
7589,2024-01-31,1 7 13 20 | 5 10 11 13
7590,2024-01-31,4 5 7 8 | 11 14 16 17
7591,2024-01-31,4 6 17 19 | 4 7 18 19
7592,2024-01-31,4 5 13 20 | 5 11 13 17
7593,2024-01-31,8 12 13 18 | 5 10 15 19
7594,2024-01-31,6 14 15 20 | 4 5 14 19
7595,2024-02-01,2 4 11 19 | 3 7 12 20
7596,2024-02-01,2 4 16 19 | 4 11 15 18
7597,2024-02-01,5 11 15 16 | 13 15 16 20
7598,2024-02-01,2 16 18 20 | 2 4 7 13
7599,2024-02-01,7 11 18 20 | 4 10 16 17
7600,2024-02-01,2 4 10 18 | 9 14 19 20
7601,2024-02-02,4 5 10 14 | 3 15 16 17
7602,2024-02-02,8 10 19 20 | 2 8 12 13
7603,2024-02-02,2 4 6 9 | 2 9 12 20
7604,2024-02-02,3 6 12 20 | 3 9 15 16
7605,2024-02-02,1 11 13 16 | 5 10 14 17
7606,2024-02-02,7 9 10 12 | 2 3 14 17
7607,2024-02-03,7 11 12 15 | 3 5 12 18
7608,2024-02-03,2 3 9 20 | 1 6 9 18
7609,2024-02-03,14 15 16 17 | 3 11 13 16
7610,2024-02-03,1 5 14 18 | 1 2 11 18
7611,2024-02-03,2 4 18 20 | 1 8 14 15
7612,2024-02-03,2 6 7 9 | 1 4 10 18
7613,2024-02-04,4 5 13 17 | 6 7 9 16
7614,2024-02-04,2 6 12 19 | 6 11 13 14
7615,2024-02-04,9 10 13 16 | 4 14 19 20
7616,2024-02-04,2 8 17 20 | 1 4 10 18
7617,2024-02-04,4 6 12 20 | 6 13 15 19
7618,2024-02-04,6 13 14 18 | 4 5 7 13
7619,2024-02-05,3 15 16 17 | 1 7 11 20
7620,2024-02-05,7 12 14 18 | 3 6 11 12
7621,2024-02-05,1 4 15 16 | 7 9 11 19
7622,2024-02-05,3 13 15 17 | 2 5 12 20
7623,2024-02-05,3 8 12 18 | 1 5 9 11
7624,2024-02-05,1 2 13 17 | 2 6 18 19
7625,2024-02-06,2 6 11 15 | 2 9 12 14
7626,2024-02-06,5 12 15 17 | 1 4 15 16
7627,2024-02-06,2 8 12 14 | 2 13 16 19
7628,2024-02-06,6 9 18 20 | 3 9 13 18
7629,2024-02-06,8 10 17 19 | 6 8 10 13
7630,2024-02-06,8 12 18 20 | 2 6 15 17
7631,2024-02-07,1 2 6 8 | 1 5 9 19
7632,2024-02-07,9 10 17 18 | 1 2 10 11
7633,2024-02-07,10 11 19 20 | 1 10 17 19
7634,2024-02-07,7 11 12 19 | 9 15 17 18
7635,2024-02-07,1 2 3 15 | 2 6 14 15
7636,2024-02-07,1 3 8 14 | 2 3 11 20
7637,2024-02-08,6 11 14 17 | 3 5 9 13
7638,2024-02-08,3 10 15 19 | 5 6 13 20
7639,2024-02-08,10 11 14 15 | 11 13 16 18
7640,2024-02-08,2 9 14 19 | 1 9 10 14
7641,2024-02-08,1 4 15 19 | 12 13 14 17
7642,2024-02-08,3 6 10 12 | 1 7 8 9
7643,2024-02-09,2 8 14 18 | 7 12 15 18
7644,2024-02-09,5 8 9 16 | 1 4 18 20
7645,2024-02-09,4 15 16 20 | 4 9 17 20
7646,2024-02-09,9 10 14 17 | 4 7 13 16
7647,2024-02-09,2 6 11 14 | 3 8 12 14
7648,2024-02-09,10 13 15 16 | 4 14 15 16
7649,2024-02-10,12 17 18 20 | 4 6 16 19
7650,2024-02-10,7 11 14 19 | 6 7 12 20
7651,2024-02-10,3 4 19 20 | 1 5 13 19
7652,2024-02-10,7 10 12 15 | 3 15 17 19
7653,2024-02-10,5 10 12 18 | 2 13 18 20
7654,2024-02-10,3 9 12 16 | 1 11 17 19
7655,2024-02-11,2 3 17 20 | 8 10 14 19
7656,2024-02-11,4 14 15 18 | 2 6 15 18
7657,2024-02-11,1 3 6 12 | 6 7 9 14
7658,2024-02-11,5 8 9 20 | 2 8 12 16
7659,2024-02-11,2 3 4 15 | 13 15 17 18
7660,2024-02-11,7 15 17 20 | 6 8 12 20
7661,2024-02-12,6 12 13 14 | 1 13 16 17
7662,2024-02-12,3 8 15 17 | 3 13 14 15
7663,2024-02-12,6 7 9 10 | 4 6 7 19
7664,2024-02-12,6 13 14 16 | 3 6 12 20
7665,2024-02-12,4 7 9 10 | 1 8 9 20
7666,2024-02-12,2 4 5 9 | 6 7 16 18
7667,2024-02-13,1 9 12 13 | 1 4 18 20
7668,2024-02-13,4 14 18 19 | 7 11 12 13
7669,2024-02-13,5 15 16 17 | 6 7 9 18
7670,2024-02-13,1 4 6 8 | 3 5 8 10
7671,2024-02-13,5 6 15 17 | 3 9 10 20
7672,2024-02-13,6 7 15 18 | 6 9 12 19
7673,2024-02-14,4 7 12 16 | 10 12 14 16
7674,2024-02-14,3 8 14 15 | 5 6 14 16
7675,2024-02-14,4 6 8 15 | 2 9 17 20
7676,2024-02-14,4 5 8 9 | 2 9 16 18
7677,2024-02-14,1 7 14 19 | 1 9 14 16
7678,2024-02-14,4 10 11 14 | 7 9 18 20
7679,2024-02-15,5 10 11 13 | 15 16 19 20
7680,2024-02-15,4 6 13 19 | 4 9 11 13
7681,2024-02-15,9 10 16 18 | 1 3 7 11
7682,2024-02-15,6 12 15 20 | 5 16 17 20
7683,2024-02-15,7 9 12 15 | 9 12 18 19
7684,2024-02-15,5 16 19 20 | 1 2 9 10
7685,2024-02-16,9 12 13 15 | 5 7 10 13
7686,2024-02-16,5 7 13 16 | 2 6 14 20
7687,2024-02-16,3 7 16 18 | 3 9 15 19
7688,2024-02-16,1 5 13 19 | 2 4 6 17
7689,2024-02-16,3 4 17 20 | 2 11 14 17
7690,2024-02-16,3 4 9 20 | 1 11 13 20
7691,2024-02-17,2 8 11 14 | 1 9 13 14
7692,2024-02-17,3 4 11 15 | 3 15 16 19
7693,2024-02-17,5 9 13 17 | 1 4 7 13
7694,2024-02-17,4 6 13 18 | 2 3 15 17
7695,2024-02-17,3 6 15 17 | 5 6 7 10
7696,2024-02-17,6 7 15 20 | 4 5 15 18
7697,2024-02-18,2 8 11 16 | 5 10 13 15
7698,2024-02-18,3 13 15 18 | 2 3 7 8
7699,2024-02-18,1 2 15 20 | 3 12 14 17
7700,2024-02-18,5 10 12 16 | 3 4 8 20
7701,2024-02-18,8 10 11 19 | 1 3 13 18
7702,2024-02-18,1 4 5 20 | 3 9 10 20
7703,2024-02-19,4 7 9 10 | 2 4 7 8
7704,2024-02-19,2 3 9 13 | 5 11 16 17
7705,2024-02-19,2 7 12 18 | 5 10 14 19
7706,2024-02-19,7 9 19 20 | 1 14 15 16
7707,2024-02-19,1 4 5 16 | 4 9 10 15
7708,2024-02-19,2 3 14 18 | 2 4 6 12
7709,2024-02-20,1 3 9 17 | 7 16 19 20
7710,2024-02-20,4 6 7 20 | 4 6 14 18
7711,2024-02-20,2 7 14 19 | 6 11 12 20
7712,2024-02-20,2 9 11 14 | 1 3 6 12
7713,2024-02-20,4 11 14 17 | 3 5 17 19
7714,2024-02-20,2 9 16 20 | 4 7 10 11
7715,2024-02-21,1 4 11 13 | 2 3 7 11
7716,2024-02-21,4 10 13 19 | 5 10 19 20
7717,2024-02-21,2 16 17 19 | 3 4 6 7
7718,2024-02-21,5 7 15 17 | 2 13 15 19
7719,2024-02-21,6 9 17 19 | 5 6 7 13
7720,2024-02-21,2 5 14 20 | 5 12 17 18
7721,2024-02-22,3 5 9 16 | 3 13 16 19
7722,2024-02-22,8 12 13 14 | 1 11 14 20
7723,2024-02-22,1 5 7 11 | 2 6 7 17
7724,2024-02-22,2 9 16 17 | 1 2 10 20
7725,2024-02-22,5 12 17 19 | 12 14 18 20
7726,2024-02-22,3 9 11 19 | 4 7 10 18
7727,2024-02-23,8 10 13 20 | 1 3 4 11
7728,2024-02-23,1 9 12 13 | 1 7 16 18
7729,2024-02-23,2 3 9 14 | 6 10 13 20
7730,2024-02-23,2 5 11 12 | 3 4 8 20
7731,2024-02-23,1 2 13 15 | 5 11 15 18
7732,2024-02-23,1 10 11 13 | 3 6 14 18
7733,2024-02-24,1 2 12 16 | 1 8 17 18
7734,2024-02-24,2 8 10 16 | 11 12 18 19
7735,2024-02-24,2 8 11 19 | 5 6 14 18
7736,2024-02-24,8 9 10 15 | 5 9 14 15
7737,2024-02-24,2 3 7 8 | 10 13 15 20
7738,2024-02-24,12 13 15 17 | 1 10 15 16
7739,2024-02-25,8 11 12 18 | 5 12 15 20
7740,2024-02-25,7 8 9 14 | 1 2 4 11
7741,2024-02-25,2 8 16 18 | 7 11 16 17
7742,2024-02-25,9 10 16 20 | 2 15 16 20
7743,2024-02-25,1 2 3 10 | 3 4 16 17
7744,2024-02-25,8 10 16 18 | 7 9 10 20
7745,2024-02-26,1 9 17 18 | 1 4 18 19
7746,2024-02-26,1 13 14 15 | 2 3 9 20
7747,2024-02-26,5 9 14 18 | 4 7 15 19
7748,2024-02-26,1 7 8 12 | 6 12 18 20
7749,2024-02-26,2 4 9 14 | 6 13 17 18
7750,2024-02-26,1 5 6 7 | 5 11 15 18
7751,2024-02-29,3 8 10 18 | 1 3 5 6
7752,2024-03-01,1 8 11 12 | 5 8 9 17
7753,2024-03-01,7 9 12 19 | 2 12 13 18
7754,2024-03-01,3 4 9 15 | 11 16 19 20
7755,2024-03-01,3 7 8 19 | 3 11 15 17
7756,2024-03-01,1 5 10 16 | 5 6 9 14
7757,2024-03-01,11 15 16 20 | 4 5 8 14
7758,2024-03-02,7 16 18 19 | 1 5 7 13
7759,2024-03-02,2 3 7 13 | 5 12 16 19
7760,2024-03-02,2 5 6 17 | 2 5 8 18
7761,2024-03-02,3 11 15 16 | 3 12 18 19
7762,2024-03-02,11 12 16 19 | 12 14 15 20
7763,2024-03-02,2 7 11 18 | 2 8 10 12
7764,2024-03-03,4 11 15 20 | 4 10 14 17
7765,2024-03-03,3 6 14 16 | 3 10 14 16
7766,2024-03-03,9 15 16 17 | 2 11 16 20
7767,2024-03-03,10 14 16 19 | 7 10 12 17
7768,2024-03-03,2 5 8 17 | 4 6 12 19
7769,2024-03-03,4 6 13 20 | 3 10 13 17
7770,2024-03-04,6 16 18 20 | 4 14 18 19
7771,2024-03-04,4 7 12 14 | 4 6 8 14
7772,2024-03-04,2 4 12 15 | 8 9 14 15
7773,2024-03-04,2 15 16 18 | 1 2 7 13
7774,2024-03-04,3 4 9 17 | 2 5 19 20
7775,2024-03-04,12 14 16 20 | 4 5 7 12
7776,2024-03-05,6 7 11 13 | 5 7 14 20
7777,2024-03-05,2 8 12 19 | 5 8 9 10
7778,2024-03-05,6 15 17 19 | 3 6 8 14
7779,2024-03-05,9 13 15 16 | 5 8 9 18
7780,2024-03-05,3 10 12 15 | 1 6 14 15
7781,2024-03-05,6 7 13 18 | 10 12 15 16
7782,2024-03-06,1 4 12 13 | 4 12 14 15
7783,2024-03-06,1 7 9 18 | 3 5 9 12
7784,2024-03-06,2 6 10 19 | 9 13 16 18
7785,2024-03-06,1 16 17 19 | 2 4 13 17
7786,2024-03-06,4 9 13 15 | 2 5 11 12
7787,2024-03-06,6 12 14 15 | 1 7 8 20
7788,2024-03-07,3 6 8 12 | 3 6 7 13
7789,2024-03-07,3 10 13 18 | 1 5 6 15
7790,2024-03-07,6 10 15 16 | 2 12 18 20
7791,2024-03-07,11 12 13 18 | 3 6 15 17
7792,2024-03-07,2 3 4 14 | 4 6 15 18
7793,2024-03-07,7 10 12 13 | 2 8 9 11
7794,2024-03-08,6 14 17 20 | 2 10 13 18
7795,2024-03-08,10 15 17 20 | 2 8 13 17
7796,2024-03-08,7 10 16 19 | 1 6 16 20
7797,2024-03-08,2 7 9 18 | 1 6 11 14
7798,2024-03-08,3 4 12 18 | 1 4 6 11
7799,2024-03-08,6 12 16 18 | 5 6 12 17
7800,2024-03-09,6 12 14 17 | 2 8 12 18
7801,2024-03-09,6 10 15 16 | 1 5 8 18
7802,2024-03-09,9 10 15 17 | 5 6 10 20
7803,2024-03-09,12 15 19 20 | 1 6 17 19
7804,2024-03-09,4 10 19 20 | 4 7 14 16
7805,2024-03-09,8 11 16 17 | 9 10 17 18
7806,2024-03-10,6 8 15 20 | 2 5 13 17
7807,2024-03-10,1 4 9 11 | 1 5 12 19
7808,2024-03-10,8 10 11 19 | 5 6 13 14
7809,2024-03-10,2 5 9 19 | 2 6 11 16
7810,2024-03-10,4 15 18 19 | 2 8 9 12
7811,2024-03-10,1 5 7 10 | 2 17 19 20
7812,2024-03-11,2 6 15 17 | 2 7 16 19
7813,2024-03-11,7 10 12 16 | 7 11 12 20
7814,2024-03-11,1 3 11 13 | 1 6 12 17
7815,2024-03-11,2 4 7 17 | 5 8 16 17
7816,2024-03-11,3 11 12 18 | 6 10 19 20
7817,2024-03-11,5 9 18 19 | 10 11 14 16
7818,2024-03-12,4 7 13 19 | 4 13 18 20
7819,2024-03-12,2 9 16 18 | 3 4 6 9
7820,2024-03-12,3 9 14 19 | 5 7 8 11
7821,2024-03-12,6 8 10 15 | 5 8 13 15
7822,2024-03-12,7 9 10 15 | 3 4 13 15
7823,2024-03-12,2 10 16 18 | 12 15 16 20
7824,2024-03-13,6 11 14 19 | 2 9 11 17
7825,2024-03-13,1 3 5 17 | 5 9 13 18
7826,2024-03-13,6 11 13 19 | 2 3 17 20
7827,2024-03-13,5 6 7 8 | 6 10 11 17
7828,2024-03-13,3 5 6 10 | 7 11 14 16
7829,2024-03-13,9 13 15 16 | 6 10 12 15
7830,2024-03-14,5 9 13 15 | 1 3 6 18
7831,2024-03-14,4 10 11 14 | 1 6 10 16
7832,2024-03-14,5 7 8 15 | 2 4 12 19
7833,2024-03-14,11 14 15 16 | 1 10 16 18
7834,2024-03-14,6 11 12 15 | 1 5 6 20
7835,2024-03-14,3 9 10 11 | 3 5 13 18
7836,2024-03-15,1 15 17 19 | 7 9 10 13
7837,2024-03-15,9 14 19 20 | 1 4 7 12
7838,2024-03-15,7 15 16 20 | 3 4 14 15
7839,2024-03-15,2 4 5 18 | 5 7 9 13
7840,2024-03-15,5 6 15 17 | 9 12 18 19
7841,2024-03-15,4 12 15 20 | 2 4 9 18
7842,2024-03-16,2 8 18 20 | 4 14 15 19
7843,2024-03-16,3 4 6 19 | 1 3 9 16
7844,2024-03-16,3 9 13 20 | 2 10 18 19
7845,2024-03-16,1 8 17 20 | 3 8 14 18
7846,2024-03-16,2 3 9 10 | 3 6 12 16
7847,2024-03-16,13 14 15 19 | 3 6 7 17
7848,2024-03-17,2 12 18 19 | 4 9 16 19
7849,2024-03-17,11 15 19 20 | 1 2 4 12
7850,2024-03-17,7 9 13 16 | 4 5 9 18
7851,2024-03-17,7 13 14 19 | 1 12 14 18
7852,2024-03-17,1 5 16 18 | 2 3 4 6
7853,2024-03-17,2 6 15 16 | 1 13 16 20
7854,2024-03-18,1 8 14 15 | 2 6 13 14
7855,2024-03-18,7 11 13 16 | 4 11 13 16
7856,2024-03-18,5 8 15 16 | 4 9 12 20
7857,2024-03-18,3 6 19 20 | 2 8 16 18
7858,2024-03-18,4 9 13 18 | 2 3 4 15
7859,2024-03-18,9 18 19 20 | 10 12 16 17
7860,2024-03-19,2 6 13 19 | 5 6 8 15
7861,2024-03-19,1 6 15 20 | 7 11 14 20
7862,2024-03-19,1 8 9 17 | 9 15 16 20
7863,2024-03-19,2 10 14 17 | 5 6 16 19
7864,2024-03-19,8 9 14 15 | 4 6 11 15
7865,2024-03-19,1 12 15 16 | 8 10 13 17
7866,2024-03-20,9 10 12 19 | 3 13 16 17
7867,2024-03-20,1 10 17 19 | 9 14 15 20
7868,2024-03-20,7 15 18 19 | 3 14 16 20
7869,2024-03-20,2 9 13 17 | 1 11 13 20
7870,2024-03-20,2 3 5 6 | 3 11 13 14
7871,2024-03-20,9 10 13 14 | 1 7 12 20
7872,2024-03-21,12 14 16 19 | 9 11 17 19
7873,2024-03-21,8 12 13 18 | 3 6 14 19
7874,2024-03-21,2 8 10 14 | 9 10 17 19
7875,2024-03-21,2 5 11 19 | 2 4 7 11
7876,2024-03-21,1 11 12 17 | 1 8 12 16
7877,2024-03-21,12 13 17 18 | 1 5 10 20
7878,2024-03-22,2 4 6 13 | 9 11 13 20
7879,2024-03-22,2 10 11 14 | 2 4 9 13
7880,2024-03-22,3 15 18 19 | 1 7 16 20
7881,2024-03-22,2 6 7 9 | 2 14 19 20
7882,2024-03-22,9 13 15 20 | 3 4 7 15
7883,2024-03-22,2 5 6 15 | 1 4 8 18
7884,2024-03-23,2 5 12 20 | 1 8 18 20
7885,2024-03-23,13 15 17 20 | 9 10 11 14
7886,2024-03-23,2 8 9 14 | 3 4 11 20
7887,2024-03-23,3 5 13 15 | 11 12 13 20
7888,2024-03-23,1 5 15 19 | 3 11 12 17
7889,2024-03-23,6 9 15 20 | 7 10 11 12
7890,2024-03-24,9 15 18 19 | 6 8 16 19
7891,2024-03-24,8 10 13 20 | 8 10 17 19
7892,2024-03-24,5 7 14 20 | 1 8 19 20
7893,2024-03-24,2 7 15 20 | 3 10 13 18
7894,2024-03-24,2 16 17 18 | 3 8 14 16
7895,2024-03-24,3 5 7 11 | 5 8 17 18
7896,2024-03-25,5 8 13 16 | 4 10 13 20
7897,2024-03-25,2 10 12 14 | 6 8 10 17
7898,2024-03-25,3 6 11 19 | 1 6 10 20
7899,2024-03-25,10 11 14 15 | 4 5 13 17
7900,2024-03-25,10 13 15 19 | 2 12 16 20
7901,2024-03-25,1 5 6 9 | 1 4 9 15
7902,2024-03-26,3 5 6 18 | 3 12 18 20
7903,2024-03-26,1 6 11 12 | 1 8 10 20
7904,2024-03-26,5 7 10 11 | 1 15 16 18
7905,2024-03-26,4 7 15 18 | 10 13 18 20
7906,2024-03-26,4 5 6 12 | 1 4 15 16
7907,2024-03-26,2 5 14 18 | 2 5 15 18
7908,2024-03-27,2 5 6 14 | 8 15 17 18
7909,2024-03-27,1 4 13 17 | 1 2 11 19
7910,2024-03-27,2 3 7 15 | 2 10 11 19
7911,2024-03-27,1 12 16 17 | 4 17 18 19
7912,2024-03-27,9 13 14 18 | 4 5 9 19
7913,2024-03-27,1 5 10 12 | 2 5 9 12
7914,2024-03-28,2 5 12 18 | 1 7 10 16
7915,2024-03-28,3 9 18 20 | 6 13 16 20
7916,2024-03-28,2 3 16 20 | 8 10 12 13
7917,2024-03-28,2 7 10 11 | 3 12 16 17
7918,2024-03-28,4 12 15 17 | 7 17 19 20
7919,2024-03-28,4 7 9 10 | 1 13 16 20
7920,2024-03-29,3 6 8 11 | 1 2 11 14
7921,2024-03-29,4 8 15 17 | 14 16 17 20
7922,2024-03-29,1 9 10 17 | 3 5 12 17
7923,2024-03-29,6 8 13 16 | 5 6 8 16
7924,2024-03-29,1 11 16 18 | 8 12 13 17
7925,2024-03-29,10 17 19 20 | 6 10 13 15
7926,2024-03-30,6 9 13 18 | 4 5 13 17
7927,2024-03-30,6 9 17 18 | 10 11 13 17
7928,2024-03-30,2 8 9 13 | 3 8 11 14
7929,2024-03-30,9 10 12 14 | 6 10 13 17
7930,2024-03-30,3 7 10 14 | 2 12 15 17
7931,2024-03-30,9 14 18 20 | 7 9 14 17
7932,2024-03-31,6 10 11 14 | 2 6 11 14
7933,2024-03-31,10 12 15 20 | 2 6 11 18
7934,2024-03-31,8 10 14 16 | 3 7 12 18
7935,2024-03-31,3 7 18 20 | 9 10 14 19
7936,2024-03-31,6 9 11 19 | 1 2 4 14
7937,2024-03-31,9 12 13 19 | 3 5 15 17
7938,2024-04-01,9 13 15 20 | 5 6 7 16
7939,2024-04-01,9 11 12 20 | 4 10 14 15
7940,2024-04-01,4 6 11 18 | 4 7 10 19
7941,2024-04-01,2 5 12 20 | 6 8 10 11
7942,2024-04-01,5 8 13 18 | 1 9 11 19
7943,2024-04-01,7 11 19 20 | 3 4 5 10
7944,2024-04-02,1 2 15 17 | 1 3 8 16
7945,2024-04-02,1 16 17 19 | 5 17 18 20
7946,2024-04-02,1 4 17 19 | 1 13 14 17
7947,2024-04-02,2 6 9 13 | 3 6 7 8
7948,2024-04-02,3 7 8 12 | 1 2 10 12
7949,2024-04-02,2 6 12 14 | 4 12 14 19
7950,2024-04-03,6 12 15 17 | 1 3 6 12
7951,2024-04-03,6 8 9 19 | 3 6 10 14
7952,2024-04-03,2 4 8 10 | 1 7 9 16
7953,2024-04-03,7 9 13 16 | 2 9 15 17
7954,2024-04-03,1 4 14 16 | 1 2 9 18
7955,2024-04-03,4 10 17 19 | 10 15 17 19
7956,2024-04-04,1 6 14 17 | 5 14 16 18
7957,2024-04-04,3 4 6 17 | 6 7 18 19
7958,2024-04-04,10 11 15 20 | 12 14 15 19
7959,2024-04-04,1 8 10 20 | 7 8 12 18
7960,2024-04-04,5 7 11 12 | 1 5 17 18
7961,2024-04-04,2 8 12 15 | 3 12 14 16
7962,2024-04-05,5 16 19 20 | 5 7 19 20
7963,2024-04-05,5 9 15 17 | 2 12 14 17
7964,2024-04-05,8 14 17 20 | 5 12 15 17
7965,2024-04-05,10 11 15 20 | 1 5 8 14
7966,2024-04-05,1 3 11 13 | 9 15 16 20
7967,2024-04-05,1 2 5 6 | 3 10 11 12
7968,2024-04-06,8 16 19 20 | 3 4 6 18
7969,2024-04-06,1 9 10 17 | 2 8 14 17
7970,2024-04-06,1 3 6 7 | 2 4 6 7
7971,2024-04-06,3 4 5 13 | 7 9 16 19
7972,2024-04-06,4 11 13 20 | 6 14 15 18
7973,2024-04-06,1 9 17 20 | 7 8 14 15
7974,2024-04-07,2 8 10 11 | 2 5 15 20
7975,2024-04-07,8 12 16 17 | 4 6 15 19
7976,2024-04-07,3 5 16 19 | 7 13 14 20
7977,2024-04-07,5 10 13 18 | 4 5 15 18
7978,2024-04-07,7 8 9 19 | 4 7 17 18
7979,2024-04-07,3 8 9 11 | 6 9 12 16
7980,2024-04-08,2 5 14 19 | 4 7 18 20
7981,2024-04-08,3 8 10 12 | 5 7 15 19
7982,2024-04-08,1 11 15 18 | 8 9 10 18
7983,2024-04-08,3 6 15 18 | 7 8 14 17
7984,2024-04-08,6 7 9 16 | 1 2 6 16
7985,2024-04-09,8 14 15 16 | 1 10 14 15
7986,2024-04-09,9 10 14 16 | 7 12 17 20
7987,2024-04-09,2 5 13 17 | 8 12 13 16
7988,2024-04-09,4 9 11 18 | 1 2 6 11
7989,2024-04-09,1 10 12 14 | 6 10 17 20
7990,2024-04-09,5 6 11 17 | 2 3 14 20
7991,2024-04-12,3 7 15 19 | 1 7 8 18
7992,2024-04-13,1 8 11 13 | 1 4 11 14
7993,2024-04-13,9 10 11 13 | 1 2 8 18
7994,2024-04-13,1 3 13 15 | 7 8 9 20
7995,2024-04-13,8 10 18 20 | 1 2 8 20
7996,2024-04-13,2 10 12 20 | 3 8 13 17
7997,2024-04-13,2 14 17 19 | 3 5 16 17
7998,2024-04-14,2 4 6 11 | 1 4 10 20
7999,2024-04-14,7 8 14 15 | 1 2 16 18
8000,2024-04-14,5 11 13 18 | 5 13 16 18
8001,2024-04-14,7 9 12 17 | 2 3 14 18
8002,2024-04-14,11 12 15 16 | 8 12 14 20
8003,2024-04-14,3 4 9 11 | 1 4 8 18
8004,2024-04-15,1 3 6 17 | 2 3 4 8
8005,2024-04-15,11 16 17 18 | 1 3 12 19
8006,2024-04-15,1 11 14 20 | 1 2 6 12
8007,2024-04-15,3 7 8 14 | 8 9 16 18
8008,2024-04-15,4 5 7 15 | 2 4 10 14
8009,2024-04-15,4 8 14 19 | 4 5 8 16
8010,2024-04-16,4 7 14 16 | 6 8 10 11
8011,2024-04-16,4 8 11 13 | 2 4 7 9
8012,2024-04-16,1 11 14 20 | 7 9 14 16
8013,2024-04-16,4 5 12 14 | 3 11 17 19
8014,2024-04-16,5 10 18 20 | 9 11 15 20
8015,2024-04-16,3 8 16 20 | 2 3 7 17
8016,2024-04-17,1 12 18 20 | 4 5 14 19
8017,2024-04-17,2 3 10 12 | 2 6 8 9
8018,2024-04-17,2 10 18 19 | 4 8 19 20
8019,2024-04-17,12 13 14 18 | 8 14 16 17
8020,2024-04-17,8 12 18 20 | 2 3 9 18
8021,2024-04-17,2 3 5 18 | 1 9 11 18
8022,2024-04-18,2 9 14 16 | 4 9 15 20
8023,2024-04-18,8 12 13 20 | 3 11 14 16
8024,2024-04-18,1 13 15 20 | 2 12 13 14
8025,2024-04-18,3 6 9 17 | 1 4 10 15
8026,2024-04-18,2 6 11 12 | 2 4 11 16
8027,2024-04-18,2 15 16 19 | 1 2 11 14
8028,2024-04-19,7 12 16 20 | 2 13 15 20
8029,2024-04-19,2 11 18 20 | 1 2 8 20
8030,2024-04-19,8 12 14 18 | 1 12 14 16
8031,2024-04-19,1 5 7 13 | 1 6 8 20
8032,2024-04-19,1 3 11 16 | 1 6 8 10
8033,2024-04-19,2 11 12 14 | 10 15 17 18
8034,2024-04-20,2 14 16 18 | 2 7 10 11
8035,2024-04-20,1 2 11 14 | 1 6 9 13
8036,2024-04-20,8 9 11 18 | 5 10 12 15
8037,2024-04-20,3 4 7 12 | 1 2 13 15
8038,2024-04-20,10 16 18 19 | 5 6 15 18
8039,2024-04-20,1 15 16 18 | 2 7 11 13
8040,2024-04-21,3 5 8 16 | 7 13 15 18
8041,2024-04-21,2 9 10 14 | 1 3 17 19
8042,2024-04-21,6 9 10 20 | 3 5 18 19
8043,2024-04-21,6 9 15 16 | 2 5 6 14
8044,2024-04-21,5 8 14 15 | 3 6 9 16
8045,2024-04-21,3 11 18 20 | 3 13 14 20
8046,2024-04-22,5 6 17 19 | 1 4 5 13
8047,2024-04-22,4 6 9 13 | 12 15 17 18
8048,2024-04-22,5 12 16 20 | 1 3 4 10
8049,2024-04-22,6 12 14 20 | 1 2 17 19
8050,2024-04-22,5 16 18 20 | 1 11 15 20
8051,2024-04-22,1 8 10 14 | 2 3 5 11
8052,2024-04-23,4 5 8 14 | 4 8 18 19
8053,2024-04-23,6 8 11 12 | 8 13 16 18
8054,2024-04-23,1 6 8 10 | 5 16 17 18
8055,2024-04-23,6 8 12 14 | 9 12 18 19
8056,2024-04-23,4 9 15 17 | 1 8 9 13
8057,2024-04-23,6 13 14 19 | 2 7 9 16
8058,2024-04-24,4 5 8 14 | 3 14 17 20
8059,2024-04-24,3 7 15 18 | 9 10 12 14
8060,2024-04-24,11 12 13 17 | 1 8 14 19
8061,2024-04-24,2 5 17 20 | 1 2 4 7
8062,2024-04-24,2 9 11 12 | 5 11 17 20
8063,2024-04-24,2 14 17 18 | 1 3 10 11
8064,2024-04-25,1 2 11 15 | 11 15 16 18
8065,2024-04-25,12 13 18 20 | 2 9 12 18
8066,2024-04-25,6 8 11 15 | 5 16 17 20
8067,2024-04-25,2 5 7 19 | 3 4 6 13
8068,2024-04-25,1 9 12 13 | 4 8 9 18
8069,2024-04-25,1 2 3 6 | 4 6 12 17
8070,2024-04-26,1 4 14 16 | 5 13 14 16
8071,2024-04-26,3 9 10 15 | 1 4 11 17
8072,2024-04-26,8 10 13 16 | 2 9 13 20
8073,2024-04-26,6 7 10 13 | 1 18 19 20
8074,2024-04-26,1 7 15 17 | 5 13 14 18
8075,2024-04-26,2 3 9 17 | 3 12 14 15
8076,2024-04-27,5 17 18 20 | 1 10 12 17
8077,2024-04-27,4 5 6 19 | 7 15 18 19
8078,2024-04-27,5 7 11 12 | 5 7 9 14
8079,2024-04-27,8 9 13 14 | 6 12 15 18
8080,2024-04-27,2 4 10 13 | 1 4 14 18
8081,2024-04-27,2 6 9 15 | 9 12 15 20
8082,2024-04-28,3 6 7 13 | 12 14 15 16
8083,2024-04-28,7 9 10 14 | 3 17 18 19
8084,2024-04-28,4 8 19 20 | 4 5 15 18
8085,2024-04-28,6 8 9 18 | 2 4 6 10
8086,2024-04-28,1 3 4 8 | 2 5 14 19
8087,2024-04-28,2 4 7 20 | 5 11 15 18
8088,2024-04-29,2 6 7 19 | 1 2 7 20
8089,2024-04-29,4 11 18 19 | 6 9 13 17
8090,2024-04-29,6 11 14 19 | 5 13 17 20
8091,2024-04-29,6 10 12 14 | 12 13 15 17
8092,2024-04-29,2 5 6 13 | 4 11 14 16
8093,2024-04-29,5 6 13 15 | 7 13 16 20
8094,2024-04-30,8 9 11 19 | 3 7 15 18
8095,2024-04-30,7 13 19 20 | 1 5 8 10
8096,2024-04-30,10 14 15 19 | 3 13 15 19
8097,2024-04-30,4 5 13 16 | 11 13 15 18
8098,2024-04-30,1 11 15 20 | 5 8 15 16
8099,2024-04-30,2 7 8 13 | 4 8 10 19
8100,2024-05-01,3 13 17 20 | 1 4 12 13
8101,2024-05-01,1 3 7 16 | 3 6 11 19
8102,2024-05-01,6 7 17 20 | 1 7 9 12
8103,2024-05-01,5 11 14 16 | 3 4 15 18
8104,2024-05-01,11 15 17 19 | 4 15 16 19
8105,2024-05-01,10 12 18 19 | 2 4 10 11
8106,2024-05-02,6 7 15 18 | 10 11 14 18
8107,2024-05-02,4 9 18 19 | 2 10 17 20
8108,2024-05-02,2 6 14 16 | 13 14 18 19
8109,2024-05-02,4 10 11 20 | 1 9 11 19
8110,2024-05-02,7 8 19 20 | 8 9 11 18
8111,2024-05-02,2 5 14 20 | 2 3 5 10
8112,2024-05-03,5 8 13 14 | 2 4 12 13
8113,2024-05-03,3 6 11 12 | 1 9 11 18
8114,2024-05-03,10 13 14 16 | 3 14 17 18
8115,2024-05-03,2 15 16 20 | 4 7 8 13
8116,2024-05-03,3 6 11 18 | 8 10 15 19
8117,2024-05-03,7 8 12 13 | 2 8 17 18
8118,2024-05-04,6 7 16 19 | 5 6 9 16
8119,2024-05-04,4 9 10 15 | 3 6 7 10
8120,2024-05-04,8 14 16 17 | 1 3 5 9
8121,2024-05-04,5 10 14 17 | 1 12 14 15
8122,2024-05-04,12 15 19 20 | 4 8 11 18
8123,2024-05-04,1 7 10 19 | 4 7 8 11
8124,2024-05-05,7 11 15 16 | 11 15 18 20
8125,2024-05-05,1 7 11 16 | 6 10 14 18
8126,2024-05-05,8 18 19 20 | 3 7 10 11
8127,2024-05-05,6 8 9 17 | 7 12 18 20
8128,2024-05-05,5 14 16 19 | 3 6 7 9
8129,2024-05-05,7 11 14 16 | 3 5 9 12
8130,2024-05-06,1 5 12 15 | 1 12 14 20
8131,2024-05-06,4 10 12 19 | 2 8 9 11
8132,2024-05-06,3 8 14 17 | 1 12 17 19
8133,2024-05-06,2 8 9 13 | 1 2 10 18
8134,2024-05-06,3 5 6 20 | 12 15 16 20
8135,2024-05-06,6 8 10 16 | 4 5 6 11
8136,2024-05-07,1 4 16 18 | 3 6 11 14
8137,2024-05-07,4 7 15 19 | 3 8 9 19
8138,2024-05-07,8 17 18 20 | 7 9 11 17
8139,2024-05-07,5 6 8 15 | 2 5 16 19
8140,2024-05-07,1 4 5 11 | 9 13 18 20
8141,2024-05-07,1 5 6 7 | 7 14 15 17
8142,2024-05-08,2 5 7 11 | 7 12 14 20
8143,2024-05-08,3 6 14 16 | 1 6 11 19
8144,2024-05-08,3 18 19 20 | 7 11 13 15
8145,2024-05-08,5 11 16 19 | 10 12 15 17
8146,2024-05-08,1 5 7 10 | 6 10 14 17
8147,2024-05-08,3 6 7 18 | 1 2 3 13
8148,2024-05-09,5 9 19 20 | 13 14 15 17
8149,2024-05-09,8 12 13 16 | 2 8 14 18
8150,2024-05-09,2 4 14 20 | 1 4 9 11
8151,2024-05-09,2 3 4 14 | 5 11 14 17
8152,2024-05-09,6 8 13 16 | 2 7 11 19
8153,2024-05-09,4 5 11 19 | 1 12 16 18
8154,2024-05-10,2 5 11 13 | 3 6 10 17
8155,2024-05-10,4 7 10 14 | 4 11 12 13
8156,2024-05-10,3 10 14 17 | 2 3 9 17
8157,2024-05-10,2 3 14 18 | 5 15 16 20
8158,2024-05-10,4 14 17 19 | 8 9 13 18
8159,2024-05-10,5 10 12 14 | 4 10 15 16
8160,2024-05-11,1 5 6 13 | 7 11 12 15
8161,2024-05-11,8 13 15 16 | 8 15 19 20
8162,2024-05-11,3 11 19 20 | 12 13 14 17
8163,2024-05-11,3 4 7 16 | 2 5 15 19
8164,2024-05-11,5 6 16 18 | 3 5 8 9
8165,2024-05-11,6 10 13 18 | 3 4 15 20
8166,2024-05-12,3 7 14 19 | 6 14 15 20
8167,2024-05-12,9 11 18 20 | 2 6 10 11
8168,2024-05-12,2 6 9 18 | 2 4 6 19
8169,2024-05-12,2 3 13 14 | 8 17 19 20
8170,2024-05-12,1 8 10 12 | 6 9 11 13
8171,2024-05-12,4 5 11 13 | 10 14 16 20
8172,2024-05-13,5 9 10 19 | 1 5 18 20
8173,2024-05-13,2 3 12 19 | 2 6 14 16
8174,2024-05-13,3 5 9 11 | 7 11 17 18
8175,2024-05-13,3 6 13 19 | 3 13 14 17
8176,2024-05-13,8 10 17 18 | 9 16 18 20
8177,2024-05-13,1 7 8 14 | 4 8 11 19
8178,2024-05-14,2 3 7 16 | 5 6 10 17
8179,2024-05-14,3 7 12 17 | 2 8 10 16
8180,2024-05-14,5 7 10 17 | 1 8 13 18
8181,2024-05-14,8 9 10 12 | 4 9 16 19
8182,2024-05-14,12 15 16 18 | 4 7 15 20
8183,2024-05-14,3 6 14 15 | 4 7 9 16
8184,2024-05-15,9 14 18 19 | 8 9 11 12
8185,2024-05-15,10 12 17 18 | 13 15 19 20
8186,2024-05-15,4 7 10 14 | 9 11 13 17
8187,2024-05-15,1 5 9 19 | 10 11 12 14
8188,2024-05-15,4 7 12 17 | 4 5 14 19
8189,2024-05-15,1 2 11 15 | 1 8 15 20
8190,2024-05-16,4 6 14 16 | 16 17 18 20
8191,2024-05-16,2 4 12 13 | 3 9 19 20
8192,2024-05-16,4 5 12 14 | 1 9 10 11
8193,2024-05-16,5 8 9 14 | 3 5 12 19
8194,2024-05-16,4 7 13 14 | 6 7 12 13
8195,2024-05-16,10 12 14 17 | 1 5 12 20
8196,2024-05-17,2 4 7 8 | 3 4 5 14
8197,2024-05-17,4 6 13 19 | 1 3 17 19
8198,2024-05-17,2 8 15 20 | 3 5 11 19
8199,2024-05-17,7 9 14 19 | 2 7 10 11
8200,2024-05-17,3 8 9 15 | 9 11 19 20
8201,2024-05-17,2 4 5 8 | 2 5 11 14
8202,2024-05-18,7 9 12 18 | 8 10 13 20
8203,2024-05-18,3 5 11 12 | 6 10 16 17
8204,2024-05-18,6 9 15 17 | 8 10 11 16
8205,2024-05-18,4 7 14 18 | 2 7 8 19
8206,2024-05-18,3 6 17 19 | 1 4 6 7
8207,2024-05-18,3 10 12 19 | 1 5 13 14
8208,2024-05-19,4 6 11 14 | 2 4 15 17
8209,2024-05-19,1 4 9 11 | 3 7 19 20
8210,2024-05-19,2 4 8 15 | 3 13 15 19
8211,2024-05-19,1 4 9 13 | 4 5 8 15
8212,2024-05-19,3 10 12 14 | 1 6 8 16
8213,2024-05-19,8 13 15 16 | 7 9 10 16
8214,2024-05-20,5 7 11 15 | 1 6 9 18
8215,2024-05-20,7 9 14 15 | 1 7 13 15
8216,2024-05-20,3 13 16 17 | 9 10 12 18
8217,2024-05-20,1 10 12 15 | 9 11 16 18
8218,2024-05-20,14 16 18 19 | 3 7 14 15
8219,2024-05-20,12 13 18 19 | 1 17 18 19
8220,2024-05-21,1 2 5 8 | 1 2 12 15
8221,2024-05-21,5 9 12 14 | 8 14 17 19
8222,2024-05-21,5 8 17 20 | 3 8 10 16
8223,2024-05-21,2 3 10 18 | 5 16 17 18
8224,2024-05-21,11 12 15 18 | 2 8 17 20
8225,2024-05-21,2 11 17 19 | 9 10 16 17
8226,2024-05-22,6 9 17 19 | 2 6 12 14
8227,2024-05-22,9 11 13 18 | 9 12 16 20
8228,2024-05-22,5 7 10 20 | 4 12 13 15
8229,2024-05-22,5 15 17 20 | 3 6 11 19
8230,2024-05-22,1 2 3 13 | 4 13 17 19
8231,2024-05-22,1 6 12 18 | 3 7 15 17
8232,2024-05-23,3 6 11 15 | 3 7 9 17
8233,2024-05-23,7 10 14 18 | 5 13 15 18
8234,2024-05-23,3 4 7 8 | 1 7 13 18
8235,2024-05-23,2 7 10 13 | 3 12 16 19
8236,2024-05-23,3 4 8 11 | 3 5 10 15
8237,2024-05-23,4 10 19 20 | 10 12 13 17
8238,2024-05-24,1 8 13 19 | 5 7 14 18
8239,2024-05-24,3 8 11 15 | 1 3 15 18
8240,2024-05-24,3 8 12 15 | 7 15 16 19
8241,2024-05-24,9 11 12 19 | 3 6 17 19
8242,2024-05-24,5 11 19 20 | 4 11 14 17
8243,2024-05-24,3 8 12 16 | 4 6 10 15
8244,2024-05-25,3 6 10 20 | 2 9 11 13
8245,2024-05-25,6 11 13 14 | 4 15 17 18
8246,2024-05-25,4 8 9 19 | 4 12 15 20
8247,2024-05-25,3 5 10 14 | 2 4 15 17
8248,2024-05-25,1 7 10 15 | 3 7 14 15
8249,2024-05-25,1 12 18 19 | 1 2 10 12
8250,2024-05-26,3 11 12 16 | 3 7 9 19
8251,2024-05-26,5 8 9 10 | 1 2 4 17
8252,2024-05-26,7 15 16 18 | 3 8 13 14
8253,2024-05-26,1 2 18 20 | 7 10 11 13
8254,2024-05-26,12 14 15 18 | 4 9 14 19
8255,2024-05-26,6 7 18 19 | 1 6 11 18
8256,2024-05-27,3 7 9 10 | 12 16 19 20
8257,2024-05-27,2 4 19 20 | 11 12 17 18
8258,2024-05-27,4 5 13 19 | 8 11 16 19
8259,2024-05-27,6 9 12 19 | 2 4 7 18
8260,2024-05-27,2 3 5 8 | 2 3 15 20
8261,2024-05-27,4 12 14 19 | 7 8 12 17
8262,2024-05-28,2 3 7 18 | 9 12 13 18
8263,2024-05-28,2 6 12 18 | 6 16 17 19
8264,2024-05-28,5 8 17 18 | 7 8 9 20
8265,2024-05-28,5 6 8 11 | 1 12 15 16
8266,2024-05-28,9 10 14 16 | 1 10 11 12
8267,2024-05-28,7 10 14 18 | 4 14 17 20
8268,2024-05-29,3 5 9 16 | 3 5 7 13
8269,2024-05-29,1 11 13 20 | 1 10 11 17
8270,2024-05-29,6 10 18 19 | 3 6 7 14
8271,2024-05-29,6 9 15 20 | 7 16 18 20
8272,2024-05-29,7 10 15 16 | 1 11 13 19
8273,2024-05-29,3 4 8 18 | 1 6 18 19
8274,2024-05-30,7 16 17 20 | 6 8 9 18
8275,2024-05-30,1 4 12 20 | 6 12 16 17
8276,2024-05-30,11 15 16 17 | 1 15 16 18
8277,2024-05-30,4 5 12 13 | 7 10 11 17
8278,2024-05-30,4 6 9 18 | 3 9 17 19
8279,2024-05-30,2 7 9 15 | 4 11 13 20
8280,2024-05-31,1 5 17 18 | 6 14 15 17
8281,2024-05-31,2 3 9 15 | 2 4 11 17
8282,2024-05-31,13 14 15 16 | 4 11 17 18
8283,2024-05-31,4 10 18 19 | 3 4 5 11
8284,2024-05-31,5 7 14 17 | 4 12 16 20
8285,2024-05-31,7 8 12 20 | 5 10 13 19
8286,2024-06-01,4 10 13 19 | 1 6 7 18
8287,2024-06-01,1 3 9 17 | 2 6 8 10
8288,2024-06-01,7 8 19 20 | 7 12 13 15
8289,2024-06-01,5 11 16 19 | 6 10 14 20
8290,2024-06-01,1 5 16 20 | 11 12 13 14
8291,2024-06-01,5 7 16 17 | 2 9 11 17
8292,2024-06-02,7 8 10 17 | 11 12 15 20
8293,2024-06-02,3 4 5 16 | 2 3 13 17
8294,2024-06-02,1 4 13 19 | 6 9 12 17
8295,2024-06-02,1 3 4 10 | 1 3 10 19
8296,2024-06-02,1 4 7 9 | 5 6 10 19
8297,2024-06-02,5 6 16 18 | 5 10 11 16
8298,2024-06-03,7 8 13 20 | 1 5 14 20
8299,2024-06-03,7 12 13 19 | 1 7 10 20
8300,2024-06-03,1 7 16 19 | 1 5 8 17
8301,2024-06-03,2 3 5 10 | 6 7 12 17
8302,2024-06-03,1 8 12 13 | 11 15 16 17
8303,2024-06-03,5 7 8 15 | 2 3 17 18
8304,2024-06-04,1 9 15 16 | 3 4 11 19
8305,2024-06-04,4 6 7 18 | 3 7 12 18
8306,2024-06-04,2 7 10 20 | 3 4 15 16
8307,2024-06-04,1 4 16 19 | 11 15 16 18
8308,2024-06-04,1 16 17 20 | 8 9 17 18
8309,2024-06-04,2 7 9 10 | 5 7 11 16
8310,2024-06-05,2 5 11 12 | 1 2 3 6
8311,2024-06-05,4 5 9 12 | 1 7 8 16
8312,2024-06-05,3 6 9 16 | 1 3 7 11
8313,2024-06-05,14 16 17 18 | 1 5 15 20
8314,2024-06-05,5 9 18 20 | 1 6 12 18
8315,2024-06-05,3 5 11 13 | 6 13 15 18
8316,2024-06-06,10 12 13 18 | 11 14 18 20
8317,2024-06-06,2 7 11 16 | 2 8 12 13
8318,2024-06-06,9 12 13 16 | 8 10 11 14
8319,2024-06-06,4 13 14 19 | 3 7 10 17
8320,2024-06-06,6 11 13 20 | 1 2 5 18
8321,2024-06-06,3 8 9 20 | 1 5 6 17
8322,2024-06-07,4 9 13 16 | 1 5 17 18
8323,2024-06-07,7 13 14 20 | 2 5 10 16
8324,2024-06-07,2 8 10 17 | 1 4 11 12
8325,2024-06-07,2 4 5 8 | 3 11 16 19
8326,2024-06-07,4 10 14 20 | 5 15 19 20
8327,2024-06-07,1 9 12 15 | 1 4 6 8
8328,2024-06-08,13 16 19 20 | 6 9 10 17
8329,2024-06-08,2 8 11 17 | 1 2 12 14
8330,2024-06-08,2 6 18 20 | 1 5 6 12
8331,2024-06-08,3 8 15 19 | 1 5 18 20
8332,2024-06-08,8 13 17 20 | 3 8 11 15
8333,2024-06-08,5 9 16 18 | 6 7 16 20
8334,2024-06-09,2 3 9 17 | 5 15 19 20
8335,2024-06-09,1 5 7 15 | 14 15 16 17
8336,2024-06-09,3 8 12 17 | 5 9 10 12
8337,2024-06-09,3 9 11 17 | 7 10 11 16
8338,2024-06-09,3 11 12 17 | 9 10 14 16
8339,2024-06-09,2 13 15 18 | 4 6 7 18
8340,2024-06-10,7 15 16 19 | 2 5 10 12
8341,2024-06-10,6 7 11 17 | 2 4 6 10
8342,2024-06-10,4 11 18 20 | 5 7 14 20
8343,2024-06-10,11 12 17 18 | 9 12 13 17
8344,2024-06-10,9 13 16 19 | 3 5 19 20
8345,2024-06-10,1 6 12 13 | 6 9 15 20
8346,2024-06-11,2 4 9 12 | 8 12 16 20
8347,2024-06-11,4 9 11 16 | 1 6 11 16
8348,2024-06-11,2 6 13 19 | 4 9 10 16
8349,2024-06-11,12 13 14 15 | 2 10 13 18
8350,2024-06-11,6 8 9 13 | 5 7 12 15
8351,2024-06-11,1 4 10 20 | 1 9 12 17
8352,2024-06-12,3 5 7 18 | 1 6 12 18
8353,2024-06-12,8 12 16 17 | 3 16 18 20
8354,2024-06-12,1 5 15 20 | 3 7 15 20
8355,2024-06-12,1 2 4 19 | 2 8 14 17
8356,2024-06-12,2 4 9 17 | 1 12 14 18
8357,2024-06-12,4 8 14 20 | 2 3 10 11
8358,2024-06-13,2 11 14 17 | 5 13 16 18
8359,2024-06-13,1 7 15 18 | 1 14 18 20
8360,2024-06-13,1 7 9 19 | 3 8 10 11
8361,2024-06-13,6 15 16 19 | 2 3 7 20
8362,2024-06-13,10 13 17 19 | 2 3 8 11
8363,2024-06-13,4 8 10 12 | 3 13 19 20
8364,2024-06-14,3 7 8 20 | 5 10 14 17
8365,2024-06-14,10 13 16 19 | 7 14 15 17
8366,2024-06-14,2 4 8 13 | 2 7 16 20
8367,2024-06-14,5 8 9 15 | 2 12 14 20
8368,2024-06-14,1 8 19 20 | 7 8 9 20
8369,2024-06-14,1 4 8 13 | 8 11 14 19
8370,2024-06-15,1 10 11 12 | 4 7 9 16
8371,2024-06-15,1 7 8 17 | 1 4 13 14
8372,2024-06-15,9 10 16 19 | 3 4 9 17
8373,2024-06-15,7 8 14 20 | 4 7 8 17
8374,2024-06-15,7 12 17 20 | 6 7 11 16
8375,2024-06-15,9 10 11 14 | 2 6 7 17
8376,2024-06-16,4 6 13 15 | 3 8 18 20
8377,2024-06-16,3 4 7 14 | 1 2 4 11
8378,2024-06-16,5 6 10 12 | 5 11 15 18
8379,2024-06-16,1 3 6 19 | 7 10 15 19
8380,2024-06-16,3 6 18 19 | 4 7 8 20
8381,2024-06-16,3 4 8 16 | 10 12 17 19
8382,2024-06-17,4 7 17 19 | 9 11 13 18
8383,2024-06-17,5 7 9 18 | 6 10 12 13
8384,2024-06-17,6 7 13 17 | 3 12 13 17
8385,2024-06-17,7 14 19 20 | 4 6 10 20
8386,2024-06-17,2 6 8 12 | 3 9 12 17
8387,2024-06-17,3 5 12 13 | 2 3 12 14
8388,2024-06-18,1 7 11 12 | 3 7 10 14
8389,2024-06-18,6 11 15 16 | 1 7 8 13
8390,2024-06-18,1 11 12 13 | 8 13 15 17
8391,2024-06-18,1 5 13 18 | 1 9 18 20
8392,2024-06-18,3 11 15 18 | 4 9 11 17
8393,2024-06-18,1 9 15 16 | 4 5 8 20
8394,2024-06-19,7 8 13 14 | 2 4 15 17
8395,2024-06-19,2 11 13 17 | 1 17 18 20
8396,2024-06-19,7 9 13 16 | 8 10 16 18
8397,2024-06-19,5 6 8 20 | 6 12 15 16
8398,2024-06-19,3 7 8 11 | 7 9 11 17
8399,2024-06-19,3 8 14 20 | 4 5 18 19
8400,2024-06-20,3 15 16 17 | 14 17 18 19
8401,2024-06-20,3 12 17 18 | 1 2 11 15
8402,2024-06-20,2 3 18 19 | 5 10 11 13
8403,2024-06-20,3 6 8 11 | 1 10 18 20
8404,2024-06-20,4 11 16 18 | 6 11 14 18
8405,2024-06-20,2 4 5 11 | 2 3 4 5
8406,2024-06-21,1 4 14 17 | 2 5 7 10
8407,2024-06-21,1 8 13 17 | 11 12 14 19
8408,2024-06-21,6 7 17 20 | 7 14 15 16
8409,2024-06-21,2 4 5 18 | 7 9 13 16
8410,2024-06-21,5 6 8 12 | 9 11 12 19
8411,2024-06-21,2 4 8 14 | 5 7 9 12
8412,2024-06-22,2 5 10 13 | 9 10 14 17
8413,2024-06-22,6 14 17 19 | 1 12 13 20
8414,2024-06-22,5 6 12 20 | 10 18 19 20
8415,2024-06-22,3 4 10 13 | 3 7 17 18
8416,2024-06-22,6 11 14 20 | 1 4 15 20
8417,2024-06-22,10 13 14 18 | 8 14 15 18
8418,2024-06-23,6 10 11 15 | 3 10 13 18
8419,2024-06-23,3 5 12 16 | 3 11 13 17
8420,2024-06-23,1 4 6 7 | 4 7 8 15
8421,2024-06-23,2 9 18 20 | 4 7 13 20
8422,2024-06-23,9 12 14 18 | 1 10 12 19
8423,2024-06-23,1 5 10 11 | 4 7 13 20
8424,2024-06-24,2 12 16 20 | 5 7 11 19
8425,2024-06-24,6 9 10 13 | 7 8 9 13
8426,2024-06-24,6 7 8 13 | 4 5 7 15
8427,2024-06-24,2 7 8 19 | 9 10 11 13
8428,2024-06-24,3 9 12 13 | 1 3 5 17
8429,2024-06-24,5 9 12 19 | 2 7 8 20
8430,2024-06-25,10 13 17 19 | 1 13 14 19
8431,2024-06-25,1 8 15 17 | 3 5 14 20
8432,2024-06-25,2 9 16 19 | 2 5 8 18
8433,2024-06-25,1 8 11 14 | 5 13 14 18
8434,2024-06-25,3 5 8 19 | 6 11 13 14
8435,2024-06-25,5 7 11 17 | 8 12 16 19
8436,2024-06-26,12 13 14 17 | 4 12 19 20
8437,2024-06-26,12 16 19 20 | 1 8 9 20
8438,2024-06-26,6 8 11 13 | 5 12 16 19
8439,2024-06-26,3 15 17 20 | 1 8 9 19
8440,2024-06-26,1 3 9 18 | 1 3 14 17
8441,2024-06-26,2 7 11 16 | 2 5 18 19
8442,2024-06-27,2 6 7 9 | 4 9 17 19
8443,2024-06-27,3 14 17 20 | 5 11 16 18
8444,2024-06-27,2 11 12 16 | 2 9 15 18
8445,2024-06-27,1 3 10 11 | 2 11 15 17
8446,2024-06-27,4 5 7 20 | 6 8 17 18
8447,2024-06-27,6 10 11 15 | 7 14 15 20
8448,2024-06-28,1 17 19 20 | 4 8 19 20
8449,2024-06-28,3 4 9 20 | 4 9 10 16
8450,2024-06-28,8 11 17 20 | 12 13 14 17
8451,2024-06-28,4 6 9 13 | 1 5 10 12
8452,2024-06-28,4 8 11 13 | 2 13 15 18
8453,2024-06-28,1 6 8 13 | 3 8 11 13
8454,2024-06-29,4 6 9 11 | 7 10 16 20
8455,2024-06-29,10 11 12 16 | 7 8 19 20
8456,2024-06-29,4 7 8 9 | 3 5 11 17
8457,2024-06-29,2 3 4 9 | 3 5 14 20
8458,2024-06-29,2 5 19 20 | 3 13 15 18
8459,2024-06-29,1 3 14 17 | 4 5 14 15
8460,2024-06-30,3 10 11 17 | 5 7 15 16
8461,2024-06-30,4 5 8 12 | 5 7 11 15
8462,2024-06-30,2 3 6 9 | 5 7 8 14
8463,2024-06-30,1 2 7 12 | 2 5 9 14
8464,2024-06-30,2 9 12 19 | 3 4 16 18
8465,2024-06-30,7 9 13 19 | 6 14 16 18
8466,2024-07-01,4 15 16 17 | 7 10 14 15
8467,2024-07-01,4 7 16 19 | 6 10 12 13
8468,2024-07-01,1 2 3 11 | 6 13 16 18
8469,2024-07-01,3 10 11 19 | 1 2 6 8
8470,2024-07-01,4 7 16 19 | 3 9 13 16
8471,2024-07-01,4 15 17 20 | 4 10 15 18
8472,2024-07-02,5 15 16 20 | 6 11 15 20
8473,2024-07-02,2 11 14 20 | 2 11 15 20
8474,2024-07-02,7 8 9 16 | 5 8 10 11
8475,2024-07-02,5 11 14 19 | 2 10 11 14
8476,2024-07-02,2 14 16 17 | 5 9 14 20
8477,2024-07-02,8 13 15 18 | 4 7 12 16
8478,2024-07-03,5 8 12 19 | 6 11 15 19
8479,2024-07-03,1 6 7 13 | 1 3 4 10
8480,2024-07-03,3 9 15 18 | 11 12 13 15
8481,2024-07-03,3 5 11 20 | 2 13 17 18
8482,2024-07-03,1 9 19 20 | 2 9 11 15
8483,2024-07-03,4 5 8 13 | 5 7 14 17
8484,2024-07-04,3 12 18 19 | 9 10 14 18
8485,2024-07-04,3 8 11 12 | 10 11 13 18
8486,2024-07-04,3 6 9 10 | 2 5 9 18
8487,2024-07-04,3 10 16 17 | 3 10 14 19
8488,2024-07-04,1 7 12 16 | 4 6 8 19
8489,2024-07-04,2 9 18 20 | 1 8 11 14
8490,2024-07-05,3 7 10 19 | 3 15 19 20
8491,2024-07-05,4 9 10 13 | 2 5 7 15
8492,2024-07-05,6 9 12 16 | 5 6 8 11
8493,2024-07-05,2 5 14 18 | 6 8 13 14
8494,2024-07-05,5 8 11 16 | 2 8 11 13
8495,2024-07-05,7 12 14 18 | 1 4 10 20
8496,2024-07-06,4 7 8 17 | 1 4 11 16
8497,2024-07-06,2 3 5 17 | 7 9 16 20
8498,2024-07-06,3 10 11 20 | 2 6 8 13
8499,2024-07-06,5 7 12 19 | 2 8 10 12
8500,2024-07-06,2 4 7 20 | 5 13 19 20
8501,2024-07-06,5 6 8 14 | 10 12 17 20
8502,2024-07-07,5 8 14 16 | 2 4 8 13
8503,2024-07-07,2 8 9 20 | 3 5 7 10
8504,2024-07-07,7 12 16 17 | 1 7 9 20
8505,2024-07-07,7 12 17 18 | 2 5 15 19
8506,2024-07-07,1 7 13 17 | 9 10 12 14
8507,2024-07-07,3 14 19 20 | 3 9 10 11
8508,2024-07-08,2 6 13 15 | 4 7 10 17
8509,2024-07-08,7 10 14 16 | 5 7 14 16
8510,2024-07-08,12 14 18 20 | 11 13 16 18
8511,2024-07-08,4 9 10 12 | 4 15 17 20
8512,2024-07-08,7 13 15 19 | 2 3 9 12
8513,2024-07-08,5 7 13 17 | 4 7 9 15
8514,2024-07-09,2 7 9 14 | 7 12 16 17
8515,2024-07-09,10 12 13 17 | 7 10 13 17
8516,2024-07-09,6 14 16 17 | 2 9 10 18
8517,2024-07-09,2 4 9 10 | 1 4 5 6
8518,2024-07-09,1 5 7 18 | 12 14 17 20
8519,2024-07-09,4 5 14 20 | 1 2 14 18
8520,2024-07-10,3 7 13 19 | 1 12 15 18
8521,2024-07-10,1 3 4 5 | 10 12 14 19
8522,2024-07-10,7 8 9 15 | 2 4 11 14
8523,2024-07-10,8 11 12 20 | 12 13 16 19
8524,2024-07-10,5 8 12 20 | 1 10 12 20
8525,2024-07-10,6 10 16 17 | 3 5 10 20
8526,2024-07-11,1 8 12 14 | 7 14 15 17
8527,2024-07-11,9 10 11 17 | 5 6 13 15
8528,2024-07-11,3 6 17 20 | 3 6 9 14
8529,2024-07-11,2 9 16 20 | 1 7 8 13
8530,2024-07-11,2 4 16 20 | 6 7 9 19
8531,2024-07-11,1 12 17 20 | 4 10 11 15
8532,2024-07-12,10 14 15 19 | 6 12 15 20
8533,2024-07-12,4 7 10 11 | 8 11 16 18
8534,2024-07-12,5 6 13 16 | 4 12 17 18
8535,2024-07-12,2 5 17 19 | 2 5 13 20
8536,2024-07-12,3 8 10 18 | 2 8 10 13
8537,2024-07-12,3 13 14 18 | 4 5 6 8
8538,2024-07-13,8 14 17 20 | 1 14 17 19
8539,2024-07-13,3 6 7 9 | 2 11 15 18
8540,2024-07-13,5 7 16 17 | 7 14 17 18
8541,2024-07-13,1 2 4 10 | 5 9 11 17
8542,2024-07-13,1 10 19 20 | 5 10 13 18
8543,2024-07-13,1 4 5 10 | 2 8 10 17
8544,2024-07-14,1 8 14 20 | 3 12 15 16
8545,2024-07-14,4 12 14 18 | 2 3 10 20
8546,2024-07-14,8 9 11 15 | 1 2 11 16
8547,2024-07-14,3 4 6 16 | 4 8 15 16
8548,2024-07-14,10 12 13 14 | 4 5 14 18
8549,2024-07-14,2 3 6 9 | 6 11 12 13
8550,2024-07-15,2 5 18 20 | 2 8 9 11
8551,2024-07-15,4 5 8 16 | 5 16 17 20
8552,2024-07-15,5 9 13 18 | 3 7 12 13
8553,2024-07-15,8 9 13 15 | 4 5 9 16
8554,2024-07-15,1 6 9 18 | 10 13 15 16
8555,2024-07-15,5 6 7 17 | 2 7 16 19
8556,2024-07-16,7 14 16 18 | 6 11 13 14
8557,2024-07-16,3 6 10 13 | 2 5 14 19
8558,2024-07-16,9 15 16 20 | 4 6 16 20
8559,2024-07-16,7 8 9 11 | 1 8 9 14
8560,2024-07-16,10 17 18 19 | 1 5 15 16
8561,2024-07-16,2 5 7 12 | 2 8 10 17
8562,2024-07-17,1 6 9 19 | 7 9 11 12
8563,2024-07-17,4 7 12 13 | 2 6 7 9
8564,2024-07-17,6 8 14 19 | 1 9 14 16
8565,2024-07-17,5 8 11 18 | 5 6 9 15
8566,2024-07-17,1 6 12 13 | 1 2 14 20
8567,2024-07-17,1 15 18 19 | 2 3 7 13
8568,2024-07-18,1 4 9 15 | 1 3 12 16
8569,2024-07-18,4 8 11 12 | 4 8 11 17
8570,2024-07-18,7 11 13 14 | 5 8 9 12
8571,2024-07-18,2 5 12 13 | 6 9 19 20
8572,2024-07-18,5 6 9 11 | 3 4 16 17
8573,2024-07-18,1 5 11 14 | 4 11 12 17
8574,2024-07-19,3 5 13 16 | 3 8 15 17
8575,2024-07-19,1 7 13 18 | 1 2 8 19
8576,2024-07-19,3 4 11 20 | 1 4 15 17
8577,2024-07-19,3 14 17 19 | 4 11 16 17
8578,2024-07-19,1 2 10 12 | 1 8 11 13
8579,2024-07-19,3 6 15 18 | 4 5 7 17
8580,2024-07-20,3 5 8 10 | 5 9 14 17
8581,2024-07-20,4 5 13 17 | 8 13 14 20
8582,2024-07-20,3 12 16 20 | 5 7 19 20
8583,2024-07-20,2 3 7 11 | 1 13 14 18
8584,2024-07-20,1 13 16 19 | 1 6 16 17
8585,2024-07-20,1 2 3 17 | 5 8 16 20
8586,2024-07-21,5 10 12 13 | 2 9 14 17
8587,2024-07-21,3 4 9 14 | 13 14 16 20
8588,2024-07-21,3 7 13 15 | 9 13 14 19
8589,2024-07-21,3 4 6 8 | 4 7 9 16
8590,2024-07-21,1 2 15 20 | 7 10 15 16
8591,2024-07-21,7 13 15 19 | 6 9 11 20
8592,2024-07-22,4 6 8 12 | 1 5 15 20
8593,2024-07-22,15 16 18 19 | 2 4 12 19
8594,2024-07-22,4 5 10 16 | 14 15 17 18
8595,2024-07-22,2 4 7 8 | 2 10 11 19
8596,2024-07-22,6 8 12 17 | 2 7 8 19
8597,2024-07-22,5 11 12 14 | 2 10 15 16
8598,2024-07-23,4 6 10 18 | 2 3 10 11
8599,2024-07-23,8 12 13 19 | 7 13 16 17
8600,2024-07-23,6 8 11 12 | 7 13 17 20
8601,2024-07-23,1 2 14 19 | 2 5 14 16
8602,2024-07-23,3 6 16 17 | 3 6 9 16
8603,2024-07-23,1 4 7 11 | 12 14 17 20
8604,2024-07-24,7 8 10 18 | 9 10 12 15
8605,2024-07-24,3 4 6 20 | 1 8 17 19
8606,2024-07-24,3 8 15 20 | 10 11 15 16
8607,2024-07-24,5 8 14 18 | 1 2 14 20
8608,2024-07-24,1 5 13 16 | 3 10 11 14
8609,2024-07-24,2 12 15 20 | 8 11 13 16
8610,2024-07-25,3 4 10 11 | 4 12 16 20
8611,2024-07-25,3 5 8 14 | 7 9 14 20
8612,2024-07-25,6 8 9 15 | 10 13 18 19
8613,2024-07-25,4 8 13 14 | 5 14 15 19
8614,2024-07-25,2 5 11 20 | 7 10 13 14
8615,2024-07-25,10 15 17 20 | 8 9 14 16
8616,2024-07-26,6 13 14 18 | 7 10 14 18
8617,2024-07-26,2 7 9 20 | 2 7 12 13
8618,2024-07-26,3 10 17 19 | 6 8 10 15
8619,2024-07-26,4 9 11 15 | 6 12 13 14
8620,2024-07-26,9 10 12 18 | 2 4 5 8
8621,2024-07-26,6 12 18 19 | 7 10 13 19
8622,2024-07-27,2 8 10 11 | 8 17 19 20
8623,2024-07-27,2 11 13 16 | 3 5 13 15
8624,2024-07-27,8 12 18 19 | 3 4 9 17
8625,2024-07-27,1 5 6 9 | 1 5 8 11
8626,2024-07-27,5 10 16 17 | 4 12 14 20
8627,2024-07-27,2 10 12 18 | 4 11 14 17
8628,2024-07-28,2 10 16 18 | 3 7 15 16
8629,2024-07-28,2 13 14 19 | 2 13 17 19
8630,2024-07-28,9 10 15 16 | 3 5 10 17
8631,2024-07-28,1 2 13 18 | 8 12 13 16
8632,2024-07-28,4 12 14 18 | 8 14 16 17
8633,2024-07-28,2 8 10 16 | 4 6 16 19
8634,2024-07-29,6 10 14 15 | 5 9 13 16
8635,2024-07-29,4 9 10 11 | 1 4 5 20
8636,2024-07-29,2 4 6 15 | 6 8 13 15
8637,2024-07-29,2 5 8 12 | 7 10 13 19
8638,2024-07-29,5 7 12 17 | 1 3 4 13
8639,2024-07-29,1 13 17 18 | 1 5 13 20
8640,2024-07-30,4 12 15 18 | 5 9 17 19
8641,2024-07-30,4 9 11 18 | 5 8 10 13
8642,2024-07-30,2 4 7 10 | 2 5 7 17
8643,2024-07-30,1 8 13 14 | 5 7 9 17
8644,2024-07-30,3 7 10 16 | 8 12 14 16
8645,2024-07-30,3 8 10 13 | 5 10 12 19
8646,2024-07-31,1 5 9 12 | 11 13 18 19
8647,2024-07-31,8 15 17 20 | 1 2 3 20
8648,2024-07-31,12 14 16 18 | 4 8 10 19
8649,2024-07-31,3 10 11 19 | 1 11 12 18
8650,2024-07-31,1 10 11 17 | 2 5 7 18
8651,2024-07-31,2 10 16 19 | 7 17 19 20
8652,2024-08-01,5 6 9 10 | 3 4 16 20
8653,2024-08-01,12 18 19 20 | 3 6 13 16
8654,2024-08-01,1 7 15 20 | 7 11 12 18
8655,2024-08-01,3 11 15 20 | 2 4 8 14
8656,2024-08-01,1 6 10 16 | 3 4 7 9
8657,2024-08-01,2 4 11 19 | 2 4 5 11
8658,2024-08-02,7 10 12 16 | 7 8 16 20
8659,2024-08-02,2 13 19 20 | 3 7 12 16
8660,2024-08-02,11 13 17 20 | 1 2 5 18
8661,2024-08-02,2 3 8 20 | 7 15 16 20
8662,2024-08-02,8 10 12 15 | 5 7 15 17
8663,2024-08-02,8 11 13 16 | 4 11 16 19
8664,2024-08-03,1 4 8 12 | 4 8 12 17
8665,2024-08-03,7 10 16 18 | 1 12 15 19
8666,2024-08-03,2 8 9 17 | 2 6 12 17
8667,2024-08-03,8 9 12 19 | 9 13 18 20
8668,2024-08-03,6 17 18 19 | 2 3 7 15
8669,2024-08-03,9 17 19 20 | 2 7 12 20
8670,2024-08-04,1 8 11 18 | 2 6 8 9
8671,2024-08-04,2 7 8 12 | 7 10 11 12
8672,2024-08-04,1 2 9 14 | 5 10 11 20
8673,2024-08-04,2 5 14 18 | 1 6 11 15
8674,2024-08-04,1 9 14 16 | 1 2 13 15
8675,2024-08-04,5 6 9 10 | 1 2 5 10
8676,2024-08-05,3 8 13 14 | 12 15 17 20
8677,2024-08-05,9 10 12 17 | 7 12 14 18
8678,2024-08-05,4 8 9 15 | 2 6 7 16
8679,2024-08-05,5 8 15 20 | 8 14 16 18
8680,2024-08-05,1 3 10 14 | 1 12 13 20
8681,2024-08-05,1 2 11 14 | 4 15 16 20
8682,2024-08-06,8 9 11 18 | 5 6 8 14
8683,2024-08-06,8 15 17 19 | 7 15 16 19
8684,2024-08-06,5 11 17 18 | 3 6 15 16
8685,2024-08-06,6 10 18 20 | 3 5 8 12
8686,2024-08-06,1 2 4 7 | 14 16 17 20
8687,2024-08-06,2 11 18 20 | 1 11 12 13
8688,2024-08-07,1 3 5 20 | 2 3 10 12
8689,2024-08-07,7 8 9 20 | 5 12 13 18
8690,2024-08-07,2 5 7 10 | 2 4 17 18
8691,2024-08-07,1 3 9 12 | 1 10 14 19
8692,2024-08-07,4 6 9 10 | 10 14 18 19
8693,2024-08-07,3 10 11 12 | 9 12 16 18
8694,2024-08-08,10 11 14 19 | 4 7 8 12
8695,2024-08-08,2 8 15 16 | 2 7 10 18
8696,2024-08-08,5 8 10 19 | 2 5 12 18
8697,2024-08-08,12 14 15 16 | 5 6 15 17
8698,2024-08-08,5 9 11 14 | 1 8 14 17
8699,2024-08-08,4 8 9 13 | 4 8 9 20
8700,2024-08-09,3 7 10 18 | 7 12 13 19
8701,2024-08-09,2 9 18 19 | 8 13 15 19
8702,2024-08-09,5 6 8 20 | 2 3 4 17
8703,2024-08-09,2 4 10 15 | 1 6 9 17
8704,2024-08-09,6 9 14 18 | 3 7 17 20
8705,2024-08-09,10 15 18 19 | 1 9 14 19
8706,2024-08-10,10 17 18 20 | 3 11 14 17
8707,2024-08-10,12 14 15 18 | 8 13 14 15
8708,2024-08-10,3 12 16 18 | 4 5 17 20
8709,2024-08-10,4 8 11 18 | 5 10 11 14
8710,2024-08-10,3 4 7 8 | 5 13 15 17
8711,2024-08-10,3 10 11 16 | 2 8 13 19
8712,2024-08-11,3 6 12 16 | 1 9 14 19
8713,2024-08-11,6 10 13 18 | 4 7 13 15
8714,2024-08-11,1 4 15 18 | 6 7 9 12
8715,2024-08-11,2 6 12 18 | 4 6 9 10
8716,2024-08-11,2 7 16 18 | 3 4 11 19
8717,2024-08-11,3 5 12 14 | 11 13 14 20
8718,2024-08-12,1 3 15 16 | 2 5 16 20
8719,2024-08-12,4 5 11 12 | 2 5 17 20
8720,2024-08-12,7 9 18 19 | 2 7 12 13
8721,2024-08-12,6 9 12 18 | 3 7 8 15
8722,2024-08-12,9 13 14 20 | 2 3 12 13
8723,2024-08-12,11 13 19 20 | 4 8 10 15
8724,2024-08-13,1 13 14 18 | 5 7 14 20
8725,2024-08-13,9 10 12 20 | 3 10 13 16
8726,2024-08-13,2 8 11 12 | 6 9 10 15
8727,2024-08-13,2 14 15 18 | 2 3 7 16
8728,2024-08-13,5 9 12 14 | 8 9 11 20
8729,2024-08-13,3 7 14 17 | 8 9 12 15
8730,2024-08-14,1 7 8 20 | 2 4 7 14
8731,2024-08-14,7 10 11 17 | 1 11 15 20
8732,2024-08-14,3 4 16 20 | 4 8 13 14
8733,2024-08-14,4 10 11 13 | 8 9 10 15
8734,2024-08-14,7 12 14 20 | 1 2 6 17
8735,2024-08-14,1 13 14 19 | 3 11 16 18
8736,2024-08-15,1 11 12 19 | 4 10 14 20
8737,2024-08-15,6 8 15 17 | 5 6 13 14
8738,2024-08-15,3 8 12 16 | 4 5 10 19
8739,2024-08-15,9 11 16 18 | 1 11 14 20
8740,2024-08-15,2 3 17 20 | 5 8 10 18
8741,2024-08-15,1 5 12 17 | 6 9 10 14
8742,2024-08-16,3 12 14 15 | 2 7 19 20
8743,2024-08-16,2 5 6 10 | 5 16 17 19
8744,2024-08-16,11 16 17 19 | 1 4 7 10
8745,2024-08-16,1 10 17 19 | 3 8 9 16
8746,2024-08-16,9 10 16 17 | 1 2 10 12
8747,2024-08-16,4 9 15 16 | 16 17 18 19
8748,2024-08-17,3 9 15 18 | 9 15 18 19
8749,2024-08-17,1 3 11 13 | 1 10 15 20
8750,2024-08-17,7 13 18 20 | 6 11 12 17
8751,2024-08-17,2 3 6 8 | 5 8 9 11
8752,2024-08-17,1 5 11 12 | 6 16 18 19
8753,2024-08-17,6 7 13 19 | 9 10 13 20
8754,2024-08-18,6 8 12 19 | 3 8 13 14
8755,2024-08-18,3 6 9 18 | 8 10 14 19
8756,2024-08-18,3 8 12 17 | 1 7 13 17
8757,2024-08-18,6 11 12 19 | 4 14 16 17
8758,2024-08-18,5 8 12 16 | 4 11 12 20
8759,2024-08-18,8 14 18 20 | 3 8 19 20
8760,2024-08-19,8 10 18 19 | 4 6 12 18
8761,2024-08-19,3 13 17 19 | 9 11 15 18
8762,2024-08-19,8 13 14 18 | 3 4 5 9
8763,2024-08-19,3 9 10 17 | 1 12 16 18
8764,2024-08-19,7 9 11 17 | 11 12 16 19
8765,2024-08-19,1 4 8 12 | 1 2 7 18
8766,2024-08-20,7 8 15 20 | 1 2 10 20
8767,2024-08-20,4 9 13 20 | 6 9 11 12
8768,2024-08-20,2 9 18 20 | 1 9 15 16
8769,2024-08-20,2 4 13 19 | 3 16 18 20
8770,2024-08-20,3 4 8 16 | 7 14 15 19
8771,2024-08-20,6 15 19 20 | 2 8 13 14
8772,2024-08-21,4 6 10 16 | 6 8 11 13
8773,2024-08-21,1 3 8 12 | 3 7 8 13
8774,2024-08-21,3 6 16 19 | 3 8 13 18
8775,2024-08-21,4 8 19 20 | 3 8 19 20
8776,2024-08-21,3 10 13 18 | 2 9 14 19
8777,2024-08-21,2 5 10 12 | 6 7 8 10
8778,2024-08-22,9 14 15 17 | 1 3 6 8
8779,2024-08-22,2 3 5 12 | 7 12 13 15
8780,2024-08-22,15 16 17 20 | 5 6 12 14
8781,2024-08-22,3 9 17 20 | 2 9 12 19
8782,2024-08-22,4 8 10 13 | 7 13 16 19
8783,2024-08-22,5 8 10 19 | 3 6 11 12
8784,2024-08-23,3 13 15 16 | 4 5 12 14
8785,2024-08-23,5 7 12 13 | 1 2 6 9
8786,2024-08-23,3 4 14 19 | 3 5 8 15
8787,2024-08-23,1 3 7 14 | 1 18 19 20
8788,2024-08-23,1 4 10 11 | 7 14 17 19
8789,2024-08-23,3 12 13 19 | 1 8 11 15
8790,2024-08-24,5 12 13 16 | 10 11 16 18
8791,2024-08-24,10 13 15 17 | 3 7 12 19
8792,2024-08-24,5 12 14 20 | 2 7 14 17
8793,2024-08-24,2 9 17 19 | 10 11 15 20
8794,2024-08-24,6 9 12 15 | 7 9 19 20
8795,2024-08-24,3 10 14 15 | 6 15 19 20
8796,2024-08-25,1 6 7 9 | 1 5 14 15
8797,2024-08-25,1 15 17 20 | 5 7 13 17
8798,2024-08-25,9 11 18 19 | 10 16 18 19
8799,2024-08-25,7 10 14 20 | 2 9 15 20
8800,2024-08-25,9 10 18 20 | 4 5 7 13
8801,2024-08-25,1 2 6 9 | 1 6 13 15
8802,2024-08-26,1 8 15 16 | 1 15 18 19
8803,2024-08-26,1 2 12 15 | 4 15 19 20
8804,2024-08-26,2 3 8 18 | 1 16 18 20
8805,2024-08-26,6 11 16 20 | 5 15 16 20
8806,2024-08-26,2 7 10 18 | 1 3 4 12
8807,2024-08-26,2 3 14 17 | 9 13 14 18
8808,2024-08-27,5 13 16 18 | 1 4 16 20
8809,2024-08-27,1 4 8 18 | 6 13 17 18
8810,2024-08-27,10 11 13 15 | 5 7 8 15
8811,2024-08-27,2 6 18 19 | 4 12 17 20
8812,2024-08-27,5 6 9 20 | 2 4 11 13
8813,2024-08-27,5 6 9 12 | 2 5 11 16
8814,2024-08-28,6 9 11 20 | 2 3 14 17
8815,2024-08-28,8 11 14 16 | 3 4 17 18
8816,2024-08-28,7 8 14 15 | 5 11 15 18
8817,2024-08-28,1 3 8 12 | 2 5 12 18
8818,2024-08-28,2 4 6 9 | 10 11 14 20
8819,2024-08-28,1 3 9 15 | 3 7 17 19
8820,2024-08-29,11 14 17 20 | 4 5 6 11
8821,2024-08-29,1 10 15 17 | 2 4 6 16
8822,2024-08-29,7 11 14 20 | 1 6 11 12
8823,2024-08-29,4 16 17 20 | 3 8 10 16
8824,2024-08-29,3 5 13 17 | 4 5 7 16
8825,2024-08-29,7 9 12 13 | 1 16 18 19
8826,2024-08-30,5 6 13 14 | 10 12 17 19
8827,2024-08-30,2 6 9 19 | 4 8 10 14
8828,2024-08-30,5 13 14 19 | 3 4 5 19
8829,2024-08-30,4 5 6 16 | 4 16 19 20
8830,2024-08-30,2 11 14 19 | 2 3 7 15
8831,2024-08-30,1 5 10 14 | 2 8 10 19
8832,2024-08-31,3 6 10 14 | 2 3 12 13
8833,2024-08-31,4 9 15 18 | 1 2 4 5
8834,2024-08-31,6 8 13 17 | 3 7 12 17
8835,2024-08-31,7 9 10 20 | 10 13 14 20
8836,2024-08-31,5 7 12 14 | 1 3 6 15
8837,2024-08-31,4 6 13 19 | 5 11 12 20
8838,2024-09-01,8 9 17 18 | 2 8 18 19
8839,2024-09-01,3 8 14 20 | 7 8 13 16
8840,2024-09-01,1 14 17 19 | 10 11 17 18
8841,2024-09-01,1 13 17 19 | 6 11 14 20
8842,2024-09-01,4 9 14 16 | 6 7 19 20
8843,2024-09-01,2 5 6 9 | 2 10 12 14
8844,2024-09-02,1 4 6 19 | 5 10 13 19
8845,2024-09-02,1 3 7 10 | 1 6 7 20
8846,2024-09-02,3 9 12 20 | 5 10 18 20
8847,2024-09-02,1 13 18 20 | 5 14 18 19
8848,2024-09-02,4 14 16 19 | 1 11 16 17
8849,2024-09-02,6 9 15 20 | 1 5 10 19
8850,2024-09-03,1 3 12 18 | 4 10 13 17
8851,2024-09-03,5 6 13 18 | 6 11 13 16
8852,2024-09-03,4 9 14 18 | 2 9 13 18
8853,2024-09-03,3 7 12 20 | 2 8 14 16
8854,2024-09-03,2 6 9 15 | 4 7 14 16
8855,2024-09-03,2 4 7 15 | 6 8 10 16
8856,2024-09-04,1 4 6 17 | 7 9 11 19
8857,2024-09-04,3 5 6 10 | 3 6 13 16
8858,2024-09-04,5 13 15 16 | 1 2 6 18
8859,2024-09-04,1 7 12 14 | 2 6 19 20
8860,2024-09-04,1 3 9 13 | 3 10 11 14
8861,2024-09-04,2 6 15 20 | 3 5 12 18
8862,2024-09-05,7 13 17 18 | 1 2 6 18
8863,2024-09-05,8 11 15 20 | 1 10 15 18
8864,2024-09-05,1 2 8 11 | 1 7 9 20
8865,2024-09-05,4 7 8 14 | 13 16 17 20
8866,2024-09-05,2 8 16 20 | 1 4 12 17
8867,2024-09-05,4 5 10 20 | 3 13 14 18
8868,2024-09-06,2 7 9 10 | 3 4 11 15
8869,2024-09-06,6 10 16 18 | 1 2 15 16
8870,2024-09-06,1 4 10 16 | 5 8 13 17
8871,2024-09-06,3 13 19 20 | 6 7 11 15
8872,2024-09-06,8 9 16 19 | 6 11 17 19
8873,2024-09-06,4 7 13 20 | 2 5 6 15
8874,2024-09-07,2 6 15 18 | 1 8 11 19
8875,2024-09-07,1 3 9 17 | 7 13 15 19
8876,2024-09-07,5 9 17 20 | 4 6 15 20
8877,2024-09-07,11 12 14 16 | 4 11 17 20
8878,2024-09-07,2 7 10 18 | 2 7 13 20
8879,2024-09-07,7 8 10 19 | 4 6 7 12
8880,2024-09-08,10 15 18 19 | 4 5 6 9
8881,2024-09-08,6 8 9 19 | 5 15 18 19
8882,2024-09-08,5 13 14 16 | 2 8 9 10
8883,2024-09-08,12 13 16 19 | 8 9 14 17
8884,2024-09-08,3 5 8 13 | 2 6 10 11
8885,2024-09-08,3 8 9 14 | 3 6 12 15
8886,2024-09-09,5 7 8 12 | 5 12 15 17
8887,2024-09-09,1 13 14 18 | 8 11 12 20
8888,2024-09-09,7 9 16 19 | 4 7 17 20
8889,2024-09-09,3 9 11 19 | 7 10 14 20
8890,2024-09-09,14 17 18 20 | 9 11 16 17
8891,2024-09-09,5 6 17 20 | 1 2 5 19
8892,2024-09-10,4 9 14 15 | 7 11 15 16
8893,2024-09-10,5 9 14 18 | 6 8 13 14
8894,2024-09-10,1 8 14 15 | 2 5 14 19
8895,2024-09-10,1 7 16 18 | 1 4 11 17
8896,2024-09-10,1 6 13 17 | 6 15 17 19
8897,2024-09-10,1 16 18 20 | 1 8 10 13
8898,2024-09-11,3 4 19 20 | 5 10 14 20
8899,2024-09-11,2 3 11 17 | 2 8 17 20
8900,2024-09-11,2 5 12 19 | 1 5 11 12
8901,2024-09-11,4 7 8 11 | 10 11 13 14
8902,2024-09-11,3 9 17 19 | 1 4 6 8
8903,2024-09-11,4 8 12 16 | 2 3 8 14
8904,2024-09-12,4 11 14 20 | 2 4 7 11
8905,2024-09-12,2 3 9 13 | 2 8 11 12
8906,2024-09-12,1 14 19 20 | 5 6 10 14
8907,2024-09-12,2 5 16 20 | 4 7 13 18
8908,2024-09-12,2 8 9 18 | 2 5 6 19
8909,2024-09-12,2 11 18 20 | 10 12 13 14
8910,2024-09-13,4 7 12 13 | 7 8 13 14
8911,2024-09-13,9 11 15 20 | 7 10 16 20
8912,2024-09-13,4 6 8 13 | 3 15 16 17
8913,2024-09-13,2 5 11 19 | 2 9 15 16
8914,2024-09-13,1 6 16 18 | 6 8 12 20
8915,2024-09-13,4 5 11 16 | 3 6 11 14
8916,2024-09-14,2 3 8 16 | 2 5 6 12
8917,2024-09-14,1 7 15 19 | 6 13 14 18
8918,2024-09-14,6 8 13 14 | 3 13 15 19
8919,2024-09-14,1 8 12 15 | 1 5 7 19
8920,2024-09-14,3 9 10 16 | 3 8 15 18
8921,2024-09-14,5 6 18 20 | 1 2 5 10
8922,2024-09-15,3 5 8 11 | 3 6 13 19
8923,2024-09-15,10 13 14 20 | 7 16 17 19
8924,2024-09-15,1 11 14 15 | 1 5 12 20
8925,2024-09-15,1 5 10 20 | 2 8 9 14
8926,2024-09-15,1 2 17 19 | 3 4 17 20
8927,2024-09-15,5 9 11 15 | 1 4 15 16
8928,2024-09-16,6 8 10 15 | 10 11 13 20
8929,2024-09-16,1 9 10 16 | 1 8 17 19
8930,2024-09-16,4 7 8 18 | 8 9 11 17
8931,2024-09-16,1 5 12 17 | 6 8 11 16
8932,2024-09-16,1 6 17 18 | 1 3 5 9
8933,2024-09-16,3 5 16 20 | 7 8 10 13
8934,2024-09-17,6 7 9 11 | 2 5 7 15
8935,2024-09-17,1 8 11 19 | 5 9 18 20
8936,2024-09-17,8 9 13 20 | 5 10 19 20
8937,2024-09-17,3 7 12 17 | 2 16 19 20
8938,2024-09-17,1 11 13 14 | 6 9 15 16
8939,2024-09-17,2 6 9 16 | 3 9 10 19
8940,2024-09-18,2 6 11 20 | 5 6 9 15
8941,2024-09-18,4 18 19 20 | 5 11 12 13
8942,2024-09-18,5 7 11 17 | 3 5 9 16
8943,2024-09-18,4 5 12 16 | 9 16 17 20
8944,2024-09-18,2 6 8 14 | 11 12 16 19
8945,2024-09-18,1 5 14 20 | 1 3 17 20
8946,2024-09-19,6 7 19 20 | 10 13 16 17
8947,2024-09-19,1 5 11 13 | 5 6 11 16
8948,2024-09-19,5 10 15 19 | 5 6 17 20
8949,2024-09-19,7 8 16 19 | 4 8 14 16
8950,2024-09-19,2 3 13 19 | 7 8 12 14
8951,2024-09-19,2 4 5 13 | 14 16 18 19
8952,2024-09-20,4 8 14 16 | 4 6 14 17
8953,2024-09-20,3 11 14 19 | 6 12 17 18
8954,2024-09-20,2 12 16 18 | 5 8 16 20
8955,2024-09-20,8 9 18 20 | 3 8 11 13
8956,2024-09-20,1 6 11 14 | 2 3 18 20
8957,2024-09-20,4 9 10 14 | 2 14 18 20
8958,2024-09-21,2 10 15 16 | 2 5 8 16
8959,2024-09-21,1 4 14 19 | 1 4 8 19
8960,2024-09-21,2 7 11 17 | 1 3 5 19
8961,2024-09-21,2 3 6 13 | 1 2 14 19
8962,2024-09-21,2 5 9 11 | 8 9 15 19
8963,2024-09-21,4 8 14 17 | 2 7 15 17
8964,2024-09-22,3 8 11 16 | 1 7 11 16
8965,2024-09-22,4 5 13 20 | 3 4 8 19
8966,2024-09-22,5 6 17 18 | 6 10 11 20
8967,2024-09-22,2 15 16 19 | 1 4 12 20
8968,2024-09-22,3 12 18 20 | 2 3 5 11
8969,2024-09-22,3 5 10 18 | 1 6 9 18
8970,2024-09-23,4 7 15 20 | 3 4 7 12
8971,2024-09-23,5 9 10 12 | 1 14 16 18
8972,2024-09-23,3 14 16 18 | 2 5 7 18
8973,2024-09-23,9 12 16 20 | 1 8 14 16
8974,2024-09-23,1 6 11 15 | 6 11 12 20
8975,2024-09-23,2 12 17 20 | 1 11 13 14
8976,2024-09-23,7 8 13 14 | 2 4 7 9
8977,2024-09-24,6 12 13 16 | 3 7 14 20
8978,2024-09-24,1 10 14 18 | 1 6 18 20
8979,2024-09-24,3 8 13 17 | 1 7 11 13
8980,2024-09-24,1 8 13 18 | 5 11 15 17
8981,2024-09-24,11 12 16 19 | 10 13 17 20
8982,2024-09-24,1 3 11 12 | 3 9 16 20
8983,2024-09-24,3 10 11 14 | 5 7 11 18
8984,2024-09-25,4 9 17 20 | 1 5 13 18
8985,2024-09-25,7 9 16 20 | 1 7 19 20
8986,2024-09-25,4 5 12 14 | 5 8 13 20
8987,2024-09-25,13 15 17 19 | 4 5 13 19
8988,2024-09-25,1 6 15 19 | 7 11 14 15
8989,2024-09-25,4 8 15 19 | 5 12 15 18
8990,2024-09-25,1 15 18 19 | 3 4 14 20
8991,2024-09-26,6 7 9 18 | 4 11 13 17
8992,2024-09-26,1 9 11 17 | 5 8 15 17
8993,2024-09-26,3 5 12 20 | 9 10 16 20
8994,2024-09-26,2 10 15 17 | 4 11 15 19
8995,2024-09-26,1 5 13 19 | 5 15 16 18
8996,2024-09-26,8 14 15 19 | 2 9 13 19
8997,2024-09-26,5 8 15 18 | 1 11 14 20
8998,2024-09-27,14 15 18 20 | 1 11 14 16
8999,2024-09-27,9 15 16 19 | 6 10 11 15
9000,2024-09-27,1 4 11 13 | 1 2 8 12
9001,2024-09-27,1 10 12 13 | 3 6 8 18
9002,2024-09-27,7 16 18 20 | 2 3 9 19
9003,2024-09-27,1 10 16 19 | 1 5 14 16
9004,2024-09-27,1 2 7 20 | 4 7 9 20
9005,2024-09-28,5 10 12 13 | 3 10 13 17
9006,2024-09-28,3 7 9 13 | 15 16 19 20
9007,2024-09-28,1 5 6 18 | 5 10 12 15
9008,2024-09-28,1 3 10 13 | 2 5 13 18
9009,2024-09-28,4 5 18 20 | 2 11 16 18
9010,2024-09-28,7 15 18 19 | 2 16 17 18
9011,2024-09-28,4 6 17 19 | 3 7 10 18
9012,2024-09-29,14 15 17 20 | 5 10 15 18
9013,2024-09-29,3 14 18 19 | 3 4 10 16
9014,2024-09-29,5 8 11 17 | 10 17 18 20
9015,2024-09-29,6 16 17 19 | 1 5 8 10
9016,2024-09-29,4 7 14 17 | 4 7 8 20
9017,2024-09-29,2 4 12 18 | 5 7 9 12
9018,2024-09-29,9 13 17 20 | 2 8 19 20
9019,2024-09-30,2 5 7 8 | 3 11 18 19
9020,2024-09-30,8 12 16 18 | 1 2 9 16
9021,2024-09-30,9 10 13 14 | 4 6 8 9
9022,2024-09-30,9 17 18 20 | 5 10 13 16
9023,2024-09-30,8 11 14 16 | 6 13 16 17
9024,2024-09-30,10 15 17 20 | 2 4 10 12
9025,2024-09-30,8 12 13 14 | 9 10 17 19
9026,2024-10-01,1 4 10 11 | 4 7 8 19
9027,2024-10-01,8 9 10 13 | 9 12 15 20
9028,2024-10-01,6 8 12 18 | 5 6 8 9
9029,2024-10-01,1 10 11 18 | 1 5 15 19
9030,2024-10-01,5 7 12 14 | 1 4 12 17
9031,2024-10-01,5 11 17 19 | 5 13 16 18
9032,2024-10-01,3 7 17 20 | 6 7 18 20
9033,2024-10-02,1 8 10 12 | 1 5 7 18
9034,2024-10-02,3 9 10 16 | 7 10 11 15
9035,2024-10-02,1 6 9 14 | 2 5 16 18
9036,2024-10-02,6 7 8 19 | 10 12 16 18
9037,2024-10-02,4 6 13 20 | 1 4 6 17
9038,2024-10-02,8 16 18 19 | 3 5 8 10
9039,2024-10-02,4 6 8 14 | 3 4 14 18
9040,2024-10-03,5 8 15 20 | 9 11 17 20
9041,2024-10-03,8 10 14 20 | 5 9 19 20
9042,2024-10-03,7 10 14 16 | 7 10 12 14
9043,2024-10-03,1 4 5 11 | 8 9 14 16
9044,2024-10-03,5 7 12 13 | 8 10 11 16
9045,2024-10-03,3 6 15 19 | 15 16 19 20
9046,2024-10-03,1 10 14 19 | 6 7 14 20
9047,2024-10-04,3 7 12 19 | 3 6 8 9
9048,2024-10-04,7 8 15 18 | 2 8 12 16
9049,2024-10-04,6 8 10 20 | 8 11 12 16
9050,2024-10-04,3 6 11 14 | 15 18 19 20
9051,2024-10-04,5 11 16 20 | 8 10 13 16
9052,2024-10-04,11 14 17 20 | 11 14 17 18
9053,2024-10-04,1 2 9 20 | 2 5 11 15
9054,2024-10-05,2 6 10 14 | 8 16 18 20
9055,2024-10-05,8 10 12 20 | 3 9 18 20
9056,2024-10-05,8 13 17 20 | 2 3 6 8
9057,2024-10-05,8 11 12 18 | 2 13 15 20
9058,2024-10-05,2 9 18 19 | 4 9 17 18
9059,2024-10-05,8 9 10 12 | 5 13 15 16
9060,2024-10-05,5 17 18 19 | 7 9 14 15
9061,2024-10-06,3 4 8 19 | 1 3 11 15
9062,2024-10-06,2 8 14 18 | 3 6 17 19
9063,2024-10-06,2 7 14 20 | 6 7 10 19
9064,2024-10-06,10 18 19 20 | 3 9 13 18
9065,2024-10-06,1 8 12 13 | 7 8 17 19
9066,2024-10-06,9 11 12 20 | 2 4 14 18
9067,2024-10-06,7 8 12 15 | 1 3 14 17
9068,2024-10-07,9 16 17 19 | 5 11 12 16
9069,2024-10-07,14 15 17 18 | 4 9 11 12
9070,2024-10-07,3 6 18 20 | 1 4 6 9
9071,2024-10-07,7 8 15 19 | 8 9 11 19
9072,2024-10-07,3 8 14 16 | 2 13 14 20
9073,2024-10-07,1 3 7 12 | 9 12 16 19
9074,2024-10-07,3 10 19 20 | 6 7 11 12
9075,2024-10-08,2 3 12 14 | 3 5 7 9
9076,2024-10-08,3 7 8 14 | 7 9 15 18
9077,2024-10-08,3 4 5 9 | 2 3 9 12
9078,2024-10-08,2 7 10 20 | 12 15 17 19
9079,2024-10-08,1 7 9 17 | 4 8 13 15
9080,2024-10-08,2 11 13 17 | 4 6 12 15
9081,2024-10-08,2 4 5 11 | 1 11 15 19
9082,2024-10-09,4 15 19 20 | 1 8 13 14
9083,2024-10-09,6 13 15 18 | 6 11 15 20
9084,2024-10-09,6 8 18 19 | 7 13 14 15
9085,2024-10-09,4 5 9 13 | 4 6 12 20
9086,2024-10-09,1 3 14 20 | 7 12 15 17
9087,2024-10-09,4 6 17 18 | 3 10 17 18
9088,2024-10-09,8 14 18 19 | 5 7 11 17
9089,2024-10-10,12 13 16 18 | 3 6 8 15
9090,2024-10-10,5 14 19 20 | 9 11 13 20
9091,2024-10-10,8 10 16 18 | 3 13 16 17
9092,2024-10-10,8 11 17 18 | 7 10 12 19
9093,2024-10-10,11 13 16 20 | 1 12 16 19
9094,2024-10-10,2 5 10 15 | 3 5 11 17
9095,2024-10-10,1 6 12 17 | 3 11 18 19
9096,2024-10-11,3 4 7 17 | 11 14 18 20
9097,2024-10-11,1 5 12 14 | 2 3 15 17
9098,2024-10-11,5 15 18 20 | 4 9 11 19
9099,2024-10-11,5 8 15 20 | 2 4 12 14
9100,2024-10-11,2 8 14 17 | 4 5 17 18
9101,2024-10-11,2 14 19 20 | 4 5 15 16
9102,2024-10-11,8 9 18 20 | 1 7 16 20
9103,2024-10-12,2 6 7 11 | 4 5 8 11
9104,2024-10-12,2 8 12 18 | 3 9 11 12
9105,2024-10-12,2 11 13 19 | 1 3 8 12
9106,2024-10-12,1 5 11 14 | 1 5 19 20
9107,2024-10-12,1 3 6 19 | 3 13 15 20
9108,2024-10-12,8 9 15 16 | 4 8 12 20
9109,2024-10-12,2 5 7 9 | 9 15 16 18
9110,2024-10-13,1 13 17 19 | 7 11 16 19
9111,2024-10-13,1 7 12 19 | 1 10 19 20
9112,2024-10-13,14 16 17 18 | 8 11 13 20
9113,2024-10-13,8 12 13 20 | 3 8 14 19
9114,2024-10-13,3 4 13 20 | 1 6 10 11
9115,2024-10-13,5 10 14 19 | 9 11 17 18
9116,2024-10-13,11 12 18 20 | 2 4 7 16
9117,2024-10-14,6 7 15 16 | 2 3 4 10
9118,2024-10-14,1 5 10 18 | 2 5 11 15
9119,2024-10-14,3 4 18 20 | 4 16 19 20
9120,2024-10-14,8 12 13 20 | 3 14 16 18
9121,2024-10-14,3 12 13 18 | 1 13 19 20
9122,2024-10-14,5 6 7 20 | 3 5 12 20
9123,2024-10-14,2 12 13 20 | 1 10 15 18
9124,2024-10-15,6 12 14 18 | 2 7 13 20
9125,2024-10-15,2 3 9 12 | 1 2 4 6
9126,2024-10-15,1 2 12 13 | 1 8 11 13
9127,2024-10-15,2 13 15 18 | 2 7 8 12
9128,2024-10-15,3 7 15 18 | 15 16 17 18
9129,2024-10-15,5 7 9 20 | 3 4 7 11
9130,2024-10-15,4 7 12 19 | 10 13 16 18
9131,2024-10-16,5 7 9 10 | 7 9 16 19
9132,2024-10-16,9 11 12 18 | 5 9 15 18
9133,2024-10-16,2 10 15 19 | 4 6 10 14
9134,2024-10-16,11 13 17 20 | 4 6 11 15
9135,2024-10-16,5 8 17 19 | 6 12 13 14
9136,2024-10-16,1 11 13 20 | 5 7 9 10
9137,2024-10-16,4 8 17 20 | 2 4 8 9
9138,2024-10-17,7 13 16 17 | 3 7 19 20
9139,2024-10-17,1 2 8 19 | 1 6 10 19
9140,2024-10-17,4 8 18 20 | 5 8 9 11
9141,2024-10-17,2 12 14 17 | 4 11 12 13
9142,2024-10-17,6 9 11 13 | 6 7 14 16
9143,2024-10-17,5 11 13 14 | 7 11 15 16
9144,2024-10-17,1 6 12 15 | 4 10 12 16
9145,2024-10-18,7 12 13 18 | 2 8 12 14
9146,2024-10-18,2 4 12 14 | 4 6 16 19
9147,2024-10-18,1 6 16 18 | 6 9 17 19
9148,2024-10-18,2 5 16 20 | 4 7 9 14
9149,2024-10-18,2 6 13 16 | 6 7 14 16
9150,2024-10-18,7 9 15 17 | 2 7 13 17
9151,2024-10-18,4 8 17 20 | 2 3 10 15
9152,2024-10-19,9 11 15 19 | 8 9 12 15
9153,2024-10-19,1 4 9 17 | 7 14 18 19
9154,2024-10-19,4 5 10 17 | 12 15 16 17
9155,2024-10-19,1 6 8 17 | 1 7 10 17
9156,2024-10-19,2 3 8 15 | 9 12 14 17
9157,2024-10-19,11 14 15 20 | 1 6 9 15
9158,2024-10-19,4 5 16 17 | 9 11 15 19
9159,2024-10-20,10 16 17 20 | 2 7 10 20
9160,2024-10-20,5 13 17 19 | 9 15 16 18
9161,2024-10-20,1 5 14 15 | 5 8 10 20
9162,2024-10-20,7 14 16 17 | 4 5 13 19
9163,2024-10-20,4 6 8 20 | 6 9 14 16
9164,2024-10-20,4 16 17 18 | 2 10 15 20
9165,2024-10-20,7 12 15 16 | 1 2 5 8
9166,2024-10-21,1 9 16 18 | 1 15 18 19
9167,2024-10-21,1 2 11 13 | 4 6 11 17
9168,2024-10-21,2 10 13 17 | 2 4 7 12
9169,2024-10-21,1 2 6 12 | 2 14 17 19
9170,2024-10-21,4 14 15 20 | 1 2 8 15
9171,2024-10-21,7 9 15 20 | 5 9 10 18
9172,2024-10-21,6 7 14 15 | 4 13 15 18
9173,2024-10-22,1 3 10 15 | 8 9 14 17
9174,2024-10-22,1 6 8 9 | 6 10 11 18
9175,2024-10-22,1 4 5 10 | 3 4 7 15
9176,2024-10-22,5 6 14 15 | 2 5 16 20
9177,2024-10-22,9 13 17 18 | 5 8 16 18
9178,2024-10-22,6 7 11 12 | 2 9 13 16
9179,2024-10-22,4 5 11 16 | 3 4 15 16
9180,2024-10-23,3 6 14 16 | 10 13 15 20
9181,2024-10-23,15 16 17 18 | 3 6 9 14
9182,2024-10-23,6 11 14 17 | 10 12 13 20
9183,2024-10-23,1 9 11 13 | 6 11 14 16
9184,2024-10-23,4 8 15 17 | 7 10 11 17
9185,2024-10-23,8 11 14 16 | 2 8 13 14
9186,2024-10-23,2 3 17 19 | 7 13 17 20
9187,2024-10-24,4 7 9 17 | 1 4 10 18
9188,2024-10-24,4 8 13 15 | 4 9 17 18
9189,2024-10-24,4 15 17 18 | 7 8 10 19
9190,2024-10-24,7 11 17 18 | 1 7 10 19
9191,2024-10-24,3 7 12 14 | 7 9 16 17
9192,2024-10-24,2 7 12 16 | 7 12 16 18
9193,2024-10-24,5 8 15 19 | 8 10 17 19
9194,2024-10-25,5 15 19 20 | 3 4 8 18
9195,2024-10-25,7 8 13 17 | 5 6 7 18
9196,2024-10-25,5 10 15 17 | 4 6 15 18
9197,2024-10-25,3 5 6 11 | 5 8 13 17
9198,2024-10-25,6 10 13 16 | 1 7 14 16
9199,2024-10-25,5 11 15 16 | 3 5 15 20
9200,2024-10-25,2 13 15 16 | 3 8 9 14
9201,2024-10-26,15 17 18 19 | 5 6 16 20
9202,2024-10-26,2 3 17 20 | 2 4 10 18
9203,2024-10-26,1 7 12 17 | 1 3 5 17
9204,2024-10-26,4 5 14 17 | 4 6 9 12
9205,2024-10-26,8 10 11 15 | 1 9 19 20
9206,2024-10-26,11 12 17 18 | 9 10 11 15
9207,2024-10-26,2 5 12 18 | 5 6 16 17
9208,2024-10-27,9 14 15 19 | 6 13 16 20
9209,2024-10-27,2 4 11 18 | 9 12 15 20
9210,2024-10-27,1 8 13 17 | 3 9 12 13
9211,2024-10-27,5 10 16 20 | 2 7 8 18
9212,2024-10-27,11 14 15 19 | 3 6 18 19
9213,2024-10-27,1 8 12 13 | 5 12 17 18
9214,2024-10-27,1 3 4 8 | 2 5 9 20
9215,2024-10-28,5 6 10 17 | 12 16 17 20
9216,2024-10-28,7 11 12 13 | 7 9 11 16
9217,2024-10-28,12 13 16 18 | 2 3 10 19
9218,2024-10-28,2 6 12 15 | 3 4 16 19
9219,2024-10-28,4 5 6 14 | 4 9 11 17
9220,2024-10-28,7 9 10 20 | 2 8 9 13
9221,2024-10-28,11 15 17 20 | 1 3 11 20
9222,2024-10-29,9 11 12 17 | 3 8 9 15
9223,2024-10-29,3 10 17 20 | 2 12 14 15
9224,2024-10-29,4 8 9 19 | 1 6 13 16
9225,2024-10-29,2 4 6 13 | 8 13 16 18
9226,2024-10-29,6 7 9 15 | 1 16 17 20
9227,2024-10-29,4 8 9 15 | 3 7 12 20
9228,2024-10-29,3 13 14 19 | 1 13 16 17
9229,2024-10-30,5 10 16 18 | 4 7 14 17
9230,2024-10-30,6 8 11 18 | 1 8 12 16
9231,2024-10-30,2 13 15 19 | 2 4 9 16
9232,2024-10-30,2 3 14 15 | 2 6 8 18
9233,2024-10-30,6 13 16 18 | 5 12 13 14
9234,2024-10-30,1 2 5 18 | 1 8 11 14
9235,2024-10-30,11 12 14 18 | 11 13 15 20
9236,2024-10-31,2 9 19 20 | 5 15 16 20
9237,2024-10-31,1 2 3 5 | 8 12 17 19
9238,2024-10-31,4 13 14 16 | 6 8 11 16
9239,2024-10-31,6 8 9 20 | 2 5 13 18
9240,2024-10-31,17 18 19 20 | 1 7 16 19
9241,2024-10-31,1 6 14 16 | 4 9 10 13
9242,2024-10-31,6 15 17 20 | 6 8 9 17
9243,2024-11-01,3 7 8 14 | 5 10 13 18
9244,2024-11-01,11 12 14 16 | 6 10 11 19
9245,2024-11-01,1 10 15 20 | 2 10 18 19
9246,2024-11-01,4 7 8 13 | 6 10 11 19
9247,2024-11-01,3 4 17 18 | 6 7 11 18
9248,2024-11-01,7 8 11 20 | 1 4 8 13
9249,2024-11-01,6 12 14 17 | 3 5 8 12
9250,2024-11-02,1 3 4 9 | 2 6 15 16
9251,2024-11-02,2 3 12 16 | 3 8 10 18
9252,2024-11-02,5 8 10 18 | 13 16 17 19
9253,2024-11-02,7 8 14 17 | 6 8 14 17
9254,2024-11-02,8 11 14 19 | 3 8 11 20
9255,2024-11-02,2 4 9 16 | 3 10 14 17
9256,2024-11-02,4 10 18 20 | 3 5 12 15
9257,2024-11-03,7 9 10 20 | 2 3 6 9
9258,2024-11-03,2 10 13 18 | 2 3 10 20
9259,2024-11-03,2 10 15 19 | 1 2 6 8
9260,2024-11-03,2 3 7 12 | 3 13 16 17
9261,2024-11-03,1 8 13 17 | 4 15 17 18
9262,2024-11-03,5 7 14 18 | 2 7 11 19
9263,2024-11-03,6 8 10 18 | 2 3 17 18
9264,2024-11-04,2 4 15 20 | 2 5 6 11
9265,2024-11-04,4 7 16 18 | 8 11 12 20
9266,2024-11-04,12 15 17 20 | 2 5 9 10
9267,2024-11-04,3 8 9 19 | 4 9 10 15
9268,2024-11-04,4 5 15 18 | 2 7 10 16
9269,2024-11-04,4 6 8 9 | 7 13 15 19
9270,2024-11-04,2 10 13 20 | 6 13 17 20
9271,2024-11-05,8 12 13 17 | 2 6 9 15
9272,2024-11-05,6 12 13 15 | 3 5 19 20
9273,2024-11-05,1 13 15 19 | 2 15 17 19
9274,2024-11-05,7 9 14 18 | 9 13 18 19
9275,2024-11-05,7 9 17 19 | 6 10 11 14
9276,2024-11-05,7 9 17 19 | 5 6 9 10
9277,2024-11-05,4 7 9 16 | 8 12 13 15
9278,2024-11-06,1 6 10 11 | 3 8 9 13
9279,2024-11-06,2 14 17 19 | 3 5 11 20
9280,2024-11-06,5 6 17 19 | 3 13 14 17
9281,2024-11-06,8 9 16 17 | 3 5 6 11
9282,2024-11-06,4 6 9 17 | 10 11 15 20
9283,2024-11-06,5 14 17 18 | 1 9 10 17
9284,2024-11-06,1 2 5 10 | 8 9 10 14
9285,2024-11-07,3 4 8 13 | 4 12 18 20
9286,2024-11-07,2 5 14 20 | 9 13 14 18
9287,2024-11-07,1 3 4 20 | 3 8 10 16
9288,2024-11-07,6 7 9 16 | 3 4 5 19
9289,2024-11-07,11 16 17 20 | 1 2 11 12
9290,2024-11-07,8 15 17 18 | 1 2 16 17
9291,2024-11-07,1 6 15 18 | 3 4 13 14
9292,2024-11-08,3 10 13 19 | 1 2 3 7
9293,2024-11-08,1 3 14 16 | 10 15 16 19
9294,2024-11-08,6 11 14 17 | 3 8 11 16
9295,2024-11-08,5 6 17 20 | 3 9 16 20
9296,2024-11-08,1 3 8 10 | 2 3 4 18
9297,2024-11-08,2 4 8 19 | 7 8 18 19
9298,2024-11-08,7 8 15 20 | 6 9 10 15
9299,2024-11-09,3 5 16 18 | 11 13 15 17
9300,2024-11-09,7 8 9 14 | 1 10 11 19
9301,2024-11-09,2 4 7 8 | 6 14 17 18
9302,2024-11-09,9 11 12 18 | 1 5 6 20
9303,2024-11-09,3 10 14 15 | 3 9 11 15
9304,2024-11-09,10 12 13 15 | 3 5 7 19
9305,2024-11-09,1 11 12 16 | 10 14 17 19
9306,2024-11-10,4 11 17 20 | 3 4 10 14
9307,2024-11-10,4 6 13 15 | 1 2 8 12
9308,2024-11-10,7 8 10 19 | 5 7 15 17
9309,2024-11-10,3 4 7 18 | 13 15 18 20
9310,2024-11-10,7 8 15 18 | 4 9 14 17
9311,2024-11-10,2 5 7 18 | 1 2 9 14
9312,2024-11-10,2 5 9 15 | 3 6 12 18
9313,2024-11-11,1 3 5 18 | 6 9 17 20
9314,2024-11-11,6 9 18 19 | 3 9 12 16
9315,2024-11-11,1 3 8 17 | 3 9 11 14
9316,2024-11-11,1 2 13 14 | 14 15 16 18
9317,2024-11-11,2 4 9 12 | 6 12 18 19
9318,2024-11-11,2 8 12 15 | 10 17 18 20
9319,2024-11-11,8 12 13 14 | 6 9 13 14
9320,2024-11-12,2 5 12 20 | 12 13 16 20
9321,2024-11-12,3 6 7 19 | 1 18 19 20
9322,2024-11-12,4 12 16 20 | 4 5 10 14
9323,2024-11-12,9 11 14 19 | 5 14 15 20
9324,2024-11-12,1 4 10 15 | 15 17 19 20
9325,2024-11-12,11 12 13 15 | 1 2 10 18
9326,2024-11-12,3 7 13 19 | 5 6 14 16
9327,2024-11-13,2 6 11 20 | 1 2 3 19
9328,2024-11-13,2 8 12 13 | 4 7 11 15
9329,2024-11-13,1 4 6 10 | 5 12 13 14
9330,2024-11-13,8 13 16 18 | 2 4 13 15
9331,2024-11-13,5 11 13 15 | 13 15 16 17
9332,2024-11-13,2 6 11 15 | 9 10 16 20
9333,2024-11-13,2 6 12 13 | 12 15 16 19
9334,2024-11-14,1 6 11 18 | 4 6 17 18
9335,2024-11-14,7 12 17 20 | 2 4 13 14
9336,2024-11-14,5 15 16 17 | 7 8 10 11
9337,2024-11-14,1 4 18 19 | 2 3 9 12
9338,2024-11-14,3 6 11 12 | 10 11 16 19
9339,2024-11-14,3 4 7 9 | 5 7 12 13
9340,2024-11-14,2 7 15 17 | 6 8 13 19
9341,2024-11-15,2 8 9 20 | 5 11 15 18
9342,2024-11-15,2 5 15 17 | 7 11 16 20
9343,2024-11-15,1 11 14 16 | 4 8 9 14
9344,2024-11-15,2 6 9 19 | 10 14 15 18
9345,2024-11-15,1 6 7 11 | 2 6 19 20
9346,2024-11-15,1 2 4 15 | 4 9 12 19
9347,2024-11-15,1 4 9 16 | 4 5 9 15
9348,2024-11-16,1 10 13 18 | 12 14 18 20
9349,2024-11-16,5 9 12 13 | 5 15 17 19
9350,2024-11-16,2 5 7 20 | 5 6 13 15
9351,2024-11-16,11 13 14 16 | 1 2 4 11
9352,2024-11-16,7 11 13 19 | 1 14 16 19
9353,2024-11-16,1 14 17 18 | 4 12 16 18
9354,2024-11-16,2 4 10 12 | 6 7 14 20
9355,2024-11-17,2 4 14 16 | 10 11 12 14
9356,2024-11-17,1 5 11 20 | 2 5 9 15
9357,2024-11-17,4 13 14 18 | 9 11 15 17
9358,2024-11-17,6 13 14 16 | 1 4 7 20
9359,2024-11-17,2 9 13 18 | 4 9 10 16
9360,2024-11-17,1 3 15 18 | 2 5 11 12
9361,2024-11-17,3 6 13 20 | 4 5 12 15
9362,2024-11-18,4 5 9 11 | 10 13 19 20
9363,2024-11-18,4 15 18 19 | 10 11 13 16
9364,2024-11-18,2 9 15 17 | 4 9 14 18
9365,2024-11-18,6 7 8 14 | 2 7 15 19
9366,2024-11-18,5 10 11 16 | 8 14 16 19
9367,2024-11-18,5 8 13 15 | 2 4 17 20
9368,2024-11-18,1 6 7 20 | 2 11 19 20
9369,2024-11-19,11 12 14 20 | 4 6 12 16
9370,2024-11-19,9 11 19 20 | 3 5 11 18
9371,2024-11-19,6 8 12 14 | 6 16 17 19
9372,2024-11-19,3 6 12 19 | 4 7 9 20
9373,2024-11-19,10 12 17 18 | 3 4 7 12
9374,2024-11-19,5 11 16 20 | 4 7 10 16
9375,2024-11-19,7 12 13 20 | 5 6 13 18
9376,2024-11-20,9 13 15 19 | 8 12 19 20
9377,2024-11-20,4 5 7 9 | 2 9 13 16
9378,2024-11-20,4 5 18 20 | 1 8 9 15
9379,2024-11-20,3 7 15 18 | 8 11 16 20
9380,2024-11-20,4 7 12 19 | 2 13 14 15
9381,2024-11-20,1 3 7 17 | 2 4 13 20
9382,2024-11-20,4 7 9 10 | 2 10 12 16
9383,2024-11-21,9 10 12 19 | 2 10 17 18
9384,2024-11-21,1 10 19 20 | 5 14 16 19
9385,2024-11-21,8 9 15 20 | 3 9 14 15
9386,2024-11-21,3 9 10 15 | 1 2 10 19
9387,2024-11-21,4 7 13 18 | 1 3 9 10
9388,2024-11-21,4 5 7 14 | 2 7 8 20
9389,2024-11-21,3 6 7 19 | 6 8 14 20
9390,2024-11-22,2 11 17 18 | 1 16 18 19
9391,2024-11-22,7 10 12 13 | 1 7 13 17
9392,2024-11-22,2 4 11 18 | 1 3 17 20
9393,2024-11-22,5 8 10 20 | 3 12 18 20
9394,2024-11-22,2 5 11 12 | 3 6 8 9
9395,2024-11-22,1 2 17 19 | 7 9 12 18
9396,2024-11-22,4 8 10 11 | 2 5 14 17
9397,2024-11-23,2 10 19 20 | 10 11 14 17
9398,2024-11-23,3 5 10 11 | 7 13 15 18
9399,2024-11-23,2 3 7 16 | 2 3 12 14
9400,2024-11-23,8 12 13 14 | 6 7 9 14
9401,2024-11-23,6 8 15 19 | 1 8 13 15
9402,2024-11-23,3 6 11 17 | 2 6 9 18
9403,2024-11-23,3 5 8 9 | 1 13 14 18
9404,2024-11-24,3 11 16 18 | 8 10 17 19
9405,2024-11-24,3 9 10 18 | 2 4 7 9
9406,2024-11-24,1 11 14 15 | 4 10 13 20
9407,2024-11-24,4 6 10 12 | 2 4 13 15
9408,2024-11-24,3 5 7 16 | 12 14 19 20
9409,2024-11-24,2 9 15 20 | 1 12 13 16
9410,2024-11-24,1 3 10 15 | 6 9 13 19
9411,2024-11-25,3 4 5 12 | 3 8 17 20
9412,2024-11-25,3 8 11 16 | 14 17 19 20
9413,2024-11-25,4 6 11 17 | 13 14 17 18
9414,2024-11-25,1 11 12 18 | 6 8 15 17
9415,2024-11-25,6 13 16 17 | 1 3 4 9
9416,2024-11-25,12 14 17 20 | 9 11 12 18
9417,2024-11-25,2 5 9 18 | 1 3 14 20
9418,2024-11-26,6 8 11 15 | 5 8 18 19
9419,2024-11-26,4 8 17 20 | 3 8 12 16
9420,2024-11-26,3 4 11 20 | 1 3 4 19
9421,2024-11-26,6 8 12 16 | 1 5 6 8
9422,2024-11-26,6 14 16 19 | 4 6 10 17
9423,2024-11-26,2 3 8 17 | 1 7 11 18
9424,2024-11-26,12 15 18 19 | 2 6 9 14
9425,2024-11-27,10 11 16 19 | 10 13 16 18
9426,2024-11-27,9 11 14 19 | 3 4 10 17
9427,2024-11-27,2 12 17 19 | 2 4 10 12
9428,2024-11-27,1 3 11 20 | 4 6 13 14
9429,2024-11-27,6 13 14 20 | 1 10 17 20
9430,2024-11-27,9 11 14 16 | 1 2 3 17
9431,2024-11-27,11 16 17 20 | 3 4 17 20
9432,2024-11-28,4 9 11 17 | 5 6 10 13
9433,2024-11-28,7 11 13 19 | 8 13 14 17
9434,2024-11-28,5 8 15 19 | 5 7 11 18
9435,2024-11-28,1 5 9 16 | 2 6 7 12
9436,2024-11-28,2 6 9 18 | 2 11 15 19
9437,2024-11-28,6 8 9 19 | 5 6 7 9
9438,2024-11-28,6 16 18 19 | 9 13 18 20
9439,2024-11-29,1 10 18 19 | 1 4 12 15
9440,2024-11-29,9 12 13 18 | 3 8 12 19
9441,2024-11-29,1 3 10 18 | 1 5 12 17
9442,2024-11-29,3 7 17 19 | 5 10 19 20
9443,2024-11-29,1 3 5 11 | 2 4 5 18
9444,2024-11-29,5 7 9 14 | 2 6 14 18
9445,2024-11-29,9 12 13 14 | 1 3 6 9
9446,2024-11-30,1 10 15 20 | 4 9 17 20
9447,2024-11-30,5 8 13 20 | 9 13 19 20
9448,2024-11-30,3 9 16 19 | 6 8 9 15
9449,2024-11-30,4 5 7 12 | 1 5 8 13
9450,2024-11-30,11 13 18 19 | 3 8 10 16
9451,2024-11-30,7 13 14 19 | 8 12 14 20
9452,2024-11-30,1 2 8 9 | 4 5 13 19
9453,2024-12-01,2 4 16 18 | 15 16 18 20
9454,2024-12-01,1 14 16 19 | 8 9 11 12
9455,2024-12-01,2 9 10 18 | 1 6 10 16
9456,2024-12-01,1 5 8 12 | 1 15 16 18
9457,2024-12-01,6 10 16 19 | 7 9 11 17
9458,2024-12-01,1 4 7 9 | 3 15 17 19
9459,2024-12-01,5 9 16 20 | 4 7 8 12
9460,2024-12-02,9 10 14 19 | 2 5 18 19
9461,2024-12-02,11 12 14 17 | 6 18 19 20
9462,2024-12-02,7 8 9 18 | 10 14 16 18
9463,2024-12-02,5 6 8 18 | 2 7 10 11
9464,2024-12-02,1 7 9 15 | 2 3 10 20
9465,2024-12-02,1 3 10 17 | 10 11 13 15
9466,2024-12-02,6 9 11 20 | 4 16 17 20
9467,2024-12-03,5 12 15 19 | 2 11 16 17
9468,2024-12-03,9 10 15 19 | 5 9 11 12
9469,2024-12-03,4 5 7 16 | 5 7 8 15
9470,2024-12-03,4 15 16 20 | 7 9 11 16
9471,2024-12-03,2 8 13 14 | 2 4 6 16
9472,2024-12-03,10 11 12 14 | 5 11 12 19
9473,2024-12-03,1 2 10 15 | 4 8 17 19
9474,2024-12-04,3 10 11 13 | 4 9 18 20
9475,2024-12-04,4 8 9 15 | 1 11 14 15
9476,2024-12-04,1 2 15 16 | 1 9 11 15
9477,2024-12-04,4 6 16 20 | 2 4 5 10
9478,2024-12-04,2 3 4 10 | 4 10 16 20
9479,2024-12-04,5 8 15 18 | 4 9 10 19
9480,2024-12-04,4 5 8 10 | 3 5 8 18
9481,2024-12-05,1 5 11 15 | 2 9 16 18
9482,2024-12-05,8 13 19 20 | 9 15 17 20
9483,2024-12-05,8 9 14 20 | 1 14 18 20
9484,2024-12-05,1 5 10 15 | 2 11 14 18
9485,2024-12-05,1 5 8 17 | 3 8 17 18
9486,2024-12-05,6 8 10 17 | 2 5 7 9
9487,2024-12-05,4 6 8 20 | 1 8 10 14
9488,2024-12-06,2 15 16 19 | 3 8 13 20
9489,2024-12-06,5 6 8 18 | 9 15 16 18
9490,2024-12-06,1 4 18 20 | 4 7 15 18
9491,2024-12-06,8 9 10 14 | 1 3 9 15
9492,2024-12-06,7 9 19 20 | 8 9 13 20
9493,2024-12-06,5 6 11 19 | 7 14 15 17
9494,2024-12-06,3 8 11 19 | 1 7 12 16
9495,2024-12-07,1 7 8 19 | 1 3 5 14
9496,2024-12-07,1 9 13 20 | 2 12 17 20
9497,2024-12-07,5 7 15 20 | 1 6 10 16
9498,2024-12-07,3 5 13 19 | 4 7 10 15
9499,2024-12-07,1 7 9 16 | 9 10 11 14
9500,2024-12-07,5 11 17 18 | 2 7 10 18
9501,2024-12-07,5 7 16 20 | 2 3 6 15
9502,2024-12-08,8 9 10 13 | 4 8 11 17
9503,2024-12-08,8 10 16 19 | 1 5 9 15
9504,2024-12-08,9 13 15 18 | 4 10 13 18
9505,2024-12-08,5 7 11 15 | 2 4 18 19
9506,2024-12-08,4 5 8 15 | 5 8 14 16
9507,2024-12-08,4 13 16 20 | 5 8 10 12
9508,2024-12-08,12 17 18 20 | 10 14 18 19
9509,2024-12-09,4 12 14 19 | 1 5 6 13
9510,2024-12-09,7 15 16 20 | 2 11 17 20
9511,2024-12-09,4 9 10 15 | 2 4 10 15
9512,2024-12-09,5 10 15 19 | 2 4 5 11
9513,2024-12-09,2 3 7 12 | 6 12 15 16
9514,2024-12-09,3 4 5 19 | 3 7 11 16
9515,2024-12-09,11 14 15 17 | 7 15 16 17
9516,2024-12-10,1 2 8 19 | 6 9 14 18
9517,2024-12-10,7 11 17 18 | 3 8 12 13
9518,2024-12-10,1 10 14 15 | 12 13 16 17
9519,2024-12-10,1 12 16 17 | 8 14 15 20
9520,2024-12-10,3 4 6 19 | 3 11 13 18
9521,2024-12-10,1 17 19 20 | 12 13 18 20
9522,2024-12-10,2 6 12 15 | 2 6 11 12
9523,2024-12-11,4 5 9 17 | 9 10 11 20
9524,2024-12-11,10 11 17 20 | 1 7 8 13
9525,2024-12-11,11 12 15 20 | 7 10 12 15
9526,2024-12-11,4 9 10 20 | 2 7 8 12
9527,2024-12-11,11 13 14 18 | 3 6 9 18
9528,2024-12-11,5 8 16 17 | 5 8 14 16
9529,2024-12-11,9 10 14 15 | 3 5 9 15
9530,2024-12-12,1 5 13 14 | 2 4 6 20
9531,2024-12-12,4 11 13 20 | 2 9 12 13
9532,2024-12-12,6 14 17 19 | 3 7 11 14
9533,2024-12-12,1 2 9 14 | 8 16 17 20
9534,2024-12-12,3 5 6 8 | 6 7 10 15
9535,2024-12-12,3 16 17 19 | 4 9 15 19
9536,2024-12-12,5 7 12 17 | 3 8 10 14
9537,2024-12-13,10 12 13 16 | 2 5 14 18
9538,2024-12-13,5 7 9 10 | 7 11 15 17
9539,2024-12-13,1 2 4 12 | 6 10 15 19
9540,2024-12-13,5 10 11 15 | 10 11 12 13
9541,2024-12-13,4 6 13 14 | 5 9 16 18
9542,2024-12-13,2 5 10 19 | 4 6 11 19
9543,2024-12-13,1 15 16 17 | 5 9 18 20
9544,2024-12-14,8 11 15 16 | 3 5 16 20
9545,2024-12-14,3 9 12 17 | 8 15 17 20
9546,2024-12-14,3 5 11 12 | 1 3 9 19
9547,2024-12-14,3 5 9 20 | 3 4 13 14
9548,2024-12-14,4 14 16 17 | 3 5 6 20
9549,2024-12-14,10 12 18 19 | 4 8 15 18
9550,2024-12-14,1 4 6 19 | 1 3 12 18
9551,2024-12-15,1 4 7 19 | 2 6 17 20
9552,2024-12-15,2 7 10 17 | 10 11 12 17
9553,2024-12-15,5 9 16 17 | 2 3 7 19
9554,2024-12-15,4 6 11 16 | 5 6 10 18
9555,2024-12-15,7 10 14 20 | 11 13 14 20
9556,2024-12-15,6 11 18 20 | 4 7 11 15
9557,2024-12-15,7 8 10 19 | 3 15 17 20
9558,2024-12-16,8 9 18 20 | 1 4 7 8
9559,2024-12-16,2 6 11 19 | 2 13 18 20
9560,2024-12-16,6 8 18 19 | 6 9 10 20
9561,2024-12-16,8 10 14 17 | 4 6 9 12
9562,2024-12-16,3 5 18 19 | 1 7 11 17
9563,2024-12-16,2 10 18 19 | 1 9 11 14
9564,2024-12-16,7 8 14 15 | 3 5 9 19
9565,2024-12-19,9 11 13 20 | 1 4 12 16
9566,2024-12-20,2 4 7 18 | 6 7 14 20
9567,2024-12-20,3 7 10 17 | 2 5 12 14
9568,2024-12-20,1 5 11 13 | 2 5 7 9
9569,2024-12-20,1 7 14 18 | 3 7 12 19
9570,2024-12-20,2 6 12 16 | 1 4 6 16
9571,2024-12-20,5 8 16 17 | 6 15 19 20
9572,2024-12-20,2 7 9 16 | 11 14 15 16
9573,2024-12-21,10 13 15 20 | 9 15 18 19
9574,2024-12-21,1 6 12 19 | 2 7 10 11
9575,2024-12-21,1 5 11 16 | 6 7 17 18
9576,2024-12-21,1 2 14 17 | 7 15 17 18
9577,2024-12-21,2 4 9 17 | 11 15 18 20
9578,2024-12-21,5 7 11 13 | 4 10 11 13
9579,2024-12-21,10 11 15 16 | 7 8 9 18
9580,2024-12-22,1 13 17 18 | 1 2 6 7
9581,2024-12-22,6 8 18 20 | 3 12 15 17
9582,2024-12-22,6 8 9 18 | 1 11 16 19
9583,2024-12-22,2 7 14 17 | 8 11 18 19
9584,2024-12-22,3 4 5 7 | 7 9 10 16
9585,2024-12-22,1 6 17 19 | 8 9 10 14
9586,2024-12-22,6 7 8 20 | 7 8 11 16
9587,2024-12-23,2 10 16 20 | 5 9 15 17
9588,2024-12-23,6 8 19 20 | 6 10 11 20
9589,2024-12-23,1 9 13 16 | 2 4 7 13
9590,2024-12-23,1 3 12 16 | 4 7 13 17
9591,2024-12-23,1 2 6 18 | 3 6 13 19
9592,2024-12-23,1 2 9 16 | 7 12 15 16
9593,2024-12-23,10 13 15 20 | 4 10 13 17
9594,2024-12-24,3 4 9 16 | 4 8 9 11
9595,2024-12-24,8 10 12 16 | 9 11 12 16
9596,2024-12-24,10 11 16 19 | 8 9 10 16
9597,2024-12-24,3 4 8 9 | 2 11 13 20
9598,2024-12-24,5 9 13 20 | 5 8 18 20
9599,2024-12-24,3 5 7 16 | 7 9 14 20
9600,2024-12-24,4 8 11 13 | 3 4 13 20
9601,2024-12-25,7 10 13 15 | 7 8 13 16
9602,2024-12-25,10 13 14 19 | 2 3 12 14
9603,2024-12-25,5 12 16 18 | 1 4 15 19
9604,2024-12-25,2 10 16 20 | 5 10 12 18
9605,2024-12-25,1 5 8 12 | 1 4 6 16
9606,2024-12-25,8 11 13 14 | 4 8 11 20
9607,2024-12-25,2 4 13 18 | 1 5 6 16
9608,2024-12-26,1 2 11 14 | 6 16 18 19
9609,2024-12-26,2 3 5 6 | 9 10 15 17
9610,2024-12-26,7 8 16 17 | 5 8 9 16
9611,2024-12-26,14 16 19 20 | 1 15 18 20
9612,2024-12-26,3 5 10 14 | 9 16 19 20
9613,2024-12-26,2 7 10 14 | 3 9 14 15
9614,2024-12-26,7 10 13 15 | 5 9 10 14
9615,2024-12-27,7 8 9 20 | 8 10 12 15
9616,2024-12-27,3 4 17 19 | 2 3 8 14
9617,2024-12-27,2 5 8 11 | 5 12 13 17
9618,2024-12-27,2 9 12 14 | 1 2 9 20
9619,2024-12-27,3 11 14 17 | 6 12 16 20
9620,2024-12-27,1 4 7 14 | 1 3 5 9
9621,2024-12-27,3 7 11 18 | 2 5 6 19
9622,2024-12-28,1 3 5 19 | 6 8 13 18
9623,2024-12-28,2 6 10 14 | 3 6 9 10
9624,2024-12-28,1 10 18 20 | 1 4 7 16
9625,2024-12-28,6 11 13 15 | 8 11 12 16
9626,2024-12-28,7 8 10 12 | 8 13 19 20
9627,2024-12-28,5 12 16 20 | 4 9 16 20
9628,2024-12-28,3 10 15 17 | 5 7 17 20
9629,2024-12-29,4 7 8 9 | 1 2 6 14
9630,2024-12-29,5 9 11 15 | 4 7 16 20
9631,2024-12-29,5 9 13 17 | 7 9 11 15
9632,2024-12-29,7 8 9 17 | 4 11 16 18
9633,2024-12-29,5 7 19 20 | 5 8 14 19
9634,2024-12-29,3 4 5 10 | 3 6 14 17
9635,2024-12-29,2 9 10 11 | 5 14 16 17
9636,2024-12-30,2 9 13 18 | 2 8 18 20
9637,2024-12-30,1 6 16 18 | 7 9 13 19
9638,2024-12-30,8 14 16 17 | 8 9 11 16
9639,2024-12-30,8 14 18 20 | 3 9 13 20
9640,2024-12-30,2 6 9 20 | 5 12 15 20
9641,2024-12-30,5 7 11 16 | 2 14 15 20
9642,2024-12-30,2 3 6 18 | 1 9 12 14
9643,2024-12-31,2 8 14 17 | 2 13 14 20
9644,2024-12-31,2 3 13 19 | 8 10 15 18
9645,2024-12-31,5 6 11 20 | 5 9 15 16
9646,2024-12-31,2 8 10 17 | 5 14 16 17
9647,2024-12-31,1 6 8 19 | 2 8 9 12
9648,2024-12-31,1 3 4 7 | 2 7 11 19
9649,2024-12-31,4 6 16 17 | 7 8 10 13
9650,2025-01-01,4 10 16 19 | 1 3 12 13
9651,2025-01-01,1 10 13 15 | 4 8 13 14
9652,2025-01-01,5 8 13 17 | 6 9 11 14
9653,2025-01-01,4 6 9 17 | 2 3 12 19
9654,2025-01-01,4 6 9 12 | 9 10 15 19
9655,2025-01-01,2 4 10 11 | 6 11 12 15
9656,2025-01-01,2 4 7 14 | 4 8 15 17
9657,2025-01-02,4 12 15 18 | 2 6 8 12
9658,2025-01-02,2 8 9 13 | 4 5 6 17
9659,2025-01-02,1 2 5 17 | 3 7 11 15
9660,2025-01-02,3 12 18 19 | 7 15 16 19
9661,2025-01-02,2 5 12 14 | 3 6 9 10
9662,2025-01-02,9 16 17 18 | 2 16 18 20
9663,2025-01-02,1 3 10 16 | 3 5 12 19
9664,2025-01-03,2 5 8 11 | 7 13 18 20
9665,2025-01-03,4 7 12 16 | 6 8 15 17
9666,2025-01-03,5 6 12 20 | 1 3 8 9
9667,2025-01-03,4 5 19 20 | 1 13 18 20
9668,2025-01-03,3 10 11 13 | 2 8 13 20
9669,2025-01-03,5 7 17 20 | 5 8 15 17
9670,2025-01-03,5 6 7 10 | 6 9 16 20
9671,2025-01-04,3 14 15 16 | 1 5 17 19
9672,2025-01-04,2 4 17 18 | 4 7 16 18
9673,2025-01-04,1 13 19 20 | 1 2 12 15
9674,2025-01-04,2 3 4 15 | 9 13 15 16
9675,2025-01-04,8 11 13 14 | 11 12 14 20
9676,2025-01-04,2 4 11 13 | 5 10 13 17
9677,2025-01-04,12 13 16 18 | 12 15 16 20
9678,2025-01-05,9 11 13 20 | 7 13 15 17
9679,2025-01-05,1 5 17 20 | 3 5 7 11
9680,2025-01-05,8 10 14 16 | 8 9 12 14
9681,2025-01-05,4 14 16 20 | 11 18 19 20
9682,2025-01-05,4 11 14 18 | 3 12 13 19
9683,2025-01-05,10 14 15 18 | 1 6 11 16
9684,2025-01-05,6 7 8 9 | 3 9 10 18
9685,2025-01-06,9 10 14 18 | 11 13 15 20
9686,2025-01-06,10 17 19 20 | 6 9 11 19
9687,2025-01-06,1 12 13 14 | 5 9 14 15
9688,2025-01-06,8 15 16 20 | 6 7 12 17
9689,2025-01-06,5 7 8 14 | 10 12 15 17
9690,2025-01-06,10 12 17 18 | 10 12 14 15
9691,2025-01-06,11 14 17 18 | 4 6 12 18
9692,2025-01-07,4 7 19 20 | 7 9 15 17
9693,2025-01-07,7 8 10 18 | 3 5 11 19
9694,2025-01-07,14 15 19 20 | 4 7 15 16
9695,2025-01-07,1 3 7 12 | 1 5 14 17
9696,2025-01-07,6 12 18 20 | 5 11 14 20
9697,2025-01-07,6 7 11 12 | 9 13 18 20
9698,2025-01-07,2 6 13 16 | 1 11 14 15
9699,2025-01-08,5 12 13 18 | 3 9 10 16
9700,2025-01-08,2 3 13 14 | 6 13 15 20
9701,2025-01-08,5 6 9 15 | 9 12 19 20
9702,2025-01-08,6 10 11 16 | 6 9 15 16
9703,2025-01-08,1 2 9 13 | 5 15 16 18
9704,2025-01-08,4 10 16 17 | 6 7 14 17
9705,2025-01-08,1 2 5 8 | 6 7 9 10
9706,2025-01-09,9 11 15 17 | 1 6 7 8
9707,2025-01-09,5 11 12 18 | 5 6 7 17
9708,2025-01-09,8 10 12 18 | 4 8 14 17
9709,2025-01-09,11 12 15 18 | 4 7 12 16
9710,2025-01-09,4 8 10 12 | 2 3 4 10
9711,2025-01-09,3 12 13 18 | 3 5 11 17
9712,2025-01-09,1 3 5 17 | 6 13 15 18
9713,2025-01-10,2 5 9 12 | 4 7 11 19
9714,2025-01-10,6 8 10 12 | 8 10 13 18
9715,2025-01-10,9 13 15 17 | 2 4 13 18
9716,2025-01-10,1 3 8 11 | 7 10 13 16
9717,2025-01-10,5 9 15 17 | 5 6 14 15
9718,2025-01-10,3 5 8 11 | 2 5 11 13
9719,2025-01-10,2 13 14 20 | 4 9 11 18
9720,2025-01-11,1 6 7 16 | 3 7 9 19
9721,2025-01-11,10 14 15 18 | 1 3 17 18
9722,2025-01-11,3 4 11 13 | 3 6 8 18
9723,2025-01-11,7 15 17 18 | 2 12 15 19
9724,2025-01-11,2 3 4 15 | 2 16 17 20
9725,2025-01-11,8 12 15 20 | 2 5 15 16
9726,2025-01-11,6 10 14 16 | 5 6 11 20
9727,2025-01-12,1 4 15 18 | 1 2 5 13
9728,2025-01-12,6 12 13 18 | 7 8 10 14
9729,2025-01-12,8 12 16 20 | 1 7 8 12
9730,2025-01-12,4 8 9 12 | 1 13 14 18
9731,2025-01-12,1 13 17 18 | 7 13 16 17
9732,2025-01-12,11 12 13 19 | 1 2 5 17
9733,2025-01-12,3 5 10 18 | 4 5 15 16
9734,2025-01-13,3 6 10 11 | 8 11 12 13
9735,2025-01-13,9 11 13 15 | 5 7 16 18
9736,2025-01-13,1 9 10 13 | 5 10 14 16
9737,2025-01-13,1 8 11 14 | 5 15 18 19
9738,2025-01-13,2 13 19 20 | 6 10 19 20
9739,2025-01-13,3 8 9 14 | 3 6 10 19
9740,2025-01-13,2 3 7 12 | 1 3 4 7
9741,2025-01-14,7 10 16 20 | 4 5 7 18
9742,2025-01-14,2 11 13 14 | 2 5 10 19
9743,2025-01-14,1 5 11 16 | 2 6 9 20
9744,2025-01-14,4 6 7 11 | 4 11 12 16
9745,2025-01-14,4 14 16 18 | 2 5 15 17
9746,2025-01-14,4 8 11 15 | 7 9 11 13
9747,2025-01-14,2 7 13 14 | 1 5 11 20
9748,2025-01-15,4 9 14 19 | 2 5 6 11
9749,2025-01-15,3 6 12 13 | 2 4 15 18
9750,2025-01-15,6 11 16 19 | 1 4 9 11
9751,2025-01-15,1 3 14 18 | 2 5 9 13
9752,2025-01-15,2 7 8 16 | 2 5 15 20
9753,2025-01-15,3 13 15 18 | 4 16 17 19
9754,2025-01-15,1 6 14 19 | 10 13 18 19
9755,2025-01-16,1 11 12 20 | 1 2 3 14
9756,2025-01-16,5 10 13 17 | 3 5 9 17
9757,2025-01-16,7 14 15 20 | 2 15 18 20
9758,2025-01-16,4 9 13 19 | 2 3 10 19
9759,2025-01-16,2 8 9 13 | 2 3 5 19
9760,2025-01-16,2 8 18 19 | 10 13 17 19
9761,2025-01-16,2 3 10 18 | 3 5 11 17
9762,2025-01-17,7 11 12 19 | 1 2 3 13
9763,2025-01-17,6 7 11 18 | 4 9 16 19
9764,2025-01-17,12 13 17 20 | 4 10 13 18
9765,2025-01-17,1 5 9 18 | 2 7 14 20
9766,2025-01-17,3 4 10 15 | 10 16 17 20
9767,2025-01-17,12 14 16 18 | 1 3 8 20
9768,2025-01-17,3 6 11 12 | 7 8 11 16
9769,2025-01-18,3 9 12 18 | 10 14 15 19
9770,2025-01-18,4 6 18 20 | 4 6 12 16
9771,2025-01-18,5 7 12 16 | 6 9 10 11
9772,2025-01-18,6 7 9 16 | 2 3 8 19
9773,2025-01-18,3 4 7 8 | 14 15 19 20
9774,2025-01-18,3 12 13 15 | 1 8 9 14
9775,2025-01-18,10 15 19 20 | 1 6 7 10
9776,2025-01-19,6 7 11 13 | 7 8 17 18
9777,2025-01-19,4 8 12 13 | 3 9 12 20
9778,2025-01-19,5 7 11 17 | 6 8 13 18
9779,2025-01-19,1 3 4 13 | 1 7 10 20
9780,2025-01-19,2 4 7 17 | 11 17 18 20
9781,2025-01-19,6 7 9 10 | 2 5 10 12
9782,2025-01-19,3 7 14 16 | 4 7 11 13
9783,2025-01-20,1 2 17 18 | 1 9 10 16
9784,2025-01-20,4 5 12 17 | 7 14 16 20
9785,2025-01-20,2 6 9 11 | 3 8 12 19
9786,2025-01-20,6 14 15 20 | 1 2 13 15
9787,2025-01-20,7 15 16 18 | 6 13 15 17
9788,2025-01-20,10 17 19 20 | 2 6 15 16
9789,2025-01-20,1 9 12 19 | 4 15 17 18
9790,2025-01-21,1 2 7 17 | 2 14 15 19
9791,2025-01-21,4 9 13 19 | 1 15 16 17
9792,2025-01-21,3 12 17 18 | 1 9 10 11
9793,2025-01-21,3 7 17 20 | 2 6 15 17
9794,2025-01-21,9 11 13 15 | 3 5 7 16
9795,2025-01-21,2 3 7 15 | 2 8 13 20
9796,2025-01-21,2 3 12 17 | 1 9 12 15
9797,2025-01-22,3 15 16 17 | 2 4 5 20
9798,2025-01-22,1 2 8 17 | 8 14 17 18
9799,2025-01-22,12 13 16 18 | 2 14 17 20
9800,2025-01-22,3 8 18 19 | 1 12 15 17
9801,2025-01-22,8 14 18 20 | 1 11 17 18
9802,2025-01-22,1 4 13 19 | 2 5 17 18
9803,2025-01-22,9 13 17 18 | 3 8 9 14
9804,2025-01-23,5 11 14 15 | 2 9 12 17
9805,2025-01-23,1 6 12 14 | 3 4 8 15
9806,2025-01-23,5 9 10 17 | 6 11 12 15
9807,2025-01-23,4 8 9 13 | 11 12 14 19
9808,2025-01-23,2 11 19 20 | 1 5 10 15
9809,2025-01-23,6 8 14 15 | 2 6 14 17
9810,2025-01-23,10 11 15 16 | 3 15 16 17
9811,2025-01-24,3 8 18 19 | 5 8 9 14
9812,2025-01-24,4 14 17 18 | 2 8 9 15
9813,2025-01-24,8 9 14 20 | 6 9 11 12
9814,2025-01-24,4 5 8 18 | 3 14 16 17
9815,2025-01-24,5 7 9 13 | 2 4 5 11
9816,2025-01-24,4 8 13 18 | 8 12 18 19
9817,2025-01-24,3 4 14 16 | 1 8 9 14
9818,2025-01-25,4 10 16 18 | 5 6 13 19
9819,2025-01-25,1 12 19 20 | 8 9 11 19
9820,2025-01-25,3 11 12 16 | 2 7 11 13
9821,2025-01-25,5 6 7 15 | 2 8 11 15
9822,2025-01-25,2 4 6 14 | 1 5 12 17
9823,2025-01-25,3 4 10 16 | 2 5 6 12
9824,2025-01-25,5 6 8 10 | 7 11 16 18
9825,2025-01-26,2 11 18 20 | 3 5 7 15
9826,2025-01-26,2 18 19 20 | 1 5 10 12
9827,2025-01-26,3 4 14 15 | 1 4 10 20
9828,2025-01-26,1 4 6 18 | 2 7 9 19
9829,2025-01-26,8 11 14 19 | 14 15 16 19
9830,2025-01-26,1 8 9 17 | 1 9 13 16
9831,2025-01-26,2 5 17 20 | 1 13 16 20
9832,2025-01-27,2 5 8 10 | 8 10 18 20
9833,2025-01-27,8 11 14 19 | 11 12 13 16
9834,2025-01-27,6 11 14 16 | 3 4 5 18
9835,2025-01-27,9 11 12 15 | 1 7 12 13
9836,2025-01-27,4 6 10 18 | 4 10 13 19
9837,2025-01-27,1 14 18 20 | 4 7 14 16
9838,2025-01-27,8 12 14 16 | 1 6 15 16
9839,2025-01-28,11 12 15 18 | 5 11 12 13
9840,2025-01-28,9 11 13 14 | 5 10 14 19
9841,2025-01-28,10 12 13 20 | 11 12 13 19
9842,2025-01-28,8 11 12 20 | 1 6 9 18
9843,2025-01-28,5 7 8 16 | 3 7 9 20
9844,2025-01-28,3 7 9 15 | 3 6 17 19
9845,2025-01-28,1 4 10 20 | 5 11 17 19
9846,2025-01-29,10 14 17 20 | 11 12 15 16
9847,2025-01-29,4 12 17 20 | 3 4 8 18
9848,2025-01-29,2 10 17 18 | 2 7 12 13
9849,2025-01-29,5 7 16 18 | 8 14 17 20
9850,2025-01-29,2 7 11 20 | 6 8 12 15
9851,2025-01-29,2 15 19 20 | 4 5 10 11
9852,2025-01-29,1 6 13 15 | 4 8 9 19
9853,2025-01-30,1 5 14 17 | 1 4 6 8
9854,2025-01-30,5 14 19 20 | 5 13 14 16
9855,2025-01-30,1 8 9 18 | 5 7 19 20
9856,2025-01-30,4 14 18 19 | 3 11 15 17
9857,2025-01-30,4 9 17 18 | 8 12 15 17
9858,2025-01-30,7 9 14 19 | 12 13 15 17
9859,2025-01-30,6 7 11 17 | 9 12 17 18
9860,2025-01-31,2 8 18 20 | 1 7 17 20
9861,2025-01-31,4 8 18 20 | 1 11 16 20
9862,2025-01-31,8 11 13 18 | 8 9 10 16
9863,2025-01-31,4 5 16 19 | 3 6 8 12
9864,2025-01-31,3 6 10 16 | 2 6 11 16
9865,2025-01-31,3 7 17 19 | 1 3 5 17
9866,2025-01-31,3 5 10 19 | 2 4 7 16
9867,2025-02-01,7 8 13 20 | 7 9 13 15
9868,2025-02-01,4 5 8 19 | 2 4 5 20
9869,2025-02-01,5 13 14 15 | 7 8 11 19
9870,2025-02-01,10 14 15 17 | 1 5 14 15
9871,2025-02-01,5 7 10 15 | 8 14 18 20
9872,2025-02-01,1 7 8 18 | 3 8 9 16
9873,2025-02-01,3 6 8 9 | 2 10 11 16
9874,2025-02-02,12 16 18 20 | 6 10 11 17
9875,2025-02-02,5 8 14 18 | 5 10 15 20
9876,2025-02-02,1 2 10 19 | 2 12 14 15
9877,2025-02-02,12 16 18 19 | 4 6 13 17
9878,2025-02-02,1 5 15 18 | 2 4 13 14
9879,2025-02-02,4 16 19 20 | 2 10 16 19
9880,2025-02-02,7 8 15 20 | 8 9 18 19
9881,2025-02-03,7 8 16 17 | 2 8 9 18
9882,2025-02-03,1 8 10 16 | 10 12 13 20
9883,2025-02-03,1 7 9 14 | 9 13 15 19
9884,2025-02-03,4 15 16 19 | 10 17 18 19
9885,2025-02-03,11 13 14 15 | 3 9 10 15
9886,2025-02-03,4 10 17 20 | 6 11 18 19
9887,2025-02-03,1 5 12 18 | 4 11 17 18
9888,2025-02-04,2 4 13 19 | 10 18 19 20
9889,2025-02-04,6 8 12 16 | 3 6 14 18
9890,2025-02-04,3 7 9 20 | 7 12 18 20
9891,2025-02-04,2 3 10 14 | 1 2 7 15
9892,2025-02-04,10 12 13 16 | 4 5 16 19
9893,2025-02-04,6 12 15 17 | 8 10 12 14
9894,2025-02-04,2 5 6 7 | 6 8 12 13
9895,2025-02-05,3 11 18 20 | 3 8 15 20
9896,2025-02-05,1 4 5 7 | 7 8 11 13
9897,2025-02-05,8 9 10 13 | 2 4 5 19
9898,2025-02-05,3 8 11 15 | 5 6 12 18
9899,2025-02-05,5 9 10 14 | 2 3 4 16
9900,2025-02-05,7 9 13 19 | 6 8 11 16
9901,2025-02-05,3 4 6 7 | 2 8 14 18
9902,2025-02-06,5 13 14 18 | 3 9 11 14
9903,2025-02-06,8 10 13 20 | 1 2 7 10
9904,2025-02-06,11 16 18 19 | 14 17 18 19
9905,2025-02-06,2 7 12 14 | 9 11 14 20
9906,2025-02-06,3 4 13 14 | 1 2 4 5
9907,2025-02-06,5 8 11 13 | 2 5 14 15
9908,2025-02-06,4 9 10 13 | 10 12 14 16
9909,2025-02-07,1 4 5 20 | 1 2 10 17
9910,2025-02-07,1 2 7 11 | 1 6 8 20
9911,2025-02-07,5 16 18 19 | 1 3 11 18
9912,2025-02-07,3 18 19 20 | 3 5 8 15
9913,2025-02-07,9 10 11 18 | 2 11 14 15
9914,2025-02-07,1 5 13 20 | 1 8 13 19
9915,2025-02-07,4 8 17 18 | 10 11 15 19
9916,2025-02-08,4 14 16 17 | 2 6 9 11
9917,2025-02-08,5 11 12 16 | 4 10 15 16
9918,2025-02-08,4 9 11 16 | 9 13 17 19
9919,2025-02-08,12 18 19 20 | 5 6 7 17
9920,2025-02-08,4 6 8 18 | 7 8 16 18
9921,2025-02-08,3 6 13 19 | 9 11 17 18
9922,2025-02-08,4 9 13 20 | 10 11 12 17
9923,2025-02-09,2 5 14 17 | 4 5 8 14
9924,2025-02-09,2 5 15 18 | 2 4 8 15
9925,2025-02-09,4 6 11 12 | 3 12 13 16
9926,2025-02-09,6 7 13 20 | 2 8 9 17
9927,2025-02-09,3 5 14 20 | 2 3 13 18
9928,2025-02-09,1 4 9 11 | 4 10 15 19
9929,2025-02-09,2 14 16 17 | 2 4 5 13
9930,2025-02-10,6 10 11 14 | 4 7 13 14
9931,2025-02-10,1 11 13 20 | 1 4 11 14
9932,2025-02-10,3 4 6 20 | 4 7 17 20
9933,2025-02-10,8 9 13 19 | 1 8 14 20
9934,2025-02-10,6 9 16 18 | 3 4 10 12
9935,2025-02-10,1 12 19 20 | 13 15 18 20
9936,2025-02-10,1 9 17 18 | 2 5 7 15
9937,2025-02-11,15 17 18 19 | 4 5 8 13
9938,2025-02-11,3 4 7 8 | 4 10 16 17
9939,2025-02-11,1 9 15 17 | 1 9 10 13
9940,2025-02-11,1 4 8 15 | 4 7 10 14
9941,2025-02-11,4 6 15 18 | 5 12 13 19
9942,2025-02-11,2 3 4 16 | 1 10 12 20
9943,2025-02-11,4 7 11 18 | 1 5 7 13
9944,2025-02-12,3 9 15 19 | 1 6 7 11
9945,2025-02-12,3 8 10 15 | 1 2 8 19
9946,2025-02-12,8 13 16 17 | 1 4 5 11
9947,2025-02-12,1 8 12 13 | 11 13 14 17
9948,2025-02-12,2 8 11 15 | 11 16 17 18
9949,2025-02-12,3 6 12 13 | 3 6 11 16
9950,2025-02-12,4 5 15 19 | 4 9 13 19
9951,2025-02-13,4 11 12 18 | 10 13 15 16
9952,2025-02-13,3 4 6 7 | 4 6 11 17
9953,2025-02-13,1 5 13 18 | 2 4 5 8
9954,2025-02-13,1 2 4 18 | 5 6 7 19
9955,2025-02-13,1 2 14 17 | 12 14 15 20
9956,2025-02-13,4 7 11 12 | 1 6 9 11
9957,2025-02-13,5 15 18 19 | 3 4 6 16
9958,2025-02-14,3 4 6 14 | 1 10 19 20
9959,2025-02-14,10 13 17 19 | 1 5 11 20
9960,2025-02-14,2 3 5 6 | 10 12 15 17
9961,2025-02-14,2 7 13 19 | 3 6 13 17
9962,2025-02-14,5 9 17 19 | 4 9 14 17
9963,2025-02-14,5 15 18 20 | 7 11 12 19
9964,2025-02-14,6 12 15 20 | 4 12 16 18
9965,2025-02-15,1 5 12 13 | 4 9 14 15
9966,2025-02-15,10 13 14 20 | 3 4 7 11
9967,2025-02-15,1 10 15 17 | 1 10 12 13
9968,2025-02-15,7 8 15 18 | 2 11 12 15
9969,2025-02-15,4 13 17 20 | 5 6 17 19
9970,2025-02-15,4 8 14 15 | 1 3 5 14
9971,2025-02-15,7 10 15 17 | 2 7 9 19
9972,2025-02-16,2 4 6 17 | 6 9 12 14
9973,2025-02-16,5 6 10 18 | 6 15 16 20
9974,2025-02-16,8 11 14 19 | 9 10 16 18
9975,2025-02-16,5 6 14 19 | 14 15 16 19
9976,2025-02-16,3 6 15 19 | 8 13 18 19
9977,2025-02-16,5 9 10 15 | 8 12 18 19
9978,2025-02-16,9 12 18 20 | 4 6 7 11
9979,2025-02-17,5 9 13 14 | 3 4 6 19
9980,2025-02-17,4 12 13 17 | 1 6 16 17
9981,2025-02-17,3 6 10 18 | 6 10 17 20
9982,2025-02-17,4 6 9 17 | 4 7 10 12
9983,2025-02-17,2 9 12 19 | 1 4 16 19
9984,2025-02-17,10 11 14 20 | 5 6 8 9
9985,2025-02-17,3 6 15 16 | 4 7 16 20
9986,2025-02-18,2 8 15 18 | 6 9 12 13
9987,2025-02-18,1 6 9 10 | 2 4 7 12
9988,2025-02-18,1 10 15 17 | 11 13 14 20
9989,2025-02-18,5 8 10 11 | 11 14 17 19
9990,2025-02-18,2 3 9 15 | 1 6 7 20
9991,2025-02-18,3 9 15 16 | 11 13 15 19
9992,2025-02-18,1 4 12 19 | 3 6 10 18
9993,2025-02-19,10 11 16 17 | 2 3 9 17
9994,2025-02-19,2 3 11 14 | 3 7 16 19
9995,2025-02-19,2 3 14 17 | 4 9 16 20
9996,2025-02-19,1 2 8 17 | 10 14 17 20
9997,2025-02-19,1 11 13 15 | 2 12 18 20
9998,2025-02-19,6 13 15 19 | 2 9 14 20
9999,2025-02-19,1 3 16 17 | 4 6 8 16
10000,2025-02-20,6 9 10 13 | 7 8 13 15
10001,2025-02-20,2 6 8 14 | 1 4 11 12
10002,2025-02-20,3 5 6 7 | 16 18 19 20
10003,2025-02-20,3 7 12 13 | 1 11 12 13
10004,2025-02-20,7 10 16 17 | 1 5 6 11
10005,2025-02-20,2 9 15 16 | 9 11 16 17
10006,2025-02-20,2 3 5 17 | 5 9 13 15
10007,2025-02-21,5 12 18 19 | 1 5 15 20
10008,2025-02-21,3 6 8 12 | 3 12 13 18
10009,2025-02-21,5 10 16 18 | 2 5 14 15
10010,2025-02-21,2 6 14 16 | 7 10 19 20
10011,2025-02-21,5 10 11 14 | 2 5 11 13
10012,2025-02-21,2 5 7 16 | 3 8 16 20
10013,2025-02-21,5 9 14 19 | 5 18 19 20
10014,2025-02-22,4 5 13 14 | 3 15 18 20
10015,2025-02-22,3 8 16 17 | 3 7 10 17
10016,2025-02-22,1 3 14 20 | 3 5 16 20
10017,2025-02-22,2 10 14 20 | 3 7 14 16
10018,2025-02-22,5 7 17 20 | 7 8 12 13
10019,2025-02-22,5 7 9 18 | 6 10 11 18
10020,2025-02-22,2 9 11 16 | 11 16 19 20
10021,2025-02-23,6 15 16 20 | 4 5 7 10
10022,2025-02-23,1 4 8 11 | 1 12 13 20
10023,2025-02-23,5 6 10 11 | 5 6 10 18
10024,2025-02-23,8 14 15 18 | 5 12 13 19
10025,2025-02-23,3 5 6 12 | 5 6 11 18
10026,2025-02-23,3 4 10 15 | 6 7 8 18
10027,2025-02-23,1 3 5 9 | 5 9 11 19
10028,2025-02-24,1 4 8 17 | 2 7 9 14
10029,2025-02-24,3 5 8 13 | 11 13 14 15
10030,2025-02-24,1 8 12 13 | 2 6 12 20
10031,2025-02-24,1 3 13 14 | 7 8 10 20
10032,2025-02-24,1 5 10 12 | 1 3 17 20
10033,2025-02-24,5 15 16 18 | 1 5 14 15
10034,2025-02-24,7 11 13 14 | 11 15 16 17
10035,2025-02-25,3 7 12 15 | 3 8 15 16
10036,2025-02-25,3 13 14 20 | 4 5 17 19
10037,2025-02-25,2 6 8 19 | 3 8 11 20
10038,2025-02-25,4 9 12 13 | 3 5 18 19
10039,2025-02-25,1 2 12 13 | 3 10 12 19
10040,2025-02-25,6 8 10 19 | 3 7 15 16
10041,2025-02-25,8 10 14 16 | 3 4 9 12
10042,2025-02-26,4 8 12 20 | 5 7 8 18
10043,2025-02-26,4 8 13 16 | 4 7 8 14
10044,2025-02-26,6 13 16 19 | 6 7 10 17
10045,2025-02-26,4 9 15 18 | 5 9 12 20
10046,2025-02-26,7 8 18 20 | 5 8 11 15
10047,2025-02-26,5 6 14 20 | 4 10 17 18
10048,2025-02-26,2 7 10 15 | 2 5 6 10
10049,2025-02-27,2 3 5 9 | 3 9 15 20
10050,2025-02-27,5 14 17 18 | 2 3 6 10
10051,2025-02-27,6 10 15 19 | 2 8 12 16
10052,2025-02-27,4 5 14 16 | 2 3 6 11
10053,2025-02-27,8 14 16 20 | 3 7 13 19
10054,2025-02-27,2 3 14 17 | 4 5 8 18
10055,2025-02-27,1 5 12 18 | 10 16 17 19
10056,2025-02-28,3 7 14 16 | 8 11 13 18
10057,2025-02-28,2 12 13 20 | 10 12 17 20
10058,2025-02-28,4 7 10 17 | 7 9 13 16
10059,2025-02-28,6 10 11 18 | 6 7 9 14
10060,2025-02-28,9 14 18 19 | 4 5 8 13
10061,2025-02-28,12 16 17 18 | 11 14 15 19
10062,2025-02-28,3 5 15 19 | 5 18 19 20
10063,2025-03-01,12 14 19 20 | 6 8 11 17
10064,2025-03-01,1 7 10 17 | 3 10 19 20
10065,2025-03-01,5 14 16 18 | 2 5 12 15
10066,2025-03-01,5 8 17 20 | 2 9 11 16
10067,2025-03-01,4 5 9 16 | 2 3 12 16
10068,2025-03-01,3 6 7 19 | 1 3 16 18
10069,2025-03-01,1 9 13 16 | 12 16 17 20
10070,2025-03-02,2 8 17 20 | 4 6 8 18
10071,2025-03-02,2 9 13 17 | 1 8 16 19
10072,2025-03-02,4 9 12 18 | 3 5 13 19
10073,2025-03-02,11 15 16 19 | 1 5 9 13
10074,2025-03-02,4 7 12 16 | 4 5 15 20
10075,2025-03-02,4 9 19 20 | 2 12 19 20
10076,2025-03-02,9 12 14 17 | 2 5 15 20
10077,2025-03-03,4 7 8 16 | 1 3 5 20
10078,2025-03-03,10 14 17 18 | 2 3 6 19
10079,2025-03-03,5 6 7 8 | 2 4 11 15
10080,2025-03-03,3 15 17 18 | 1 11 17 20
10081,2025-03-03,4 9 13 17 | 8 11 17 18
10082,2025-03-03,3 10 11 13 | 6 10 12 13
10083,2025-03-03,5 10 16 17 | 7 9 11 17
10084,2025-03-04,2 4 7 14 | 6 14 15 16
10085,2025-03-04,2 7 13 17 | 9 15 16 19
10086,2025-03-04,1 2 3 6 | 3 4 6 14
10087,2025-03-04,14 15 18 19 | 4 5 6 16
10088,2025-03-04,6 9 10 18 | 3 11 12 13
10089,2025-03-04,7 9 11 13 | 4 5 6 14
10090,2025-03-04,6 12 14 17 | 1 3 9 14
10091,2025-03-05,3 7 10 18 | 5 7 9 10
10092,2025-03-05,1 5 8 16 | 4 9 11 20
10093,2025-03-05,12 13 14 20 | 2 7 10 12
10094,2025-03-05,4 6 14 19 | 1 4 6 8
10095,2025-03-05,3 13 15 17 | 3 7 12 13
10096,2025-03-05,7 8 9 17 | 4 7 14 17
10097,2025-03-05,5 11 12 19 | 3 7 16 17
10098,2025-03-06,14 15 16 17 | 2 3 15 18
10099,2025-03-06,5 11 12 17 | 4 5 14 17
10100,2025-03-06,4 7 12 13 | 7 11 12 20
10101,2025-03-06,4 8 12 13 | 4 9 11 17
10102,2025-03-06,1 3 12 15 | 4 12 15 18
10103,2025-03-06,4 6 15 18 | 4 8 16 19
10104,2025-03-06,3 4 12 19 | 1 11 17 18
10105,2025-03-07,6 9 10 19 | 2 12 17 18
10106,2025-03-07,4 9 12 14 | 8 15 17 20
10107,2025-03-07,2 5 11 13 | 2 3 5 12
10108,2025-03-07,3 8 11 13 | 8 12 13 20
10109,2025-03-07,1 7 14 19 | 2 7 8 18
10110,2025-03-07,2 4 7 17 | 5 12 17 18
10111,2025-03-07,3 10 13 20 | 3 8 13 18
10112,2025-03-08,2 4 10 15 | 15 17 18 19
10113,2025-03-08,1 6 9 20 | 1 6 12 16
10114,2025-03-08,1 5 7 9 | 3 5 15 20
10115,2025-03-08,4 6 8 14 | 7 10 18 19
10116,2025-03-08,3 11 15 18 | 5 6 13 16
10117,2025-03-08,2 4 8 13 | 9 10 13 14
10118,2025-03-08,2 12 13 19 | 1 9 16 17
10119,2025-03-09,6 10 16 17 | 3 9 10 13
10120,2025-03-09,2 4 16 20 | 4 5 15 20
10121,2025-03-09,10 11 12 14 | 8 10 14 19
10122,2025-03-09,7 12 13 20 | 7 9 12 15
10123,2025-03-09,4 8 9 15 | 4 6 8 17
10124,2025-03-09,6 15 18 20 | 3 4 7 8
10125,2025-03-09,2 4 8 13 | 4 9 10 11
10126,2025-03-10,7 12 15 16 | 1 9 15 17
10127,2025-03-10,1 7 9 14 | 9 15 16 19
10128,2025-03-10,1 9 11 16 | 2 8 16 20
10129,2025-03-10,2 3 5 18 | 1 5 6 13
10130,2025-03-10,15 17 18 19 | 4 5 9 17
10131,2025-03-10,2 7 12 13 | 3 5 14 17
10132,2025-03-10,4 13 14 20 | 5 18 19 20
10133,2025-03-11,2 6 8 17 | 1 11 14 16
10134,2025-03-11,5 7 9 13 | 2 7 14 19
10135,2025-03-11,4 15 16 20 | 4 12 16 17
10136,2025-03-11,7 8 16 17 | 1 6 9 13
10137,2025-03-11,5 6 9 19 | 2 3 6 12
10138,2025-03-11,1 10 14 19 | 2 8 12 19
10139,2025-03-11,1 10 12 18 | 10 11 14 19
10140,2025-03-12,5 6 15 19 | 3 5 6 16
10141,2025-03-12,3 9 13 19 | 2 7 13 15
10142,2025-03-12,4 6 9 16 | 5 10 11 12
10143,2025-03-12,1 10 11 12 | 5 7 11 19
10144,2025-03-12,11 12 13 18 | 3 17 18 20
10145,2025-03-12,1 10 17 20 | 5 6 11 12
10146,2025-03-12,1 2 7 10 | 4 12 14 18
10147,2025-03-13,1 14 15 17 | 6 15 16 17
10148,2025-03-13,9 11 14 15 | 1 9 16 18
10149,2025-03-13,2 8 16 17 | 11 13 18 19
10150,2025-03-13,5 10 16 17 | 5 8 17 20
10151,2025-03-13,3 4 9 12 | 6 8 10 11
10152,2025-03-13,9 14 15 19 | 5 8 12 14
10153,2025-03-13,3 7 14 19 | 2 3 9 16
10154,2025-03-14,3 8 16 19 | 7 12 14 15
10155,2025-03-14,2 10 12 16 | 1 2 13 16
10156,2025-03-14,1 9 15 19 | 7 11 12 20
10157,2025-03-14,2 9 17 19 | 7 11 15 17
10158,2025-03-14,9 11 12 17 | 8 11 14 15
10159,2025-03-14,1 6 14 17 | 3 10 11 19
10160,2025-03-14,2 6 8 9 | 7 13 17 19
10161,2025-03-15,2 6 9 13 | 1 3 4 19
10162,2025-03-15,10 12 19 20 | 2 7 9 17
10163,2025-03-15,2 3 16 17 | 1 4 11 15
10164,2025-03-15,7 11 14 16 | 4 15 18 20
10165,2025-03-15,6 12 17 18 | 3 9 12 16
10166,2025-03-15,7 8 9 14 | 3 9 10 11
10167,2025-03-15,2 16 17 18 | 8 10 15 17
10168,2025-03-16,4 8 16 18 | 1 4 9 14
10169,2025-03-16,4 5 9 20 | 3 4 6 17
10170,2025-03-16,1 4 5 20 | 4 6 7 14
10171,2025-03-16,2 11 12 16 | 10 12 17 19
10172,2025-03-16,3 4 9 19 | 3 7 17 18
10173,2025-03-16,2 10 13 18 | 6 7 12 18
10174,2025-03-16,4 16 17 18 | 2 14 16 17
10175,2025-03-17,3 5 9 14 | 3 12 18 20
10176,2025-03-17,4 7 12 16 | 1 2 3 11
10177,2025-03-17,11 16 18 19 | 1 12 17 20
10178,2025-03-17,1 5 12 15 | 3 12 13 17
10179,2025-03-17,1 2 6 12 | 6 11 15 17
10180,2025-03-17,1 3 4 11 | 6 7 10 20
10181,2025-03-17,1 5 10 19 | 2 7 8 11
10182,2025-03-18,3 6 10 11 | 1 5 15 17
10183,2025-03-18,2 5 7 18 | 7 15 18 19
10184,2025-03-18,1 10 11 12 | 5 7 12 16
10185,2025-03-18,3 4 5 15 | 2 3 10 20
10186,2025-03-18,1 9 12 19 | 9 10 12 14
10187,2025-03-18,2 8 13 16 | 2 4 8 17
10188,2025-03-18,1 4 8 17 | 11 13 16 17
10189,2025-03-19,1 5 13 20 | 3 5 10 13
10190,2025-03-19,4 5 13 16 | 11 15 16 18
10191,2025-03-19,5 11 13 16 | 12 13 14 16
10192,2025-03-19,3 10 13 15 | 2 5 13 16
10193,2025-03-19,1 3 14 17 | 2 3 4 8
10194,2025-03-19,2 9 14 15 | 2 5 9 17
10195,2025-03-19,6 8 13 18 | 1 4 9 19
10196,2025-03-20,7 8 12 15 | 3 5 9 13
10197,2025-03-20,3 5 8 18 | 1 2 10 17
10198,2025-03-20,7 12 17 20 | 5 7 14 17
10199,2025-03-20,7 8 10 11 | 5 11 14 17
10200,2025-03-20,10 12 16 20 | 6 7 14 16
10201,2025-03-20,5 6 16 18 | 6 7 13 15
10202,2025-03-20,12 14 15 19 | 1 10 14 16
10203,2025-03-21,7 9 17 20 | 3 6 12 16
10204,2025-03-21,5 6 13 17 | 3 5 10 12
10205,2025-03-21,2 3 19 20 | 4 5 14 18
10206,2025-03-21,5 16 17 20 | 1 4 6 10
10207,2025-03-21,5 8 10 18 | 1 2 7 15
10208,2025-03-21,9 11 14 19 | 4 9 14 19
10209,2025-03-21,1 8 11 13 | 5 10 11 18
10210,2025-03-22,5 6 10 15 | 5 7 8 17
10211,2025-03-22,2 3 5 8 | 7 10 15 19
10212,2025-03-22,7 9 16 19 | 11 12 14 17
10213,2025-03-22,3 9 15 18 | 2 6 11 12
10214,2025-03-22,6 7 12 17 | 5 6 18 19
10215,2025-03-22,4 14 15 17 | 4 9 13 19
10216,2025-03-22,10 18 19 20 | 8 11 13 19
10217,2025-03-23,6 11 13 18 | 1 3 7 15
10218,2025-03-23,1 13 17 19 | 1 12 14 17
10219,2025-03-23,2 4 10 11 | 5 11 12 18
10220,2025-03-23,1 2 18 19 | 6 9 13 15
10221,2025-03-23,10 14 15 17 | 3 8 15 19
10222,2025-03-23,5 7 9 20 | 3 10 15 20
10223,2025-03-23,3 11 15 20 | 3 5 11 14
10224,2025-03-24,1 4 9 20 | 2 4 7 17
10225,2025-03-24,1 2 8 16 | 2 8 9 17
10226,2025-03-24,2 10 11 15 | 2 3 6 17
10227,2025-03-24,1 4 6 12 | 2 5 10 18
10228,2025-03-24,3 6 14 16 | 3 10 11 19
10229,2025-03-24,2 18 19 20 | 1 4 6 20
10230,2025-03-24,3 7 9 15 | 3 9 10 11
10231,2025-03-25,1 4 12 20 | 1 17 19 20
10232,2025-03-25,5 11 13 17 | 2 5 8 17
10233,2025-03-25,3 6 9 19 | 7 8 13 17
10234,2025-03-25,9 12 14 19 | 2 4 6 7
10235,2025-03-25,3 7 8 14 | 2 15 17 19
10236,2025-03-25,13 15 16 18 | 6 8 12 17
10237,2025-03-25,3 13 14 19 | 1 5 9 12
10238,2025-03-26,1 4 17 19 | 1 4 11 16
10239,2025-03-26,6 7 11 17 | 5 15 17 20
10240,2025-03-26,1 7 10 15 | 2 13 14 19
10241,2025-03-26,5 7 8 10 | 11 15 18 19
10242,2025-03-26,11 16 17 20 | 1 11 13 17
10243,2025-03-26,4 12 17 19 | 6 7 13 20
10244,2025-03-26,6 13 14 20 | 5 6 7 20
10245,2025-03-27,5 9 13 19 | 4 5 6 9
10246,2025-03-27,2 6 8 15 | 7 10 13 17
10247,2025-03-27,6 12 13 19 | 9 11 16 19
10248,2025-03-27,8 14 15 19 | 3 10 13 20
10249,2025-03-27,5 12 13 18 | 5 13 14 17
10250,2025-03-27,6 13 18 20 | 2 7 15 19
10251,2025-03-27,1 6 9 13 | 2 11 12 16
10252,2025-03-28,1 3 12 20 | 1 2 19 20
10253,2025-03-28,5 10 15 18 | 3 9 10 15
10254,2025-03-28,3 14 15 18 | 8 11 12 14
10255,2025-03-28,5 9 19 20 | 5 6 7 9
10256,2025-03-28,5 6 9 16 | 3 7 13 15
10257,2025-03-28,8 10 14 15 | 2 6 14 20
10258,2025-03-28,10 11 15 19 | 1 5 8 11
10259,2025-03-29,3 5 9 10 | 3 5 9 15
10260,2025-03-29,7 8 15 18 | 3 4 9 13
10261,2025-03-29,3 4 14 16 | 3 7 8 9
10262,2025-03-29,2 7 11 16 | 1 3 8 14
10263,2025-03-29,8 11 14 15 | 1 2 4 16
10264,2025-03-29,4 6 12 18 | 6 9 18 19
10265,2025-03-29,5 8 9 18 | 6 12 15 19
10266,2025-03-30,2 4 6 16 | 2 9 11 16
10267,2025-03-30,1 6 15 20 | 10 15 19 20
10268,2025-03-30,7 12 14 15 | 5 9 10 17
10269,2025-03-30,1 8 10 14 | 1 10 12 15
10270,2025-03-30,3 6 7 10 | 3 8 9 12
10271,2025-03-30,1 10 13 18 | 6 11 13 17
10272,2025-03-30,2 4 14 15 | 5 17 18 19
10273,2025-03-31,2 8 15 16 | 5 10 18 20
10274,2025-03-31,6 11 12 16 | 4 7 10 14
10275,2025-03-31,1 3 6 19 | 5 10 17 18
10276,2025-03-31,2 15 16 19 | 13 17 18 19
10277,2025-03-31,2 3 6 9 | 1 10 16 18
10278,2025-03-31,4 5 9 14 | 1 13 16 19
10279,2025-04-03,1 3 15 19 | 5 13 15 19
10280,2025-04-04,5 9 15 20 | 3 4 7 15
10281,2025-04-04,13 15 17 19 | 1 6 13 19
10282,2025-04-04,3 10 14 18 | 2 4 12 18
10283,2025-04-04,10 11 15 16 | 7 14 18 19
10284,2025-04-04,1 4 7 9 | 9 13 14 15
10285,2025-04-04,6 8 9 16 | 8 9 18 19
10286,2025-04-04,4 9 10 11 | 3 4 14 16
10287,2025-04-05,1 3 6 9 | 1 3 7 13
10288,2025-04-05,2 8 9 16 | 3 7 9 13
10289,2025-04-05,2 11 19 20 | 11 14 15 17
10290,2025-04-05,2 10 16 19 | 2 9 12 15
10291,2025-04-05,1 6 17 20 | 2 6 19 20
10292,2025-04-05,1 5 12 18 | 2 3 7 16
10293,2025-04-05,4 8 10 20 | 2 3 7 15
10294,2025-04-06,2 5 15 20 | 8 12 16 17
10295,2025-04-06,4 11 12 19 | 4 7 8 14
10296,2025-04-06,7 11 14 17 | 6 8 10 17
10297,2025-04-06,3 12 16 18 | 2 14 16 19
10298,2025-04-06,6 7 18 19 | 3 9 16 20
10299,2025-04-06,1 6 14 15 | 3 4 10 17
10300,2025-04-06,3 10 11 19 | 5 16 18 20
10301,2025-04-07,2 10 19 20 | 1 3 10 15
10302,2025-04-07,4 8 12 16 | 4 12 13 14
10303,2025-04-07,2 12 14 20 | 3 8 9 18
10304,2025-04-07,3 15 18 20 | 5 15 17 20
10305,2025-04-07,2 7 10 17 | 2 10 14 19
10306,2025-04-07,8 13 15 16 | 1 3 4 5
10307,2025-04-07,5 7 18 20 | 3 8 10 12
10308,2025-04-08,3 11 14 17 | 2 9 10 13
10309,2025-04-08,6 8 10 18 | 2 8 16 18
10310,2025-04-08,2 9 14 16 | 12 14 15 19
10311,2025-04-08,3 7 12 13 | 8 9 10 14
10312,2025-04-08,2 5 14 18 | 5 14 15 16
10313,2025-04-08,6 10 16 20 | 2 4 17 19
10314,2025-04-08,12 14 16 17 | 2 8 18 20
10315,2025-04-09,2 11 17 20 | 4 8 9 13
10316,2025-04-09,3 7 8 14 | 4 7 9 15
10317,2025-04-09,6 8 15 18 | 3 9 15 17
10318,2025-04-09,9 10 11 20 | 2 4 9 10
10319,2025-04-09,2 3 5 17 | 3 4 7 10
10320,2025-04-09,2 5 6 15 | 2 4 14 15
10321,2025-04-09,1 4 9 17 | 2 6 13 18
10322,2025-04-10,9 11 12 16 | 4 8 12 17
10323,2025-04-10,1 2 13 19 | 2 15 18 19
10324,2025-04-10,8 9 12 13 | 5 15 18 20
10325,2025-04-10,6 7 10 19 | 1 2 5 6
10326,2025-04-10,5 6 19 20 | 4 7 12 14
10327,2025-04-10,8 10 13 20 | 6 10 16 19
10328,2025-04-10,1 5 11 19 | 9 14 15 16
10329,2025-04-11,2 14 19 20 | 3 10 15 17
10330,2025-04-11,9 11 13 16 | 1 11 17 18
10331,2025-04-11,5 7 13 18 | 4 10 13 20
10332,2025-04-11,7 10 13 18 | 6 14 15 16
10333,2025-04-11,2 11 13 19 | 11 13 18 19
10334,2025-04-11,8 11 12 20 | 3 4 19 20
10335,2025-04-11,1 5 9 13 | 3 5 11 16
10336,2025-04-12,7 11 14 18 | 12 13 16 20
10337,2025-04-12,1 2 6 11 | 6 9 17 20
10338,2025-04-12,2 12 18 20 | 11 13 17 20
10339,2025-04-12,2 8 14 15 | 8 9 11 16
10340,2025-04-12,2 6 15 17 | 2 6 9 14
10341,2025-04-12,1 5 12 19 | 1 8 11 17
10342,2025-04-12,12 17 18 19 | 9 12 16 19
10343,2025-04-13,3 6 13 15 | 1 8 10 13
10344,2025-04-13,1 9 13 19 | 7 8 15 18
10345,2025-04-13,1 4 9 18 | 4 6 13 14
10346,2025-04-13,10 11 17 18 | 4 11 13 17
10347,2025-04-13,4 7 12 19 | 8 10 17 18
10348,2025-04-13,3 5 11 14 | 4 7 10 19
10349,2025-04-13,5 7 15 16 | 1 11 16 19
10350,2025-04-14,9 16 19 20 | 3 4 7 11
10351,2025-04-14,5 10 17 18 | 4 7 14 17
10352,2025-04-14,3 4 12 14 | 9 12 17 18
10353,2025-04-14,4 6 10 17 | 2 6 9 10
10354,2025-04-14,10 15 17 20 | 4 16 17 20
10355,2025-04-14,5 9 13 20 | 5 7 14 16
10356,2025-04-14,3 4 11 12 | 2 10 12 13
10357,2025-04-15,3 6 10 18 | 6 7 15 16
10358,2025-04-15,3 6 11 20 | 5 8 14 20
10359,2025-04-15,5 9 12 16 | 3 4 10 19
10360,2025-04-15,3 6 15 19 | 10 14 15 18
10361,2025-04-15,4 7 8 17 | 8 9 15 18
10362,2025-04-15,3 10 12 16 | 1 15 17 20
10363,2025-04-15,5 11 18 19 | 6 7 16 20
10364,2025-04-16,1 5 12 18 | 1 5 13 14
10365,2025-04-16,4 9 10 18 | 2 10 11 12
10366,2025-04-16,6 7 18 19 | 7 8 9 15
10367,2025-04-16,2 7 10 16 | 4 5 11 19
10368,2025-04-16,5 12 14 17 | 6 10 13 16
10369,2025-04-16,3 9 12 19 | 2 4 12 13
10370,2025-04-16,2 5 8 19 | 2 10 17 19
10371,2025-04-17,11 15 16 18 | 11 16 17 20
10372,2025-04-17,1 10 15 17 | 4 6 11 18
10373,2025-04-17,5 6 8 18 | 7 10 14 18
10374,2025-04-17,2 4 13 16 | 3 11 18 20
10375,2025-04-17,7 15 18 19 | 7 15 18 20
10376,2025-04-17,10 12 15 17 | 2 3 13 14
10377,2025-04-17,4 7 16 20 | 3 5 6 7
10378,2025-04-18,7 8 17 18 | 9 10 12 18
10379,2025-04-18,4 6 10 19 | 4 13 14 19
10380,2025-04-18,2 6 9 15 | 3 8 16 18
10381,2025-04-18,3 7 10 14 | 3 9 11 12
10382,2025-04-18,1 3 11 17 | 4 9 13 18
10383,2025-04-18,8 9 15 18 | 8 9 15 17
10384,2025-04-18,2 14 18 20 | 1 15 17 19
10385,2025-04-19,6 7 16 20 | 2 10 11 12
10386,2025-04-19,5 11 15 20 | 1 3 8 20
10387,2025-04-19,3 8 14 18 | 1 9 14 17
10388,2025-04-19,3 4 7 8 | 9 11 15 19
10389,2025-04-19,1 4 9 17 | 2 4 16 19
10390,2025-04-19,1 11 15 16 | 1 7 15 16
10391,2025-04-19,3 6 8 18 | 1 14 15 17
10392,2025-04-20,2 10 12 15 | 4 11 12 20
10393,2025-04-20,4 13 14 15 | 2 4 13 17
10394,2025-04-20,1 2 5 19 | 1 4 10 15
10395,2025-04-20,2 3 12 16 | 4 7 8 13
10396,2025-04-20,2 3 7 11 | 1 12 16 19
10397,2025-04-20,9 10 13 18 | 1 12 18 20
10398,2025-04-20,4 8 13 16 | 1 2 3 19
10399,2025-04-21,2 7 13 18 | 5 6 10 16
10400,2025-04-21,2 4 17 19 | 10 11 16 18
10401,2025-04-21,2 17 18 19 | 1 4 14 19
10402,2025-04-21,1 5 12 15 | 6 7 13 16
10403,2025-04-21,9 11 16 18 | 2 3 10 13
10404,2025-04-21,1 6 11 20 | 1 13 14 20
10405,2025-04-21,2 4 14 17 | 2 6 15 18
10406,2025-04-22,2 5 7 20 | 3 11 18 20
10407,2025-04-22,5 10 12 20 | 4 6 8 17
10408,2025-04-22,1 5 16 19 | 1 3 16 19
10409,2025-04-22,3 6 13 16 | 7 10 11 14
10410,2025-04-22,1 7 8 20 | 2 17 18 19
10411,2025-04-22,7 10 19 20 | 5 8 12 20
10412,2025-04-22,5 13 17 19 | 11 12 13 20
10413,2025-04-23,1 4 9 10 | 8 9 13 20
10414,2025-04-23,2 7 18 20 | 4 6 14 17
10415,2025-04-23,3 17 19 20 | 3 6 7 14
10416,2025-04-23,1 3 17 20 | 2 5 8 18
10417,2025-04-23,5 7 11 19 | 4 7 8 19
10418,2025-04-23,7 10 14 16 | 13 16 17 20
10419,2025-04-23,2 4 10 16 | 2 3 7 19
10420,2025-04-24,3 8 11 17 | 1 4 9 19
10421,2025-04-24,5 7 16 20 | 2 12 13 15
10422,2025-04-24,7 14 16 20 | 7 8 15 16
10423,2025-04-24,8 14 17 20 | 7 10 12 18
10424,2025-04-24,4 7 13 15 | 6 8 12 16
10425,2025-04-24,1 4 6 10 | 8 10 18 19
10426,2025-04-24,8 12 15 17 | 4 7 9 13
10427,2025-04-25,1 10 11 16 | 2 7 8 12
10428,2025-04-25,10 11 13 19 | 7 11 15 18
10429,2025-04-25,2 9 10 13 | 6 9 13 20
10430,2025-04-25,11 13 18 20 | 3 4 11 14
10431,2025-04-25,7 13 17 19 | 1 2 11 12
10432,2025-04-25,3 13 14 18 | 1 7 12 17
10433,2025-04-25,6 11 15 16 | 4 9 17 18
10434,2025-04-26,7 8 17 19 | 7 11 13 18
10435,2025-04-26,2 12 13 15 | 1 6 9 17
10436,2025-04-26,1 4 11 19 | 3 4 8 10
10437,2025-04-26,1 2 9 14 | 1 4 6 20
10438,2025-04-26,2 4 16 17 | 3 8 15 18
10439,2025-04-26,2 4 5 7 | 2 13 15 17
10440,2025-04-26,4 7 10 15 | 5 15 18 19
10441,2025-04-27,12 13 15 18 | 3 7 13 20
10442,2025-04-27,12 13 19 20 | 4 11 19 20
10443,2025-04-27,1 7 10 18 | 3 5 11 18
10444,2025-04-27,6 8 12 18 | 5 8 10 16
10445,2025-04-27,3 9 10 19 | 2 6 15 17
10446,2025-04-27,8 9 12 16 | 1 2 3 8
10447,2025-04-27,1 5 18 19 | 2 4 5 18
10448,2025-04-28,3 13 16 18 | 6 7 13 14
10449,2025-04-28,1 6 13 20 | 1 5 9 13
10450,2025-04-28,4 9 10 12 | 3 13 18 19
10451,2025-04-28,6 7 15 16 | 2 6 9 19
10452,2025-04-28,4 5 7 16 | 2 7 10 16
10453,2025-04-28,4 14 15 19 | 9 13 14 19
10454,2025-04-28,2 6 8 17 | 9 11 18 19
10455,2025-04-29,3 10 14 20 | 3 7 16 18
10456,2025-04-29,13 18 19 20 | 1 2 14 16
10457,2025-04-29,4 16 18 20 | 4 16 18 20
10458,2025-04-29,4 8 11 14 | 4 10 13 17
10459,2025-04-29,2 4 14 18 | 2 9 13 16
10460,2025-04-29,1 12 14 19 | 5 10 13 19
10461,2025-04-29,7 10 12 17 | 5 6 9 16
10462,2025-04-30,4 13 14 19 | 5 11 14 15
10463,2025-04-30,1 2 5 12 | 1 2 3 12
10464,2025-04-30,3 5 15 18 | 1 11 13 17
10465,2025-04-30,4 5 19 20 | 2 5 17 18
10466,2025-04-30,6 13 16 18 | 8 17 18 19
10467,2025-04-30,10 13 14 20 | 2 4 6 13
10468,2025-04-30,7 11 14 20 | 4 5 17 19
10469,2025-05-01,3 4 6 13 | 4 10 11 14
10470,2025-05-01,6 8 13 15 | 5 8 12 15
10471,2025-05-01,11 14 16 17 | 10 11 14 17
10472,2025-05-01,1 5 10 18 | 6 16 18 20
10473,2025-05-01,6 7 13 19 | 2 10 15 18
10474,2025-05-01,5 6 14 17 | 1 7 11 13
10475,2025-05-01,4 5 7 14 | 3 4 12 17
10476,2025-05-02,2 7 8 18 | 2 15 19 20
10477,2025-05-02,4 8 13 18 | 4 13 15 16
10478,2025-05-02,4 10 13 19 | 5 6 9 12
10479,2025-05-02,5 15 16 19 | 6 8 13 20
10480,2025-05-02,3 8 12 14 | 3 10 11 18
10481,2025-05-02,4 9 12 19 | 1 6 7 8
10482,2025-05-02,1 5 6 20 | 4 9 11 18
10483,2025-05-03,3 5 7 9 | 1 4 6 19
10484,2025-05-03,9 14 15 18 | 5 14 16 17
10485,2025-05-03,3 8 11 20 | 4 6 10 18
10486,2025-05-03,3 6 11 20 | 1 13 18 19
10487,2025-05-03,4 16 19 20 | 6 10 19 20
10488,2025-05-03,2 3 7 18 | 6 9 13 15
10489,2025-05-03,4 13 16 18 | 5 6 11 13
10490,2025-05-04,1 11 14 15 | 1 7 8 15
10491,2025-05-04,7 9 14 18 | 11 12 16 20
10492,2025-05-04,10 11 15 20 | 3 8 15 18
10493,2025-05-04,8 14 19 20 | 8 9 19 20
10494,2025-05-04,1 5 6 16 | 3 9 11 20
10495,2025-05-04,1 17 18 19 | 7 9 12 13
10496,2025-05-04,2 10 12 18 | 2 13 17 19
10497,2025-05-05,9 12 13 17 | 3 5 17 19
10498,2025-05-05,12 14 16 20 | 1 9 15 19
10499,2025-05-05,9 10 14 19 | 5 11 16 18
10500,2025-05-05,1 11 13 17 | 10 13 15 16
10501,2025-05-05,3 10 11 13 | 9 11 13 20
10502,2025-05-05,6 10 12 17 | 13 14 15 20
10503,2025-05-05,10 14 16 17 | 7 10 18 19
10504,2025-05-06,4 6 7 9 | 3 7 11 14
10505,2025-05-06,5 7 9 10 | 4 10 13 14
10506,2025-05-06,7 12 17 18 | 7 13 14 15
10507,2025-05-06,10 16 18 20 | 1 6 10 12
10508,2025-05-06,3 5 7 12 | 4 14 15 16
10509,2025-05-06,2 10 11 17 | 4 7 13 18
10510,2025-05-06,3 13 14 16 | 6 15 16 18
10511,2025-05-07,5 6 12 16 | 5 13 14 19
10512,2025-05-07,11 13 16 18 | 6 11 13 16
10513,2025-05-07,5 9 16 20 | 6 7 11 13
10514,2025-05-07,1 3 4 20 | 1 8 17 19
10515,2025-05-07,5 9 11 12 | 4 10 11 12
10516,2025-05-07,1 14 16 20 | 11 13 17 20
10517,2025-05-07,1 10 12 18 | 2 3 4 17
10518,2025-05-08,2 5 9 10 | 3 4 5 11
10519,2025-05-08,7 15 18 19 | 5 10 11 13
10520,2025-05-08,9 10 17 18 | 2 8 13 18
10521,2025-05-08,4 11 12 18 | 2 11 14 19
10522,2025-05-08,1 5 8 20 | 6 12 13 17
10523,2025-05-08,1 2 6 20 | 8 13 16 19
10524,2025-05-08,7 13 16 18 | 4 8 10 12
10525,2025-05-09,5 11 13 16 | 2 14 16 17
10526,2025-05-09,9 13 14 18 | 1 7 9 13
10527,2025-05-09,4 10 14 16 | 1 4 7 10
10528,2025-05-09,10 14 18 20 | 1 15 16 18
10529,2025-05-09,6 10 16 20 | 2 9 10 11
10530,2025-05-09,4 5 11 14 | 7 8 11 19
10531,2025-05-09,3 12 13 18 | 7 9 10 16
10532,2025-05-10,8 11 13 20 | 2 11 17 18
10533,2025-05-10,3 7 13 19 | 2 11 14 15
10534,2025-05-10,1 7 9 12 | 4 13 14 17
10535,2025-05-10,2 7 10 19 | 1 3 11 13
10536,2025-05-10,2 6 15 19 | 10 11 16 19
10537,2025-05-10,3 5 6 9 | 1 3 4 16
10538,2025-05-10,9 10 14 17 | 6 10 11 15
10539,2025-05-11,5 9 19 20 | 2 8 9 15
10540,2025-05-11,5 7 8 17 | 1 15 16 20
10541,2025-05-11,1 3 9 13 | 3 4 6 13
10542,2025-05-11,2 6 11 13 | 8 17 19 20
10543,2025-05-11,6 8 12 18 | 1 6 11 13
10544,2025-05-11,3 9 10 18 | 7 9 15 18
10545,2025-05-11,8 9 15 17 | 1 12 13 19
10546,2025-05-12,2 5 10 18 | 1 5 11 17
10547,2025-05-12,8 10 14 20 | 1 4 16 18
10548,2025-05-12,3 8 15 19 | 3 6 9 10
10549,2025-05-12,4 5 12 17 | 5 8 12 20
10550,2025-05-12,5 13 15 17 | 2 4 18 20
10551,2025-05-12,1 10 13 16 | 1 2 6 19
10552,2025-05-12,3 5 13 15 | 1 10 11 19
10553,2025-05-13,4 14 18 19 | 5 9 14 20
10554,2025-05-13,2 3 9 18 | 2 4 7 18
10555,2025-05-13,8 12 16 20 | 1 2 19 20
10556,2025-05-13,5 11 17 19 | 6 8 10 12
10557,2025-05-13,3 8 9 10 | 8 13 14 16
10558,2025-05-13,1 2 15 18 | 7 15 18 20
10559,2025-05-13,6 7 10 16 | 3 9 13 19
10560,2025-05-14,4 7 11 17 | 5 10 14 18
10561,2025-05-14,1 9 14 18 | 5 15 17 18
10562,2025-05-14,1 7 11 17 | 4 5 6 9
10563,2025-05-14,5 15 16 20 | 1 3 9 13
10564,2025-05-14,8 9 10 18 | 7 15 17 18
10565,2025-05-14,6 7 14 17 | 8 10 11 13
10566,2025-05-14,4 8 10 18 | 5 6 7 12
10567,2025-05-15,1 5 13 18 | 5 8 13 14
10568,2025-05-15,1 2 9 17 | 1 2 9 11
10569,2025-05-15,10 15 16 18 | 1 5 7 15
10570,2025-05-15,3 9 14 15 | 2 4 6 19
10571,2025-05-15,1 7 9 19 | 4 5 8 19
10572,2025-05-15,2 5 7 14 | 6 9 12 17
10573,2025-05-15,12 16 17 19 | 2 4 6 19
10574,2025-05-16,2 10 12 15 | 5 8 12 16
10575,2025-05-16,2 8 10 14 | 8 10 18 20
10576,2025-05-16,10 15 16 19 | 6 12 14 15
10577,2025-05-16,1 5 8 13 | 1 7 9 15
10578,2025-05-16,3 10 15 16 | 4 16 17 20
10579,2025-05-16,3 5 13 20 | 1 9 19 20
10580,2025-05-16,2 4 8 10 | 1 6 7 12
10581,2025-05-17,2 10 14 18 | 8 13 17 18
10582,2025-05-17,6 7 8 18 | 3 5 9 14
10583,2025-05-17,6 7 12 19 | 7 8 11 20
10584,2025-05-17,5 15 17 19 | 4 7 14 20
10585,2025-05-17,6 8 14 18 | 1 3 4 9
10586,2025-05-17,5 6 14 18 | 3 8 12 14
10587,2025-05-17,3 4 11 18 | 4 7 9 15
10588,2025-05-18,7 11 13 14 | 7 10 18 20
10589,2025-05-18,6 13 14 17 | 1 8 13 17
10590,2025-05-18,1 6 11 13 | 2 7 8 15
10591,2025-05-18,2 10 16 18 | 1 8 16 19
10592,2025-05-18,4 8 9 14 | 4 9 13 17
10593,2025-05-18,5 7 8 19 | 1 4 7 14
10594,2025-05-18,3 6 9 15 | 3 10 13 17
10595,2025-05-19,6 11 12 15 | 4 7 11 12
10596,2025-05-19,8 11 12 13 | 4 5 11 18
10597,2025-05-19,3 8 11 13 | 2 5 15 19
10598,2025-05-19,1 11 15 16 | 8 9 15 18
10599,2025-05-19,1 2 5 16 | 9 15 17 19
10600,2025-05-19,4 5 11 16 | 1 4 15 16
10601,2025-05-19,3 13 17 19 | 1 5 8 19
10602,2025-05-20,9 10 12 20 | 11 13 14 15
10603,2025-05-20,3 7 10 19 | 8 14 15 17
10604,2025-05-20,2 9 15 19 | 3 6 12 17
10605,2025-05-20,3 4 11 15 | 9 13 17 19
10606,2025-05-20,3 15 17 20 | 3 4 14 19
10607,2025-05-20,3 8 14 18 | 5 7 11 14
10608,2025-05-20,2 6 16 17 | 13 14 17 20
10609,2025-05-21,5 7 14 15 | 3 4 12 13
10610,2025-05-21,1 4 9 15 | 8 9 13 15
10611,2025-05-21,4 9 13 15 | 13 15 16 19
10612,2025-05-21,4 10 14 18 | 6 18 19 20
10613,2025-05-21,2 10 15 18 | 6 11 13 14
10614,2025-05-21,7 12 16 17 | 1 3 8 15
10615,2025-05-21,2 5 12 17 | 5 6 15 18
10616,2025-05-22,2 3 4 6 | 1 2 7 8
10617,2025-05-22,5 6 8 17 | 6 8 14 19
10618,2025-05-22,4 9 10 14 | 2 8 14 15
10619,2025-05-22,2 3 5 6 | 8 13 15 17
10620,2025-05-22,5 12 13 14 | 1 4 19 20
10621,2025-05-22,1 2 18 20 | 5 9 10 19
10622,2025-05-22,2 5 9 10 | 2 14 17 19
10623,2025-05-23,1 9 10 17 | 1 3 11 19
10624,2025-05-23,2 9 11 16 | 3 6 8 15
10625,2025-05-23,1 10 13 20 | 2 6 17 18
10626,2025-05-23,2 11 14 15 | 4 6 10 11
10627,2025-05-23,3 5 10 18 | 3 15 18 19
10628,2025-05-23,3 6 14 19 | 2 6 12 20
10629,2025-05-23,3 7 9 16 | 3 5 8 17
10630,2025-05-24,6 11 18 20 | 5 6 14 20
10631,2025-05-24,2 12 13 16 | 1 14 15 18
10632,2025-05-24,5 8 10 11 | 1 5 9 10
10633,2025-05-24,6 7 8 12 | 2 8 14 15
10634,2025-05-24,1 5 14 20 | 3 5 9 13
10635,2025-05-24,3 8 9 13 | 4 6 8 12
10636,2025-05-24,1 3 4 8 | 2 5 7 16
10637,2025-05-25,7 10 13 18 | 2 4 5 12
10638,2025-05-25,1 3 4 17 | 4 11 14 16
10639,2025-05-25,1 2 15 20 | 4 6 14 16
10640,2025-05-25,3 12 14 16 | 4 5 6 19
10641,2025-05-25,3 8 13 15 | 2 3 11 15
10642,2025-05-25,6 8 9 10 | 6 11 13 14
10643,2025-05-25,2 3 7 14 | 8 9 10 12
10644,2025-05-26,2 6 7 19 | 2 7 8 14
10645,2025-05-26,4 14 17 19 | 2 5 9 15
10646,2025-05-26,2 9 11 17 | 2 10 13 14
10647,2025-05-26,6 9 12 15 | 1 2 9 17
10648,2025-05-26,1 5 6 20 | 4 9 13 15
10649,2025-05-26,1 5 7 11 | 6 7 12 18
10650,2025-05-26,5 11 13 16 | 1 4 9 10
10651,2025-05-27,2 4 11 20 | 6 7 8 14
10652,2025-05-27,2 12 15 17 | 2 11 16 20
10653,2025-05-27,5 11 13 16 | 9 11 12 19
10654,2025-05-27,3 4 8 12 | 8 9 17 20
10655,2025-05-27,8 10 14 15 | 2 16 19 20
10656,2025-05-27,5 8 12 19 | 9 13 15 16
10657,2025-05-27,6 7 14 16 | 2 3 10 17
10658,2025-05-28,1 3 12 15 | 8 10 12 17
10659,2025-05-28,10 15 17 20 | 3 16 19 20
10660,2025-05-28,3 5 7 8 | 2 5 6 20
10661,2025-05-28,5 16 17 20 | 8 9 14 18
10662,2025-05-28,11 14 16 20 | 3 4 6 15
10663,2025-05-28,5 7 12 20 | 2 8 11 18
10664,2025-05-28,4 9 11 19 | 6 10 11 15
10665,2025-05-29,13 15 18 20 | 2 10 11 15
10666,2025-05-29,2 3 14 19 | 4 8 15 17
10667,2025-05-29,3 10 18 20 | 8 14 16 18
10668,2025-05-29,4 5 10 14 | 3 8 17 20
10669,2025-05-29,6 13 14 16 | 3 8 17 20
10670,2025-05-29,2 13 14 16 | 1 13 16 17
10671,2025-05-29,3 4 17 20 | 4 9 12 14
10672,2025-05-30,7 8 10 20 | 2 7 8 18
10673,2025-05-30,6 9 10 11 | 1 3 7 17
10674,2025-05-30,2 10 12 19 | 1 6 14 20
10675,2025-05-30,3 8 12 15 | 5 9 16 18
10676,2025-05-30,6 12 17 19 | 4 7 8 10
10677,2025-05-30,4 7 11 13 | 1 3 5 19
10678,2025-05-30,1 2 5 18 | 8 11 13 16
10679,2025-05-31,2 7 14 18 | 4 12 15 19
10680,2025-05-31,3 5 12 18 | 1 13 15 20
10681,2025-05-31,1 2 8 20 | 1 11 15 16
10682,2025-05-31,10 12 13 14 | 3 4 8 13
10683,2025-05-31,1 6 10 18 | 9 11 16 17
10684,2025-05-31,5 7 15 17 | 2 3 5 9
10685,2025-05-31,2 5 6 20 | 1 8 12 18
10686,2025-06-01,2 3 12 18 | 1 15 16 18
10687,2025-06-01,7 9 12 20 | 3 5 7 15
10688,2025-06-01,1 4 5 14 | 5 15 18 20
10689,2025-06-01,5 9 14 15 | 4 10 14 15
10690,2025-06-01,10 13 14 20 | 1 4 19 20
10691,2025-06-01,1 3 5 10 | 1 3 5 17
10692,2025-06-01,3 4 9 20 | 4 6 8 13
10693,2025-06-02,9 10 14 20 | 1 5 8 19
10694,2025-06-02,2 5 6 17 | 3 8 13 15
10695,2025-06-02,2 8 13 20 | 11 17 18 20
10696,2025-06-02,1 10 12 20 | 4 11 12 20
10697,2025-06-02,6 7 13 19 | 7 8 18 19
10698,2025-06-02,1 2 10 13 | 6 16 18 19
10699,2025-06-05,2 3 8 20 | 3 10 12 14
10700,2025-06-06,6 7 18 19 | 1 5 9 16
10701,2025-06-06,1 10 11 14 | 1 9 10 16
10702,2025-06-06,1 2 3 20 | 1 4 11 15
10703,2025-06-06,2 12 13 16 | 4 6 14 15
10704,2025-06-06,5 8 19 20 | 5 7 14 17
10705,2025-06-06,1 2 4 11 | 1 3 4 17
10706,2025-06-06,2 3 15 17 | 5 9 14 18
10707,2025-06-07,4 12 13 16 | 8 9 10 18
10708,2025-06-07,1 8 17 19 | 4 5 13 16
10709,2025-06-07,7 12 13 15 | 3 5 6 15
10710,2025-06-07,1 2 16 17 | 4 16 17 18
10711,2025-06-07,3 8 13 20 | 1 5 7 17
10712,2025-06-07,3 11 12 15 | 10 12 15 18
10713,2025-06-07,3 7 8 20 | 1 5 15 20
10714,2025-06-08,10 12 15 20 | 14 15 17 20
10715,2025-06-08,8 12 13 19 | 2 10 12 16
10716,2025-06-08,6 11 16 17 | 1 8 12 16
10717,2025-06-08,5 14 15 20 | 1 2 4 5
10718,2025-06-08,5 14 17 19 | 11 13 14 16
10719,2025-06-08,3 14 16 20 | 1 8 11 18
10720,2025-06-08,1 9 11 14 | 6 7 8 17
10721,2025-06-09,6 7 8 15 | 3 9 11 18
10722,2025-06-09,1 4 17 19 | 1 5 7 18
10723,2025-06-09,2 6 13 20 | 3 5 12 14
10724,2025-06-09,1 7 12 15 | 1 6 8 12
10725,2025-06-09,5 7 13 14 | 2 5 16 19
10726,2025-06-09,7 8 15 18 | 2 7 14 15
10727,2025-06-09,1 3 4 6 | 6 13 16 19
10728,2025-06-10,3 17 19 20 | 3 13 16 19
10729,2025-06-10,1 2 10 14 | 3 5 7 10
10730,2025-06-10,3 11 15 16 | 9 14 15 16
10731,2025-06-10,3 8 12 16 | 5 9 16 20
10732,2025-06-10,8 11 14 18 | 2 6 11 17
10733,2025-06-10,3 9 18 19 | 5 9 13 16
10734,2025-06-10,5 8 9 16 | 7 16 18 19
10735,2025-06-11,5 7 8 10 | 8 12 13 19
10736,2025-06-11,2 9 14 15 | 2 5 15 18
10737,2025-06-11,6 11 14 15 | 2 3 8 11
10738,2025-06-11,4 12 13 19 | 6 7 12 13
10739,2025-06-11,10 11 17 20 | 1 2 12 14
10740,2025-06-11,3 4 10 17 | 5 14 18 19
10741,2025-06-11,1 4 6 10 | 3 6 8 13
10742,2025-06-12,1 3 13 15 | 14 16 19 20
10743,2025-06-12,1 9 10 19 | 1 5 10 20
10744,2025-06-12,3 8 13 14 | 2 6 9 12
10745,2025-06-12,10 11 19 20 | 2 4 5 19
10746,2025-06-12,7 10 13 16 | 2 11 13 19
10747,2025-06-12,4 6 7 14 | 1 10 12 13
10748,2025-06-12,1 6 11 20 | 9 11 12 18
10749,2025-06-13,2 4 15 17 | 6 13 14 19
10750,2025-06-13,6 8 10 12 | 4 11 15 17
10751,2025-06-13,14 15 18 20 | 4 11 17 20
10752,2025-06-13,1 14 16 19 | 9 11 15 16
10753,2025-06-13,3 8 15 17 | 1 10 14 17
10754,2025-06-13,12 16 18 19 | 2 8 15 17
10755,2025-06-13,1 12 13 14 | 2 10 17 19
10756,2025-06-14,14 15 18 19 | 9 10 12 20
10757,2025-06-14,5 13 15 16 | 3 4 16 19
10758,2025-06-14,2 8 12 15 | 1 7 9 16
10759,2025-06-14,1 7 8 16 | 5 8 13 14
10760,2025-06-14,1 5 15 16 | 3 8 16 20
10761,2025-06-14,1 7 11 12 | 9 13 18 20
10762,2025-06-14,6 11 12 17 | 4 5 7 16
10763,2025-06-15,10 16 17 18 | 3 4 5 19
10764,2025-06-15,4 12 16 17 | 4 10 13 15
10765,2025-06-15,2 3 5 16 | 5 9 10 14
10766,2025-06-15,6 11 13 14 | 4 11 12 17
10767,2025-06-15,4 7 9 10 | 3 7 16 20
10768,2025-06-15,1 12 18 20 | 3 4 16 17
10769,2025-06-15,1 3 14 18 | 3 9 10 14
10770,2025-06-16,2 4 7 19 | 3 14 15 17
10771,2025-06-16,5 12 17 19 | 5 6 12 13
10772,2025-06-16,4 6 11 16 | 4 13 14 20
10773,2025-06-16,8 14 16 17 | 1 13 16 20
10774,2025-06-16,1 5 6 7 | 3 6 8 17
10775,2025-06-16,7 9 11 18 | 3 13 15 20
10776,2025-06-16,1 3 9 14 | 3 4 11 16
10777,2025-06-17,2 9 14 16 | 4 8 13 18
10778,2025-06-17,1 2 5 13 | 4 5 6 9
10779,2025-06-17,3 13 17 20 | 5 8 10 15
10780,2025-06-17,8 11 16 17 | 4 6 16 20
10781,2025-06-17,5 7 10 16 | 4 6 13 16
10782,2025-06-17,1 2 7 12 | 1 3 17 20
10783,2025-06-17,4 10 18 20 | 5 7 8 17
10784,2025-06-18,8 12 13 18 | 4 8 13 14
10785,2025-06-18,1 3 4 19 | 2 3 7 11
10786,2025-06-18,1 4 17 19 | 3 4 6 13
10787,2025-06-18,5 6 10 20 | 6 9 18 20
10788,2025-06-18,13 14 15 16 | 12 14 17 19
10789,2025-06-18,1 5 10 15 | 2 4 11 12
10790,2025-06-18,9 13 14 18 | 7 13 17 18
10791,2025-06-19,2 7 9 12 | 6 7 12 20
10792,2025-06-19,3 9 15 16 | 10 13 15 20
10793,2025-06-19,9 11 16 18 | 2 13 15 18
10794,2025-06-19,8 12 13 15 | 6 10 13 16
10795,2025-06-19,4 6 17 18 | 7 14 17 20
10796,2025-06-19,1 2 10 14 | 1 6 10 19
10797,2025-06-19,3 11 12 14 | 2 10 18 20
10798,2025-06-20,2 10 11 17 | 10 13 15 16
10799,2025-06-20,5 11 12 17 | 1 10 11 13
10800,2025-06-20,2 4 5 19 | 4 13 14 16
10801,2025-06-20,1 9 17 18 | 2 4 6 16
10802,2025-06-20,9 10 17 18 | 4 7 8 17
10803,2025-06-20,2 8 9 18 | 4 9 13 16
10804,2025-06-20,2 11 13 18 | 1 2 8 20
10805,2025-06-21,1 2 5 12 | 1 6 11 18
10806,2025-06-21,1 7 8 10 | 8 11 13 14
10807,2025-06-21,5 9 10 16 | 13 14 15 19
10808,2025-06-21,9 12 18 19 | 4 8 16 18
10809,2025-06-21,9 13 14 17 | 6 12 17 19
10810,2025-06-21,3 12 18 20 | 1 7 15 17
10811,2025-06-21,2 3 11 12 | 2 3 8 20
10812,2025-06-22,3 5 6 18 | 4 7 8 16
10813,2025-06-22,5 6 14 15 | 9 10 12 20
10814,2025-06-22,10 12 16 20 | 2 4 5 19
10815,2025-06-22,6 10 11 18 | 6 9 16 19
10816,2025-06-22,2 6 7 12 | 3 8 14 20
10817,2025-06-22,1 3 12 18 | 3 4 5 19
10818,2025-06-22,9 10 11 14 | 6 10 11 19
10819,2025-06-23,2 3 6 19 | 3 6 7 10
10820,2025-06-23,6 18 19 20 | 10 13 15 18
10821,2025-06-23,5 14 17 20 | 2 8 14 20
10822,2025-06-23,7 12 14 15 | 4 6 13 19
10823,2025-06-23,7 12 14 18 | 2 9 12 18
10824,2025-06-23,5 10 16 19 | 3 11 15 17
10825,2025-06-23,7 13 17 18 | 7 10 14 19
10826,2025-06-24,4 11 18 19 | 2 3 6 8
10827,2025-06-24,8 13 18 19 | 5 7 8 17
10828,2025-06-24,8 10 11 14 | 3 13 15 19
10829,2025-06-24,2 6 12 20 | 12 13 18 19
10830,2025-06-24,1 15 17 19 | 3 5 7 18
10831,2025-06-24,2 6 16 18 | 6 9 15 18
10832,2025-06-24,2 6 8 13 | 4 8 18 20
10833,2025-06-25,9 14 18 20 | 3 5 11 19
10834,2025-06-25,1 5 15 16 | 1 5 12 17
10835,2025-06-25,2 3 7 17 | 7 8 16 20
10836,2025-06-25,1 2 9 18 | 1 2 4 6
10837,2025-06-25,3 15 18 19 | 10 11 12 18
10838,2025-06-25,7 9 11 19 | 4 7 11 16
10839,2025-06-25,8 11 12 20 | 13 15 16 19
10840,2025-06-26,7 9 12 19 | 4 7 8 10
10841,2025-06-26,1 5 8 18 | 7 9 13 15
10842,2025-06-26,2 9 15 16 | 1 4 9 10
10843,2025-06-26,8 10 13 16 | 5 9 11 17
10844,2025-06-26,4 6 8 18 | 1 14 17 18
10845,2025-06-26,3 7 11 15 | 1 6 13 20
10846,2025-06-26,5 10 13 15 | 6 7 13 14
10847,2025-06-27,4 10 13 18 | 2 14 17 20
10848,2025-06-27,6 10 11 19 | 12 14 17 20
10849,2025-06-27,9 10 18 19 | 6 9 11 12
10850,2025-06-27,4 5 16 20 | 6 7 15 17
10851,2025-06-27,2 11 17 20 | 9 10 13 15
10852,2025-06-27,3 5 12 15 | 2 3 15 20
10853,2025-06-27,1 3 13 18 | 7 11 12 15
10854,2025-06-28,7 8 11 15 | 5 11 14 19
10855,2025-06-28,5 14 16 18 | 8 11 14 15
10856,2025-06-28,3 6 7 9 | 1 5 10 11
10857,2025-06-28,6 9 17 20 | 2 5 17 18
10858,2025-06-28,2 3 9 13 | 3 14 15 17
10859,2025-06-28,2 7 10 17 | 3 4 5 6
10860,2025-06-28,2 13 18 20 | 1 2 3 12
10861,2025-06-29,2 8 14 20 | 2 4 5 20
10862,2025-06-29,5 10 16 17 | 6 7 14 20
10863,2025-06-29,2 9 15 20 | 2 11 12 13
10864,2025-06-29,7 9 11 14 | 1 9 12 18
10865,2025-06-29,1 2 5 19 | 1 17 18 20
10866,2025-06-29,6 10 11 13 | 7 10 12 20
10867,2025-06-29,2 5 6 20 | 6 16 18 19
10868,2025-06-30,2 10 12 13 | 9 10 16 19
10869,2025-06-30,4 5 6 8 | 7 12 13 15
10870,2025-06-30,1 6 7 18 | 11 13 17 19
10871,2025-06-30,1 8 10 12 | 5 6 8 9
10872,2025-06-30,1 3 12 16 | 1 12 15 16
10873,2025-06-30,3 6 9 10 | 3 5 6 14
10874,2025-06-30,8 18 19 20 | 1 6 13 14
10875,2025-07-01,7 14 15 20 | 14 15 16 18
10876,2025-07-01,9 11 12 13 | 1 12 18 19
10877,2025-07-01,5 10 15 17 | 8 14 17 19
10878,2025-07-01,6 8 14 15 | 1 3 10 17
10879,2025-07-01,1 10 19 20 | 6 13 17 19
10880,2025-07-01,9 12 16 18 | 5 12 14 18
10881,2025-07-01,6 13 16 20 | 1 5 9 13
10882,2025-07-02,3 9 15 16 | 3 8 18 19
10883,2025-07-02,3 9 14 17 | 3 5 17 18
10884,2025-07-02,2 15 17 20 | 4 8 13 18
10885,2025-07-02,8 9 12 19 | 10 12 18 19
10886,2025-07-02,2 3 5 6 | 9 10 15 18
10887,2025-07-02,12 15 16 19 | 3 7 8 18
10888,2025-07-02,6 8 13 20 | 2 3 7 14
10889,2025-07-03,2 3 10 18 | 2 9 14 19
10890,2025-07-03,2 6 12 15 | 4 5 8 20
10891,2025-07-03,3 6 19 20 | 3 5 11 13
10892,2025-07-03,2 4 9 18 | 11 12 14 18
10893,2025-07-03,2 10 18 19 | 4 12 15 20
10894,2025-07-03,2 5 11 12 | 5 8 14 20
10895,2025-07-03,2 3 15 18 | 1 3 7 12
10896,2025-07-04,1 4 11 14 | 1 3 6 10
10897,2025-07-04,1 6 8 19 | 5 9 12 13
10898,2025-07-04,1 10 11 17 | 1 12 15 18
10899,2025-07-04,3 7 11 19 | 2 13 15 20
10900,2025-07-04,4 5 17 20 | 2 3 10 20
10901,2025-07-04,1 3 9 13 | 7 9 14 17
10902,2025-07-04,4 6 10 17 | 1 2 12 14
10903,2025-07-05,7 11 12 20 | 1 2 13 16
10904,2025-07-05,1 11 12 14 | 10 12 18 20
10905,2025-07-05,5 9 12 16 | 5 8 10 15
10906,2025-07-05,2 4 5 11 | 5 15 17 20
10907,2025-07-05,9 10 13 14 | 2 3 11 12
10908,2025-07-05,3 5 17 18 | 6 11 15 20
10909,2025-07-05,8 9 10 15 | 2 4 8 12
10910,2025-07-06,8 17 18 19 | 4 10 15 16
10911,2025-07-06,1 2 13 18 | 3 4 6 13
10912,2025-07-06,2 8 10 14 | 8 9 15 20
10913,2025-07-06,3 5 6 15 | 3 15 17 19
10914,2025-07-06,4 7 15 18 | 1 2 7 9
10915,2025-07-06,2 12 13 18 | 1 2 9 11
10916,2025-07-06,1 13 14 18 | 3 11 14 18
10917,2025-07-07,1 2 11 13 | 9 12 16 20
10918,2025-07-07,5 7 9 10 | 2 12 15 18
10919,2025-07-07,3 5 7 10 | 2 5 10 13
10920,2025-07-07,6 9 11 15 | 7 9 14 16
10921,2025-07-07,10 14 15 18 | 2 6 9 15
10922,2025-07-07,1 3 13 18 | 1 2 12 19
10923,2025-07-07,4 9 11 20 | 2 9 13 19
10924,2025-07-08,3 5 10 18 | 2 7 10 18
10925,2025-07-08,2 7 8 19 | 3 7 8 12
10926,2025-07-08,12 18 19 20 | 2 5 10 20
10927,2025-07-08,2 7 8 19 | 4 9 12 20
10928,2025-07-08,4 8 13 18 | 2 3 15 19
10929,2025-07-08,1 6 11 20 | 2 5 12 15
10930,2025-07-08,4 7 8 9 | 1 2 11 18
10931,2025-07-09,2 12 14 16 | 1 4 5 19
10932,2025-07-09,1 8 15 17 | 4 5 12 18
10933,2025-07-09,1 4 10 14 | 1 3 16 18
10934,2025-07-09,11 12 13 15 | 2 5 8 14
10935,2025-07-09,3 7 16 17 | 10 15 16 18
10936,2025-07-09,14 15 16 17 | 5 6 11 20
10937,2025-07-09,6 11 12 15 | 7 12 16 18
10938,2025-07-10,5 12 17 20 | 8 12 15 20
10939,2025-07-10,13 15 17 19 | 1 4 19 20
10940,2025-07-10,1 4 8 19 | 3 4 13 14
10941,2025-07-10,8 12 18 19 | 3 6 18 20
10942,2025-07-10,1 8 10 11 | 5 6 11 17
10943,2025-07-10,3 8 11 14 | 2 3 10 14
10944,2025-07-10,3 4 13 17 | 7 10 17 20
10945,2025-07-11,1 7 16 18 | 8 13 16 18
10946,2025-07-11,2 4 5 9 | 5 7 11 16
10947,2025-07-11,2 6 7 13 | 11 15 17 19
10948,2025-07-11,2 3 7 17 | 6 8 9 16
10949,2025-07-11,6 11 16 18 | 5 6 12 18
10950,2025-07-11,4 11 19 20 | 1 7 11 15
10951,2025-07-11,4 9 18 19 | 3 6 8 19
10952,2025-07-12,5 13 15 20 | 4 6 7 13
10953,2025-07-12,1 4 8 20 | 5 6 18 19
10954,2025-07-12,4 6 9 14 | 7 11 12 19
10955,2025-07-12,6 10 12 17 | 3 4 12 15
10956,2025-07-12,1 7 9 17 | 1 3 14 20
10957,2025-07-12,2 4 12 14 | 11 12 18 20
10958,2025-07-12,3 4 7 8 | 4 9 12 13
10959,2025-07-13,6 15 17 18 | 3 7 15 16
10960,2025-07-13,5 6 12 13 | 6 9 18 20
10961,2025-07-13,2 7 18 19 | 1 7 12 16
10962,2025-07-13,2 15 16 20 | 15 17 19 20
10963,2025-07-13,7 14 15 16 | 6 13 14 17
10964,2025-07-13,4 7 15 18 | 10 17 18 20
10965,2025-07-13,2 3 5 9 | 5 14 15 18
10966,2025-07-14,3 6 13 15 | 3 9 10 19
10967,2025-07-14,4 5 15 16 | 8 11 12 18
10968,2025-07-14,1 9 15 16 | 5 7 9 15
10969,2025-07-14,6 9 14 16 | 6 13 16 20
10970,2025-07-14,3 8 16 17 | 1 6 8 17
10971,2025-07-14,5 6 9 10 | 3 14 16 19
10972,2025-07-14,1 10 11 16 | 1 10 16 17
10973,2025-07-15,2 3 7 8 | 2 5 7 16
10974,2025-07-15,7 8 13 16 | 7 13 15 16
10975,2025-07-15,1 9 16 18 | 6 9 15 20
10976,2025-07-15,3 13 15 20 | 7 9 10 18
10977,2025-07-15,7 14 16 18 | 1 3 7 14
10978,2025-07-15,6 9 12 14 | 1 7 8 10
10979,2025-07-15,4 5 9 18 | 4 7 8 11
10980,2025-07-16,5 6 7 15 | 2 6 8 18
10981,2025-07-16,4 6 8 14 | 1 9 19 20
10982,2025-07-16,2 6 12 13 | 1 4 12 13
10983,2025-07-16,6 10 15 20 | 1 4 6 9
10984,2025-07-16,2 7 10 11 | 1 6 7 18
10985,2025-07-16,8 10 11 13 | 1 5 11 13
10986,2025-07-16,3 4 6 16 | 4 5 10 18
10987,2025-07-17,2 5 7 10 | 4 14 16 17
10988,2025-07-17,1 7 12 13 | 6 8 11 13
10989,2025-07-17,7 9 10 19 | 2 3 4 7
10990,2025-07-17,4 7 17 18 | 9 12 15 16
10991,2025-07-17,5 9 14 20 | 3 7 9 19
10992,2025-07-17,9 16 17 20 | 3 4 6 14
10993,2025-07-17,6 9 12 19 | 5 8 16 17
10994,2025-07-18,3 4 7 15 | 1 2 15 20
10995,2025-07-18,2 7 12 13 | 8 11 15 17
10996,2025-07-18,1 4 8 13 | 1 10 13 17
10997,2025-07-18,2 5 12 14 | 4 6 9 16
10998,2025-07-18,2 6 9 15 | 1 3 8 17
10999,2025-07-18,3 4 12 18 | 8 10 11 20
11000,2025-07-18,7 8 15 18 | 2 3 10 18
11001,2025-07-19,1 9 10 14 | 4 6 16 19
11002,2025-07-19,7 9 10 15 | 1 7 15 19
11003,2025-07-19,1 3 7 19 | 2 3 7 19
11004,2025-07-19,1 5 11 15 | 10 13 18 19
11005,2025-07-19,7 12 15 16 | 4 6 13 17
11006,2025-07-19,6 9 12 15 | 6 7 8 18
11007,2025-07-19,2 9 13 16 | 7 8 14 20
11008,2025-07-20,6 12 13 18 | 3 6 9 17
11009,2025-07-20,4 11 12 16 | 1 3 6 8
11010,2025-07-20,1 11 19 20 | 1 13 17 19
11011,2025-07-20,3 5 7 11 | 2 3 4 18
11012,2025-07-20,3 5 10 11 | 4 11 15 19
11013,2025-07-20,2 4 12 17 | 3 7 13 20
11014,2025-07-20,3 13 15 20 | 2 8 13 15
11015,2025-07-21,6 8 15 20 | 2 3 9 18
11016,2025-07-21,9 11 13 16 | 1 5 10 16
11017,2025-07-21,6 10 15 19 | 1 6 19 20
11018,2025-07-21,7 8 10 17 | 2 8 15 16
11019,2025-07-21,3 12 13 18 | 15 16 17 18
11020,2025-07-21,2 6 10 20 | 5 6 13 14
11021,2025-07-21,2 4 14 15 | 4 5 7 14
11022,2025-07-22,3 4 9 20 | 7 11 12 18
11023,2025-07-22,1 3 6 10 | 5 13 15 18
11024,2025-07-22,6 8 9 13 | 6 9 10 15
11025,2025-07-22,8 10 15 16 | 7 10 11 19
11026,2025-07-22,1 5 9 13 | 5 7 11 20
11027,2025-07-22,2 5 13 19 | 11 12 13 17
11028,2025-07-22,5 12 16 20 | 1 12 14 16
11029,2025-07-23,2 5 18 20 | 2 6 7 9
11030,2025-07-23,7 11 13 19 | 3 11 13 17
11031,2025-07-23,8 9 13 16 | 4 11 14 15
11032,2025-07-23,2 5 9 11 | 3 8 12 15
11033,2025-07-23,6 7 14 20 | 2 12 14 17
11034,2025-07-23,7 14 17 20 | 1 3 5 19
11035,2025-07-23,4 7 8 16 | 3 16 17 19
11036,2025-07-24,4 11 15 16 | 4 11 18 20
11037,2025-07-24,4 7 14 15 | 5 16 18 19
11038,2025-07-24,7 8 9 18 | 7 16 18 19
11039,2025-07-24,5 10 13 15 | 13 17 18 19
11040,2025-07-24,1 7 10 11 | 1 7 9 19
11041,2025-07-24,2 4 5 7 | 8 12 13 20
11042,2025-07-24,10 11 18 20 | 2 4 8 14
11043,2025-07-25,9 14 16 20 | 1 2 9 10
11044,2025-07-25,2 6 9 10 | 4 11 15 19
11045,2025-07-25,2 6 18 19 | 10 13 15 18
11046,2025-07-25,3 6 8 19 | 2 7 11 13
11047,2025-07-25,1 2 4 5 | 1 3 11 13
11048,2025-07-25,1 7 8 18 | 3 4 9 19
11049,2025-07-25,6 12 14 18 | 4 9 10 18
11050,2025-07-26,7 8 9 20 | 12 13 14 18
11051,2025-07-26,1 5 11 15 | 2 12 17 18
11052,2025-07-26,1 3 13 15 | 4 8 13 15
11053,2025-07-26,4 10 11 14 | 8 9 14 19
11054,2025-07-26,3 8 9 10 | 4 6 16 20
11055,2025-07-26,1 3 8 16 | 7 9 10 19
11056,2025-07-26,4 7 14 17 | 6 10 12 13
11057,2025-07-27,2 11 14 16 | 5 7 12 14
11058,2025-07-27,1 2 8 20 | 3 7 12 13
11059,2025-07-27,1 2 8 13 | 1 2 14 16
11060,2025-07-27,6 8 16 19 | 2 6 9 10
11061,2025-07-27,4 10 11 14 | 3 11 12 17
11062,2025-07-27,2 12 13 17 | 2 5 7 16
11063,2025-07-27,2 3 6 15 | 9 13 14 15
11064,2025-07-28,2 4 11 15 | 2 3 5 11
11065,2025-07-28,4 8 14 17 | 1 8 17 20
11066,2025-07-28,9 12 17 20 | 12 14 17 19
11067,2025-07-28,3 5 10 15 | 11 15 18 20
11068,2025-07-28,2 6 9 13 | 8 9 12 20
11069,2025-07-28,4 11 15 16 | 5 11 14 19
11070,2025-07-28,1 2 16 17 | 4 11 15 16
11071,2025-07-29,1 2 5 17 | 3 7 13 19
11072,2025-07-29,5 8 13 17 | 1 3 9 16
11073,2025-07-29,4 9 12 17 | 8 11 15 16
11074,2025-07-29,4 8 9 12 | 6 11 12 16
11075,2025-07-29,11 12 15 18 | 2 6 9 12
11076,2025-07-29,9 12 14 16 | 2 8 12 16
11077,2025-07-29,10 11 17 19 | 4 11 13 18
11078,2025-07-30,2 13 16 20 | 10 11 15 16
11079,2025-07-30,7 14 16 20 | 4 7 10 14
11080,2025-07-30,1 3 4 17 | 6 8 16 20
11081,2025-07-30,2 6 7 12 | 5 8 13 17
11082,2025-07-30,3 6 10 18 | 2 5 6 7
11083,2025-07-30,8 10 14 17 | 1 2 4 20
11084,2025-07-30,10 12 16 20 | 5 8 15 17
11085,2025-07-31,8 13 15 20 | 5 12 14 20
11086,2025-07-31,4 10 12 17 | 1 9 10 19
11087,2025-07-31,3 5 7 12 | 3 6 14 18
11088,2025-07-31,3 9 11 15 | 9 14 17 18
11089,2025-07-31,1 6 17 20 | 6 8 14 15
11090,2025-07-31,5 15 16 18 | 11 12 16 20
11091,2025-07-31,2 8 17 18 | 2 6 8 10
11092,2025-08-01,7 14 16 17 | 1 8 10 20
11093,2025-08-01,1 9 12 15 | 4 11 12 17
11094,2025-08-01,4 13 14 16 | 5 11 15 16
11095,2025-08-01,4 9 11 18 | 1 2 17 19
11096,2025-08-01,9 12 15 16 | 8 9 12 19
11097,2025-08-01,3 6 9 15 | 9 15 19 20
11098,2025-08-01,2 5 6 11 | 4 12 16 18
11099,2025-08-02,5 7 15 16 | 9 14 19 20
11100,2025-08-02,6 7 17 18 | 6 13 16 17
11101,2025-08-02,1 7 12 19 | 5 10 11 15
11102,2025-08-02,4 8 9 18 | 5 7 16 18
11103,2025-08-02,1 3 4 7 | 1 2 13 18
11104,2025-08-02,6 8 10 12 | 7 10 17 19
11105,2025-08-02,4 6 7 18 | 5 8 10 20
11106,2025-08-03,5 6 10 16 | 1 5 17 18
11107,2025-08-03,2 11 13 17 | 1 5 6 18
11108,2025-08-03,2 8 9 12 | 2 8 13 20
11109,2025-08-03,3 7 8 19 | 3 4 11 15
11110,2025-08-03,2 8 11 20 | 7 12 19 20
11111,2025-08-03,1 6 14 20 | 2 7 16 20
11112,2025-08-03,2 11 18 19 | 9 10 13 14
11113,2025-08-04,3 4 8 12 | 2 5 7 20
11114,2025-08-04,5 16 18 19 | 3 17 18 20
11115,2025-08-04,3 6 10 16 | 4 7 13 14
11116,2025-08-04,2 9 12 18 | 7 15 16 17
11117,2025-08-04,12 14 18 20 | 4 7 8 12
11118,2025-08-04,12 13 16 19 | 8 9 17 20
11119,2025-08-04,10 11 12 20 | 4 10 12 19
11120,2025-08-05,2 9 11 14 | 5 6 15 18
11121,2025-08-05,2 9 12 14 | 3 4 5 11
11122,2025-08-05,1 5 8 20 | 10 11 18 20
11123,2025-08-05,6 11 16 17 | 2 3 9 10
11124,2025-08-05,4 5 6 7 | 7 13 14 16
11125,2025-08-05,1 3 16 20 | 2 3 12 13
11126,2025-08-05,9 13 19 20 | 2 13 14 20
11127,2025-08-06,1 9 14 19 | 2 11 15 17
11128,2025-08-06,3 7 8 18 | 2 4 14 19
11129,2025-08-06,4 13 17 20 | 1 2 9 17
11130,2025-08-06,1 7 8 15 | 1 9 16 18
11131,2025-08-06,7 11 15 17 | 4 10 15 18
11132,2025-08-06,6 8 13 15 | 3 5 8 12
11133,2025-08-06,2 5 14 19 | 11 12 15 19
11134,2025-08-07,7 10 14 19 | 1 2 13 19
11135,2025-08-07,1 5 9 14 | 10 13 14 17
11136,2025-08-07,5 11 12 17 | 2 3 5 15
11137,2025-08-07,2 4 5 10 | 1 9 14 20
11138,2025-08-07,1 2 8 9 | 5 9 14 17
11139,2025-08-07,10 17 18 19 | 1 4 10 19
11140,2025-08-07,3 6 7 12 | 3 7 13 14
11141,2025-08-08,3 7 8 15 | 8 11 18 19
11142,2025-08-08,6 9 12 16 | 1 9 11 16
11143,2025-08-08,1 11 14 17 | 8 9 17 19
11144,2025-08-08,4 6 10 19 | 1 4 10 11
11145,2025-08-08,9 13 14 15 | 2 3 8 18
11146,2025-08-08,5 7 9 13 | 3 8 10 15
11147,2025-08-08,1 4 9 12 | 5 7 10 12
11148,2025-08-09,16 18 19 20 | 1 9 16 20
11149,2025-08-09,3 8 12 15 | 1 4 12 19
11150,2025-08-09,10 13 14 20 | 3 4 6 20
11151,2025-08-09,7 10 12 18 | 2 9 13 19
11152,2025-08-09,3 5 16 18 | 8 10 15 18
11153,2025-08-09,1 14 16 19 | 3 13 14 16
11154,2025-08-09,3 5 14 20 | 3 5 14 15
11155,2025-08-10,1 7 18 19 | 3 6 9 13
11156,2025-08-10,7 9 17 20 | 1 2 3 10
11157,2025-08-10,8 9 12 17 | 5 10 17 18
11158,2025-08-10,4 5 14 15 | 3 9 16 19
11159,2025-08-10,1 3 6 9 | 1 3 6 13
11160,2025-08-10,3 5 11 18 | 5 10 18 20
11161,2025-08-10,4 10 12 17 | 5 11 13 15
11162,2025-08-11,4 8 12 15 | 5 16 17 19
11163,2025-08-11,5 9 16 19 | 5 9 15 16
11164,2025-08-11,1 8 9 20 | 11 12 16 17
11165,2025-08-11,2 5 8 17 | 3 5 9 15
11166,2025-08-11,1 6 15 20 | 10 15 16 19
11167,2025-08-11,3 4 9 15 | 2 9 17 20
11168,2025-08-11,4 5 11 15 | 2 3 10 18
11169,2025-08-12,2 11 12 17 | 4 14 16 19
11170,2025-08-12,3 7 8 18 | 2 10 16 20
11171,2025-08-12,3 5 7 13 | 5 10 12 17
11172,2025-08-12,4 10 14 19 | 2 3 9 18
11173,2025-08-12,1 6 12 20 | 9 10 16 20
11174,2025-08-12,2 5 15 19 | 11 15 18 19
11175,2025-08-12,1 2 8 12 | 4 5 9 10
11176,2025-08-13,1 7 10 15 | 6 11 14 16
11177,2025-08-13,5 6 7 9 | 10 13 14 16
11178,2025-08-13,2 5 6 14 | 7 12 13 15
11179,2025-08-13,11 15 17 20 | 1 2 5 16
11180,2025-08-13,1 4 9 15 | 1 2 6 18
11181,2025-08-13,2 5 8 13 | 1 15 19 20
11182,2025-08-13,7 10 11 15 | 7 8 12 15
11183,2025-08-14,1 10 12 13 | 1 11 17 20
11184,2025-08-14,5 12 13 15 | 3 9 17 19
11185,2025-08-14,2 8 12 20 | 3 10 19 20
11186,2025-08-14,1 5 15 17 | 5 12 16 20
11187,2025-08-14,2 3 11 14 | 2 9 10 19
11188,2025-08-14,16 17 18 19 | 3 11 16 17
11189,2025-08-14,3 10 18 20 | 3 9 17 19
11190,2025-08-15,1 10 11 14 | 4 6 8 11
11191,2025-08-15,11 12 15 18 | 5 8 18 20
11192,2025-08-15,7 10 16 19 | 1 4 8 20
11193,2025-08-15,9 10 14 20 | 5 7 11 15
11194,2025-08-15,4 8 13 16 | 4 11 15 18
11195,2025-08-15,4 8 9 17 | 8 9 12 18
11196,2025-08-15,10 11 18 19 | 7 8 9 17
11197,2025-08-16,2 6 12 16 | 12 14 16 17
11198,2025-08-16,3 6 10 16 | 9 13 16 20
11199,2025-08-16,4 13 15 20 | 9 11 17 20
11200,2025-08-16,5 6 16 20 | 5 7 11 17
11201,2025-08-16,10 11 17 20 | 5 13 16 18
11202,2025-08-16,4 8 12 18 | 1 12 13 16
11203,2025-08-16,5 8 11 15 | 2 11 12 17
11204,2025-08-17,1 8 14 16 | 5 10 17 19
11205,2025-08-17,2 11 15 16 | 6 16 17 18
11206,2025-08-17,4 12 17 20 | 2 6 12 17
11207,2025-08-17,1 5 10 13 | 1 4 15 17
11208,2025-08-17,14 16 18 20 | 4 12 13 14
11209,2025-08-17,2 7 9 11 | 5 10 15 20
11210,2025-08-17,4 11 13 20 | 6 11 15 17
11211,2025-08-18,2 4 12 17 | 8 10 13 19
11212,2025-08-18,4 6 13 19 | 1 4 6 10
11213,2025-08-18,1 11 13 19 | 1 12 14 20
11214,2025-08-18,4 10 18 19 | 2 4 9 10
11215,2025-08-18,1 5 10 20 | 1 7 9 15
11216,2025-08-18,2 3 5 12 | 2 8 9 13
11217,2025-08-18,10 13 15 18 | 5 9 14 18
11218,2025-08-19,3 7 11 12 | 5 8 14 18
11219,2025-08-19,1 4 12 14 | 1 4 10 12
11220,2025-08-19,4 7 17 18 | 1 7 10 20
11221,2025-08-19,4 7 15 20 | 12 15 18 20
11222,2025-08-19,3 5 12 13 | 5 6 14 19
11223,2025-08-19,3 6 7 18 | 4 6 7 19
11224,2025-08-19,9 16 19 20 | 6 12 13 19
11225,2025-08-20,8 12 14 19 | 4 13 15 18
11226,2025-08-20,2 10 14 15 | 3 13 15 20
11227,2025-08-20,1 7 11 12 | 5 6 7 19
11228,2025-08-20,7 11 13 16 | 6 11 12 17
11229,2025-08-20,1 5 10 13 | 1 6 9 10
11230,2025-08-20,3 4 19 20 | 3 5 14 20
11231,2025-08-20,2 3 9 18 | 3 4 12 16
11232,2025-08-21,2 5 13 18 | 1 6 7 14
11233,2025-08-21,1 4 9 10 | 4 8 10 20
11234,2025-08-21,2 7 9 18 | 15 16 17 18
11235,2025-08-21,4 7 9 10 | 2 7 16 18
11236,2025-08-21,8 10 13 15 | 8 10 12 14
11237,2025-08-21,4 17 18 19 | 7 12 16 17
11238,2025-08-21,9 13 14 18 | 3 4 7 14
11239,2025-08-22,1 2 6 14 | 2 3 6 9
11240,2025-08-22,13 14 16 20 | 1 2 15 17
11241,2025-08-22,7 8 17 20 | 2 13 15 16
11242,2025-08-22,4 10 17 19 | 2 3 8 19
11243,2025-08-22,8 13 14 18 | 9 11 12 18
11244,2025-08-22,1 13 15 16 | 11 13 15 19
11245,2025-08-22,3 6 16 19 | 2 12 14 20
11246,2025-08-23,2 6 8 20 | 1 5 14 15
11247,2025-08-23,1 6 11 15 | 3 7 11 13
11248,2025-08-23,2 7 15 17 | 3 6 7 12
11249,2025-08-23,3 8 11 18 | 1 5 7 12
11250,2025-08-23,3 9 17 19 | 8 9 10 15
11251,2025-08-23,10 16 17 18 | 3 4 18 20
11252,2025-08-23,4 11 17 19 | 8 15 18 19
11253,2025-08-24,3 12 15 18 | 3 9 13 17
11254,2025-08-24,4 9 14 18 | 10 11 15 17
11255,2025-08-24,3 9 12 15 | 8 9 12 13
11256,2025-08-24,4 7 8 12 | 16 17 18 19
11257,2025-08-24,4 7 13 19 | 2 7 15 18
11258,2025-08-24,8 11 12 19 | 1 6 15 16
11259,2025-08-24,7 11 19 20 | 5 6 9 12
11260,2025-08-25,2 8 15 16 | 1 12 17 19
11261,2025-08-25,6 7 8 18 | 8 15 17 20
11262,2025-08-25,2 7 8 12 | 5 7 17 18
11263,2025-08-25,6 8 11 20 | 1 2 3 12
11264,2025-08-25,4 7 17 20 | 3 13 15 16
11265,2025-08-25,4 5 8 14 | 5 11 14 18
11266,2025-08-25,8 12 13 20 | 9 12 15 20
11267,2025-08-26,1 7 10 16 | 3 5 6 18
11268,2025-08-26,3 4 9 20 | 3 8 16 20
11269,2025-08-26,3 5 8 10 | 1 5 10 15
11270,2025-08-26,4 7 9 18 | 12 14 19 20
11271,2025-08-26,8 10 14 17 | 10 11 19 20
11272,2025-08-26,5 11 12 18 | 4 8 16 18
11273,2025-08-26,8 9 11 19 | 1 3 15 16
11274,2025-08-27,2 4 19 20 | 5 6 8 14
11275,2025-08-27,3 6 15 18 | 2 6 13 20
11276,2025-08-27,1 5 10 15 | 6 8 15 20
11277,2025-08-27,5 8 9 16 | 11 14 15 19
11278,2025-08-27,12 13 17 19 | 1 3 9 15
11279,2025-08-27,1 3 13 19 | 2 14 16 19
11280,2025-08-27,4 9 11 17 | 4 14 15 19
11281,2025-08-28,7 12 13 18 | 2 8 14 16
11282,2025-08-28,2 4 6 8 | 3 4 9 17
11283,2025-08-28,2 9 10 19 | 2 11 13 19
11284,2025-08-28,1 2 4 15 | 2 4 8 15
11285,2025-08-28,3 10 17 20 | 7 8 10 19
11286,2025-08-28,6 13 14 18 | 8 11 18 20
11287,2025-08-28,7 8 12 19 | 3 5 8 17
11288,2025-08-29,5 11 12 14 | 1 5 6 11
11289,2025-08-29,4 10 12 14 | 2 7 10 13
11290,2025-08-29,6 13 15 17 | 6 14 16 18
11291,2025-08-29,7 9 17 19 | 4 6 12 16
11292,2025-08-29,4 7 8 19 | 7 12 16 20
11293,2025-08-29,4 8 13 15 | 7 10 18 19
11294,2025-08-29,3 6 9 15 | 7 8 11 17
11295,2025-08-30,4 10 12 14 | 2 8 15 20
11296,2025-08-30,3 6 10 11 | 5 11 14 18
11297,2025-08-30,1 4 19 20 | 4 9 15 17
11298,2025-08-30,9 14 15 19 | 2 5 8 13
11299,2025-08-30,3 4 5 19 | 2 10 11 18
11300,2025-08-30,7 15 18 19 | 16 17 19 20
11301,2025-08-30,2 8 16 17 | 2 6 7 15
11302,2025-08-31,1 7 12 14 | 6 12 16 17
11303,2025-08-31,14 15 17 18 | 1 3 7 13
11304,2025-08-31,3 6 13 19 | 5 11 17 19
11305,2025-08-31,1 16 19 20 | 4 15 16 17
11306,2025-08-31,1 3 4 18 | 4 6 13 19
11307,2025-08-31,11 12 13 15 | 7 11 12 13
11308,2025-08-31,2 3 14 18 | 4 6 8 19
11309,2025-09-01,4 7 16 19 | 4 6 12 14
11310,2025-09-01,9 14 17 20 | 2 3 13 17
11311,2025-09-01,5 6 10 12 | 6 9 15 17
11312,2025-09-01,1 6 7 12 | 7 11 17 20
11313,2025-09-01,5 7 8 14 | 6 11 13 14
11314,2025-09-01,4 5 9 14 | 5 8 9 20
11315,2025-09-01,7 9 13 20 | 4 8 10 15
11316,2025-09-02,2 13 15 16 | 1 13 14 17
11317,2025-09-02,3 11 14 16 | 11 14 16 19
11318,2025-09-02,7 10 13 18 | 2 5 12 14
11319,2025-09-02,1 6 12 17 | 9 10 12 16
11320,2025-09-02,3 5 9 14 | 3 8 10 15
11321,2025-09-02,4 6 14 15 | 5 15 17 18
11322,2025-09-02,5 10 13 14 | 4 11 17 18
11323,2025-09-03,4 5 8 20 | 13 14 15 16
11324,2025-09-03,2 7 10 18 | 1 4 13 14
11325,2025-09-03,6 9 13 15 | 10 15 17 19
11326,2025-09-03,1 4 11 19 | 2 14 17 18
11327,2025-09-03,7 12 17 18 | 10 12 15 16
11328,2025-09-03,1 3 4 18 | 1 4 7 8
11329,2025-09-03,1 15 18 20 | 5 10 11 17
11330,2025-09-04,10 16 17 19 | 1 11 16 20
11331,2025-09-04,8 12 17 20 | 5 7 8 14
11332,2025-09-04,6 8 10 18 | 13 14 17 20
11333,2025-09-04,9 14 16 20 | 6 9 12 19
11334,2025-09-04,6 11 17 18 | 4 7 10 20
11335,2025-09-04,4 11 18 20 | 2 10 15 19
11336,2025-09-04,6 8 18 20 | 3 4 7 15
11337,2025-09-05,13 14 18 20 | 5 12 16 17
11338,2025-09-05,2 16 17 19 | 6 11 12 19
11339,2025-09-05,11 13 14 16 | 1 5 8 19
11340,2025-09-05,2 3 6 12 | 1 4 6 18
11341,2025-09-05,8 9 15 17 | 2 3 10 17
11342,2025-09-05,1 8 10 13 | 1 12 13 20
11343,2025-09-05,5 9 13 19 | 10 14 15 19
11344,2025-09-06,3 14 17 19 | 11 16 18 19
11345,2025-09-06,3 7 8 15 | 7 12 13 20
11346,2025-09-06,3 4 5 15 | 10 11 18 20
11347,2025-09-06,5 9 12 14 | 11 12 14 19
11348,2025-09-06,1 3 7 15 | 2 4 11 16
11349,2025-09-06,5 8 13 14 | 1 5 6 18
11350,2025-09-06,8 12 13 19 | 6 8 12 19
11351,2025-09-07,2 8 12 13 | 1 5 6 18
11352,2025-09-07,5 6 10 17 | 3 5 9 15
11353,2025-09-07,7 14 17 19 | 5 10 11 16
11354,2025-09-07,2 9 11 15 | 9 14 17 20
11355,2025-09-07,8 12 18 19 | 3 7 11 19
11356,2025-09-07,1 3 7 19 | 8 9 16 18
11357,2025-09-07,3 6 8 14 | 6 8 9 19
11358,2025-09-08,8 13 14 19 | 1 3 8 19
11359,2025-09-08,1 4 7 14 | 2 12 15 17
11360,2025-09-08,1 15 18 20 | 8 10 12 20
11361,2025-09-08,2 5 14 15 | 5 15 18 20
11362,2025-09-08,1 2 13 19 | 14 16 17 19
11363,2025-09-08,2 5 12 17 | 5 9 11 12
11364,2025-09-08,6 7 12 15 | 4 7 12 18
11365,2025-09-09,4 5 11 20 | 3 5 8 9
11366,2025-09-09,2 8 9 19 | 2 13 14 18
11367,2025-09-09,5 9 12 19 | 9 14 15 19
11368,2025-09-09,1 6 9 18 | 6 11 13 18
11369,2025-09-09,7 11 16 18 | 6 9 12 14
11370,2025-09-09,4 6 11 12 | 8 9 14 15
11371,2025-09-09,4 5 11 12 | 2 9 15 17
11372,2025-09-10,9 14 19 20 | 1 8 15 16
11373,2025-09-10,3 7 15 17 | 2 4 17 20
11374,2025-09-10,5 14 15 17 | 1 3 14 15
11375,2025-09-10,1 3 4 9 | 2 9 11 12
11376,2025-09-10,5 6 12 20 | 6 15 16 20
11377,2025-09-10,6 9 11 16 | 7 12 14 16
11378,2025-09-10,1 3 9 15 | 4 9 13 18
11379,2025-09-11,1 9 11 12 | 1 6 9 19
11380,2025-09-11,2 9 18 20 | 4 7 11 20
11381,2025-09-11,8 14 16 19 | 10 13 15 20
11382,2025-09-11,8 12 15 18 | 1 2 12 19
11383,2025-09-11,5 9 10 17 | 3 4 6 18
11384,2025-09-11,2 12 15 17 | 2 7 10 16
11385,2025-09-11,4 16 17 19 | 3 4 11 17
11386,2025-09-12,3 5 8 10 | 6 13 16 19
11387,2025-09-12,3 7 15 17 | 6 7 14 16
11388,2025-09-12,6 7 15 17 | 1 9 10 17
11389,2025-09-12,1 2 5 11 | 6 7 10 19
11390,2025-09-12,7 12 15 17 | 1 11 13 18
11391,2025-09-12,1 7 11 13 | 3 12 16 19
11392,2025-09-12,1 9 14 19 | 6 11 15 19
11393,2025-09-13,5 18 19 20 | 6 7 8 18
11394,2025-09-13,11 12 16 20 | 6 7 13 15
11395,2025-09-13,6 9 11 17 | 1 13 15 18
11396,2025-09-13,5 7 11 20 | 12 13 16 18
11397,2025-09-13,2 8 12 19 | 1 6 8 18
11398,2025-09-13,1 4 15 20 | 1 3 6 15
11399,2025-09-13,8 11 17 19 | 4 8 16 19
11400,2025-09-14,2 3 4 17 | 7 10 18 19
11401,2025-09-14,1 4 6 12 | 8 9 13 15
11402,2025-09-14,1 2 4 20 | 6 12 13 14
11403,2025-09-14,2 9 16 20 | 2 10 19 20
11404,2025-09-14,8 11 18 19 | 2 7 12 16
11405,2025-09-14,8 11 15 18 | 5 18 19 20
11406,2025-09-14,6 9 15 19 | 3 9 15 18
11407,2025-09-15,7 11 12 18 | 11 16 17 20
11408,2025-09-15,1 3 9 13 | 6 11 15 18
11409,2025-09-15,9 13 17 19 | 3 11 12 13
11410,2025-09-15,1 8 9 16 | 3 6 13 14
11411,2025-09-15,4 9 12 17 | 7 9 10 13
11412,2025-09-15,2 3 4 14 | 1 4 13 15
11413,2025-09-15,1 11 12 17 | 2 10 14 17
11414,2025-09-16,4 16 18 20 | 4 7 8 15
11415,2025-09-16,1 4 5 11 | 8 9 14 16
11416,2025-09-16,1 4 6 16 | 3 9 11 15
11417,2025-09-16,9 12 14 18 | 6 8 19 20
11418,2025-09-16,13 16 18 19 | 7 13 14 15
11419,2025-09-16,3 7 13 18 | 2 6 9 11
11420,2025-09-16,7 10 15 18 | 1 7 8 16
11421,2025-09-17,3 9 10 11 | 2 8 10 16
11422,2025-09-17,2 9 12 18 | 8 14 17 19
11423,2025-09-17,3 4 8 13 | 5 13 15 16
11424,2025-09-17,8 9 15 17 | 3 14 16 18
11425,2025-09-17,3 7 14 16 | 1 5 6 11
11426,2025-09-17,8 10 11 16 | 9 10 14 16
11427,2025-09-17,5 10 16 17 | 6 13 17 19
11428,2025-09-18,6 13 14 17 | 4 14 16 17
11429,2025-09-18,3 4 6 10 | 6 9 10 13
11430,2025-09-18,6 12 15 18 | 3 4 9 15
11431,2025-09-18,1 5 6 15 | 7 11 19 20
11432,2025-09-18,5 7 9 18 | 1 5 10 15
11433,2025-09-18,5 6 11 16 | 2 4 10 12
11434,2025-09-18,1 2 8 18 | 1 4 7 20
11435,2025-09-19,5 6 7 13 | 6 12 13 17
11436,2025-09-19,3 6 8 10 | 4 7 11 19
11437,2025-09-19,6 9 11 13 | 6 9 14 19
11438,2025-09-19,11 12 16 17 | 2 5 9 11
11439,2025-09-19,6 10 15 19 | 5 10 12 17
11440,2025-09-19,3 7 18 20 | 3 7 13 19
11441,2025-09-19,1 7 12 16 | 7 14 15 19
11442,2025-09-20,6 18 19 20 | 4 9 10 18
11443,2025-09-20,2 9 17 18 | 4 9 12 15
11444,2025-09-20,3 4 6 16 | 4 5 15 20
11445,2025-09-20,1 2 5 19 | 2 13 16 20
11446,2025-09-20,5 15 17 18 | 5 7 10 15
11447,2025-09-20,2 5 16 19 | 6 8 11 13
11448,2025-09-20,8 13 15 16 | 1 8 11 16
11449,2025-09-21,2 3 4 17 | 8 13 19 20
11450,2025-09-21,2 6 10 11 | 3 11 17 19
11451,2025-09-21,6 8 10 11 | 4 8 11 12
11452,2025-09-21,3 6 11 19 | 1 7 12 20
11453,2025-09-21,8 12 16 20 | 2 4 8 14
11454,2025-09-21,3 6 15 17 | 1 8 14 18
11455,2025-09-21,7 8 16 18 | 3 4 11 13
11456,2025-09-22,2 3 10 18 | 11 14 17 18
11457,2025-09-22,2 3 9 10 | 2 11 17 20
11458,2025-09-22,2 5 11 17 | 2 7 10 20
11459,2025-09-22,10 11 15 19 | 1 17 18 19
11460,2025-09-22,1 9 11 17 | 1 6 9 15
11461,2025-09-22,1 6 10 16 | 5 6 11 12
11462,2025-09-22,5 7 9 16 | 1 3 16 18
11463,2025-09-23,6 9 15 20 | 6 8 9 14
11464,2025-09-23,5 8 15 18 | 3 4 11 13
11465,2025-09-23,1 6 12 19 | 1 2 11 13
11466,2025-09-23,6 8 17 20 | 1 6 13 15
11467,2025-09-23,2 11 12 13 | 8 10 14 18
11468,2025-09-23,1 10 12 18 | 6 8 13 18
11469,2025-09-23,4 14 16 17 | 9 11 16 18
11470,2025-09-24,7 10 13 14 | 7 17 18 20
11471,2025-09-24,7 12 19 20 | 1 2 4 20
11472,2025-09-24,4 7 10 16 | 1 4 7 20
11473,2025-09-24,4 7 12 19 | 1 8 9 16
11474,2025-09-24,4 6 10 15 | 5 7 8 19
11475,2025-09-24,2 4 9 12 | 4 5 17 18
11476,2025-09-24,1 2 11 17 | 10 12 19 20
11477,2025-09-25,1 12 16 20 | 6 9 19 20
11478,2025-09-25,3 10 16 17 | 3 13 18 19
11479,2025-09-25,5 7 11 13 | 2 4 9 20
11480,2025-09-25,4 10 19 20 | 5 6 10 11
11481,2025-09-25,6 10 11 13 | 1 4 5 6
11482,2025-09-25,4 5 15 20 | 3 5 12 20
11483,2025-09-25,5 13 15 18 | 3 6 8 17
11484,2025-09-26,1 3 9 10 | 11 13 14 17
11485,2025-09-26,14 15 17 20 | 2 5 8 9
11486,2025-09-26,6 12 16 19 | 4 8 11 13
11487,2025-09-26,2 14 17 18 | 6 7 8 18
11488,2025-09-26,3 13 14 20 | 15 16 18 20
11489,2025-09-26,6 13 14 19 | 4 5 9 12
11490,2025-09-26,9 13 16 17 | 4 7 10 14
11491,2025-09-27,1 12 15 17 | 4 10 11 16
11492,2025-09-27,8 9 12 16 | 2 5 13 20
11493,2025-09-27,4 10 12 16 | 2 3 9 13
11494,2025-09-27,4 14 15 20 | 2 6 7 14
11495,2025-09-27,5 9 15 16 | 1 12 14 19
11496,2025-09-27,1 9 18 20 | 6 11 13 14
11497,2025-09-27,3 5 6 8 | 9 10 17 19
11498,2025-09-28,3 7 13 15 | 11 16 18 19
11499,2025-09-28,3 10 12 15 | 4 5 10 18
11500,2025-09-28,9 16 17 18 | 7 10 13 20
11501,2025-09-28,8 10 17 18 | 5 6 15 17
11502,2025-09-28,3 6 8 13 | 2 3 12 18
11503,2025-09-28,4 6 7 20 | 4 6 10 15
11504,2025-09-28,7 13 14 20 | 1 14 15 20
11505,2025-09-29,12 14 17 18 | 5 7 12 15
11506,2025-09-29,3 10 11 12 | 5 16 17 19
11507,2025-09-29,10 12 13 20 | 8 14 17 18
11508,2025-09-29,6 10 15 17 | 12 15 18 20
11509,2025-09-29,3 5 8 19 | 3 16 18 19
11510,2025-09-29,4 8 9 14 | 1 10 11 14
11511,2025-09-29,1 3 13 18 | 4 9 15 19
11512,2025-09-30,3 14 15 16 | 6 13 16 18
11513,2025-09-30,4 6 13 14 | 5 7 14 18
11514,2025-09-30,5 9 12 19 | 6 10 11 13
11515,2025-09-30,8 10 12 14 | 5 7 12 14
11516,2025-09-30,3 10 17 18 | 5 6 7 16
11517,2025-09-30,1 3 8 17 | 11 17 19 20
11518,2025-09-30,3 8 12 14 | 2 9 10 18
11519,2025-10-01,5 6 8 11 | 3 7 9 20
11520,2025-10-01,5 9 12 20 | 8 12 15 18
11521,2025-10-01,6 7 12 18 | 1 6 17 19
11522,2025-10-01,6 11 14 19 | 1 5 14 20
11523,2025-10-01,3 7 19 20 | 5 6 13 18
11524,2025-10-01,2 5 8 10 | 1 10 13 18
11525,2025-10-01,3 4 5 16 | 1 6 12 19
11526,2025-10-02,1 11 15 18 | 2 3 4 6
11527,2025-10-02,4 15 17 18 | 6 9 11 20
11528,2025-10-02,5 14 16 18 | 6 12 13 14
11529,2025-10-02,8 12 16 17 | 11 14 15 18
11530,2025-10-02,1 4 11 18 | 5 7 14 18
11531,2025-10-02,3 4 11 14 | 1 8 14 16
11532,2025-10-02,8 13 16 18 | 5 12 13 15
11533,2025-10-03,2 10 16 18 | 2 3 5 14
11534,2025-10-03,4 6 13 15 | 7 14 17 20
11535,2025-10-03,2 7 11 19 | 3 6 18 20
11536,2025-10-03,3 13 15 16 | 1 3 10 16
11537,2025-10-03,2 5 9 20 | 2 9 16 20
11538,2025-10-03,4 8 13 15 | 1 7 13 20
11539,2025-10-03,1 14 16 19 | 2 5 6 15
11540,2025-10-04,7 8 9 17 | 8 12 13 18
11541,2025-10-04,1 13 14 17 | 1 8 11 17
11542,2025-10-04,2 14 18 20 | 3 9 10 12
11543,2025-10-04,7 16 19 20 | 1 6 11 16
11544,2025-10-04,5 10 12 15 | 10 15 17 20
11545,2025-10-04,4 7 8 16 | 1 4 8 14
11546,2025-10-04,2 13 16 18 | 5 7 10 19
11547,2025-10-05,3 11 12 16 | 3 9 16 17
11548,2025-10-05,2 9 12 16 | 1 2 4 17
11549,2025-10-05,2 5 11 17 | 3 10 12 19
11550,2025-10-05,1 5 14 16 | 1 7 16 19
11551,2025-10-05,5 8 15 17 | 1 10 12 19
11552,2025-10-05,4 10 11 14 | 7 8 9 10
11553,2025-10-05,9 11 14 20 | 4 9 12 14
11554,2025-10-06,5 6 13 19 | 3 5 19 20
11555,2025-10-06,4 6 13 19 | 1 4 14 15
11556,2025-10-06,4 7 10 15 | 1 3 11 16
11557,2025-10-06,6 16 17 19 | 3 9 11 20
11558,2025-10-06,1 5 7 17 | 1 8 9 10
11559,2025-10-06,3 6 14 17 | 13 16 17 19
11560,2025-10-06,6 9 10 15 | 6 9 16 17
11561,2025-10-07,6 9 18 19 | 3 4 12 17
11562,2025-10-07,2 7 10 19 | 9 12 17 18
11563,2025-10-07,5 7 15 20 | 3 5 10 19
11564,2025-10-07,1 4 15 16 | 4 5 14 17
11565,2025-10-07,13 16 18 19 | 4 9 12 18
11566,2025-10-07,1 2 7 12 | 3 4 9 13
11567,2025-10-07,7 12 17 20 | 7 13 15 17
11568,2025-10-08,9 11 12 18 | 5 10 12 14
11569,2025-10-08,7 10 18 20 | 4 8 10 14
11570,2025-10-08,9 11 18 19 | 1 5 6 19
11571,2025-10-08,3 5 12 13 | 8 15 16 20
11572,2025-10-08,3 6 8 14 | 7 11 14 20
11573,2025-10-08,2 8 10 12 | 10 11 16 18
11574,2025-10-08,1 2 6 10 | 3 16 18 20
11575,2025-10-09,5 6 8 9 | 3 11 14 19
11576,2025-10-09,2 3 18 20 | 1 8 15 20
11577,2025-10-09,9 10 12 17 | 2 15 16 18
11578,2025-10-09,10 15 16 20 | 4 6 15 20
11579,2025-10-09,8 9 18 19 | 4 7 11 12
11580,2025-10-09,2 7 9 12 | 1 8 9 20
11581,2025-10-09,3 7 13 16 | 6 9 12 13
11582,2025-10-10,2 11 12 19 | 3 5 16 18
11583,2025-10-10,3 8 14 19 | 7 8 10 16
11584,2025-10-10,11 13 16 17 | 7 9 10 16
11585,2025-10-10,6 14 15 16 | 3 9 12 17
11586,2025-10-10,4 8 13 20 | 6 8 10 17
11587,2025-10-10,8 10 17 18 | 3 15 18 20
11588,2025-10-10,4 8 15 16 | 7 15 19 20
11589,2025-10-11,5 7 15 16 | 2 10 18 20
11590,2025-10-11,8 9 11 20 | 1 8 12 17
11591,2025-10-11,1 5 8 14 | 3 4 15 20
11592,2025-10-11,2 3 5 8 | 1 10 12 19
11593,2025-10-11,3 6 18 19 | 5 10 13 20
11594,2025-10-11,11 12 13 15 | 2 11 15 19
11595,2025-10-11,4 6 17 19 | 1 10 16 18
11596,2025-10-12,13 16 18 20 | 3 4 10 16
11597,2025-10-12,1 4 12 19 | 1 2 15 19
11598,2025-10-12,3 9 12 19 | 7 13 18 20
11599,2025-10-12,1 2 6 8 | 8 13 16 18
11600,2025-10-12,4 6 15 19 | 6 7 11 20
11601,2025-10-12,5 13 15 18 | 5 10 14 18
11602,2025-10-12,3 4 6 14 | 4 8 17 19
11603,2025-10-13,3 12 15 17 | 8 15 16 19
11604,2025-10-13,11 17 18 19 | 2 13 16 18
11605,2025-10-13,8 10 14 15 | 3 11 13 14
11606,2025-10-13,10 13 18 19 | 3 4 10 12
11607,2025-10-13,11 13 17 19 | 12 17 18 19
11608,2025-10-13,1 8 10 11 | 7 9 17 19
11609,2025-10-13,3 6 16 18 | 1 11 18 20
11610,2025-10-14,9 12 14 18 | 4 8 9 18
11611,2025-10-14,1 13 18 20 | 4 9 11 19
11612,2025-10-14,7 8 15 18 | 1 8 9 10
11613,2025-10-14,9 11 14 16 | 1 12 15 20
11614,2025-10-14,15 17 18 19 | 4 9 13 16
11615,2025-10-14,4 6 12 13 | 5 7 12 13
11616,2025-10-14,2 3 5 11 | 2 3 4 20
11617,2025-10-15,3 5 15 20 | 3 5 18 20
11618,2025-10-15,5 6 9 11 | 2 7 13 19
11619,2025-10-15,6 14 16 18 | 1 6 7 14
11620,2025-10-15,2 12 15 17 | 1 11 16 18
11621,2025-10-15,13 18 19 20 | 1 5 12 17
11622,2025-10-15,6 15 16 19 | 8 9 19 20
11623,2025-10-15,12 14 16 17 | 4 8 9 12
11624,2025-10-15,7 11 13 18 | 1 11 13 18
11625,2025-10-16,1 2 6 9 | 5 6 13 14
11626,2025-10-16,2 3 13 15 | 7 9 10 20
11627,2025-10-16,1 5 16 20 | 9 13 14 19
11628,2025-10-16,1 11 12 13 | 8 9 10 18
11629,2025-10-16,3 4 15 18 | 2 9 15 17
11630,2025-10-16,1 10 17 20 | 7 11 12 14
11631,2025-10-16,3 5 7 19 | 4 12 17 20
11632,2025-10-16,2 4 14 17 | 5 9 11 13
11633,2025-10-17,6 11 14 20 | 6 8 14 17
11634,2025-10-17,8 11 14 19 | 6 14 15 17
11635,2025-10-17,1 9 11 20 | 5 9 14 17
11636,2025-10-17,2 3 12 13 | 2 10 13 20
11637,2025-10-17,2 8 17 19 | 1 7 10 15
11638,2025-10-17,4 5 11 16 | 1 12 13 19
11639,2025-10-17,3 5 8 17 | 4 5 9 20
11640,2025-10-17,1 3 7 15 | 7 8 9 15
11641,2025-10-18,1 6 9 10 | 1 2 5 12
11642,2025-10-18,8 12 14 19 | 2 4 12 17
11643,2025-10-18,7 13 15 16 | 4 12 16 20
11644,2025-10-18,5 7 14 16 | 2 5 6 12
11645,2025-10-18,1 2 6 10 | 3 11 12 13
11646,2025-10-18,3 5 11 15 | 1 6 13 19
11647,2025-10-18,9 13 14 16 | 5 7 8 20
11648,2025-10-18,8 10 12 13 | 11 14 15 20
11649,2025-10-19,2 6 11 15 | 2 3 5 8
11650,2025-10-19,2 3 18 20 | 5 15 16 19
11651,2025-10-19,8 10 11 13 | 3 11 13 19
11652,2025-10-19,4 5 8 19 | 6 11 16 19
11653,2025-10-19,3 12 18 20 | 9 11 12 15
11654,2025-10-19,7 10 18 19 | 4 6 13 17
11655,2025-10-19,4 9 17 19 | 7 8 13 15
11656,2025-10-19,4 8 13 18 | 10 12 16 17
11657,2025-10-20,4 7 8 9 | 10 11 12 14
11658,2025-10-20,4 10 15 16 | 2 6 8 11
11659,2025-10-20,8 10 11 14 | 8 9 12 16
11660,2025-10-20,2 5 8 18 | 4 12 15 19
11661,2025-10-20,5 6 15 19 | 4 5 8 11
11662,2025-10-20,1 4 6 20 | 1 5 14 20
11663,2025-10-20,3 4 10 15 | 8 14 17 19
11664,2025-10-20,5 10 15 18 | 8 9 13 14
11665,2025-10-21,1 5 6 18 | 5 8 13 18
11666,2025-10-21,8 10 14 15 | 9 10 16 19
11667,2025-10-21,10 14 15 18 | 1 4 5 8
11668,2025-10-21,6 9 12 13 | 6 7 10 19
11669,2025-10-21,4 13 14 15 | 6 8 12 18
11670,2025-10-21,6 8 9 17 | 2 9 17 19
11671,2025-10-21,11 15 19 20 | 8 14 18 19
11672,2025-10-21,2 12 16 19 | 2 4 5 10
11673,2025-10-22,5 7 15 17 | 2 4 12 14
11674,2025-10-22,8 11 16 17 | 12 14 15 18
11675,2025-10-22,5 9 19 20 | 3 9 17 19
11676,2025-10-22,8 9 10 18 | 6 10 13 20
11677,2025-10-22,2 5 6 11 | 8 12 15 19
11678,2025-10-22,4 6 9 19 | 2 9 17 18
11679,2025-10-22,6 16 17 18 | 3 8 15 17
11680,2025-10-22,11 15 16 18 | 1 10 18 20
11681,2025-10-23,2 5 13 18 | 3 4 12 17
11682,2025-10-23,7 8 13 18 | 7 8 11 15
11683,2025-10-23,1 2 3 15 | 2 3 15 17
11684,2025-10-23,1 2 10 14 | 3 5 14 17
11685,2025-10-23,3 4 8 10 | 5 6 17 18
11686,2025-10-23,6 10 14 15 | 3 5 12 13
11687,2025-10-23,2 10 14 18 | 3 4 7 13
11688,2025-10-23,10 13 14 18 | 10 11 12 14
11689,2025-10-24,1 5 6 8 | 2 8 9 18
11690,2025-10-24,2 6 11 18 | 1 7 8 12
11691,2025-10-24,14 17 18 19 | 3 5 7 9
11692,2025-10-24,5 6 9 18 | 5 14 19 20
11693,2025-10-24,4 7 9 19 | 8 10 15 20
11694,2025-10-24,6 14 17 20 | 1 6 13 18
11695,2025-10-24,3 7 14 15 | 5 9 17 19
11696,2025-10-24,3 12 13 19 | 2 3 13 15
11697,2025-10-25,10 16 18 20 | 5 8 15 19
11698,2025-10-25,3 7 19 20 | 2 9 16 18
11699,2025-10-25,4 5 9 11 | 3 15 16 18
11700,2025-10-25,1 4 11 17 | 1 8 12 17
11701,2025-10-25,2 7 16 19 | 1 8 14 15
11702,2025-10-25,3 12 13 18 | 3 6 11 12
11703,2025-10-25,6 11 16 17 | 3 7 13 15
11704,2025-10-25,3 5 6 14 | 1 6 10 15
11705,2025-10-26,3 6 7 19 | 1 3 5 13
11706,2025-10-26,7 8 13 16 | 11 14 15 17
11707,2025-10-26,4 12 13 16 | 4 5 8 14
11708,2025-10-26,1 2 9 16 | 1 4 5 7
11709,2025-10-26,6 7 8 11 | 7 11 13 19
11710,2025-10-26,12 17 18 20 | 1 3 8 12
11711,2025-10-26,3 10 14 20 | 9 12 17 18
11712,2025-10-26,5 6 14 16 | 1 3 14 17
11713,2025-10-27,8 10 12 20 | 4 7 11 15
11714,2025-10-27,1 8 9 17 | 4 10 12 13
11715,2025-10-27,3 13 16 19 | 3 5 11 15
11716,2025-10-27,3 4 15 19 | 4 5 8 13
11717,2025-10-27,1 2 16 20 | 9 11 15 17
11718,2025-10-27,3 4 10 15 | 5 13 18 20
11719,2025-10-27,2 4 7 10 | 3 13 14 19
11720,2025-10-27,1 2 3 17 | 3 7 9 18
11721,2025-10-28,5 11 17 18 | 13 14 15 17
11722,2025-10-28,7 8 10 17 | 8 15 17 18
11723,2025-10-28,5 8 14 19 | 1 5 14 18
11724,2025-10-28,1 3 18 20 | 3 9 16 20
11725,2025-10-28,3 8 9 10 | 6 7 14 16
11726,2025-10-28,1 14 17 19 | 3 9 10 11
11727,2025-10-28,9 11 19 20 | 1 3 5 6
11728,2025-10-28,4 5 7 15 | 1 2 18 20
11729,2025-10-29,9 10 13 20 | 2 6 18 19
11730,2025-10-29,4 6 15 18 | 2 7 11 18
11731,2025-10-29,3 5 10 16 | 5 6 12 18
11732,2025-10-29,7 8 9 12 | 5 7 17 18
11733,2025-10-29,3 15 16 18 | 10 14 16 19
11734,2025-10-29,7 8 14 18 | 2 4 5 7
11735,2025-10-29,4 8 15 17 | 4 7 16 19
11736,2025-10-29,6 8 13 15 | 7 14 16 19
11737,2025-10-30,1 3 4 11 | 6 13 17 18
11738,2025-10-30,2 4 12 16 | 2 4 6 11
11739,2025-10-30,3 4 13 18 | 8 15 17 18
11740,2025-10-30,2 4 9 10 | 4 5 12 19
11741,2025-10-30,3 8 9 13 | 4 6 16 17
11742,2025-10-30,3 7 9 13 | 3 9 13 18
11743,2025-10-30,1 11 15 17 | 2 7 11 13
11744,2025-10-30,5 9 13 19 | 1 3 8 10
11745,2025-10-31,7 8 10 15 | 11 13 14 19
11746,2025-10-31,4 11 15 17 | 5 7 8 14
11747,2025-10-31,7 8 12 15 | 1 2 9 17
11748,2025-10-31,8 10 15 18 | 2 12 16 17
11749,2025-10-31,3 5 7 11 | 2 8 14 16
11750,2025-10-31,1 11 16 19 | 5 6 7 19
11751,2025-10-31,4 6 16 17 | 8 14 16 18
11752,2025-10-31,2 9 14 16 | 4 5 10 18
11753,2025-11-01,2 6 13 18 | 5 15 16 20
11754,2025-11-01,2 12 19 20 | 5 8 10 14
11755,2025-11-01,4 14 17 20 | 9 14 15 17
11756,2025-11-01,2 5 10 20 | 5 6 13 20
11757,2025-11-01,2 12 15 18 | 14 15 17 18
11758,2025-11-01,3 6 17 18 | 7 8 10 19
11759,2025-11-01,6 8 10 17 | 13 15 17 18
11760,2025-11-01,8 9 11 17 | 1 10 16 18
11761,2025-11-02,5 6 10 20 | 4 9 14 15
11762,2025-11-02,2 8 11 19 | 5 15 16 20
11763,2025-11-02,12 14 18 19 | 1 7 10 19
11764,2025-11-02,4 6 15 19 | 2 4 13 14
11765,2025-11-02,1 8 19 20 | 3 8 11 13
11766,2025-11-02,1 2 7 8 | 1 2 18 20
11767,2025-11-02,1 12 15 16 | 2 11 17 18
11768,2025-11-02,3 6 10 13 | 3 4 5 6
11769,2025-11-03,9 12 15 16 | 6 7 10 14
11770,2025-11-03,2 6 7 14 | 3 8 16 18
11771,2025-11-03,1 6 9 13 | 4 14 15 17
11772,2025-11-03,7 8 11 18 | 3 9 18 20
11773,2025-11-03,3 8 12 15 | 1 8 12 15
11774,2025-11-03,7 8 13 17 | 2 3 16 20
11775,2025-11-03,10 13 15 18 | 9 10 16 20
11776,2025-11-03,3 11 15 16 | 4 12 13 15
11777,2025-11-04,1 4 6 8 | 8 9 13 14
11778,2025-11-04,11 16 18 19 | 3 8 12 16
11779,2025-11-04,8 9 16 18 | 1 4 18 20
11780,2025-11-04,2 8 11 17 | 1 10 14 20
11781,2025-11-04,3 6 17 19 | 8 13 15 19
11782,2025-11-04,4 7 13 16 | 6 15 18 19
11783,2025-11-04,6 9 12 13 | 4 6 13 17
11784,2025-11-04,9 10 14 19 | 6 13 15 18
11785,2025-11-05,3 9 10 11 | 6 10 11 20
11786,2025-11-05,1 15 18 19 | 3 10 12 13
11787,2025-11-05,5 8 13 18 | 1 12 13 18
11788,2025-11-05,7 14 16 18 | 8 9 14 19
11789,2025-11-05,4 8 16 17 | 3 11 19 20
11790,2025-11-05,1 11 16 18 | 7 10 15 19
11791,2025-11-05,3 13 18 20 | 4 6 15 20
11792,2025-11-05,1 4 11 18 | 2 9 11 13
11793,2025-11-06,2 4 6 12 | 1 5 11 15
11794,2025-11-06,10 16 18 20 | 9 11 15 16
11795,2025-11-06,4 12 13 14 | 4 5 18 20
11796,2025-11-06,5 14 16 17 | 8 17 18 20
11797,2025-11-06,3 11 14 17 | 1 4 8 15
11798,2025-11-06,5 7 11 20 | 10 13 17 19
11799,2025-11-06,4 10 15 19 | 2 11 15 17
11800,2025-11-06,3 10 13 15 | 1 5 12 20
11801,2025-11-07,4 8 9 16 | 2 3 5 11
11802,2025-11-07,6 13 18 20 | 16 18 19 20
11803,2025-11-07,3 4 17 20 | 3 4 6 10
11804,2025-11-07,6 9 13 17 | 3 6 9 19
11805,2025-11-07,1 7 13 18 | 10 11 15 20
11806,2025-11-07,1 4 5 7 | 7 8 12 15
11807,2025-11-07,6 7 14 17 | 2 7 14 16
11808,2025-11-07,2 3 7 15 | 2 6 8 15
11809,2025-11-08,2 13 18 20 | 1 3 17 20
11810,2025-11-08,3 7 9 13 | 11 16 17 19
11811,2025-11-08,5 8 12 18 | 9 14 15 18
11812,2025-11-08,1 11 12 20 | 2 3 7 17
11813,2025-11-08,7 8 13 15 | 1 2 3 9
11814,2025-11-08,1 11 14 17 | 11 16 17 20
11815,2025-11-08,6 7 11 12 | 4 10 14 15
11816,2025-11-08,11 13 14 16 | 3 4 11 14
11817,2025-11-09,1 7 12 16 | 2 7 13 17
11818,2025-11-09,4 5 17 20 | 5 13 17 20
11819,2025-11-09,7 9 11 15 | 1 3 7 12
11820,2025-11-09,2 5 11 19 | 5 8 10 13
11821,2025-11-09,14 16 18 19 | 2 3 10 13
11822,2025-11-09,6 13 15 17 | 3 7 17 20
11823,2025-11-09,6 8 11 15 | 3 6 9 19
11824,2025-11-09,5 6 12 18 | 2 3 9 10
11825,2025-11-10,7 12 13 19 | 1 2 5 12
11826,2025-11-10,7 9 14 15 | 1 3 10 11
11827,2025-11-10,5 10 17 18 | 6 8 18 19
11828,2025-11-10,2 11 14 17 | 4 5 9 13
11829,2025-11-10,1 3 5 20 | 11 13 14 17
11830,2025-11-10,2 4 5 8 | 8 12 15 16
11831,2025-11-10,4 6 12 16 | 3 10 14 17
11832,2025-11-10,3 5 16 17 | 12 18 19 20
11833,2025-11-11,11 17 18 19 | 4 5 16 17
11834,2025-11-11,2 4 6 11 | 9 15 16 20
11835,2025-11-11,4 8 16 17 | 1 2 17 18
11836,2025-11-11,3 14 19 20 | 3 14 15 19
11837,2025-11-11,1 4 11 19 | 5 12 15 20
11838,2025-11-11,4 9 15 16 | 10 11 15 16
11839,2025-11-11,10 12 14 19 | 7 9 13 18
11840,2025-11-11,3 4 19 20 | 1 6 12 14
11841,2025-11-12,3 10 16 19 | 4 5 7 15
11842,2025-11-12,1 6 10 11 | 1 7 15 19
11843,2025-11-12,3 11 16 17 | 1 3 13 15
11844,2025-11-12,2 17 18 20 | 6 16 17 20
11845,2025-11-12,1 4 8 12 | 8 10 12 15
11846,2025-11-12,2 11 14 19 | 3 6 8 16
11847,2025-11-12,6 9 10 17 | 1 3 9 15
11848,2025-11-12,9 11 15 19 | 8 9 12 18
11849,2025-11-13,9 15 19 20 | 3 10 13 19
11850,2025-11-13,2 5 12 16 | 5 12 16 20
11851,2025-11-13,2 5 8 19 | 5 12 14 18
11852,2025-11-13,2 5 14 20 | 2 9 13 15
11853,2025-11-13,4 8 19 20 | 2 8 17 18
11854,2025-11-13,5 8 11 20 | 2 11 12 15
11855,2025-11-13,1 10 11 19 | 2 3 14 16
11856,2025-11-13,1 5 9 20 | 2 15 16 19
11857,2025-11-14,1 17 19 20 | 14 16 17 20
11858,2025-11-14,6 7 10 13 | 1 3 9 16
11859,2025-11-14,6 16 17 18 | 1 6 13 15
11860,2025-11-14,5 6 11 18 | 1 6 9 14
11861,2025-11-14,4 7 9 15 | 1 4 6 15
11862,2025-11-14,5 15 16 17 | 1 4 10 18
11863,2025-11-14,2 12 17 18 | 2 9 17 20
11864,2025-11-14,1 3 9 13 | 2 9 14 17
11865,2025-11-15,1 8 11 12 | 1 3 6 15
11866,2025-11-15,5 8 13 14 | 3 7 13 14
11867,2025-11-15,3 4 9 13 | 8 10 11 14
11868,2025-11-15,1 2 4 7 | 12 16 19 20
11869,2025-11-15,3 5 17 20 | 1 10 15 18
11870,2025-11-15,2 8 12 17 | 7 16 17 18
11871,2025-11-15,3 6 11 16 | 10 13 15 17
11872,2025-11-15,3 9 17 19 | 2 7 10 12
11873,2025-11-16,1 2 11 17 | 1 11 16 19
11874,2025-11-16,4 8 10 11 | 3 5 18 20
11875,2025-11-16,1 3 16 19 | 8 10 17 20
11876,2025-11-16,9 13 16 18 | 7 11 13 19
11877,2025-11-16,5 9 18 19 | 5 6 10 12
11878,2025-11-16,2 3 5 19 | 5 9 16 19
11879,2025-11-16,3 11 15 19 | 2 7 8 9
11880,2025-11-16,6 7 10 15 | 1 2 9 18
11881,2025-11-17,2 4 7 15 | 3 4 11 16
11882,2025-11-17,2 7 12 19 | 1 3 5 7
11883,2025-11-17,9 11 15 17 | 4 9 10 17
11884,2025-11-17,7 10 15 18 | 2 4 8 20
11885,2025-11-17,4 8 12 16 | 1 2 8 16
11886,2025-11-17,7 11 12 15 | 4 9 14 15
11887,2025-11-17,4 5 8 19 | 5 7 9 10
11888,2025-11-17,5 8 16 17 | 8 14 16 17
11889,2025-11-18,3 17 18 19 | 8 10 11 16
11890,2025-11-18,3 4 7 19 | 6 7 10 18
11891,2025-11-18,1 6 13 18 | 4 9 15 18
11892,2025-11-18,8 16 17 20 | 4 7 13 14
11893,2025-11-18,13 14 16 19 | 10 13 14 15
11894,2025-11-18,3 5 9 12 | 2 11 12 14
11895,2025-11-18,4 9 12 14 | 4 13 14 15
11896,2025-11-18,6 11 12 14 | 2 13 17 19
11897,2025-11-19,2 7 9 20 | 10 13 16 18
11898,2025-11-19,11 12 14 17 | 5 6 8 14
11899,2025-11-19,2 6 15 19 | 4 16 17 19
11900,2025-11-19,6 7 10 15 | 5 9 15 19
11901,2025-11-19,3 9 11 14 | 1 5 15 17
11902,2025-11-19,5 6 9 19 | 1 6 12 13
11903,2025-11-19,2 7 12 19 | 2 9 11 12
11904,2025-11-19,1 7 8 14 | 3 11 15 18
11905,2025-11-20,2 5 14 18 | 6 7 10 14
11906,2025-11-20,4 8 14 15 | 5 15 18 19
11907,2025-11-20,2 8 13 18 | 1 10 16 19
11908,2025-11-20,6 8 13 20 | 2 7 15 17
11909,2025-11-20,1 2 12 13 | 3 14 17 20
11910,2025-11-20,3 8 13 14 | 9 15 16 20
11911,2025-11-20,2 10 14 15 | 3 6 10 13
11912,2025-11-20,3 6 7 20 | 4 6 17 18
11913,2025-11-21,4 6 7 13 | 4 7 8 12
11914,2025-11-21,2 9 11 20 | 8 10 14 16
11915,2025-11-21,5 11 15 17 | 7 14 18 19
11916,2025-11-21,5 6 15 17 | 12 17 18 20
11917,2025-11-21,1 14 17 20 | 2 7 12 15
11918,2025-11-21,6 10 16 20 | 2 4 11 14
11919,2025-11-21,7 9 10 11 | 6 11 17 18
11920,2025-11-21,2 9 11 15 | 7 9 17 18
11921,2025-11-22,2 7 8 16 | 7 14 16 19
11922,2025-11-22,1 14 16 17 | 2 9 10 13
11923,2025-11-22,8 12 15 17 | 3 4 10 12
11924,2025-11-22,7 8 12 18 | 1 5 14 17
11925,2025-11-22,4 5 8 20 | 6 12 13 19
11926,2025-11-22,3 4 6 9 | 3 10 14 18
11927,2025-11-22,4 10 11 16 | 2 8 15 18
11928,2025-11-22,2 9 17 20 | 1 15 17 19
11929,2025-11-23,2 5 7 12 | 4 9 18 20
11930,2025-11-23,5 12 14 20 | 1 8 11 14
11931,2025-11-23,5 6 9 15 | 1 2 4 20
11932,2025-11-23,4 13 17 18 | 1 9 14 19
11933,2025-11-23,7 10 19 20 | 1 7 16 20
11934,2025-11-23,1 2 6 18 | 2 11 12 19
11935,2025-11-23,9 12 15 18 | 1 8 12 20
11936,2025-11-23,2 3 4 9 | 6 11 16 17
11937,2025-11-24,1 14 16 17 | 1 11 12 19
11938,2025-11-24,10 13 18 20 | 1 3 5 9
11939,2025-11-24,7 8 14 18 | 1 8 10 19
11940,2025-11-24,4 5 8 20 | 1 3 12 14
11941,2025-11-24,2 5 8 13 | 8 14 17 18
11942,2025-11-24,1 3 13 20 | 5 9 11 13
11943,2025-11-24,14 16 17 19 | 10 16 19 20
11944,2025-11-24,4 8 9 10 | 1 2 4 5
11945,2025-11-25,6 7 12 20 | 1 7 13 16
11946,2025-11-25,5 13 14 18 | 5 11 14 19
11947,2025-11-25,3 9 14 16 | 4 6 10 20
11948,2025-11-25,9 16 17 18 | 1 11 16 19
11949,2025-11-25,13 17 18 20 | 3 7 9 14
11950,2025-11-25,2 13 15 16 | 5 9 13 16
11951,2025-11-25,3 7 15 17 | 4 6 15 20
11952,2025-11-25,2 8 11 12 | 2 8 16 20
11953,2025-11-26,5 8 15 17 | 6 10 18 19
11954,2025-11-26,4 11 14 19 | 5 6 9 17
11955,2025-11-26,4 11 14 18 | 6 15 16 17
11956,2025-11-26,2 9 15 16 | 1 9 12 15
11957,2025-11-26,5 12 18 20 | 7 12 19 20
11958,2025-11-26,13 16 18 20 | 5 7 14 20
11959,2025-11-26,4 14 16 20 | 3 6 7 11
11960,2025-11-26,7 9 13 14 | 4 13 17 19
11961,2025-11-27,3 4 18 19 | 1 2 11 12
11962,2025-11-27,2 10 15 18 | 2 4 10 19
11963,2025-11-27,3 10 13 17 | 5 6 7 15
11964,2025-11-27,11 12 13 20 | 3 6 8 16
11965,2025-11-27,5 6 7 17 | 2 11 19 20
11966,2025-11-27,1 5 17 20 | 3 11 15 18
11967,2025-11-27,2 10 13 17 | 3 9 12 18
11968,2025-11-27,5 9 10 18 | 1 2 8 9
11969,2025-11-28,3 10 15 19 | 4 6 7 11
11970,2025-11-28,2 5 8 12 | 3 8 12 20
11971,2025-11-28,2 3 8 13 | 4 7 13 20
11972,2025-11-28,7 8 10 11 | 4 8 10 18
11973,2025-11-28,2 6 7 14 | 2 6 11 18
11974,2025-11-28,9 12 14 20 | 2 5 15 18
11975,2025-11-28,1 5 8 15 | 1 4 8 10
11976,2025-11-28,4 13 16 17 | 2 5 7 8
11977,2025-11-29,2 10 11 20 | 2 4 7 9
11978,2025-11-29,1 3 6 16 | 14 15 17 20
11979,2025-11-29,2 8 16 17 | 4 8 12 16
11980,2025-11-29,1 7 12 20 | 3 6 10 14
11981,2025-11-29,3 14 16 19 | 3 8 9 12
11982,2025-11-29,2 3 11 12 | 1 2 9 13
11983,2025-11-29,6 12 17 20 | 2 5 7 18
11984,2025-11-29,4 6 10 18 | 2 11 16 17
11985,2025-11-30,1 2 12 13 | 6 8 12 15
11986,2025-11-30,7 10 19 20 | 4 11 14 19
11987,2025-11-30,7 10 12 19 | 9 10 19 20
11988,2025-11-30,2 11 13 16 | 1 6 7 17
11989,2025-11-30,2 10 12 19 | 2 5 7 16
11990,2025-11-30,1 4 7 19 | 4 5 7 16
11991,2025-11-30,2 12 13 16 | 3 5 17 18
11992,2025-11-30,5 7 19 20 | 5 7 18 19
11993,2025-12-01,7 8 10 20 | 8 9 11 12
11994,2025-12-01,5 15 16 20 | 6 8 12 16
11995,2025-12-01,1 2 9 16 | 1 5 11 19
11996,2025-12-01,9 12 13 15 | 8 17 18 19
11997,2025-12-01,1 7 16 19 | 1 11 12 20
11998,2025-12-01,5 6 12 19 | 2 5 15 17
11999,2025-12-01,2 10 13 17 | 2 3 4 5
12000,2025-12-01,9 10 11 20 | 1 14 15 20
12001,2025-12-02,10 14 16 19 | 5 6 9 12
12002,2025-12-02,3 11 12 18 | 2 4 7 17
12003,2025-12-02,6 13 14 15 | 10 16 19 20
12004,2025-12-02,5 11 12 18 | 1 7 8 9
12005,2025-12-02,1 7 8 18 | 5 16 18 19
12006,2025-12-02,6 7 8 15 | 4 8 10 15
12007,2025-12-02,11 12 15 20 | 8 14 16 19
12008,2025-12-02,5 6 7 17 | 2 5 8 18
12009,2025-12-03,3 10 11 19 | 4 8 18 20
12010,2025-12-03,8 9 10 13 | 5 6 14 20
12011,2025-12-03,2 5 6 12 | 1 2 12 19
12012,2025-12-03,1 6 15 18 | 6 12 15 18
12013,2025-12-03,3 6 8 17 | 1 14 18 20
12014,2025-12-03,5 10 12 20 | 3 5 9 10
12015,2025-12-03,6 7 12 18 | 3 6 12 13
12016,2025-12-03,2 6 7 13 | 3 7 15 17
12017,2025-12-04,2 4 5 6 | 3 14 16 19
12018,2025-12-04,1 2 7 14 | 5 12 17 19
12019,2025-12-04,2 3 5 6 | 2 3 5 20
12020,2025-12-04,3 4 8 13 | 3 12 15 20
12021,2025-12-04,11 13 14 15 | 1 6 10 20
12022,2025-12-04,3 5 8 17 | 4 8 15 20
12023,2025-12-04,6 7 12 20 | 4 8 15 20
12024,2025-12-04,3 4 7 19 | 7 8 13 15
12025,2025-12-05,2 4 10 14 | 2 3 4 10
12026,2025-12-05,3 6 10 14 | 2 3 7 19
12027,2025-12-05,5 11 14 20 | 2 3 11 19
12028,2025-12-05,2 5 7 13 | 1 12 16 17
12029,2025-12-05,3 4 11 19 | 4 6 10 15
12030,2025-12-05,1 7 12 18 | 2 11 12 17
12031,2025-12-05,1 5 13 15 | 1 7 8 9
12032,2025-12-05,4 8 10 13 | 8 13 17 19
12033,2025-12-06,4 14 15 18 | 6 8 9 16
12034,2025-12-06,8 13 19 20 | 2 9 18 19
12035,2025-12-06,1 9 11 17 | 2 7 11 15
12036,2025-12-06,5 9 14 18 | 1 7 12 13
12037,2025-12-06,5 9 12 15 | 2 6 9 19
12038,2025-12-06,5 9 12 13 | 7 14 18 20
12039,2025-12-06,6 13 19 20 | 3 6 8 11
12040,2025-12-06,5 9 18 19 | 7 15 18 20
12041,2025-12-07,2 7 15 20 | 1 9 11 13
12042,2025-12-07,1 5 14 16 | 5 10 12 15
12043,2025-12-07,6 8 9 17 | 5 6 14 20
12044,2025-12-07,7 9 10 19 | 2 6 18 20
12045,2025-12-07,1 3 7 17 | 1 3 4 19
12046,2025-12-07,1 2 6 18 | 1 3 4 9
12047,2025-12-07,6 13 16 18 | 4 13 15 19
12048,2025-12-07,3 4 14 19 | 13 18 19 20
12049,2025-12-08,1 13 14 19 | 4 9 10 11
12050,2025-12-08,10 16 17 20 | 3 5 7 12
12051,2025-12-08,2 9 15 16 | 1 6 13 19
12052,2025-12-08,4 8 12 15 | 4 6 11 13
12053,2025-12-08,2 9 15 17 | 12 13 18 20
12054,2025-12-08,1 7 11 19 | 4 5 6 13
12055,2025-12-08,6 9 12 20 | 16 17 18 19
12056,2025-12-08,12 17 18 20 | 5 7 15 19
12057,2025-12-09,3 14 15 20 | 9 14 15 18
12058,2025-12-09,1 15 16 19 | 1 2 8 14
12059,2025-12-09,8 14 17 19 | 8 9 11 16
12060,2025-12-09,4 6 7 14 | 2 13 16 20
12061,2025-12-09,6 17 18 20 | 3 9 12 18
12062,2025-12-09,4 5 7 14 | 3 5 9 15
12063,2025-12-09,7 10 12 15 | 6 9 14 18
12064,2025-12-09,3 6 11 18 | 3 11 13 17
12065,2025-12-10,9 13 16 18 | 10 12 13 16
12066,2025-12-10,5 8 14 17 | 6 7 9 17
12067,2025-12-10,7 9 14 20 | 2 4 9 12
12068,2025-12-10,12 13 15 19 | 5 11 15 19
12069,2025-12-10,9 13 16 17 | 1 11 14 15
12070,2025-12-10,8 13 18 20 | 3 4 5 17
12071,2025-12-10,1 4 16 17 | 2 9 16 20
12072,2025-12-10,2 4 14 19 | 13 14 17 18
12073,2025-12-11,1 2 12 19 | 6 10 16 20
12074,2025-12-11,7 11 15 20 | 3 6 9 13
12075,2025-12-11,2 3 8 15 | 3 8 14 16
12076,2025-12-11,3 4 9 18 | 1 7 10 19
12077,2025-12-11,1 10 13 19 | 2 16 17 19
12078,2025-12-11,5 14 15 20 | 3 6 12 20
12079,2025-12-11,2 5 6 10 | 3 4 5 10
12080,2025-12-11,2 5 11 12 | 5 7 8 13
12081,2025-12-12,2 10 13 20 | 1 8 9 19
12082,2025-12-12,6 9 10 19 | 15 17 19 20
12083,2025-12-12,1 7 13 17 | 3 5 13 18
12084,2025-12-12,4 6 12 17 | 5 10 12 15
12085,2025-12-12,1 6 7 15 | 6 8 12 16
12086,2025-12-12,6 7 17 20 | 1 5 10 14
12087,2025-12-12,4 5 9 13 | 1 3 13 15
12088,2025-12-12,1 12 15 16 | 2 13 14 17
12089,2025-12-13,3 14 15 20 | 1 4 18 19
12090,2025-12-13,12 13 15 19 | 3 10 13 16
12091,2025-12-13,5 7 10 15 | 6 7 14 20
12092,2025-12-13,9 13 16 18 | 3 10 12 17
12093,2025-12-13,2 9 14 17 | 1 6 7 15
12094,2025-12-13,5 6 10 18 | 8 12 13 18
12095,2025-12-13,1 6 11 14 | 1 6 18 20
12096,2025-12-13,9 11 14 19 | 5 12 14 16
12097,2025-12-14,5 7 14 18 | 1 3 5 20
12098,2025-12-14,4 5 8 12 | 4 10 17 19
12099,2025-12-14,11 12 14 20 | 6 8 14 20
12100,2025-12-14,4 8 12 18 | 5 6 7 16
12101,2025-12-14,3 6 9 18 | 2 15 18 20
12102,2025-12-14,3 9 14 18 | 2 3 6 20
12103,2025-12-14,5 13 14 20 | 2 4 6 19
12104,2025-12-14,1 2 9 11 | 9 13 14 20
12105,2025-12-15,1 2 10 16 | 3 6 14 20
12106,2025-12-15,4 9 14 15 | 4 5 7 15
12107,2025-12-15,7 12 13 19 | 5 8 15 18
12108,2025-12-15,4 10 11 19 | 1 10 13 20
12109,2025-12-15,6 8 14 19 | 2 8 10 14
12110,2025-12-15,1 5 6 11 | 1 3 8 15
12111,2025-12-15,7 14 16 17 | 3 6 19 20
12112,2025-12-15,2 7 9 18 | 2 11 12 19
12113,2025-12-16,1 2 3 11 | 4 9 10 17
12114,2025-12-16,2 13 14 20 | 1 2 8 18
12115,2025-12-16,4 7 12 14 | 5 12 15 20
12116,2025-12-16,5 7 15 16 | 6 9 19 20
12117,2025-12-16,2 15 16 18 | 1 3 10 18
12118,2025-12-16,2 7 11 14 | 5 10 13 15
12119,2025-12-16,3 4 7 12 | 3 8 10 14
12120,2025-12-16,9 10 12 14 | 2 15 17 19
12121,2025-12-17,2 9 15 18 | 1 3 4 16
12122,2025-12-17,3 4 5 13 | 2 16 17 18
12123,2025-12-17,5 6 9 17 | 3 9 12 15
12124,2025-12-17,3 17 19 20 | 6 14 16 19
12125,2025-12-17,7 8 13 15 | 1 9 16 17
12126,2025-12-17,4 16 18 20 | 9 14 15 20
12127,2025-12-17,11 12 16 20 | 4 10 14 20
12128,2025-12-17,1 2 13 17 | 7 8 15 17
12129,2025-12-17,3 4 11 15 | 5 6 10 20
12130,2025-12-17,2 4 11 14 | 9 11 12 18
12131,2025-12-18,8 12 16 20 | 9 14 15 17
12132,2025-12-18,1 6 8 11 | 12 13 15 17
12133,2025-12-18,5 6 11 18 | 1 3 12 17
12134,2025-12-18,7 12 15 20 | 2 6 7 17
12135,2025-12-18,2 4 7 14 | 2 4 11 13
12136,2025-12-18,7 11 16 18 | 4 6 8 10
12137,2025-12-18,1 2 10 17 | 6 8 11 12
12138,2025-12-18,1 5 15 16 | 5 8 10 18
12139,2025-12-18,5 11 13 20 | 7 15 18 20
12140,2025-12-18,7 10 14 16 | 1 4 18 20
12141,2025-12-19,2 7 9 17 | 2 7 12 19
12142,2025-12-19,1 2 7 10 | 3 11 17 20
12143,2025-12-19,4 7 11 20 | 1 13 14 17
12144,2025-12-19,2 5 10 11 | 6 11 18 20
12145,2025-12-19,1 9 10 11 | 1 6 9 15
12146,2025-12-19,1 4 7 10 | 7 8 15 18
12147,2025-12-19,11 17 18 19 | 9 11 13 16
12148,2025-12-19,1 10 11 12 | 4 5 10 18
12149,2025-12-19,2 5 7 15 | 4 10 18 19
12150,2025-12-19,3 8 10 20 | 2 3 14 15
12151,2025-12-20,3 4 13 18 | 3 5 12 19
12152,2025-12-20,7 8 17 18 | 3 8 15 18
12153,2025-12-20,2 10 11 20 | 4 5 11 19
12154,2025-12-20,5 17 18 19 | 7 9 12 19
12155,2025-12-20,4 10 12 14 | 12 15 16 19
12156,2025-12-20,1 4 14 19 | 3 8 15 20
12157,2025-12-20,5 8 13 19 | 3 12 13 17
12158,2025-12-20,1 7 12 20 | 6 8 13 17
12159,2025-12-20,1 13 16 17 | 7 10 16 20
12160,2025-12-20,3 4 7 20 | 8 11 16 17
12161,2025-12-21,1 5 14 17 | 3 10 11 20
12162,2025-12-21,5 8 15 20 | 5 7 8 16
12163,2025-12-21,1 3 10 13 | 2 14 16 17
12164,2025-12-21,1 2 11 16 | 5 12 16 19
12165,2025-12-21,7 12 13 20 | 2 8 13 20
12166,2025-12-21,5 7 15 17 | 2 5 7 11
12167,2025-12-21,6 9 13 15 | 2 8 15 18
12168,2025-12-21,9 15 17 19 | 5 9 10 14
12169,2025-12-21,7 9 10 16 | 5 9 16 17
12170,2025-12-21,9 10 11 14 | 7 11 16 17
12171,2025-12-22,6 9 11 13 | 1 7 16 19
12172,2025-12-22,3 6 13 19 | 5 6 15 18
12173,2025-12-22,1 9 13 17 | 5 11 14 16
12174,2025-12-22,8 10 13 18 | 4 12 14 19
12175,2025-12-22,5 8 13 17 | 3 10 11 17
12176,2025-12-22,5 7 10 17 | 10 16 19 20
12177,2025-12-22,10 15 18 20 | 4 6 15 20
12178,2025-12-22,4 6 7 20 | 3 4 9 20
12179,2025-12-22,1 4 13 19 | 1 14 16 17
12180,2025-12-22,5 7 8 14 | 2 3 16 19
12181,2025-12-23,5 9 12 13 | 3 4 7 19
12182,2025-12-23,4 12 13 18 | 3 7 19 20
12183,2025-12-23,1 3 10 16 | 3 6 14 18
12184,2025-12-23,2 6 10 13 | 13 14 16 19
12185,2025-12-23,5 7 11 14 | 5 8 12 16
12186,2025-12-23,6 11 13 20 | 10 11 12 17
12187,2025-12-23,3 8 12 13 | 8 10 13 17
12188,2025-12-23,1 5 6 8 | 1 7 8 9
12189,2025-12-23,4 8 14 15 | 3 9 11 14
12190,2025-12-23,5 6 7 15 | 2 5 7 8
12191,2025-12-24,11 14 15 18 | 3 7 9 12
12192,2025-12-24,1 3 10 18 | 8 9 19 20
12193,2025-12-24,2 3 18 20 | 6 10 15 17
12194,2025-12-24,2 5 10 19 | 3 6 7 8
12195,2025-12-24,2 3 4 19 | 1 13 17 19
12196,2025-12-24,1 8 15 16 | 1 14 15 19
12197,2025-12-24,2 5 7 9 | 1 9 11 17
12198,2025-12-24,5 9 14 17 | 6 8 9 19
12199,2025-12-24,10 15 16 17 | 3 12 13 18
12200,2025-12-24,1 6 8 18 | 4 5 11 19
12201,2025-12-25,7 9 13 16 | 7 9 15 20
12202,2025-12-25,5 11 13 15 | 8 13 15 19
12203,2025-12-25,3 5 8 14 | 2 4 11 13
12204,2025-12-25,1 6 13 15 | 3 6 8 10
12205,2025-12-25,1 2 3 19 | 5 7 11 20
12206,2025-12-25,10 13 14 17 | 1 9 17 20
12207,2025-12-25,2 9 12 18 | 1 6 7 18
12208,2025-12-25,4 5 12 16 | 2 3 10 17
12209,2025-12-25,6 7 10 20 | 3 5 8 18
12210,2025-12-25,5 9 16 17 | 2 14 16 17
12211,2025-12-26,10 11 12 14 | 8 11 13 14
12212,2025-12-26,2 7 12 19 | 3 4 5 19
12213,2025-12-26,1 3 10 17 | 4 5 6 10
12214,2025-12-26,9 12 16 20 | 13 15 19 20
12215,2025-12-26,1 5 9 15 | 1 7 8 14
12216,2025-12-26,2 11 13 20 | 10 13 16 19
12217,2025-12-26,4 5 6 9 | 1 4 8 10
12218,2025-12-26,3 8 11 19 | 3 10 11 19
12219,2025-12-26,1 2 7 8 | 10 11 16 18
12220,2025-12-26,3 8 9 10 | 9 14 15 19
12221,2025-12-27,7 9 12 18 | 2 7 13 19
12222,2025-12-27,1 4 5 15 | 3 4 13 20
12223,2025-12-27,2 6 13 16 | 3 4 11 19
12224,2025-12-27,8 11 12 20 | 7 9 13 14
12225,2025-12-27,2 10 11 14 | 4 11 16 18
12226,2025-12-27,1 6 7 20 | 6 7 11 12
12227,2025-12-27,1 4 16 19 | 1 8 14 16
12228,2025-12-27,4 5 16 18 | 8 10 12 17
12229,2025-12-27,9 11 12 16 | 5 9 13 19
12230,2025-12-27,3 5 6 14 | 7 11 17 20
12231,2025-12-28,4 5 8 10 | 8 10 14 20
12232,2025-12-28,2 5 9 12 | 1 2 14 18
12233,2025-12-28,1 6 10 18 | 3 12 14 15
12234,2025-12-28,6 8 15 16 | 6 11 16 17
12235,2025-12-28,7 10 12 18 | 3 8 11 20
12236,2025-12-28,1 8 13 16 | 8 10 18 20
12237,2025-12-28,4 5 7 17 | 3 11 17 20
12238,2025-12-28,2 8 15 20 | 3 4 11 16
12239,2025-12-28,11 15 18 20 | 8 11 12 16
12240,2025-12-28,3 5 7 15 | 2 3 13 14
12241,2025-12-29,4 5 9 19 | 3 8 14 15
12242,2025-12-29,1 10 13 16 | 1 4 6 17
12243,2025-12-29,2 11 12 14 | 8 14 15 18
12244,2025-12-29,6 7 11 20 | 4 6 7 14
12245,2025-12-29,14 15 18 20 | 4 9 10 12
12246,2025-12-29,6 7 19 20 | 5 11 14 15
12247,2025-12-29,6 9 12 15 | 1 2 4 7
12248,2025-12-29,1 10 17 19 | 9 16 17 19
12249,2025-12-29,1 5 7 17 | 5 7 10 11
12250,2025-12-29,8 10 13 16 | 1 5 8 15
12251,2025-12-30,9 16 17 20 | 1 16 18 20
12252,2025-12-30,9 10 12 14 | 4 5 10 13
12253,2025-12-30,6 16 17 19 | 5 7 19 20
12254,2025-12-30,1 4 9 17 | 2 5 6 16
12255,2025-12-30,1 17 18 20 | 2 11 12 14
12256,2025-12-30,6 10 14 20 | 7 9 10 12
12257,2025-12-30,7 9 14 19 | 5 10 15 16
12258,2025-12-30,1 3 5 13 | 1 4 7 10
12259,2025-12-30,5 11 13 20 | 3 6 17 19
12260,2025-12-30,1 7 14 20 | 3 9 12 19
12261,2025-12-31,6 9 11 20 | 6 8 11 14
12262,2025-12-31,5 10 14 19 | 11 13 14 17
12263,2025-12-31,11 12 13 14 | 2 11 15 17
12264,2025-12-31,6 13 15 16 | 5 7 9 16
12265,2025-12-31,6 7 10 11 | 10 12 14 19
12266,2025-12-31,9 11 13 19 | 1 8 13 18
12267,2025-12-31,4 13 14 18 | 5 6 8 16
12268,2025-12-31,2 3 7 9 | 9 11 13 18
12269,2025-12-31,6 15 16 20 | 2 4 10 19
12270,2025-12-31,1 6 10 16 | 6 12 15 20
12271,2026-01-01,12 16 17 18 | 2 7 17 19
12272,2026-01-01,2 4 11 15 | 1 2 7 16
12273,2026-01-01,6 13 17 18 | 2 8 15 17
12274,2026-01-01,11 12 16 18 | 3 5 11 19
12275,2026-01-01,13 16 19 20 | 3 14 17 18
12276,2026-01-01,6 11 12 16 | 4 5 11 12
12277,2026-01-01,3 9 10 18 | 4 5 9 19
12278,2026-01-01,7 8 13 15 | 5 7 17 20
12279,2026-01-01,9 14 15 17 | 6 7 8 20
12280,2026-01-01,10 15 16 17 | 6 10 11 18
12281,2026-01-02,1 12 16 20 | 1 6 7 19
12282,2026-01-02,1 8 9 14 | 8 9 13 14
12283,2026-01-02,5 12 14 16 | 1 2 11 17
12284,2026-01-02,3 7 8 18 | 2 9 17 20
12285,2026-01-02,4 10 15 19 | 4 6 11 19
12286,2026-01-02,6 8 13 17 | 2 8 9 16
12287,2026-01-02,1 2 8 12 | 1 9 10 13
12288,2026-01-02,2 8 15 17 | 12 13 14 17
12289,2026-01-02,6 15 17 18 | 2 6 8 14
12290,2026-01-02,6 7 8 12 | 1 10 15 19
12291,2026-01-03,1 3 4 15 | 6 7 9 14
12292,2026-01-03,2 3 6 14 | 1 4 5 13
12293,2026-01-03,4 6 12 16 | 1 13 14 20
12294,2026-01-03,1 4 5 15 | 2 10 11 16
12295,2026-01-03,2 12 13 18 | 6 12 13 14
12296,2026-01-03,2 4 12 19 | 1 2 4 8
12297,2026-01-03,10 11 12 15 | 5 6 15 19
12298,2026-01-03,3 6 10 11 | 1 11 12 19
12299,2026-01-03,2 3 4 9 | 1 7 19 20
12300,2026-01-03,5 6 18 20 | 4 5 6 12
12301,2026-01-04,1 6 17 19 | 4 6 11 12
12302,2026-01-04,3 4 8 19 | 4 8 18 20
12303,2026-01-04,2 4 11 15 | 1 2 15 19
12304,2026-01-04,6 15 18 20 | 9 13 14 17
12305,2026-01-04,6 15 16 20 | 4 5 8 15
12306,2026-01-04,2 3 13 18 | 1 7 9 15
12307,2026-01-04,4 13 15 20 | 3 7 17 20
12308,2026-01-04,3 5 17 18 | 1 7 18 19
12309,2026-01-04,4 8 12 18 | 2 4 9 14
12310,2026-01-04,4 6 16 20 | 1 12 18 19
12311,2026-01-05,5 15 16 19 | 1 2 5 18
12312,2026-01-05,3 11 15 17 | 1 3 7 18
12313,2026-01-05,2 4 10 18 | 12 13 19 20
12314,2026-01-05,6 7 8 18 | 5 8 14 16
12315,2026-01-05,1 8 9 11 | 1 2 14 19
12316,2026-01-05,1 4 6 12 | 1 7 17 19
12317,2026-01-05,4 15 17 20 | 3 5 11 15
12318,2026-01-05,4 6 12 19 | 5 13 15 17
12319,2026-01-05,9 14 17 19 | 7 11 13 17
12320,2026-01-05,1 3 9 15 | 5 6 9 11
12321,2026-01-06,1 4 10 11 | 1 8 15 18
12322,2026-01-06,2 7 17 20 | 4 14 16 20
12323,2026-01-06,8 10 13 15 | 1 7 13 15
12324,2026-01-06,1 4 9 11 | 3 6 10 20
12325,2026-01-06,3 4 13 16 | 7 12 13 15
12326,2026-01-06,9 12 18 20 | 11 14 17 19
12327,2026-01-06,4 11 15 18 | 2 10 14 18
12328,2026-01-06,1 8 17 20 | 3 7 9 19
12329,2026-01-06,1 2 15 17 | 10 14 17 20
12330,2026-01-06,9 10 15 17 | 5 9 16 18
12331,2026-01-07,5 10 14 17 | 3 6 9 16
12332,2026-01-07,7 11 18 20 | 4 13 14 18
12333,2026-01-07,1 9 10 16 | 2 5 17 19
12334,2026-01-07,5 6 15 20 | 1 6 10 20
12335,2026-01-07,8 9 17 18 | 2 5 8 9
12336,2026-01-07,1 9 14 16 | 1 12 17 19
12337,2026-01-07,3 6 7 17 | 1 4 5 18
12338,2026-01-07,9 10 16 18 | 4 9 10 13
12339,2026-01-07,2 4 9 15 | 7 10 14 15
12340,2026-01-07,8 11 12 17 | 6 12 13 18
12341,2026-01-08,6 9 15 19 | 6 11 14 20
12342,2026-01-08,2 5 6 9 | 4 9 11 16
12343,2026-01-08,1 13 19 20 | 1 2 6 10
12344,2026-01-08,2 11 14 17 | 2 5 15 20
12345,2026-01-08,4 6 12 17 | 1 3 11 13
12346,2026-01-08,4 7 13 14 | 2 3 5 8
12347,2026-01-08,7 8 16 19 | 6 10 11 18
12348,2026-01-08,3 7 8 20 | 7 12 15 20
12349,2026-01-08,2 4 9 13 | 7 10 17 20
12350,2026-01-08,7 9 10 15 | 4 9 14 19
12351,2026-01-09,6 7 9 17 | 5 10 11 19
12352,2026-01-09,13 14 16 18 | 4 6 10 18
12353,2026-01-09,3 4 5 7 | 6 12 14 17
12354,2026-01-09,2 8 12 18 | 5 11 13 16
12355,2026-01-09,1 3 6 9 | 8 9 14 18
12356,2026-01-09,5 6 19 20 | 4 8 9 13
12357,2026-01-09,9 10 12 17 | 2 13 15 18
12358,2026-01-09,3 6 7 17 | 11 14 19 20
12359,2026-01-09,2 3 5 13 | 7 16 19 20
12360,2026-01-09,5 13 14 16 | 6 9 11 19
12361,2026-01-10,1 10 15 16 | 2 5 11 16
12362,2026-01-10,8 9 14 19 | 5 9 16 18
12363,2026-01-10,1 3 9 13 | 4 8 12 17
12364,2026-01-10,5 7 12 20 | 1 5 8 18
12365,2026-01-10,6 8 9 11 | 9 10 14 19
12366,2026-01-10,2 6 7 15 | 6 9 16 20
12367,2026-01-10,1 8 15 19 | 2 3 4 13
12368,2026-01-10,10 12 16 20 | 4 8 11 19
12369,2026-01-10,1 9 16 19 | 6 11 15 16
12370,2026-01-10,1 7 17 19 | 3 5 10 15
12371,2026-01-11,1 6 10 13 | 8 12 15 17
12372,2026-01-11,9 10 11 19 | 10 15 18 20
12373,2026-01-11,1 3 5 10 | 2 7 15 16
12374,2026-01-11,1 12 16 17 | 8 11 15 16
12375,2026-01-11,13 15 17 18 | 3 12 17 20
12376,2026-01-11,13 14 15 19 | 5 9 11 13
12377,2026-01-11,6 7 12 19 | 4 7 14 17
12378,2026-01-11,7 13 16 19 | 7 10 12 15
12379,2026-01-11,4 6 9 15 | 7 10 12 20
12380,2026-01-11,2 10 12 13 | 2 6 14 15
12381,2026-01-12,1 10 12 16 | 3 6 12 14
12382,2026-01-12,2 8 15 20 | 1 7 9 10
12383,2026-01-12,8 9 12 16 | 3 8 9 16
12384,2026-01-12,2 15 18 20 | 1 2 8 14
12385,2026-01-12,3 4 9 19 | 1 8 18 20
12386,2026-01-12,5 9 15 16 | 3 4 13 15
12387,2026-01-12,2 10 11 19 | 3 11 16 19
12388,2026-01-12,4 5 10 19 | 5 13 15 17
12389,2026-01-12,3 12 15 16 | 3 7 13 17
12390,2026-01-12,2 6 16 19 | 1 8 15 20
12391,2026-01-13,2 3 12 16 | 9 11 14 18
12392,2026-01-13,7 10 14 20 | 3 9 12 16
12393,2026-01-13,6 7 9 14 | 2 5 11 13
12394,2026-01-13,1 5 8 12 | 7 13 17 18
12395,2026-01-13,2 3 6 19 | 4 5 7 14
12396,2026-01-13,3 4 6 17 | 9 15 17 20
12397,2026-01-13,2 3 5 17 | 4 7 10 15
12398,2026-01-13,5 7 10 12 | 7 14 18 19
12399,2026-01-13,2 3 8 17 | 9 11 13 20
12400,2026-01-13,2 7 11 15 | 2 5 9 14
12401,2026-01-14,5 6 7 16 | 12 16 18 20
12402,2026-01-14,3 6 9 20 | 1 6 7 19
12403,2026-01-14,2 10 11 20 | 4 5 7 13
12404,2026-01-14,3 10 11 16 | 5 8 12 20
12405,2026-01-14,6 11 14 17 | 2 3 6 13
12406,2026-01-14,2 15 16 20 | 4 7 12 16
12407,2026-01-14,4 10 11 18 | 4 6 11 18
12408,2026-01-14,3 14 15 20 | 1 7 11 20
12409,2026-01-14,7 10 15 20 | 1 2 14 19
12410,2026-01-14,1 4 6 11 | 4 9 16 18
12411,2026-01-15,2 6 7 20 | 2 8 11 14
12412,2026-01-15,4 7 8 15 | 3 5 10 13
12413,2026-01-15,4 8 10 19 | 3 12 15 16
12414,2026-01-15,5 12 14 18 | 3 6 11 12
12415,2026-01-15,2 8 17 20 | 8 9 15 20
12416,2026-01-15,1 14 15 20 | 7 10 16 19
12417,2026-01-15,9 13 15 20 | 6 8 11 19
12418,2026-01-15,8 14 18 20 | 6 10 12 17
12419,2026-01-15,2 4 8 18 | 7 10 12 16
12420,2026-01-15,3 8 18 19 | 1 2 10 16
12421,2026-01-16,1 4 11 15 | 11 12 17 20
12422,2026-01-16,4 12 13 20 | 2 7 15 20
12423,2026-01-16,1 2 8 13 | 1 3 4 10
12424,2026-01-16,4 9 15 20 | 2 8 14 15
12425,2026-01-16,1 3 7 20 | 5 10 12 18
12426,2026-01-16,4 10 13 20 | 3 9 17 19
12427,2026-01-16,6 7 13 15 | 3 6 13 18
12428,2026-01-16,1 4 17 19 | 3 11 12 18
12429,2026-01-16,1 4 14 19 | 1 3 9 12
12430,2026-01-16,8 12 15 17 | 8 13 17 18
12431,2026-01-17,9 10 11 17 | 2 8 15 17
12432,2026-01-17,6 7 8 16 | 5 7 9 20
12433,2026-01-17,2 5 12 20 | 5 11 15 18
12434,2026-01-17,2 9 11 20 | 2 4 13 20
12435,2026-01-17,3 4 5 8 | 5 8 11 16
12436,2026-01-17,10 12 15 16 | 2 10 12 20
12437,2026-01-17,1 8 9 17 | 8 12 17 20
12438,2026-01-17,2 3 6 19 | 4 12 16 17
12439,2026-01-17,3 5 6 10 | 5 7 14 17
12440,2026-01-17,1 13 18 20 | 2 8 10 12
12441,2026-01-18,4 8 11 19 | 4 8 12 14
12442,2026-01-18,2 11 13 14 | 2 7 11 14
12443,2026-01-18,1 13 16 18 | 3 9 16 17
12444,2026-01-18,2 5 7 10 | 5 9 16 20
12445,2026-01-18,4 7 13 16 | 6 15 17 20
12446,2026-01-18,6 13 14 17 | 2 4 7 13
12447,2026-01-18,1 4 6 16 | 2 8 16 17
12448,2026-01-18,3 13 19 20 | 2 8 11 15
12449,2026-01-18,1 3 9 12 | 6 10 16 17
12450,2026-01-18,6 10 16 17 | 2 8 15 18
12451,2026-01-19,1 2 6 19 | 2 8 11 14
12452,2026-01-19,3 7 10 12 | 2 10 11 15
12453,2026-01-19,4 10 12 18 | 2 8 14 18
12454,2026-01-19,1 11 15 20 | 4 5 7 10
12455,2026-01-19,1 2 4 6 | 3 6 9 16
12456,2026-01-19,2 5 13 15 | 7 9 10 16
12457,2026-01-19,1 5 9 12 | 1 7 10 12
12458,2026-01-19,1 2 11 13 | 15 16 18 20
12459,2026-01-19,8 11 16 19 | 6 7 16 19
12460,2026-01-19,2 5 15 19 | 5 6 7 14
12461,2026-01-20,4 6 9 19 | 2 7 9 16
12462,2026-01-20,3 4 8 18 | 1 8 12 16
12463,2026-01-20,2 5 10 16 | 3 5 9 18
12464,2026-01-20,1 3 10 17 | 2 8 10 16
12465,2026-01-20,7 10 12 16 | 2 7 17 18
12466,2026-01-20,5 9 14 16 | 4 7 12 18
12467,2026-01-20,8 11 18 20 | 8 10 16 18
12468,2026-01-20,4 16 17 19 | 6 10 11 19
12469,2026-01-20,5 9 14 19 | 3 9 16 17
12470,2026-01-20,2 5 7 9 | 11 13 18 19
12471,2026-01-21,1 11 15 20 | 1 6 7 8
12472,2026-01-21,3 6 7 12 | 4 7 9 12
12473,2026-01-21,12 14 19 20 | 2 8 12 14
12474,2026-01-21,8 11 15 16 | 1 2 16 20
12475,2026-01-21,3 8 18 20 | 11 12 13 18
12476,2026-01-21,6 9 13 17 | 3 4 8 15
12477,2026-01-21,1 2 8 13 | 6 7 8 17
12478,2026-01-21,2 8 12 15 | 1 7 8 17
12479,2026-01-21,2 8 12 16 | 4 5 17 19
12480,2026-01-21,5 10 12 19 | 1 12 15 18
12481,2026-01-22,8 14 15 18 | 4 15 17 19
12482,2026-01-22,9 12 15 20 | 1 3 8 14
12483,2026-01-22,9 12 14 20 | 2 11 12 17
12484,2026-01-22,2 12 13 18 | 4 6 7 18
12485,2026-01-22,1 3 5 8 | 1 2 5 13
12486,2026-01-22,4 10 17 18 | 2 4 8 12
12487,2026-01-22,4 12 13 19 | 3 5 6 13
12488,2026-01-22,1 4 6 16 | 4 9 15 17
12489,2026-01-22,2 9 16 18 | 8 12 15 17
12490,2026-01-22,3 4 10 12 | 3 10 11 12
12491,2026-01-23,4 5 6 19 | 5 8 12 17
12492,2026-01-23,1 10 12 18 | 1 6 9 11
12493,2026-01-23,5 9 16 18 | 1 6 9 16
12494,2026-01-23,6 7 8 12 | 4 7 11 14
12495,2026-01-23,2 9 12 15 | 10 14 15 20
12496,2026-01-23,3 5 11 19 | 3 4 12 18
12497,2026-01-23,9 14 16 17 | 3 11 15 17
12498,2026-01-23,6 9 10 18 | 8 10 14 19
12499,2026-01-23,5 16 17 18 | 3 6 8 20
12500,2026-01-23,4 9 10 17 | 11 13 15 17
12501,2026-01-24,2 4 13 15 | 3 5 13 17
12502,2026-01-24,1 2 5 6 | 2 9 14 16
12503,2026-01-24,2 3 10 19 | 7 9 14 18
12504,2026-01-24,1 3 15 17 | 1 5 14 16
12505,2026-01-24,3 8 17 18 | 4 11 14 15
12506,2026-01-24,1 6 13 19 | 4 8 10 20
12507,2026-01-24,2 3 7 15 | 5 9 12 19
12508,2026-01-24,3 4 10 18 | 5 10 13 15
12509,2026-01-24,4 8 13 16 | 4 11 15 19
12510,2026-01-24,9 12 13 17 | 3 8 13 17
12511,2026-01-25,2 4 8 20 | 6 10 16 19
12512,2026-01-25,2 4 8 11 | 3 10 14 15
12513,2026-01-25,1 6 9 12 | 4 8 13 14
12514,2026-01-25,5 6 14 15 | 2 3 15 19
12515,2026-01-25,2 13 15 18 | 4 14 17 18
12516,2026-01-25,4 11 13 15 | 9 12 14 20
12517,2026-01-25,13 16 17 20 | 9 14 15 16
12518,2026-01-25,1 5 7 16 | 10 12 15 19
12519,2026-01-25,6 7 9 14 | 3 7 9 20
12520,2026-01-25,4 6 7 14 | 4 11 14 16
12521,2026-01-26,13 15 16 18 | 4 5 8 19
12522,2026-01-26,1 5 11 13 | 5 11 14 17
12523,2026-01-26,1 11 18 19 | 6 10 12 19
12524,2026-01-26,5 7 14 19 | 1 5 8 18
12525,2026-01-26,7 12 13 14 | 3 6 9 13
12526,2026-01-26,1 8 11 16 | 4 7 12 20
12527,2026-01-26,1 11 15 20 | 9 10 13 19
12528,2026-01-26,5 7 12 20 | 4 8 10 17
12529,2026-01-26,1 8 10 18 | 14 17 18 20
12530,2026-01-26,2 7 11 14 | 1 7 10 15
12531,2026-01-27,2 10 14 19 | 2 7 13 14
12532,2026-01-27,7 8 9 10 | 3 5 6 19
12533,2026-01-27,6 8 11 19 | 2 6 9 19
12534,2026-01-27,3 6 7 13 | 6 8 15 20
12535,2026-01-27,8 16 17 20 | 2 8 17 18
12536,2026-01-27,1 17 18 19 | 1 2 4 17
12537,2026-01-27,3 9 15 18 | 5 8 19 20
12538,2026-01-27,8 13 15 20 | 2 9 16 18
12539,2026-01-27,6 10 12 13 | 1 12 14 20
12540,2026-01-27,4 15 19 20 | 1 2 3 19
12541,2026-01-28,3 7 8 9 | 12 14 18 20
12542,2026-01-28,2 7 10 20 | 7 10 12 16
12543,2026-01-28,1 11 12 20 | 8 12 13 18
12544,2026-01-28,2 9 17 19 | 5 9 10 18
12545,2026-01-28,4 11 13 16 | 4 5 7 8
12546,2026-01-28,2 7 10 12 | 3 5 11 20
12547,2026-01-28,1 4 8 11 | 3 9 11 18
12548,2026-01-28,3 8 11 13 | 3 4 15 18
12549,2026-01-28,5 8 18 20 | 4 5 11 15
12550,2026-01-28,8 9 18 19 | 2 3 7 12
12551,2026-01-29,2 5 8 11 | 2 3 16 19
12552,2026-01-29,3 4 10 13 | 4 7 12 17
12553,2026-01-29,1 4 12 18 | 2 4 8 12
12554,2026-01-29,9 12 13 16 | 1 4 13 20
12555,2026-01-29,1 5 10 15 | 8 13 14 17
12556,2026-01-29,1 7 13 20 | 1 2 10 18
12557,2026-01-29,9 10 17 18 | 1 6 17 19
12558,2026-01-29,4 9 13 19 | 9 12 13 19
12559,2026-01-29,2 9 16 19 | 13 15 16 18
12560,2026-01-29,5 11 15 19 | 8 9 19 20
12561,2026-01-30,1 2 10 17 | 11 15 17 18
12562,2026-01-30,6 11 14 18 | 9 13 15 16
12563,2026-01-30,4 7 9 17 | 2 3 5 14
12564,2026-01-30,2 6 8 9 | 4 7 8 14
12565,2026-01-30,6 15 17 20 | 5 9 11 14
12566,2026-01-30,3 4 12 19 | 3 9 12 20
12567,2026-01-30,6 7 10 15 | 3 11 15 18
12568,2026-01-30,5 9 17 19 | 3 8 15 16
12569,2026-01-30,2 8 9 15 | 5 12 14 19
12570,2026-01-30,3 6 9 11 | 6 8 9 11
12571,2026-01-31,1 2 6 10 | 3 5 7 8
12572,2026-01-31,9 11 13 20 | 4 5 11 18
12573,2026-01-31,1 5 15 16 | 2 9 15 17
12574,2026-01-31,3 5 12 15 | 8 9 17 19
12575,2026-01-31,3 4 9 17 | 1 10 14 16
12576,2026-01-31,3 6 10 19 | 8 10 18 19
12577,2026-01-31,3 8 11 17 | 12 14 15 20
12578,2026-01-31,2 16 18 19 | 1 6 13 20
12579,2026-01-31,1 11 14 17 | 2 5 7 12
12580,2026-01-31,4 6 7 14 | 1 4 6 9
12581,2026-02-01,2 5 7 13 | 1 13 17 19
12582,2026-02-01,3 14 17 20 | 1 14 16 17
12583,2026-02-01,10 13 17 19 | 3 5 10 11
12584,2026-02-01,3 15 19 20 | 8 10 11 18
12585,2026-02-01,7 10 11 13 | 1 8 14 20
12586,2026-02-01,4 15 17 18 | 5 7 9 17
12587,2026-02-01,4 7 13 16 | 6 15 17 19
12588,2026-02-01,3 7 14 17 | 3 4 9 15
12589,2026-02-01,3 7 16 17 | 10 12 14 18
12590,2026-02-01,1 6 9 20 | 8 15 17 19
12591,2026-02-02,6 13 15 20 | 2 8 9 17
12592,2026-02-02,4 9 12 18 | 9 11 17 20
12593,2026-02-02,5 7 14 17 | 4 9 14 18
12594,2026-02-02,4 12 16 17 | 12 13 16 19
12595,2026-02-02,5 8 9 14 | 3 9 14 18
12596,2026-02-02,9 11 13 19 | 2 4 8 10
12597,2026-02-02,5 10 13 17 | 4 8 12 17
12598,2026-02-02,9 13 14 20 | 8 11 18 19
12599,2026-02-02,2 3 4 6 | 4 6 12 15
12600,2026-02-02,2 12 13 16 | 3 9 10 11
12601,2026-02-03,8 10 14 17 | 8 9 15 17
12602,2026-02-03,6 10 18 20 | 6 10 11 16
12603,2026-02-03,2 7 10 19 | 2 6 12 15
12604,2026-02-03,2 6 11 13 | 5 9 10 15
12605,2026-02-03,12 13 16 20 | 5 6 19 20
12606,2026-02-03,4 7 11 16 | 2 3 8 14
12607,2026-02-03,6 10 14 18 | 1 7 12 18
12608,2026-02-03,2 6 16 18 | 2 9 11 14
12609,2026-02-03,1 7 14 19 | 9 11 16 18
12610,2026-02-03,4 10 16 20 | 9 12 13 15
12611,2026-02-04,5 10 14 19 | 6 7 8 20
12612,2026-02-04,1 5 12 16 | 1 3 12 15
12613,2026-02-04,4 11 13 15 | 1 4 12 20
12614,2026-02-04,4 5 10 18 | 2 13 18 20
12615,2026-02-04,1 10 15 19 | 8 13 15 20
12616,2026-02-04,7 9 13 15 | 2 8 9 10
12617,2026-02-04,3 5 8 14 | 12 15 18 20
12618,2026-02-04,11 17 18 19 | 3 15 18 19
12619,2026-02-04,6 8 10 15 | 3 6 13 18
12620,2026-02-04,4 9 10 14 | 8 11 12 15
12621,2026-02-05,2 15 19 20 | 1 6 9 16
12622,2026-02-05,10 15 19 20 | 2 9 14 17
12623,2026-02-05,3 8 17 18 | 2 7 12 17
12624,2026-02-05,2 15 16 20 | 7 10 13 14
12625,2026-02-05,2 5 12 17 | 2 5 6 15
12626,2026-02-05,1 5 10 11 | 2 11 14 18
12627,2026-02-05,4 10 16 19 | 4 5 18 20
12628,2026-02-05,8 10 16 20 | 1 6 13 15
12629,2026-02-05,1 12 14 15 | 6 7 8 16
12630,2026-02-05,1 12 16 17 | 2 12 15 18
12631,2026-02-06,2 11 16 20 | 5 6 16 19
12632,2026-02-06,1 2 12 16 | 3 13 14 18
12633,2026-02-06,1 13 14 17 | 7 12 17 18
12634,2026-02-06,2 9 12 16 | 2 12 14 15
12635,2026-02-06,1 14 15 17 | 1 9 13 20
12636,2026-02-06,4 12 13 16 | 3 9 10 13
12637,2026-02-06,7 10 12 13 | 1 2 9 14
12638,2026-02-06,9 11 14 16 | 2 5 6 19
12639,2026-02-06,1 2 3 5 | 9 15 16 17
12640,2026-02-06,10 12 14 20 | 7 12 13 17
12641,2026-02-07,3 8 16 17 | 9 18 19 20
12642,2026-02-07,3 4 12 20 | 5 6 11 18
12643,2026-02-07,2 6 16 17 | 1 4 8 14
12644,2026-02-07,1 3 6 9 | 5 10 12 20
12645,2026-02-07,1 2 10 18 | 2 5 6 15
12646,2026-02-07,7 9 17 19 | 2 7 14 15
12647,2026-02-07,1 3 4 18 | 6 11 17 20
12648,2026-02-07,1 8 19 20 | 3 11 14 15
12649,2026-02-07,3 4 15 18 | 3 6 9 19
12650,2026-02-07,1 11 15 19 | 6 10 17 20
12651,2026-02-08,1 8 16 17 | 4 7 12 18
12652,2026-02-08,2 5 7 10 | 1 3 8 10
12653,2026-02-08,4 5 11 15 | 7 16 17 19
12654,2026-02-08,5 9 18 20 | 1 2 17 20
12655,2026-02-08,9 14 15 16 | 4 5 13 18
12656,2026-02-08,1 2 3 19 | 3 8 11 20
12657,2026-02-08,2 7 9 12 | 3 9 19 20
12658,2026-02-08,3 15 17 18 | 4 9 13 18
12659,2026-02-08,1 2 6 16 | 7 11 17 18
12660,2026-02-08,8 10 19 20 | 1 7 18 20
12661,2026-02-09,1 5 8 11 | 13 15 19 20
12662,2026-02-09,1 5 7 19 | 5 8 15 16
12663,2026-02-09,3 5 14 18 | 1 14 18 20
12664,2026-02-09,1 2 6 7 | 1 2 12 19
12665,2026-02-09,1 2 13 15 | 5 6 10 18
12666,2026-02-09,3 11 15 17 | 3 5 6 8
12667,2026-02-09,1 6 8 9 | 2 7 11 13
12668,2026-02-09,1 5 8 20 | 1 2 5 18
12669,2026-02-09,10 14 15 17 | 2 5 9 20
12670,2026-02-09,1 12 14 17 | 13 14 18 20
12671,2026-02-10,2 3 4 12 | 4 7 16 19
12672,2026-02-10,4 10 12 16 | 2 3 6 15
12673,2026-02-10,11 12 13 15 | 6 13 15 18
12674,2026-02-10,14 16 17 18 | 3 5 11 12
12675,2026-02-10,15 17 18 19 | 2 4 8 15
12676,2026-02-10,1 6 14 17 | 3 12 14 19
12677,2026-02-10,8 9 18 19 | 3 5 6 10
12678,2026-02-10,1 2 15 17 | 7 13 15 17
12679,2026-02-10,5 6 9 18 | 3 4 5 9
12680,2026-02-10,4 11 15 19 | 3 7 8 11
12681,2026-02-11,6 7 14 17 | 1 2 12 15
12682,2026-02-11,6 7 12 13 | 2 10 17 20
12683,2026-02-11,2 3 7 8 | 3 11 15 17
12684,2026-02-11,6 10 11 17 | 1 3 15 17
12685,2026-02-11,3 7 8 16 | 6 11 16 20
12686,2026-02-11,6 8 9 12 | 8 12 16 20
12687,2026-02-11,4 5 12 20 | 4 5 7 20
12688,2026-02-11,5 7 8 18 | 8 14 16 19
12689,2026-02-11,5 13 14 16 | 3 16 17 20
12690,2026-02-11,4 5 13 19 | 8 17 18 20
12691,2026-02-12,1 8 11 14 | 2 4 6 15
12692,2026-02-12,1 4 12 20 | 3 12 13 20
12693,2026-02-12,3 5 7 10 | 3 12 17 19
12694,2026-02-12,6 7 15 20 | 2 10 11 17
12695,2026-02-12,3 5 9 18 | 1 13 18 20
12696,2026-02-12,2 7 11 13 | 5 8 13 19
12697,2026-02-12,1 3 7 15 | 4 10 12 18
12698,2026-02-12,3 4 12 14 | 3 4 6 9
12699,2026-02-12,6 16 18 20 | 3 9 11 17
12700,2026-02-12,3 8 9 14 | 2 9 10 16
12701,2026-02-13,9 12 14 19 | 1 15 17 19
12702,2026-02-13,6 9 16 18 | 4 5 8 13
12703,2026-02-13,2 10 15 20 | 5 8 14 19
12704,2026-02-13,2 5 16 20 | 3 17 19 20
12705,2026-02-13,4 8 16 18 | 5 7 11 16
12706,2026-02-13,3 15 17 19 | 4 5 15 17
12707,2026-02-13,1 5 11 15 | 1 3 14 19
12708,2026-02-13,1 3 7 10 | 1 11 18 19
12709,2026-02-13,5 10 11 13 | 6 10 15 18
12710,2026-02-13,6 15 16 20 | 9 14 15 18
12711,2026-02-14,1 12 15 17 | 5 10 18 20
12712,2026-02-14,1 2 8 18 | 4 8 9 15
12713,2026-02-14,2 7 15 16 | 10 14 17 19
12714,2026-02-14,4 13 14 19 | 1 11 12 17
12715,2026-02-14,3 15 19 20 | 2 3 12 14
12716,2026-02-14,3 5 6 13 | 2 3 7 19
12717,2026-02-14,9 10 16 20 | 9 13 14 17
12718,2026-02-14,6 7 11 20 | 13 16 17 18
12719,2026-02-14,5 10 15 19 | 3 7 18 19
12720,2026-02-14,1 8 11 17 | 1 3 11 12
12721,2026-02-15,8 9 18 19 | 3 13 16 19
12722,2026-02-15,4 7 11 19 | 4 7 11 17
12723,2026-02-15,6 7 8 18 | 5 9 15 16
12724,2026-02-15,5 6 13 17 | 2 14 16 17
12725,2026-02-15,3 10 13 16 | 1 7 8 10
12726,2026-02-15,1 10 11 14 | 1 2 3 13
12727,2026-02-15,1 3 9 15 | 9 13 17 19
12728,2026-02-15,3 4 6 13 | 1 7 11 16
12729,2026-02-15,7 11 12 13 | 1 8 12 13
12730,2026-02-15,2 12 14 19 | 2 4 5 15
12731,2026-02-16,7 13 17 19 | 1 8 11 19
12732,2026-02-16,1 2 3 11 | 7 9 12 18
12733,2026-02-16,1 6 8 19 | 6 15 18 20
12734,2026-02-16,3 6 9 17 | 2 5 11 18
12735,2026-02-16,5 11 12 18 | 12 13 16 19
12736,2026-02-16,7 8 12 14 | 2 7 15 18
12737,2026-02-16,3 4 15 16 | 5 10 11 17
12738,2026-02-16,2 4 5 20 | 3 11 12 14
12739,2026-02-16,1 5 14 15 | 12 13 16 17
12740,2026-02-16,3 13 17 20 | 1 4 12 17
12741,2026-02-17,4 5 14 15 | 2 4 5 13
12742,2026-02-17,1 7 17 19 | 12 14 19 20
12743,2026-02-17,1 3 9 10 | 7 8 14 19
12744,2026-02-17,5 10 13 16 | 3 6 7 15
12745,2026-02-17,10 11 18 19 | 2 11 13 19
12746,2026-02-17,1 10 17 19 | 2 3 7 9
12747,2026-02-17,5 9 14 17 | 7 14 17 18
12748,2026-02-17,4 5 12 16 | 5 15 17 19
12749,2026-02-17,4 11 14 18 | 5 6 13 14
12750,2026-02-17,3 8 16 20 | 4 6 9 11
12751,2026-02-18,1 3 6 19 | 8 10 11 20
12752,2026-02-18,7 11 13 17 | 8 10 12 16
12753,2026-02-18,5 6 8 18 | 4 5 13 15
12754,2026-02-18,4 6 8 17 | 6 10 17 18
12755,2026-02-18,7 13 18 19 | 1 13 15 16
12756,2026-02-18,6 8 10 13 | 3 9 11 12
12757,2026-02-18,3 11 16 18 | 6 14 17 19
12758,2026-02-18,8 14 16 20 | 5 6 14 15
12759,2026-02-18,3 7 9 11 | 9 11 12 18
12760,2026-02-18,5 12 15 19 | 7 11 12 16
12761,2026-02-19,1 6 7 13 | 1 2 5 9
12762,2026-02-19,4 6 8 18 | 4 8 15 19
12763,2026-02-19,2 4 5 13 | 1 8 11 14
12764,2026-02-19,1 12 15 18 | 10 17 18 20
12765,2026-02-19,2 5 9 14 | 2 3 5 12
12766,2026-02-19,5 6 10 16 | 4 6 11 16
12767,2026-02-19,2 3 6 18 | 7 9 14 16
12768,2026-02-19,9 10 12 15 | 7 13 16 18
12769,2026-02-19,2 12 14 15 | 9 10 12 13
12770,2026-02-19,1 8 13 16 | 10 12 13 18
12771,2026-02-20,6 10 11 13 | 7 12 19 20
12772,2026-02-20,5 12 13 20 | 6 8 11 19
12773,2026-02-20,5 10 14 18 | 2 17 19 20
12774,2026-02-20,4 10 16 17 | 2 6 12 17
12775,2026-02-20,5 9 15 17 | 1 7 16 17
12776,2026-02-20,1 5 12 17 | 5 9 15 17
12777,2026-02-20,1 7 8 15 | 6 13 17 19
12778,2026-02-20,2 3 5 11 | 1 2 17 18
12779,2026-02-20,1 7 11 19 | 2 16 18 20
12780,2026-02-20,2 4 6 20 | 10 13 15 16
12781,2026-02-21,8 10 18 20 | 4 7 12 16
12782,2026-02-21,2 3 5 6 | 4 8 10 14
12783,2026-02-21,5 11 17 19 | 5 6 11 16
12784,2026-02-21,1 7 12 14 | 4 6 8 9
12785,2026-02-21,2 3 12 15 | 1 3 13 18
12786,2026-02-21,8 14 15 20 | 1 3 4 10
12787,2026-02-21,2 8 9 10 | 8 13 14 20
12788,2026-02-21,2 4 7 11 | 3 9 10 14
12789,2026-02-21,5 7 12 20 | 6 7 13 18
12790,2026-02-21,2 7 10 15 | 1 12 13 20
12791,2026-02-22,6 16 17 20 | 2 6 14 15
12792,2026-02-22,12 14 16 17 | 2 7 9 11
12793,2026-02-22,7 9 11 13 | 1 5 13 15
12794,2026-02-22,3 10 16 18 | 11 12 14 16
12795,2026-02-22,1 3 6 10 | 6 9 16 19
12796,2026-02-22,4 5 14 15 | 4 13 14 15
12797,2026-02-22,6 7 8 13 | 3 7 8 9
12798,2026-02-22,3 5 12 14 | 1 2 4 8
12799,2026-02-22,5 12 15 20 | 6 10 13 14
12800,2026-02-22,4 10 13 19 | 5 8 13 15
12801,2026-02-23,5 8 9 17 | 7 10 17 20
12802,2026-02-23,2 10 12 16 | 4 10 11 18
12803,2026-02-23,2 3 4 5 | 3 5 15 18
12804,2026-02-23,15 16 17 18 | 4 6 12 18
12805,2026-02-23,8 10 16 19 | 3 9 17 18
12806,2026-02-23,5 7 10 17 | 1 6 15 20
12807,2026-02-23,1 3 6 9 | 3 4 10 17
12808,2026-02-23,2 9 15 19 | 4 10 13 16
12809,2026-02-23,9 14 16 18 | 6 7 8 17
12810,2026-02-23,4 15 16 18 | 2 8 17 20
12811,2026-02-24,6 14 18 19 | 3 4 7 19
12812,2026-02-24,1 2 3 6 | 5 6 11 14
12813,2026-02-24,1 8 12 17 | 7 8 9 16
12814,2026-02-24,1 9 16 20 | 10 11 12 13
12815,2026-02-24,5 11 15 17 | 5 6 10 15
12816,2026-02-24,1 2 4 17 | 2 6 7 17
12817,2026-02-24,1 2 6 13 | 2 4 11 18
12818,2026-02-24,1 3 10 12 | 2 7 9 13
12819,2026-02-24,6 8 11 18 | 6 8 13 20
12820,2026-02-24,5 8 13 15 | 3 4 14 15
12821,2026-02-25,1 3 9 18 | 2 10 14 18
12822,2026-02-25,4 12 16 17 | 9 11 14 18
12823,2026-02-25,1 2 8 20 | 3 8 15 17
12824,2026-02-25,6 12 18 20 | 3 5 7 8
12825,2026-02-25,2 4 13 16 | 2 4 7 14
12826,2026-02-25,4 9 10 13 | 10 11 15 19
12827,2026-02-25,3 4 10 12 | 2 3 6 17
12828,2026-02-25,2 4 6 17 | 1 11 14 20
12829,2026-02-25,6 12 16 17 | 1 2 3 4
12830,2026-02-25,9 16 17 20 | 6 7 11 19
12831,2026-02-26,5 7 13 15 | 4 12 15 17
12832,2026-02-26,3 5 11 20 | 8 9 10 17
12833,2026-02-26,6 14 15 17 | 4 8 11 19
12834,2026-02-26,4 9 15 17 | 2 12 15 19
12835,2026-02-26,2 4 12 14 | 6 11 13 20
12836,2026-02-26,3 8 10 14 | 4 10 13 18
12837,2026-02-26,1 7 8 17 | 3 5 8 15
12838,2026-02-26,4 7 13 19 | 1 10 12 15
12839,2026-02-26,2 7 10 15 | 6 7 8 12
12840,2026-02-26,1 6 14 18 | 5 6 8 15
12841,2026-02-27,10 14 16 20 | 1 5 11 19
12842,2026-02-27,6 15 16 17 | 5 7 11 16
12843,2026-02-27,2 3 5 18 | 9 11 13 16
12844,2026-02-27,3 12 18 19 | 5 6 9 11
12845,2026-02-27,4 12 18 19 | 1 12 14 19
12846,2026-02-27,2 8 13 20 | 5 14 16 18
12847,2026-02-27,5 7 16 20 | 1 6 13 18
12848,2026-02-27,1 10 16 19 | 1 8 15 16
12849,2026-02-27,2 7 9 19 | 7 9 15 18
12850,2026-02-27,1 2 4 13 | 3 7 10 18
12851,2026-02-28,1 9 16 19 | 1 4 8 10
12852,2026-02-28,7 8 9 12 | 10 12 15 18
12853,2026-02-28,8 10 12 16 | 1 5 10 19
12854,2026-02-28,2 8 17 19 | 5 13 17 18
12855,2026-02-28,12 14 16 18 | 3 8 18 19
12856,2026-02-28,5 10 12 17 | 4 5 13 16
12857,2026-02-28,11 14 15 18 | 5 7 17 20
12858,2026-02-28,11 18 19 20 | 6 15 18 20
12859,2026-02-28,5 13 15 18 | 2 5 11 15
12860,2026-02-28,9 10 15 19 | 2 4 13 15
12861,2026-03-01,2 3 6 16 | 11 12 17 20
12862,2026-03-01,1 2 3 17 | 2 3 17 20
12863,2026-03-01,1 5 10 18 | 2 14 17 20
12864,2026-03-01,1 7 8 9 | 7 14 15 16
12865,2026-03-01,4 8 15 18 | 4 8 9 17
12866,2026-03-01,14 15 18 20 | 4 9 10 12
12867,2026-03-01,5 6 10 20 | 1 8 17 18
12868,2026-03-01,2 4 5 18 | 4 11 17 18
12869,2026-03-01,5 9 11 20 | 2 4 19 20
12870,2026-03-01,8 9 12 20 | 1 5 6 16
12871,2026-03-02,6 12 19 20 | 6 7 15 17
12872,2026-03-02,8 9 15 18 | 4 17 18 19
12873,2026-03-02,1 8 11 18 | 1 9 15 18
12874,2026-03-02,6 10 12 16 | 1 11 13 18
12875,2026-03-02,5 11 12 18 | 5 7 19 20
12876,2026-03-02,5 9 14 18 | 6 8 12 14
12877,2026-03-02,4 5 7 17 | 2 8 13 14
12878,2026-03-02,10 13 15 18 | 4 6 7 8
12879,2026-03-02,2 5 14 18 | 2 14 16 19
12880,2026-03-02,1 10 16 18 | 10 17 18 20
12881,2026-03-03,9 11 13 20 | 5 6 14 16
12882,2026-03-03,1 13 18 20 | 1 11 13 16
12883,2026-03-03,7 13 14 17 | 1 4 12 14
12884,2026-03-03,7 11 12 20 | 9 14 17 20
12885,2026-03-03,7 8 13 20 | 3 11 14 19
12886,2026-03-03,2 3 6 10 | 5 8 9 16
12887,2026-03-03,3 4 6 7 | 2 3 12 19
12888,2026-03-03,4 8 11 16 | 4 7 15 17
12889,2026-03-03,1 2 8 19 | 3 9 10 17
12890,2026-03-03,1 4 6 20 | 1 3 14 20
12891,2026-03-04,4 14 19 20 | 4 10 11 17
12892,2026-03-04,9 10 14 20 | 8 12 13 14
12893,2026-03-04,3 6 15 16 | 1 7 13 20
12894,2026-03-04,1 11 17 18 | 2 13 17 20
12895,2026-03-04,12 13 14 18 | 1 12 16 20
12896,2026-03-04,4 5 6 16 | 1 10 14 17
12897,2026-03-04,1 12 13 19 | 2 3 8 17
12898,2026-03-04,3 9 18 20 | 6 9 15 18
12899,2026-03-04,2 5 6 10 | 3 4 7 11
12900,2026-03-04,1 4 8 18 | 3 4 6 20
12901,2026-03-05,6 13 14 15 | 1 2 4 12
12902,2026-03-05,3 6 12 17 | 3 4 9 13
12903,2026-03-05,3 6 13 20 | 9 10 15 19
12904,2026-03-05,1 8 9 10 | 1 2 11 20
12905,2026-03-05,4 11 15 16 | 2 11 17 19
12906,2026-03-05,1 7 13 19 | 2 4 6 14
12907,2026-03-05,2 8 18 20 | 2 12 14 20
12908,2026-03-05,1 2 5 14 | 1 12 13 20
12909,2026-03-05,2 5 12 20 | 1 7 13 18
12910,2026-03-05,4 6 16 17 | 9 10 13 16
12911,2026-03-06,1 2 3 4 | 1 11 14 19
12912,2026-03-06,2 13 15 18 | 1 8 10 15
12913,2026-03-06,3 5 11 16 | 7 10 12 16
12914,2026-03-06,3 4 5 13 | 1 6 10 20
12915,2026-03-06,2 13 17 19 | 1 11 18 19
12916,2026-03-06,11 12 13 20 | 9 10 18 19
12917,2026-03-06,2 3 11 19 | 2 7 14 19
12918,2026-03-06,2 10 11 16 | 1 3 13 15
12919,2026-03-06,5 7 16 18 | 6 13 16 20
12920,2026-03-06,5 6 9 12 | 5 11 14 17
12921,2026-03-07,12 13 15 18 | 6 7 14 15
12922,2026-03-07,5 6 11 19 | 2 5 9 12
12923,2026-03-07,5 10 17 20 | 9 10 11 16
12924,2026-03-07,3 5 8 9 | 1 3 12 19
12925,2026-03-07,2 8 14 16 | 8 13 15 20
12926,2026-03-07,5 6 13 19 | 2 4 8 12
12927,2026-03-07,5 10 13 17 | 2 14 16 17
12928,2026-03-07,6 9 13 18 | 9 15 17 20
12929,2026-03-07,3 8 13 19 | 1 3 5 7
12930,2026-03-07,1 14 16 18 | 1 5 13 16
12931,2026-03-08,3 7 9 11 | 2 7 8 17
12932,2026-03-08,1 12 18 19 | 1 5 13 19
12933,2026-03-08,4 11 13 15 | 1 4 12 18
12934,2026-03-08,2 4 5 13 | 1 9 13 20
12935,2026-03-08,7 8 10 11 | 6 13 16 17
12936,2026-03-08,1 4 7 10 | 4 15 17 18
12937,2026-03-08,1 2 3 9 | 6 11 18 19
12938,2026-03-08,10 13 16 18 | 3 11 15 17
12939,2026-03-08,8 9 12 20 | 2 5 9 17
12940,2026-03-08,6 10 12 19 | 2 12 16 17
12941,2026-03-09,1 12 15 17 | 3 5 12 14
12942,2026-03-09,10 15 17 18 | 6 8 10 11
12943,2026-03-09,1 8 10 18 | 12 13 18 19
12944,2026-03-09,4 8 10 15 | 8 9 10 16
12945,2026-03-09,10 11 14 16 | 2 7 17 20
12946,2026-03-09,2 7 12 19 | 9 14 18 19
12947,2026-03-09,6 7 10 12 | 3 5 12 14
12948,2026-03-09,6 11 12 20 | 1 9 14 19
12949,2026-03-09,2 10 12 20 | 3 7 15 18
12950,2026-03-09,13 16 17 19 | 3 8 15 17
12951,2026-03-10,1 7 10 18 | 10 11 15 19
12952,2026-03-10,5 12 15 20 | 3 4 8 15
12953,2026-03-10,1 2 7 16 | 1 2 16 18
12954,2026-03-10,5 7 17 20 | 4 13 15 19
12955,2026-03-10,1 16 18 20 | 1 4 9 15
12956,2026-03-10,3 6 9 20 | 6 8 10 18
12957,2026-03-10,5 7 8 9 | 1 4 9 10
12958,2026-03-10,4 6 11 16 | 4 11 18 19
12959,2026-03-10,1 6 14 18 | 4 7 11 15
12960,2026-03-10,1 4 15 16 | 3 7 13 15
12961,2026-03-11,5 8 11 13 | 10 14 16 17
12962,2026-03-11,3 9 11 17 | 13 14 17 18
12963,2026-03-11,2 7 9 18 | 7 8 15 18
12964,2026-03-11,1 12 13 15 | 1 2 12 20
12965,2026-03-11,5 13 15 17 | 3 11 13 15
12966,2026-03-11,5 7 16 17 | 5 9 10 11
12967,2026-03-11,5 16 17 18 | 1 11 16 18
12968,2026-03-11,7 9 15 19 | 4 5 8 20
12969,2026-03-11,5 6 9 20 | 1 8 11 12
12970,2026-03-11,5 15 18 19 | 4 9 10 18
12971,2026-03-12,3 10 16 19 | 2 5 10 20
12972,2026-03-12,1 9 12 13 | 2 3 7 16
12973,2026-03-12,7 8 15 20 | 5 9 10 12
12974,2026-03-12,3 10 11 19 | 11 15 19 20
12975,2026-03-12,2 4 8 12 | 1 14 17 18
12976,2026-03-12,6 9 16 19 | 1 8 14 17
12977,2026-03-12,7 10 12 14 | 1 2 13 15
12978,2026-03-12,4 6 9 19 | 3 11 13 17
12979,2026-03-12,3 9 14 20 | 16 18 19 20
12980,2026-03-12,3 6 13 17 | 1 4 7 20
12981,2026-03-13,1 9 10 15 | 7 8 12 15
12982,2026-03-13,1 12 14 20 | 7 14 16 17
12983,2026-03-13,4 9 15 18 | 9 14 15 17
12984,2026-03-13,7 10 16 20 | 2 5 11 18
12985,2026-03-13,2 11 13 14 | 9 12 16 18
12986,2026-03-13,6 7 12 15 | 1 4 9 16
12987,2026-03-13,1 6 9 10 | 1 2 11 12
12988,2026-03-13,1 5 7 12 | 4 8 14 18
12989,2026-03-13,10 12 13 14 | 1 7 8 15
12990,2026-03-13,13 14 18 20 | 6 9 15 16
12991,2026-03-14,3 7 9 11 | 2 3 9 13
12992,2026-03-14,2 3 8 11 | 1 3 14 20
12993,2026-03-14,12 13 14 20 | 9 14 19 20
12994,2026-03-14,5 8 13 18 | 3 4 6 16
12995,2026-03-14,8 10 11 20 | 6 9 17 19
12996,2026-03-14,1 11 17 18 | 5 6 7 10
12997,2026-03-14,10 14 16 17 | 6 12 15 17
12998,2026-03-14,2 4 6 8 | 3 4 7 19
12999,2026-03-14,3 4 6 12 | 4 5 10 16
13000,2026-03-14,13 15 16 17 | 8 10 11 16
13001,2026-03-15,5 11 18 19 | 5 6 10 14
13002,2026-03-15,5 13 17 19 | 4 5 9 10
13003,2026-03-15,6 9 11 18 | 3 6 9 17
13004,2026-03-15,4 10 11 18 | 5 9 13 14
13005,2026-03-15,6 12 19 20 | 6 7 12 17
13006,2026-03-15,1 2 15 18 | 1 3 5 9
13007,2026-03-15,3 8 13 16 | 12 13 14 19
13008,2026-03-15,1 8 18 20 | 3 7 9 17
13009,2026-03-15,9 13 16 18 | 10 13 16 19
13010,2026-03-15,1 6 11 20 | 4 11 14 20
13011,2026-03-16,9 11 12 17 | 2 3 9 18
13012,2026-03-16,6 7 9 13 | 8 10 12 13
13013,2026-03-16,12 13 15 19 | 9 10 15 18
13014,2026-03-16,2 7 13 14 | 3 10 14 20
13015,2026-03-16,1 2 8 13 | 1 10 12 16
13016,2026-03-16,5 15 18 20 | 10 14 15 19
13017,2026-03-16,9 16 17 19 | 8 9 11 17
13018,2026-03-16,1 4 12 17 | 3 6 10 19
13019,2026-03-16,9 14 16 19 | 2 4 9 19
13020,2026-03-16,5 14 17 20 | 1 4 6 17
13021,2026-03-17,4 9 13 16 | 7 10 18 19
13022,2026-03-17,4 5 7 8 | 9 13 15 18
13023,2026-03-17,7 9 13 15 | 4 8 14 19
13024,2026-03-17,7 8 12 18 | 7 8 9 15
13025,2026-03-17,1 10 13 14 | 3 4 12 16
13026,2026-03-17,2 5 6 16 | 6 9 11 15
13027,2026-03-17,7 8 18 19 | 8 10 15 20
13028,2026-03-17,1 4 10 12 | 2 5 14 19
13029,2026-03-17,7 8 13 15 | 4 7 14 18
13030,2026-03-17,7 8 19 20 | 4 7 10 19
13031,2026-03-18,3 5 6 17 | 2 5 18 20
13032,2026-03-18,1 2 7 9 | 7 11 14 20
13033,2026-03-18,5 6 12 20 | 4 8 13 19
13034,2026-03-18,5 6 7 8 | 5 6 7 8
13035,2026-03-18,1 15 17 18 | 5 12 17 19
13036,2026-03-18,1 10 11 20 | 5 6 7 18
13037,2026-03-18,5 7 8 16 | 8 9 12 13
13038,2026-03-18,3 9 18 20 | 4 8 13 14
13039,2026-03-18,5 6 7 8 | 1 2 18 20
13040,2026-03-18,3 6 12 17 | 4 5 6 20
13041,2026-03-19,11 12 13 16 | 4 5 18 19
13042,2026-03-19,3 5 8 20 | 6 7 8 13
13043,2026-03-19,2 9 10 19 | 4 5 7 15
13044,2026-03-19,11 14 15 17 | 6 7 9 13
13045,2026-03-19,2 9 17 18 | 3 5 7 18
13046,2026-03-19,3 11 13 17 | 4 7 17 20
13047,2026-03-19,5 15 18 19 | 4 6 16 18
13048,2026-03-19,1 2 5 6 | 3 7 9 11
13049,2026-03-19,1 2 3 7 | 2 4 11 20
13050,2026-03-19,6 12 19 20 | 10 13 15 18
13051,2026-03-20,9 12 14 16 | 7 13 14 17
13052,2026-03-20,4 12 15 19 | 1 3 10 14
13053,2026-03-20,1 3 8 19 | 7 8 18 19
13054,2026-03-20,4 12 13 20 | 8 13 15 16
13055,2026-03-20,1 10 13 18 | 1 3 5 18
13056,2026-03-20,3 5 9 16 | 4 13 14 19
13057,2026-03-20,6 7 11 17 | 3 7 11 15
13058,2026-03-20,8 15 17 18 | 6 7 8 12
13059,2026-03-20,3 4 6 7 | 2 4 11 13
13060,2026-03-20,8 14 17 19 | 2 9 14 18
13061,2026-03-21,4 10 12 15 | 10 11 14 18
13062,2026-03-21,2 5 15 20 | 4 5 19 20
13063,2026-03-21,3 7 9 15 | 1 12 16 20
13064,2026-03-21,10 16 19 20 | 2 4 14 16
13065,2026-03-21,4 7 13 20 | 7 9 13 19
13066,2026-03-21,6 9 14 18 | 1 4 6 8
13067,2026-03-21,3 6 15 19 | 2 7 12 19
13068,2026-03-21,2 6 8 15 | 1 4 7 14
13069,2026-03-21,7 8 10 13 | 1 9 13 15
13070,2026-03-21,5 9 15 18 | 10 11 13 19
13071,2026-03-22,1 9 10 15 | 7 15 18 20
13072,2026-03-22,2 8 13 17 | 12 14 17 19
13073,2026-03-22,1 4 7 13 | 3 10 13 16
13074,2026-03-22,11 14 18 19 | 4 9 16 18
13075,2026-03-22,1 3 11 13 | 5 9 14 20
13076,2026-03-22,4 5 9 16 | 8 12 14 17
13077,2026-03-22,1 4 12 20 | 8 11 18 20
13078,2026-03-22,5 6 15 16 | 3 6 11 15
13079,2026-03-22,1 3 11 20 | 5 12 19 20
13080,2026-03-22,2 11 12 14 | 4 6 7 11
13081,2026-03-23,4 8 10 11 | 3 6 12 15
13082,2026-03-23,2 3 4 16 | 5 7 12 14
13083,2026-03-23,5 6 17 19 | 9 11 13 19
13084,2026-03-23,4 12 17 19 | 1 6 16 20
13085,2026-03-23,1 5 13 18 | 6 9 14 19
13086,2026-03-23,13 14 17 20 | 1 3 15 19
13087,2026-03-23,1 4 6 11 | 1 6 8 20
13088,2026-03-23,7 11 18 19 | 12 14 17 19
13089,2026-03-23,6 9 15 19 | 4 10 13 14
13090,2026-03-23,2 8 11 13 | 3 6 8 14
13091,2026-03-24,5 11 16 19 | 5 11 13 16
13092,2026-03-24,2 3 5 10 | 4 11 12 16
13093,2026-03-24,3 9 15 20 | 3 4 6 13
13094,2026-03-24,2 3 12 16 | 1 3 6 9
13095,2026-03-24,2 6 18 19 | 3 7 17 20
13096,2026-03-24,1 3 7 11 | 3 11 13 16
13097,2026-03-24,1 6 7 11 | 8 11 14 17
13098,2026-03-24,1 7 11 14 | 1 7 18 19
13099,2026-03-24,1 13 16 18 | 1 4 8 19
13100,2026-03-24,2 6 8 13 | 1 7 8 10
13101,2026-03-25,5 9 11 15 | 1 11 16 20
13102,2026-03-25,1 7 15 19 | 3 7 9 14
13103,2026-03-25,3 9 14 20 | 1 2 9 19
13104,2026-03-25,2 5 18 19 | 4 10 11 20
13105,2026-03-25,1 8 17 18 | 3 10 15 18
13106,2026-03-25,4 5 10 14 | 10 16 18 20
13107,2026-03-25,3 8 12 15 | 2 9 17 20
13108,2026-03-25,1 5 10 19 | 3 11 16 17
13109,2026-03-25,1 7 14 20 | 3 6 19 20
13110,2026-03-25,6 16 17 19 | 3 6 17 20
13111,2026-03-26,5 8 11 12 | 4 10 15 18
13112,2026-03-26,1 3 7 16 | 3 5 9 11
13113,2026-03-26,1 2 6 14 | 3 16 17 20
13114,2026-03-26,6 16 18 20 | 1 4 15 19
13115,2026-03-26,2 12 15 20 | 3 10 11 17
13116,2026-03-26,4 6 11 14 | 4 9 11 15
13117,2026-03-26,1 7 13 19 | 1 4 9 10
13118,2026-03-26,4 13 17 19 | 3 5 6 10
13119,2026-03-26,3 5 8 18 | 12 15 17 19
13120,2026-03-26,2 3 12 16 | 2 5 11 16
13121,2026-03-27,8 12 15 20 | 5 13 14 17
13122,2026-03-27,5 7 9 11 | 7 9 14 17
13123,2026-03-27,2 5 6 11 | 1 6 7 8
13124,2026-03-27,10 14 16 17 | 7 10 12 20
13125,2026-03-27,1 8 10 12 | 3 9 16 17
13126,2026-03-27,4 9 14 15 | 1 9 16 17
13127,2026-03-27,2 8 10 16 | 3 13 18 20
13128,2026-03-27,3 5 9 11 | 1 4 18 20
13129,2026-03-27,2 14 17 19 | 1 3 18 20
13130,2026-03-27,10 11 15 19 | 8 10 11 14
13131,2026-03-28,4 11 16 19 | 4 6 15 19
13132,2026-03-28,1 17 19 20 | 3 10 11 15
13133,2026-03-28,7 8 12 19 | 3 13 14 20
13134,2026-03-28,1 5 8 19 | 1 6 10 17
13135,2026-03-28,8 13 19 20 | 2 6 13 16
13136,2026-03-28,4 10 17 19 | 3 4 5 6
13137,2026-03-28,4 7 8 17 | 1 4 5 20
13138,2026-03-28,5 10 16 19 | 6 7 17 19
13139,2026-03-28,3 7 9 17 | 8 9 11 18
13140,2026-03-28,1 5 9 11 | 1 3 7 20
13141,2026-03-29,4 5 18 19 | 4 11 12 15
13142,2026-03-29,7 9 18 19 | 9 10 11 15
13143,2026-03-29,2 4 7 10 | 5 6 7 20
13144,2026-03-29,11 12 15 19 | 5 6 12 18
13145,2026-03-29,4 8 18 19 | 3 6 13 15
13146,2026-03-29,3 9 14 16 | 6 7 15 16
13147,2026-03-29,2 7 14 18 | 5 6 7 19
13148,2026-03-29,2 8 10 18 | 8 10 15 18
13149,2026-03-29,3 8 12 19 | 13 15 18 20
13150,2026-03-29,7 12 13 14 | 5 7 14 18
13151,2026-03-30,2 13 14 18 | 5 8 10 19
13152,2026-03-30,1 10 18 20 | 3 7 12 17
13153,2026-03-30,6 16 18 20 | 1 3 9 16
13154,2026-03-30,2 8 12 20 | 1 4 10 15
13155,2026-03-30,6 13 14 17 | 2 3 17 19
13156,2026-03-30,1 10 13 17 | 1 3 8 12
13157,2026-03-30,4 7 8 11 | 2 4 5 18
13158,2026-03-30,4 6 12 17 | 4 16 17 19
13159,2026-03-30,1 8 9 20 | 2 15 16 19
13160,2026-03-30,1 4 19 20 | 1 8 9 19
13161,2026-03-31,1 13 16 20 | 1 2 3 20
13162,2026-03-31,1 2 3 15 | 3 11 18 19
13163,2026-03-31,3 4 9 14 | 2 8 14 17
13164,2026-03-31,2 13 16 20 | 10 13 15 17
13165,2026-03-31,7 9 13 19 | 2 3 6 17
13166,2026-03-31,2 3 11 16 | 2 9 12 17
13167,2026-03-31,6 8 10 20 | 1 5 6 19
13168,2026-03-31,7 12 16 17 | 2 3 18 19
13169,2026-03-31,1 6 10 12 | 4 7 18 20
13170,2026-03-31,4 5 15 20 | 1 7 13 18
13171,2026-04-01,2 5 16 20 | 7 8 12 20
13172,2026-04-01,4 6 9 15 | 14 17 18 20
13173,2026-04-01,9 10 19 20 | 4 15 17 20
13174,2026-04-01,11 12 14 16 | 5 6 12 16
13175,2026-04-01,2 3 9 13 | 4 6 8 16
13176,2026-04-01,3 5 13 20 | 2 3 13 16
13177,2026-04-01,1 6 8 19 | 6 7 15 18
13178,2026-04-01,11 13 15 16 | 1 3 4 5
13179,2026-04-01,4 14 16 18 | 2 3 5 10
13180,2026-04-01,4 5 10 17 | 4 7 8 11
13181,2026-04-02,1 6 7 14 | 2 5 8 13
13182,2026-04-02,4 5 13 16 | 2 8 11 17
13183,2026-04-02,1 2 6 15 | 1 5 6 20
13184,2026-04-02,1 8 10 11 | 4 7 8 18
13185,2026-04-02,2 8 14 20 | 9 11 13 15
13186,2026-04-02,1 2 6 20 | 5 7 9 13
13187,2026-04-02,1 12 14 15 | 2 6 15 16
13188,2026-04-02,1 2 13 19 | 1 11 16 18
13189,2026-04-02,1 4 8 19 | 4 5 13 19
13190,2026-04-02,2 3 12 15 | 3 10 17 20
13191,2026-04-03,6 8 9 15 | 4 7 14 20
13192,2026-04-03,8 10 11 16 | 6 7 13 17
13193,2026-04-03,4 12 14 20 | 3 5 13 20
13194,2026-04-03,4 6 16 17 | 1 6 15 20
13195,2026-04-03,3 5 9 19 | 4 5 10 15
13196,2026-04-03,3 5 7 9 | 1 14 16 19
13197,2026-04-03,3 4 12 17 | 6 11 15 18
13198,2026-04-03,4 10 13 18 | 12 17 19 20
13199,2026-04-03,3 6 8 10 | 1 10 15 19
13200,2026-04-03,3 12 15 18 | 5 8 11 17
13201,2026-04-04,1 4 17 19 | 4 9 14 16
13202,2026-04-04,6 10 12 13 | 7 10 12 20
13203,2026-04-04,8 11 13 19 | 5 7 8 19
13204,2026-04-04,2 4 6 12 | 4 11 15 20
13205,2026-04-04,2 6 15 17 | 1 8 12 15
13206,2026-04-04,2 3 15 18 | 1 10 16 17
13207,2026-04-04,1 6 8 13 | 1 6 7 12
13208,2026-04-04,4 5 6 11 | 1 7 10 18
13209,2026-04-04,3 7 13 20 | 3 5 9 15
13210,2026-04-04,2 6 14 18 | 7 9 10 16
13211,2026-04-05,6 9 10 14 | 8 9 10 17
13212,2026-04-05,1 13 15 18 | 4 7 14 16
13213,2026-04-05,4 10 13 20 | 4 14 19 20
13214,2026-04-05,8 14 15 20 | 1 9 15 20
13215,2026-04-05,8 11 17 20 | 3 14 15 18
13216,2026-04-05,2 12 19 20 | 5 6 12 15
13217,2026-04-05,1 10 13 17 | 1 7 12 19
13218,2026-04-05,10 12 13 17 | 1 8 14 19
13219,2026-04-05,9 11 17 20 | 13 16 17 19
13220,2026-04-05,3 6 14 20 | 1 8 12 20
13221,2026-04-06,3 5 11 15 | 5 9 14 15
13222,2026-04-06,1 5 11 16 | 2 4 7 10
13223,2026-04-06,8 13 15 19 | 1 7 12 15
13224,2026-04-06,4 10 11 15 | 8 15 17 18
13225,2026-04-06,4 6 11 12 | 8 9 12 18
13226,2026-04-06,3 7 13 20 | 11 12 14 15
13227,2026-04-06,2 5 6 8 | 1 6 7 13
13228,2026-04-06,5 6 7 16 | 2 7 14 19
13229,2026-04-06,4 8 12 16 | 4 10 18 20
13230,2026-04-06,3 5 8 10 | 3 13 18 19
13231,2026-04-07,6 14 16 17 | 3 5 7 18
13232,2026-04-07,4 5 7 12 | 1 4 8 18
13233,2026-04-07,8 9 11 18 | 6 8 13 20
13234,2026-04-07,3 15 17 19 | 4 10 12 15
13235,2026-04-07,5 14 16 17 | 1 3 10 19
13236,2026-04-07,8 13 16 17 | 7 11 14 17
13237,2026-04-07,1 3 8 9 | 2 3 5 13
13238,2026-04-07,2 6 12 17 | 5 14 15 19
13239,2026-04-07,1 3 10 15 | 7 8 14 15
13240,2026-04-07,3 6 9 10 | 2 8 11 17
13241,2026-04-08,2 6 8 17 | 3 8 10 17
13242,2026-04-08,4 18 19 20 | 3 7 12 14
13243,2026-04-08,1 8 9 20 | 7 10 16 19
13244,2026-04-08,3 11 13 15 | 5 11 16 18
13245,2026-04-08,3 7 16 18 | 3 13 15 16
13246,2026-04-08,3 10 12 19 | 2 7 12 17
13247,2026-04-08,3 4 9 19 | 2 16 19 20
13248,2026-04-08,2 4 7 13 | 8 10 17 20
13249,2026-04-08,7 9 14 18 | 1 2 4 20
13250,2026-04-08,2 6 11 12 | 2 4 9 16
13251,2026-04-09,1 6 8 12 | 1 2 6 17
13252,2026-04-09,1 8 16 19 | 2 10 15 16
13253,2026-04-09,5 6 12 17 | 1 3 14 20
13254,2026-04-09,1 2 8 20 | 1 6 10 13
13255,2026-04-09,1 10 12 14 | 1 8 11 12
13256,2026-04-09,10 16 18 20 | 5 7 10 12
13257,2026-04-09,7 8 11 20 | 1 7 8 11
13258,2026-04-09,1 3 4 6 | 3 7 8 15
13259,2026-04-09,2 7 12 15 | 5 14 18 20
13260,2026-04-09,2 10 17 19 | 4 11 12 18
13261,2026-04-10,7 9 11 13 | 6 12 14 16
13262,2026-04-10,2 4 9 11 | 3 6 9 16
13263,2026-04-10,3 6 12 17 | 4 5 7 19
13264,2026-04-10,2 11 12 15 | 3 4 11 19
13265,2026-04-10,8 10 11 14 | 3 16 18 20
13266,2026-04-10,1 7 10 17 | 1 3 12 18
13267,2026-04-10,3 7 8 10 | 8 12 14 16
13268,2026-04-10,3 9 18 20 | 2 13 16 18
13269,2026-04-10,2 6 18 20 | 1 7 9 15
13270,2026-04-10,8 18 19 20 | 8 11 13 16
13271,2026-04-11,1 6 11 19 | 3 5 9 13
13272,2026-04-11,2 3 13 14 | 1 6 7 11
13273,2026-04-11,3 5 10 11 | 9 17 18 19
13274,2026-04-11,1 7 9 16 | 4 8 10 19
13275,2026-04-11,1 5 6 11 | 1 5 6 7
13276,2026-04-11,7 11 16 19 | 14 16 17 19
13277,2026-04-11,4 7 8 14 | 8 12 14 20
13278,2026-04-11,4 9 12 16 | 5 7 10 17
13279,2026-04-11,2 9 10 12 | 1 5 14 16
13280,2026-04-11,1 7 13 20 | 9 14 17 18
13281,2026-04-12,5 11 12 19 | 5 7 14 15
13282,2026-04-12,4 9 11 19 | 9 11 17 20
13283,2026-04-12,5 10 11 12 | 7 10 15 19
13284,2026-04-12,1 2 8 20 | 2 9 14 18
13285,2026-04-12,7 12 15 20 | 4 13 16 17
13286,2026-04-12,1 5 10 20 | 3 4 8 10
13287,2026-04-12,9 15 16 17 | 5 10 13 19
13288,2026-04-12,4 8 11 14 | 3 8 12 20
13289,2026-04-12,7 9 13 19 | 6 12 15 18
13290,2026-04-12,2 3 15 19 | 1 3 6 12
13291,2026-04-13,3 7 9 18 | 7 8 10 14
13292,2026-04-13,6 12 16 17 | 6 7 8 19
13293,2026-04-13,1 2 10 19 | 8 10 17 20
13294,2026-04-13,1 10 14 16 | 5 12 15 18
13295,2026-04-13,2 12 17 18 | 5 7 8 12
13296,2026-04-13,5 10 16 18 | 5 16 18 20
13297,2026-04-13,6 7 13 19 | 2 6 9 15
13298,2026-04-13,2 7 13 14 | 4 7 19 20
13299,2026-04-13,10 12 13 17 | 1 7 12 16
13300,2026-04-13,2 11 16 19 | 7 8 14 17
13301,2026-04-14,4 5 9 18 | 1 4 8 16
13302,2026-04-14,1 2 11 15 | 4 5 16 18
13303,2026-04-14,3 5 18 20 | 1 2 9 12
13304,2026-04-14,5 9 12 15 | 2 3 7 14
13305,2026-04-14,5 6 11 16 | 7 9 15 17
13306,2026-04-14,6 12 14 19 | 12 13 17 20
13307,2026-04-14,2 3 16 19 | 10 14 18 19
13308,2026-04-14,8 9 10 11 | 2 11 12 15
13309,2026-04-14,9 12 14 15 | 4 10 14 16
13310,2026-04-14,4 8 9 10 | 5 6 15 17
13311,2026-04-15,6 16 17 20 | 2 3 4 9
13312,2026-04-15,1 3 18 19 | 6 8 11 16
13313,2026-04-15,2 11 12 19 | 2 8 9 16
13314,2026-04-15,1 7 15 20 | 7 10 11 18
13315,2026-04-15,3 7 13 17 | 9 12 18 19
13316,2026-04-15,4 12 18 20 | 4 13 18 19
13317,2026-04-15,15 18 19 20 | 4 6 10 20
13318,2026-04-15,2 3 12 20 | 1 6 8 14
13319,2026-04-15,7 10 11 12 | 7 11 12 19
13320,2026-04-15,4 7 14 20 | 2 3 5 17
13321,2026-04-16,8 9 19 20 | 1 6 9 20
13322,2026-04-16,6 9 19 20 | 12 13 17 18
13323,2026-04-16,6 8 12 20 | 4 16 19 20
13324,2026-04-16,6 7 8 14 | 3 4 13 20
13325,2026-04-16,1 5 7 20 | 3 12 13 14
13326,2026-04-16,1 7 9 13 | 2 10 12 16
13327,2026-04-16,4 5 14 18 | 1 4 15 17
13328,2026-04-16,2 6 13 16 | 7 11 15 20
13329,2026-04-16,2 5 16 17 | 2 3 5 16
13330,2026-04-16,5 7 11 16 | 2 5 16 17
13331,2026-04-17,3 5 8 20 | 1 11 18 20
13332,2026-04-17,8 10 11 18 | 5 6 7 14
13333,2026-04-17,4 5 15 20 | 3 9 13 16
13334,2026-04-17,6 8 18 19 | 2 5 7 10
13335,2026-04-17,5 13 14 16 | 7 10 15 16
13336,2026-04-17,3 9 12 16 | 11 17 18 19
13337,2026-04-17,1 5 8 12 | 4 5 13 19
13338,2026-04-17,5 10 11 16 | 1 13 14 20
13339,2026-04-17,14 16 19 20 | 6 13 14 16
13340,2026-04-17,8 9 17 20 | 1 8 11 19
13341,2026-04-18,8 9 14 18 | 2 7 8 17
13342,2026-04-18,8 9 15 19 | 3 8 10 18
13343,2026-04-18,4 12 15 16 | 3 4 5 19
13344,2026-04-18,2 4 9 12 | 4 12 17 20
13345,2026-04-18,7 11 14 18 | 1 7 8 15
13346,2026-04-18,3 5 15 20 | 2 3 13 16
13347,2026-04-18,3 4 5 13 | 1 13 18 20
13348,2026-04-18,12 16 17 19 | 1 4 10 14
13349,2026-04-18,5 14 16 20 | 7 8 14 18
13350,2026-04-18,2 13 14 18 | 5 15 19 20
13351,2026-04-19,4 13 18 20 | 3 9 13 14
13352,2026-04-19,11 14 16 19 | 6 10 12 19
13353,2026-04-19,3 13 16 19 | 3 11 12 13
13354,2026-04-19,3 6 18 20 | 3 6 7 19
13355,2026-04-19,3 11 17 19 | 10 11 13 14
13356,2026-04-19,4 7 9 10 | 10 13 14 17
13357,2026-04-19,5 6 14 18 | 5 10 12 20
13358,2026-04-19,4 8 17 18 | 8 13 14 18
13359,2026-04-19,9 15 18 19 | 6 10 11 20
13360,2026-04-19,6 9 11 16 | 4 11 12 15
13361,2026-04-20,2 7 19 20 | 6 16 18 20
13362,2026-04-20,6 8 11 13 | 9 12 14 18
13363,2026-04-20,4 9 10 12 | 3 5 11 19
13364,2026-04-20,7 12 14 16 | 4 12 13 18
13365,2026-04-20,2 7 12 15 | 9 15 16 17
13366,2026-04-20,2 9 19 20 | 5 7 9 19
13367,2026-04-20,1 4 5 9 | 3 13 16 18
13368,2026-04-20,6 12 18 20 | 2 7 11 17
13369,2026-04-20,4 10 17 18 | 6 7 8 20
13370,2026-04-20,13 15 18 19 | 6 12 18 20
13371,2026-04-21,6 11 13 17 | 7 9 11 13
13372,2026-04-21,1 6 15 17 | 1 4 7 16
13373,2026-04-21,9 11 16 18 | 2 8 13 19
13374,2026-04-21,4 8 17 20 | 1 2 3 14
13375,2026-04-21,1 13 14 20 | 5 8 10 15
13376,2026-04-21,3 4 5 20 | 3 14 17 20
13377,2026-04-21,1 5 13 14 | 1 11 13 17
13378,2026-04-21,4 7 16 19 | 3 11 12 16
13379,2026-04-21,4 7 9 15 | 9 13 14 18
13380,2026-04-21,2 6 10 17 | 8 17 18 19
13381,2026-04-22,1 6 11 20 | 8 13 15 19
13382,2026-04-22,4 14 16 17 | 6 7 18 20
13383,2026-04-22,2 3 13 15 | 2 3 14 15
13384,2026-04-22,1 2 6 8 | 1 4 6 7
13385,2026-04-22,10 12 17 18 | 6 7 12 14
13386,2026-04-22,5 8 11 12 | 1 2 4 7
13387,2026-04-22,1 6 15 20 | 3 6 13 15
13388,2026-04-22,2 3 4 6 | 6 9 12 14
13389,2026-04-22,10 13 16 17 | 3 11 12 17
13390,2026-04-22,1 3 7 8 | 5 10 12 14
13391,2026-04-23,2 13 18 20 | 3 5 12 16
13392,2026-04-23,3 11 14 15 | 4 6 17 20
13393,2026-04-23,1 6 10 17 | 3 5 12 18
13394,2026-04-23,6 14 18 19 | 2 3 16 19
13395,2026-04-23,6 13 15 16 | 4 5 12 18
13396,2026-04-23,9 10 16 20 | 1 12 14 20
13397,2026-04-23,7 15 19 20 | 9 10 14 16
13398,2026-04-23,4 6 12 14 | 4 9 12 19
13399,2026-04-23,1 4 5 19 | 9 12 15 20
13400,2026-04-23,10 14 17 20 | 1 9 10 14
13401,2026-04-24,1 2 16 17 | 1 2 10 13
13402,2026-04-24,3 12 14 19 | 7 8 9 18
13403,2026-04-24,5 13 14 15 | 4 6 8 17
13404,2026-04-24,1 8 12 20 | 1 7 12 18
13405,2026-04-24,6 16 18 20 | 7 8 11 14
13406,2026-04-24,3 7 12 18 | 2 11 12 15
13407,2026-04-24,1 7 8 19 | 2 3 11 17
13408,2026-04-24,6 9 11 12 | 1 14 15 18
13409,2026-04-24,1 2 14 15 | 3 13 14 15
13410,2026-04-24,3 5 9 15 | 3 4 11 18
13411,2026-04-25,7 11 15 20 | 3 5 17 19
13412,2026-04-25,3 7 13 20 | 3 5 11 12
13413,2026-04-25,1 6 8 16 | 6 10 13 18
13414,2026-04-25,5 10 19 20 | 8 11 16 20
13415,2026-04-25,3 4 18 19 | 1 3 5 6
13416,2026-04-25,6 12 13 17 | 3 8 12 20
13417,2026-04-25,2 8 12 20 | 2 12 15 18
13418,2026-04-25,7 10 11 17 | 6 7 13 15
13419,2026-04-25,1 8 9 12 | 2 8 9 11
13420,2026-04-25,2 4 10 14 | 2 7 8 15
13421,2026-04-26,9 10 11 19 | 1 6 15 20
13422,2026-04-26,2 6 13 19 | 6 7 19 20
13423,2026-04-26,5 8 9 12 | 5 8 16 18
13424,2026-04-26,2 5 7 13 | 5 8 15 16
13425,2026-04-26,7 14 18 19 | 5 6 16 18
13426,2026-04-26,2 8 12 19 | 8 12 17 19
13427,2026-04-26,4 17 18 20 | 9 12 16 20
13428,2026-04-26,3 4 5 18 | 4 7 8 10
13429,2026-04-26,3 7 9 18 | 2 10 13 19
13430,2026-04-26,9 11 12 19 | 4 9 10 13
13431,2026-04-27,1 4 7 14 | 2 3 9 20
13432,2026-04-27,2 7 14 18 | 3 6 10 11
13433,2026-04-27,14 15 18 19 | 5 10 18 20
13434,2026-04-27,10 12 13 14 | 1 6 12 18
13435,2026-04-27,3 8 15 20 | 9 12 14 18
13436,2026-04-27,2 5 11 20 | 2 6 7 15
13437,2026-04-27,6 9 12 16 | 4 10 12 14
13438,2026-04-27,2 11 18 20 | 1 10 11 18
13439,2026-04-27,3 7 9 17 | 2 9 10 15
13440,2026-04-27,12 14 16 17 | 2 3 8 18
13441,2026-04-28,1 7 13 18 | 1 3 8 13
13442,2026-04-28,1 9 14 16 | 1 3 6 10
13443,2026-04-28,1 7 10 20 | 8 15 16 18
13444,2026-04-28,3 4 11 20 | 2 6 18 19
13445,2026-04-28,4 8 9 14 | 2 6 8 15
13446,2026-04-28,2 4 9 14 | 9 11 18 20
13447,2026-04-28,1 15 16 18 | 3 5 17 18
13448,2026-04-28,4 13 16 18 | 4 10 11 17
13449,2026-04-28,3 8 10 11 | 5 7 8 18
13450,2026-04-28,5 15 16 20 | 3 7 8 9
13451,2026-04-29,10 13 16 19 | 4 9 16 18
13452,2026-04-29,2 11 15 18 | 6 10 14 17
13453,2026-04-29,3 5 10 16 | 12 13 14 18
13454,2026-04-29,4 9 13 18 | 6 8 15 16
13455,2026-04-29,1 2 9 20 | 7 9 15 20
13456,2026-04-29,7 9 12 13 | 3 9 12 18
13457,2026-04-29,3 13 19 20 | 12 14 16 19
13458,2026-04-29,3 6 11 14 | 1 12 13 14
13459,2026-04-29,7 9 17 20 | 3 7 8 11
13460,2026-04-29,1 9 10 16 | 7 8 9 14
13461,2026-04-30,1 3 12 18 | 8 11 12 16
13462,2026-04-30,6 14 15 16 | 5 14 17 19
13463,2026-04-30,6 8 9 18 | 2 11 14 15
13464,2026-04-30,7 9 18 20 | 5 6 12 18
13465,2026-04-30,7 9 10 14 | 1 15 19 20
13466,2026-04-30,3 5 6 20 | 10 11 17 19
13467,2026-04-30,5 12 14 17 | 6 12 16 17
13468,2026-04-30,11 13 16 20 | 2 5 12 20
13469,2026-04-30,1 11 15 16 | 5 7 11 14
13470,2026-04-30,1 2 5 7 | 2 7 14 19
13471,2026-05-01,1 5 8 10 | 2 5 7 10
13472,2026-05-01,12 13 14 20 | 8 9 17 19
13473,2026-05-01,3 4 18 20 | 3 6 12 19
13474,2026-05-01,1 14 17 18 | 3 10 15 19
13475,2026-05-01,3 14 16 18 | 1 7 13 15
13476,2026-05-01,1 3 14 15 | 4 7 11 16
13477,2026-05-01,8 12 13 16 | 1 5 11 20
13478,2026-05-01,4 11 14 16 | 7 8 14 16
13479,2026-05-01,4 11 14 15 | 9 16 18 20
13480,2026-05-01,4 12 14 16 | 1 11 13 20
13481,2026-05-02,3 7 13 15 | 1 10 11 17
13482,2026-05-02,2 3 7 14 | 2 9 12 19
13483,2026-05-02,3 4 6 14 | 4 5 14 20
13484,2026-05-02,10 12 16 19 | 2 6 10 13
13485,2026-05-02,6 12 16 20 | 1 4 6 10
13486,2026-05-02,2 5 11 15 | 4 5 6 19
13487,2026-05-02,1 5 7 16 | 1 12 16 18
13488,2026-05-02,1 2 5 17 | 4 9 16 19
13489,2026-05-02,3 5 8 20 | 4 5 11 13
13490,2026-05-02,2 3 13 18 | 5 12 13 14
13491,2026-05-03,12 15 18 19 | 2 5 8 12
13492,2026-05-03,3 5 6 20 | 9 12 13 15
13493,2026-05-03,1 3 16 17 | 2 8 11 12
13494,2026-05-03,1 2 9 16 | 7 8 15 19
13495,2026-05-03,3 5 10 20 | 4 11 18 19
13496,2026-05-03,1 5 10 20 | 8 10 18 20
13497,2026-05-03,1 14 19 20 | 8 13 14 17
13498,2026-05-03,2 14 15 18 | 3 4 5 15
13499,2026-05-03,6 10 12 20 | 5 10 12 18
13500,2026-05-03,2 9 10 18 | 4 12 15 16
13501,2026-05-04,1 3 16 20 | 10 14 16 20
13502,2026-05-04,5 8 11 14 | 12 13 15 19
13503,2026-05-04,5 9 11 12 | 3 6 15 16
13504,2026-05-04,7 13 15 18 | 6 8 14 15
13505,2026-05-04,5 6 13 14 | 6 8 13 15
13506,2026-05-04,1 5 6 7 | 2 5 8 12
13507,2026-05-04,6 7 11 14 | 4 7 16 17
13508,2026-05-04,10 12 19 20 | 1 3 5 18
13509,2026-05-04,4 5 16 19 | 4 6 14 17
13510,2026-05-04,8 10 15 17 | 8 9 10 19
13511,2026-05-05,1 2 3 9 | 1 3 7 18
13512,2026-05-05,9 11 12 19 | 4 10 15 19
13513,2026-05-05,3 9 10 13 | 5 6 8 16
13514,2026-05-05,2 5 14 18 | 2 10 11 12
13515,2026-05-05,3 6 10 12 | 4 5 8 14
13516,2026-05-05,1 10 17 20 | 1 8 11 14
13517,2026-05-05,1 7 10 16 | 4 9 15 16
13518,2026-05-05,6 11 14 16 | 12 13 17 20
13519,2026-05-05,7 11 14 19 | 3 4 16 20
13520,2026-05-05,9 14 19 20 | 5 9 17 20
13521,2026-05-06,2 4 9 18 | 2 12 15 19
13522,2026-05-06,2 10 13 18 | 1 2 16 18
13523,2026-05-06,2 6 9 15 | 1 2 4 14
13524,2026-05-06,4 6 7 17 | 12 14 16 20
13525,2026-05-06,1 7 10 12 | 1 6 8 19
13526,2026-05-06,4 10 17 20 | 1 6 7 10
13527,2026-05-06,6 15 18 20 | 3 9 14 17
13528,2026-05-06,1 8 10 12 | 2 4 13 17
13529,2026-05-06,2 10 13 15 | 4 5 18 19
13530,2026-05-06,8 10 12 15 | 13 14 17 20
13531,2026-05-07,1 3 4 20 | 12 13 16 19
13532,2026-05-07,3 5 7 20 | 2 9 10 11
13533,2026-05-07,8 15 16 20 | 6 8 18 19
13534,2026-05-07,3 17 18 20 | 9 10 14 15
13535,2026-05-07,3 15 19 20 | 9 14 16 18
13536,2026-05-07,1 7 12 14 | 11 15 16 17
13537,2026-05-07,7 8 11 16 | 4 5 7 20
13538,2026-05-07,7 9 10 17 | 2 10 18 19
13539,2026-05-07,8 12 14 20 | 1 2 14 16
13540,2026-05-07,4 7 10 14 | 1 7 8 17
13541,2026-05-08,5 12 16 18 | 1 4 6 12
13542,2026-05-08,4 8 10 12 | 4 15 18 19
13543,2026-05-08,12 14 16 19 | 4 9 12 16
13544,2026-05-08,3 4 9 20 | 7 9 12 18
13545,2026-05-08,4 11 16 17 | 9 10 13 15
13546,2026-05-08,8 9 10 15 | 4 5 7 11
13547,2026-05-08,5 6 15 19 | 2 4 10 11
13548,2026-05-08,2 5 7 17 | 2 10 12 20
13549,2026-05-08,1 7 12 15 | 5 6 10 14
13550,2026-05-08,3 10 11 12 | 7 9 10 14
13551,2026-05-09,11 12 15 17 | 5 10 12 16
13552,2026-05-09,3 10 12 20 | 3 7 14 19
13553,2026-05-09,8 10 14 20 | 2 9 14 17
13554,2026-05-09,4 5 14 16 | 2 5 6 12
13555,2026-05-09,2 11 12 18 | 5 6 19 20
13556,2026-05-09,3 15 17 20 | 12 16 18 19
13557,2026-05-09,2 7 18 19 | 4 8 12 14
13558,2026-05-09,2 5 9 14 | 5 11 15 20
13559,2026-05-09,1 3 6 15 | 3 6 16 20
13560,2026-05-09,3 7 8 10 | 5 9 10 13
13561,2026-05-10,6 9 11 18 | 2 11 16 20
13562,2026-05-10,7 9 11 20 | 1 4 7 20
13563,2026-05-10,9 14 15 18 | 1 2 15 18
13564,2026-05-10,2 9 17 20 | 10 11 14 15
13565,2026-05-10,4 5 15 17 | 11 14 17 18
13566,2026-05-10,10 11 16 20 | 3 16 19 20
13567,2026-05-10,8 9 17 18 | 3 4 7 17
13568,2026-05-10,3 5 9 12 | 8 10 15 19
13569,2026-05-10,8 16 17 20 | 4 14 16 18
13570,2026-05-10,2 5 15 18 | 1 3 18 20
13571,2026-05-11,2 4 16 17 | 5 11 12 19
13572,2026-05-11,2 8 16 18 | 5 8 12 16
13573,2026-05-11,7 11 12 19 | 1 2 5 11
13574,2026-05-11,1 6 9 17 | 3 9 13 18
13575,2026-05-11,3 10 13 18 | 2 9 15 16
13576,2026-05-11,8 9 12 17 | 1 2 13 14
13577,2026-05-11,6 10 13 18 | 1 7 8 18
13578,2026-05-11,10 14 17 18 | 4 12 17 19
13579,2026-05-11,1 14 16 19 | 3 9 12 16
13580,2026-05-11,1 6 8 20 | 2 8 10 15
13581,2026-05-12,2 4 5 18 | 3 7 16 20
13582,2026-05-12,1 6 7 15 | 5 9 14 20
13583,2026-05-12,9 10 11 12 | 3 11 12 13
13584,2026-05-12,2 6 10 16 | 5 6 15 20
13585,2026-05-12,3 9 17 18 | 9 10 19 20
13586,2026-05-12,4 5 11 15 | 5 9 12 19
13587,2026-05-12,3 5 14 20 | 3 11 15 18
13588,2026-05-12,5 12 18 19 | 2 6 9 15
13589,2026-05-12,1 4 11 15 | 6 9 10 13
13590,2026-05-12,2 3 15 19 | 6 9 16 18
13591,2026-05-13,1 2 8 10 | 7 12 13 17
13592,2026-05-13,2 7 10 20 | 3 6 8 13
13593,2026-05-13,3 7 10 15 | 1 6 10 18
13594,2026-05-13,9 12 15 16 | 8 9 13 19
13595,2026-05-13,2 3 8 13 | 8 10 12 15
13596,2026-05-13,1 5 10 14 | 4 6 8 19
13597,2026-05-13,2 6 14 18 | 4 5 14 17
13598,2026-05-13,4 17 18 20 | 9 10 12 14
13599,2026-05-13,1 2 13 20 | 11 12 14 18
13600,2026-05-13,5 10 13 14 | 1 10 15 20
13601,2026-05-14,1 5 6 15 | 8 10 13 14
13602,2026-05-14,3 6 16 18 | 1 5 8 13
13603,2026-05-14,8 13 17 18 | 4 5 6 8
13604,2026-05-14,3 5 10 15 | 1 4 15 16
13605,2026-05-14,1 4 10 20 | 6 7 14 19
13606,2026-05-14,6 8 18 20 | 4 6 7 17
13607,2026-05-14,4 5 14 16 | 4 5 6 15
13608,2026-05-14,1 5 11 18 | 2 5 10 15
13609,2026-05-14,2 6 10 18 | 6 13 16 17
13610,2026-05-14,10 12 15 19 | 8 13 15 16
13611,2026-05-15,3 8 18 19 | 3 13 17 20
13612,2026-05-15,1 3 6 16 | 4 12 13 19
13613,2026-05-15,6 10 16 19 | 8 11 13 16
13614,2026-05-15,3 7 8 13 | 2 4 7 13
13615,2026-05-15,9 13 16 17 | 2 5 10 15
13616,2026-05-15,1 2 14 17 | 3 5 8 12
13617,2026-05-15,10 18 19 20 | 2 14 15 17
13618,2026-05-15,1 7 12 15 | 1 7 13 14
13619,2026-05-15,4 12 16 17 | 5 6 9 10
13620,2026-05-15,9 10 14 17 | 5 6 12 18
13621,2026-05-16,1 5 14 19 | 7 8 10 20
13622,2026-05-16,3 10 13 16 | 4 5 6 19
13623,2026-05-16,1 4 7 18 | 1 7 9 20
13624,2026-05-16,2 4 8 19 | 1 2 17 18
13625,2026-05-16,8 13 16 17 | 2 10 15 18
13626,2026-05-16,10 11 12 14 | 7 8 12 14
13627,2026-05-16,4 9 10 12 | 3 8 11 12
13628,2026-05-16,4 11 14 17 | 4 6 8 11
13629,2026-05-16,3 10 14 15 | 1 2 17 20
13630,2026-05-16,9 11 14 16 | 2 15 16 17
13631,2026-05-17,2 8 9 15 | 1 5 11 20
13632,2026-05-17,5 8 10 11 | 8 9 10 11
13633,2026-05-17,4 8 9 18 | 3 5 6 14
13634,2026-05-17,1 7 11 20 | 4 8 9 20
13635,2026-05-17,9 10 15 20 | 1 2 3 17
13636,2026-05-17,1 4 10 14 | 1 4 12 16
13637,2026-05-17,5 9 11 12 | 2 5 10 20
13638,2026-05-17,6 8 10 18 | 4 7 10 18
13639,2026-05-17,1 5 10 13 | 1 3 15 20
13640,2026-05-17,4 7 16 18 | 1 15 16 18
13641,2026-05-18,10 11 13 20 | 1 5 13 17
13642,2026-05-18,4 6 8 15 | 3 13 15 18
13643,2026-05-18,1 6 14 19 | 1 6 8 20
13644,2026-05-18,1 8 15 18 | 4 7 17 20
13645,2026-05-18,6 7 10 20 | 3 9 15 17
13646,2026-05-18,1 8 13 14 | 2 3 4 13
13647,2026-05-18,1 6 13 20 | 1 4 10 15
13648,2026-05-18,1 8 12 16 | 13 14 18 20
13649,2026-05-18,2 5 14 15 | 1 13 17 19
13650,2026-05-18,3 8 13 14 | 5 8 13 15
13651,2026-05-19,3 6 11 13 | 6 11 12 18
13652,2026-05-19,1 4 12 18 | 12 15 16 20
13653,2026-05-19,5 6 10 19 | 1 3 13 20
13654,2026-05-19,6 8 9 16 | 3 10 19 20
13655,2026-05-19,2 3 12 19 | 1 2 3 9
13656,2026-05-19,2 4 12 18 | 5 8 14 18
13657,2026-05-19,7 8 14 19 | 2 6 8 19
13658,2026-05-19,2 4 6 14 | 1 3 16 18
13659,2026-05-19,14 15 16 20 | 7 8 14 18
13660,2026-05-19,3 4 15 18 | 6 10 16 17
13661,2026-05-20,10 11 12 18 | 8 18 19 20
13662,2026-05-20,2 4 9 10 | 3 6 11 14
13663,2026-05-20,3 6 11 20 | 4 9 10 20
13664,2026-05-20,2 3 7 11 | 2 3 8 18
13665,2026-05-20,5 7 12 15 | 1 6 14 20
13666,2026-05-20,1 9 15 20 | 3 10 15 16
13667,2026-05-20,6 8 12 17 | 4 5 7 12
13668,2026-05-20,4 8 17 18 | 3 9 15 19
13669,2026-05-20,1 10 18 19 | 7 13 15 18
13670,2026-05-20,5 7 14 15 | 2 3 5 16
13671,2026-05-21,1 13 14 20 | 1 5 8 15
13672,2026-05-21,6 9 11 14 | 7 12 15 20
13673,2026-05-21,2 3 4 13 | 7 10 15 20
13674,2026-05-21,10 14 17 19 | 5 7 10 17
13675,2026-05-21,5 8 11 17 | 14 16 19 20
13676,2026-05-21,6 7 10 17 | 3 5 16 17
13677,2026-05-21,1 2 11 20 | 7 8 10 20
13678,2026-05-21,2 3 13 19 | 1 2 5 10
13679,2026-05-21,2 8 9 17 | 4 8 10 15
13680,2026-05-21,12 14 18 20 | 3 8 9 11
13681,2026-05-22,1 4 9 19 | 4 10 14 18
13682,2026-05-22,1 8 9 17 | 1 7 13 20
13683,2026-05-22,1 3 9 13 | 5 7 8 20
13684,2026-05-22,4 10 15 16 | 9 10 14 19
13685,2026-05-22,2 7 8 14 | 1 4 9 10
13686,2026-05-22,9 10 12 18 | 2 12 15 16
13687,2026-05-22,5 7 12 16 | 13 16 18 20
13688,2026-05-22,4 9 11 14 | 3 14 16 19
13689,2026-05-22,2 3 4 6 | 4 11 16 18
13690,2026-05-22,8 15 17 20 | 6 12 13 19
13691,2026-05-23,3 9 11 19 | 1 3 11 12
13692,2026-05-23,1 8 12 20 | 3 7 10 17
13693,2026-05-23,1 4 7 8 | 2 4 10 12
13694,2026-05-23,3 4 14 17 | 2 3 4 8
13695,2026-05-23,3 4 9 16 | 2 7 14 19
13696,2026-05-23,1 2 3 18 | 2 6 7 11
13697,2026-05-23,1 10 19 20 | 1 3 6 19
13698,2026-05-23,2 6 10 18 | 1 4 15 20
13699,2026-05-23,2 12 17 18 | 2 7 13 19
13700,2026-05-23,2 6 13 20 | 4 6 7 12
13701,2026-05-24,2 6 7 15 | 5 7 9 12
13702,2026-05-24,9 10 14 20 | 1 13 14 18
13703,2026-05-24,4 5 8 14 | 3 10 12 15
13704,2026-05-24,2 4 10 20 | 5 9 11 16
13705,2026-05-24,1 2 3 19 | 1 10 15 18
13706,2026-05-24,10 11 12 14 | 3 7 8 20
13707,2026-05-24,2 3 5 20 | 4 6 17 18
13708,2026-05-24,4 5 9 16 | 1 3 5 13
13709,2026-05-24,10 11 16 17 | 3 11 13 16
13710,2026-05-24,1 2 15 17 | 3 4 8 17
13711,2026-05-25,4 7 11 14 | 9 12 13 15
13712,2026-05-25,10 12 16 18 | 10 11 14 17
13713,2026-05-25,2 10 16 19 | 4 5 9 10
13714,2026-05-25,6 10 13 16 | 2 6 13 20
13715,2026-05-25,4 12 16 17 | 9 10 18 19
13716,2026-05-25,15 16 18 20 | 5 7 14 15
13717,2026-05-25,5 8 14 16 | 5 6 8 10
13718,2026-05-25,5 7 8 10 | 5 13 15 19
13719,2026-05-25,2 7 10 15 | 4 12 13 14
13720,2026-05-25,4 7 11 19 | 1 2 4 15
13721,2026-05-26,5 10 14 17 | 7 11 13 20
13722,2026-05-26,7 12 14 16 | 6 10 17 18
13723,2026-05-26,9 10 11 14 | 2 3 7 12
13724,2026-05-26,1 9 10 18 | 3 6 9 20
13725,2026-05-26,12 15 18 20 | 3 5 8 15
13726,2026-05-26,2 5 10 14 | 6 7 10 11
13727,2026-05-26,1 4 12 18 | 6 10 11 17
13728,2026-05-26,4 14 18 20 | 7 8 14 16
13729,2026-05-26,1 15 16 17 | 8 10 14 18
13730,2026-05-26,1 2 3 5 | 2 7 9 18
13731,2026-05-27,4 10 15 18 | 7 11 16 18
13732,2026-05-27,3 10 12 20 | 1 10 15 19
13733,2026-05-27,8 12 13 19 | 1 4 9 17
13734,2026-05-27,10 13 15 17 | 2 4 5 15
13735,2026-05-27,7 8 13 20 | 5 8 15 20
13736,2026-05-27,3 7 18 20 | 5 11 12 15
13737,2026-05-27,1 2 14 17 | 1 4 7 13
13738,2026-05-27,6 9 11 17 | 2 8 11 13
13739,2026-05-27,5 11 12 20 | 5 9 10 15
13740,2026-05-27,5 12 14 18 | 1 10 14 15
13741,2026-05-28,3 4 5 13 | 5 6 12 17
13742,2026-05-28,2 14 15 18 | 3 10 12 20
13743,2026-05-28,1 7 13 14 | 4 7 9 15
13744,2026-05-28,5 7 12 20 | 4 7 9 19
13745,2026-05-28,1 6 14 19 | 9 10 15 17
13746,2026-05-28,3 6 13 18 | 1 9 13 19
13747,2026-05-28,3 7 19 20 | 3 8 10 18
13748,2026-05-28,5 9 14 17 | 1 3 13 18
13749,2026-05-28,3 5 11 12 | 1 2 13 16
13750,2026-05-28,2 7 8 16 | 4 6 8 19
13751,2026-05-29,4 15 18 20 | 1 6 16 20
13752,2026-05-29,1 3 15 18 | 6 13 15 16
13753,2026-05-29,1 3 10 15 | 2 5 6 10
13754,2026-05-29,2 3 7 11 | 9 11 12 18
13755,2026-05-29,4 11 19 20 | 2 8 12 18
13756,2026-05-29,2 13 14 16 | 9 18 19 20
13757,2026-05-29,2 7 9 20 | 6 9 13 17
13758,2026-05-29,2 12 14 17 | 6 9 12 17
13759,2026-05-29,12 14 16 19 | 1 12 14 16
13760,2026-05-29,7 10 13 20 | 7 9 19 20
13761,2026-05-30,3 5 6 9 | 2 11 13 18
13762,2026-05-30,1 5 9 20 | 8 9 15 20
13763,2026-05-30,4 7 13 17 | 1 5 6 8
13764,2026-05-30,5 6 19 20 | 6 11 12 17
13765,2026-05-30,6 10 11 19 | 1 14 16 19
13766,2026-05-30,7 15 18 20 | 3 5 10 18
13767,2026-05-30,1 3 7 12 | 7 8 16 20
13768,2026-05-30,1 6 8 17 | 3 4 16 20
13769,2026-05-30,3 6 10 16 | 4 8 14 20
13770,2026-05-30,2 8 15 16 | 10 14 19 20
13771,2026-05-31,1 5 16 18 | 7 10 16 18
13772,2026-05-31,7 10 12 17 | 1 4 9 14
13773,2026-05-31,2 7 14 20 | 12 13 14 20
13774,2026-05-31,8 13 14 16 | 5 16 17 20
13775,2026-05-31,2 9 16 19 | 5 7 11 16
13776,2026-05-31,12 15 17 18 | 11 13 16 20
13777,2026-05-31,7 9 12 17 | 9 13 18 19
13778,2026-05-31,7 14 16 17 | 1 7 11 20
13779,2026-05-31,2 7 18 19 | 6 8 9 17
13780,2026-05-31,4 7 13 18 | 4 6 18 19
13781,2026-06-01,1 5 8 13 | 5 9 13 17
13782,2026-06-01,1 2 18 19 | 9 16 19 20
13783,2026-06-01,3 15 17 18 | 4 5 15 17
13784,2026-06-01,2 4 5 13 | 2 12 16 18
13785,2026-06-01,2 6 7 15 | 1 4 5 20
13786,2026-06-01,9 15 16 20 | 8 9 14 15
13787,2026-06-01,8 9 12 19 | 6 7 17 19
13788,2026-06-01,8 13 15 20 | 1 3 7 13
13789,2026-06-01,8 10 18 20 | 1 13 14 18
13790,2026-06-01,1 4 14 19 | 1 7 10 13
13791,2026-06-02,2 16 17 18 | 1 3 12 15
13792,2026-06-02,8 9 16 18 | 1 3 15 16
13793,2026-06-02,1 6 10 13 | 7 9 10 15
13794,2026-06-02,2 8 16 20 | 5 6 9 13
13795,2026-06-02,3 4 6 8 | 1 10 15 17
13796,2026-06-02,2 4 9 20 | 3 4 6 8
13797,2026-06-02,4 5 10 14 | 3 11 18 20
13798,2026-06-02,1 4 17 20 | 1 3 4 6
13799,2026-06-02,3 10 13 14 | 1 4 15 20
13800,2026-06-02,1 4 10 11 | 2 6 7 8
13801,2026-06-03,1 2 7 14 | 5 8 9 19
13802,2026-06-03,3 12 17 20 | 4 12 14 15
13803,2026-06-03,5 6 8 20 | 5 7 11 16
13804,2026-06-03,7 10 11 15 | 7 9 10 20
13805,2026-06-03,2 9 12 18 | 4 12 18 19
13806,2026-06-03,1 2 9 20 | 10 14 16 19
13807,2026-06-03,7 8 9 18 | 10 11 16 19
13808,2026-06-03,2 9 12 17 | 1 2 7 15
13809,2026-06-03,6 13 17 18 | 3 15 16 20
13810,2026-06-03,2 5 11 12 | 4 6 14 15
13811,2026-06-04,6 8 9 19 | 2 13 18 19
13812,2026-06-04,6 12 16 18 | 1 12 14 15
13813,2026-06-04,2 5 15 19 | 1 3 8 16
13814,2026-06-04,11 12 17 20 | 2 6 7 12
13815,2026-06-04,3 6 8 10 | 11 12 17 18
13816,2026-06-04,7 8 14 15 | 6 9 13 20
13817,2026-06-04,2 5 12 19 | 2 5 6 12
13818,2026-06-04,3 6 11 17 | 1 2 9 11
13819,2026-06-04,3 8 9 10 | 10 17 18 20
13820,2026-06-04,7 8 15 19 | 2 5 6 19
13821,2026-06-05,3 11 15 18 | 8 17 18 20
13822,2026-06-05,11 12 13 16 | 4 6 10 15
13823,2026-06-05,10 11 19 20 | 7 12 13 17
13824,2026-06-05,4 8 16 20 | 1 2 16 17
13825,2026-06-05,2 6 15 20 | 3 4 11 16
13826,2026-06-05,1 2 9 11 | 9 11 16 20
13827,2026-06-05,1 7 14 19 | 1 12 13 18
13828,2026-06-05,2 7 9 13 | 1 3 16 19
13829,2026-06-05,2 5 18 19 | 3 7 8 9
13830,2026-06-05,9 14 15 19 | 5 15 16 19
13831,2026-06-06,1 7 11 18 | 7 8 11 17
13832,2026-06-06,2 9 11 14 | 6 17 19 20
13833,2026-06-06,4 5 10 19 | 4 10 12 19
13834,2026-06-06,8 11 15 19 | 6 7 10 12
13835,2026-06-06,5 7 12 16 | 1 3 5 7
13836,2026-06-06,8 9 10 20 | 8 9 16 17
13837,2026-06-06,3 6 8 11 | 4 6 15 19
13838,2026-06-06,4 10 11 20 | 1 11 15 18
13839,2026-06-06,4 5 11 14 | 11 12 18 19
13840,2026-06-06,1 5 7 16 | 4 15 16 17
13841,2026-06-07,2 4 14 16 | 4 5 8 17
13842,2026-06-07,1 3 10 17 | 2 7 11 14
13843,2026-06-07,12 18 19 20 | 1 14 16 17
13844,2026-06-07,2 7 12 19 | 4 5 12 13
13845,2026-06-07,4 6 15 20 | 6 13 17 18
13846,2026-06-07,2 10 13 20 | 12 15 17 19
13847,2026-06-07,2 3 10 15 | 3 6 16 17
13848,2026-06-07,3 7 12 16 | 3 6 8 19
13849,2026-06-07,9 14 16 17 | 4 14 18 19
13850,2026-06-07,8 12 15 17 | 5 9 11 14
13851,2026-06-08,3 7 12 18 | 3 7 8 18
13852,2026-06-08,3 8 12 16 | 8 10 12 15
13853,2026-06-08,1 5 10 14 | 2 6 13 15
13854,2026-06-08,9 14 16 17 | 6 9 12 20
13855,2026-06-08,5 10 11 18 | 5 10 16 18
13856,2026-06-08,5 10 11 20 | 1 8 17 18
13857,2026-06-08,3 7 8 16 | 5 10 15 17
13858,2026-06-08,1 3 6 14 | 1 4 8 11
13859,2026-06-08,3 5 6 8 | 1 4 6 19
13860,2026-06-08,10 11 15 19 | 2 7 12 17
13861,2026-06-09,8 9 10 18 | 5 6 13 15
13862,2026-06-09,2 11 13 14 | 12 13 18 20
13863,2026-06-09,5 10 17 20 | 7 13 16 20
13864,2026-06-09,9 10 11 16 | 2 6 8 19
13865,2026-06-09,4 5 6 7 | 1 5 8 12
13866,2026-06-09,6 11 12 15 | 7 9 19 20
13867,2026-06-09,2 10 15 20 | 15 16 17 19
13868,2026-06-09,8 10 11 18 | 3 6 9 19
13869,2026-06-09,1 10 16 18 | 3 12 13 15
13870,2026-06-09,1 3 14 20 | 3 13 14 16
13871,2026-06-10,6 8 15 20 | 2 7 15 16
13872,2026-06-10,2 5 9 16 | 3 5 8 15
13873,2026-06-10,4 9 10 14 | 8 11 12 19
13874,2026-06-10,5 12 18 20 | 6 7 11 14
13875,2026-06-10,6 15 17 20 | 3 10 13 19
13876,2026-06-10,2 7 10 19 | 3 7 17 19
13877,2026-06-10,2 6 9 10 | 2 5 6 19
13878,2026-06-10,2 4 7 13 | 4 5 6 8
13879,2026-06-10,4 12 14 20 | 1 10 16 17
13880,2026-06-10,1 15 16 18 | 4 6 8 13
13881,2026-06-11,11 12 16 17 | 1 4 10 15
13882,2026-06-11,3 13 17 18 | 2 7 9 18
13883,2026-06-11,4 12 14 16 | 5 8 10 15
13884,2026-06-11,3 11 12 14 | 5 6 11 20
13885,2026-06-11,2 3 13 20 | 4 6 8 10
13886,2026-06-11,3 8 15 19 | 4 10 11 20
13887,2026-06-11,1 3 4 5 | 2 6 17 19
13888,2026-06-11,1 9 15 16 | 6 11 17 20
13889,2026-06-11,4 9 14 18 | 2 10 15 20
13890,2026-06-11,2 8 19 20 | 8 10 11 18
13891,2026-06-12,1 5 11 13 | 1 9 17 20
13892,2026-06-12,2 3 8 11 | 2 5 19 20
13893,2026-06-12,5 12 13 15 | 5 6 11 20
13894,2026-06-12,2 4 15 17 | 2 3 5 13
13895,2026-06-12,1 7 11 17 | 3 7 9 17
13896,2026-06-12,6 8 9 10 | 2 7 12 16
13897,2026-06-12,7 12 14 20 | 2 10 12 17
13898,2026-06-12,5 8 16 18 | 3 9 13 15
13899,2026-06-12,1 2 15 20 | 1 2 3 4
13900,2026-06-12,5 9 11 14 | 7 9 10 13
13901,2026-06-13,2 7 10 17 | 6 7 15 16
13902,2026-06-13,1 4 9 19 | 5 8 16 19
13903,2026-06-13,12 14 16 20 | 5 8 9 14
13904,2026-06-13,6 13 14 16 | 5 6 15 18
13905,2026-06-13,1 9 13 19 | 7 12 16 19
13906,2026-06-13,4 7 8 17 | 2 7 10 12
13907,2026-06-13,7 10 15 19 | 1 5 11 18
13908,2026-06-13,1 4 7 8 | 4 6 14 20
13909,2026-06-13,3 7 15 16 | 3 4 6 20
13910,2026-06-13,9 12 17 20 | 1 2 4 19
13911,2026-06-14,1 2 8 13 | 7 10 11 12
13912,2026-06-14,6 12 14 16 | 6 15 17 20
13913,2026-06-14,3 5 16 17 | 7 13 15 20
13914,2026-06-14,2 3 5 18 | 2 10 16 19
13915,2026-06-14,5 8 13 19 | 1 6 7 19
13916,2026-06-14,2 15 18 19 | 6 9 12 16
13917,2026-06-14,2 5 8 12 | 4 10 14 17
13918,2026-06-14,2 10 12 13 | 1 7 12 15
13919,2026-06-14,3 4 5 10 | 12 14 17 18
13920,2026-06-14,1 6 10 19 | 14 15 16 18
13921,2026-06-15,3 6 11 12 | 1 7 8 15
13922,2026-06-15,9 14 16 18 | 5 8 11 15
13923,2026-06-15,2 4 12 13 | 8 10 13 19
13924,2026-06-15,10 11 12 16 | 6 7 12 15
13925,2026-06-15,3 11 13 19 | 1 6 16 18
13926,2026-06-15,9 13 16 20 | 7 9 11 16
13927,2026-06-15,2 6 10 17 | 1 9 11 13
13928,2026-06-15,5 7 15 16 | 2 12 15 18
13929,2026-06-15,1 4 9 16 | 1 5 10 17
13930,2026-06-15,1 3 5 13 | 8 16 18 20
13931,2026-06-16,3 8 11 15 | 2 3 4 5
13932,2026-06-16,8 9 11 16 | 2 5 10 20
13933,2026-06-16,3 14 15 19 | 9 10 11 18
13934,2026-06-16,7 8 12 15 | 4 12 17 18
13935,2026-06-16,5 12 17 20 | 3 7 12 19
13936,2026-06-16,2 10 14 15 | 4 7 12 20
13937,2026-06-16,1 2 8 12 | 5 8 12 20
13938,2026-06-16,10 12 13 17 | 1 5 11 17
13939,2026-06-16,2 10 12 19 | 5 12 17 20
13940,2026-06-16,1 9 11 13 | 1 7 8 12
13941,2026-06-17,3 4 14 20 | 3 16 17 19
13942,2026-06-17,9 11 14 20 | 4 6 7 12
13943,2026-06-17,2 9 10 20 | 13 16 17 20
13944,2026-06-17,1 2 12 13 | 2 10 13 15
13945,2026-06-17,1 2 4 11 | 2 8 13 15
13946,2026-06-17,4 10 12 18 | 1 7 9 15
13947,2026-06-17,3 13 14 15 | 1 9 10 18
13948,2026-06-17,6 8 10 20 | 1 3 5 18
13949,2026-06-17,4 6 14 19 | 8 14 18 20
13950,2026-06-17,1 8 18 19 | 4 6 15 17
13951,2026-06-18,2 6 8 20 | 1 3 7 15
13952,2026-06-18,1 4 5 14 | 2 5 8 18
13953,2026-06-18,1 7 15 19 | 7 8 9 13
13954,2026-06-18,11 15 17 18 | 2 3 7 12
13955,2026-06-18,3 5 11 13 | 1 9 14 18
13956,2026-06-18,2 6 9 19 | 2 3 9 11
13957,2026-06-18,3 4 5 10 | 1 9 14 20
13958,2026-06-18,4 6 14 15 | 3 10 12 14
13959,2026-06-18,9 10 12 19 | 4 12 14 16
13960,2026-06-18,1 3 8 12 | 2 9 17 19
13961,2026-06-19,5 14 16 20 | 3 14 15 18
13962,2026-06-19,2 3 9 19 | 1 13 14 20
13963,2026-06-19,5 10 13 19 | 3 8 16 19
13964,2026-06-19,2 4 7 17 | 2 3 10 15
13965,2026-06-19,8 10 13 18 | 2 4 15 18
13966,2026-06-19,4 10 14 20 | 8 10 12 17
13967,2026-06-19,2 13 18 20 | 6 10 15 20
13968,2026-06-19,3 8 17 18 | 4 11 16 17
13969,2026-06-19,1 5 8 20 | 4 6 12 17
13970,2026-06-19,2 3 12 18 | 3 4 8 11
13971,2026-06-20,9 11 15 20 | 1 5 16 18
13972,2026-06-20,1 4 13 16 | 9 12 15 17
13973,2026-06-20,2 7 9 12 | 8 13 16 17
13974,2026-06-20,2 10 19 20 | 3 7 15 16
13975,2026-06-20,3 4 6 12 | 1 11 17 19
13976,2026-06-20,2 3 14 20 | 5 6 15 18
13977,2026-06-20,5 9 16 17 | 1 3 8 12
13978,2026-06-20,6 14 15 20 | 7 10 11 20
13979,2026-06-20,6 14 16 20 | 2 7 13 18
13980,2026-06-20,5 9 13 15 | 8 10 11 16
13981,2026-06-21,5 7 10 14 | 3 6 11 20
13982,2026-06-21,9 10 16 20 | 6 15 17 18
13983,2026-06-21,4 13 17 18 | 2 15 16 17
13984,2026-06-21,1 3 4 6 | 5 6 15 17
13985,2026-06-21,9 15 16 19 | 4 6 13 14
13986,2026-06-21,1 3 14 20 | 1 3 9 13
13987,2026-06-21,4 8 10 12 | 3 6 17 19
13988,2026-06-21,4 9 19 20 | 4 5 7 10
13989,2026-06-21,2 14 16 17 | 3 9 19 20
13990,2026-06-21,3 4 17 18 | 1 5 17 18
13991,2026-06-22,1 6 14 18 | 9 15 17 20
13992,2026-06-22,13 15 17 18 | 4 11 15 20
13993,2026-06-22,8 11 14 19 | 1 11 17 19
13994,2026-06-22,9 13 16 18 | 2 5 7 11
13995,2026-06-22,4 5 6 18 | 9 12 16 18
13996,2026-06-22,3 6 14 20 | 4 7 13 20
13997,2026-06-22,10 12 16 18 | 2 3 13 17
13998,2026-06-22,3 12 13 17 | 1 7 10 12
13999,2026-06-22,1 3 17 18 | 3 8 12 15
14000,2026-06-22,9 11 17 18 | 6 9 10 15
14001,2026-06-23,7 15 18 20 | 1 4 18 19
14002,2026-06-23,12 14 16 20 | 8 9 15 16
14003,2026-06-23,2 15 18 20 | 1 13 19 20
14004,2026-06-23,6 8 15 18 | 2 7 8 13
14005,2026-06-23,1 5 10 13 | 5 13 14 16
14006,2026-06-23,7 11 14 19 | 1 2 5 11
14007,2026-06-23,4 6 10 17 | 8 10 13 18
14008,2026-06-23,7 8 9 19 | 1 10 13 19
14009,2026-06-23,4 8 15 18 | 7 9 14 20
14010,2026-06-23,3 15 18 19 | 2 4 12 20
14011,2026-06-24,2 12 13 17 | 9 12 17 19
14012,2026-06-24,6 7 10 13 | 3 10 13 19
14013,2026-06-24,1 4 5 7 | 2 8 10 11
14014,2026-06-24,4 14 18 19 | 3 13 17 18
14015,2026-06-24,2 8 11 15 | 4 9 14 15
14016,2026-06-24,5 8 12 16 | 6 7 8 16
14017,2026-06-24,7 15 17 19 | 6 8 9 14
14018,2026-06-24,5 12 13 19 | 11 12 18 19
14019,2026-06-24,1 4 11 18 | 1 10 11 17
14020,2026-06-24,6 11 12 19 | 12 13 14 15
14021,2026-06-25,10 13 14 17 | 1 2 16 19
14022,2026-06-25,2 4 7 12 | 4 5 15 19
14023,2026-06-25,1 3 14 17 | 1 6 7 10
14024,2026-06-25,6 8 15 18 | 3 6 9 18
14025,2026-06-25,1 2 4 13 | 4 6 11 17
14026,2026-06-25,6 13 16 20 | 4 7 9 16
14027,2026-06-25,2 7 16 18 | 11 13 14 16
14028,2026-06-25,1 3 7 10 | 9 10 15 17
14029,2026-06-25,2 9 17 18 | 3 5 6 7
14030,2026-06-25,4 9 17 19 | 4 9 16 18
14031,2026-06-26,1 11 12 20 | 8 12 19 20
14032,2026-06-26,3 7 12 13 | 2 4 13 18
14033,2026-06-26,11 13 16 18 | 2 5 12 17
14034,2026-06-26,6 8 18 20 | 3 5 13 14
14035,2026-06-26,8 10 14 15 | 6 11 14 20
14036,2026-06-26,1 5 18 19 | 1 3 5 19
14037,2026-06-26,2 5 10 12 | 2 4 18 20
14038,2026-06-26,3 10 13 14 | 8 9 18 19
14039,2026-06-26,1 6 9 18 | 3 4 6 19
14040,2026-06-26,10 15 17 20 | 1 12 13 15
14041,2026-06-27,5 9 11 18 | 5 11 14 17
14042,2026-06-27,6 10 11 14 | 4 10 11 16
14043,2026-06-27,12 13 18 20 | 5 10 14 20
14044,2026-06-27,5 7 10 19 | 6 8 13 20
14045,2026-06-27,8 9 13 18 | 1 5 8 12
14046,2026-06-27,4 7 13 18 | 3 10 14 20
14047,2026-06-27,6 12 14 15 | 2 11 13 16
14048,2026-06-27,6 7 12 16 | 1 2 10 14
14049,2026-06-27,5 9 11 12 | 3 8 9 13
14050,2026-06-27,4 11 15 16 | 4 8 11 14
14051,2026-06-28,1 16 18 20 | 4 11 15 17
14052,2026-06-28,1 7 12 16 | 1 5 8 13
14053,2026-06-28,2 12 16 17 | 2 5 14 15
14054,2026-06-28,2 3 12 14 | 2 6 13 17
14055,2026-06-28,6 12 17 19 | 8 16 19 20
14056,2026-06-28,4 5 7 9 | 6 8 9 14
14057,2026-06-28,1 5 7 20 | 2 11 17 18
14058,2026-06-28,5 14 18 19 | 4 7 8 9
14059,2026-06-28,1 3 6 14 | 4 8 15 18
14060,2026-06-28,5 11 15 19 | 3 12 13 17
14061,2026-06-29,5 15 17 19 | 3 7 15 20
14062,2026-06-29,3 4 13 16 | 2 7 12 14
14063,2026-06-29,6 14 17 18 | 1 2 6 13
14064,2026-06-29,7 9 16 17 | 3 12 19 20
14065,2026-06-29,9 11 15 17 | 1 8 14 17
14066,2026-06-29,8 10 11 14 | 4 12 14 20
14067,2026-06-29,2 9 11 16 | 4 5 8 19
14068,2026-06-29,2 4 16 17 | 12 13 16 18
14069,2026-06-29,1 7 10 14 | 2 7 10 18
14070,2026-06-29,4 7 12 16 | 2 6 12 20
14071,2026-06-30,5 10 12 16 | 2 12 18 19
14072,2026-06-30,2 10 15 16 | 7 13 14 15
14073,2026-06-30,2 14 18 20 | 7 11 15 18
14074,2026-06-30,4 7 9 13 | 1 2 4 9
14075,2026-06-30,1 2 10 18 | 5 6 8 20
14076,2026-06-30,1 2 4 7 | 8 16 18 20
14077,2026-06-30,9 11 19 20 | 1 6 9 16
14078,2026-06-30,1 13 14 19 | 5 9 12 20
14079,2026-06-30,4 10 12 19 | 1 7 16 20
14080,2026-06-30,3 10 19 20 | 1 4 9 20
14081,2026-07-01,1 5 11 18 | 1 2 15 18
14082,2026-07-01,7 15 19 20 | 7 13 14 20
14083,2026-07-01,5 6 10 13 | 10 13 16 20
14084,2026-07-01,2 8 13 19 | 2 3 4 13
14085,2026-07-01,3 7 13 14 | 5 10 11 17
14086,2026-07-01,10 14 18 20 | 3 5 10 18
14087,2026-07-01,4 11 16 17 | 10 16 18 19
14088,2026-07-01,9 14 15 19 | 7 8 9 15
14089,2026-07-01,1 3 5 9 | 1 4 8 16
14090,2026-07-01,5 8 18 20 | 10 11 13 15
14091,2026-07-02,11 15 16 20 | 2 6 11 20
14092,2026-07-02,2 5 8 10 | 5 6 7 15
14093,2026-07-02,1 4 8 13 | 1 6 7 16
14094,2026-07-02,12 13 15 18 | 1 3 14 16
14095,2026-07-02,1 13 15 17 | 2 5 7 12
14096,2026-07-02,12 15 16 18 | 5 7 18 19
14097,2026-07-02,8 16 17 18 | 4 8 18 20
14098,2026-07-02,1 2 5 12 | 3 7 10 13
14099,2026-07-02,3 5 15 19 | 2 5 10 20
14100,2026-07-02,1 6 7 11 | 4 10 15 18
14101,2026-07-03,2 14 15 18 | 6 10 11 13
14102,2026-07-03,3 14 15 17 | 10 17 18 20
14103,2026-07-03,2 5 6 8 | 9 14 18 19
14104,2026-07-03,6 11 15 16 | 4 9 11 19
14105,2026-07-03,7 11 16 17 | 5 9 10 17
14106,2026-07-03,1 4 5 16 | 4 13 17 19
14107,2026-07-03,1 9 17 20 | 1 4 11 20
14108,2026-07-03,3 4 10 19 | 5 13 14 20
14109,2026-07-03,1 3 10 15 | 2 6 9 10
14110,2026-07-03,1 2 10 16 | 7 9 15 16
14111,2026-07-04,5 7 13 15 | 6 8 18 20
14112,2026-07-04,5 9 11 12 | 4 5 7 14
14113,2026-07-04,2 6 17 18 | 7 13 14 19
14114,2026-07-04,4 6 11 17 | 11 16 17 19
14115,2026-07-04,4 8 9 18 | 6 7 18 20
14116,2026-07-04,1 8 9 12 | 3 9 14 18
14117,2026-07-04,3 8 15 20 | 1 6 9 19
14118,2026-07-04,2 3 7 18 | 2 6 15 19
14119,2026-07-04,12 13 16 17 | 3 8 12 18
14120,2026-07-04,1 10 11 20 | 8 16 17 20
14121,2026-07-05,3 6 9 13 | 1 3 9 19
14122,2026-07-05,3 9 18 19 | 6 9 14 19
14123,2026-07-05,4 6 17 19 | 5 7 8 14
14124,2026-07-05,2 6 9 16 | 5 8 9 20
14125,2026-07-05,2 3 8 17 | 9 10 14 19
14126,2026-07-05,1 7 10 17 | 5 6 12 19
14127,2026-07-05,7 10 15 20 | 7 13 17 19
14128,2026-07-05,4 8 10 20 | 6 9 18 19
14129,2026-07-05,2 14 19 20 | 9 15 16 17
14130,2026-07-05,1 3 5 13 | 5 8 9 12
14131,2026-07-06,7 8 16 19 | 3 7 16 17
14132,2026-07-06,7 8 10 14 | 4 15 16 20
14133,2026-07-06,2 8 12 14 | 3 11 19 20
14134,2026-07-06,5 8 14 19 | 2 3 10 12
14135,2026-07-06,3 4 9 20 | 1 7 14 18
14136,2026-07-06,2 3 14 18 | 5 12 13 16
14137,2026-07-06,2 3 16 18 | 4 5 7 13
14138,2026-07-06,5 7 9 14 | 2 10 15 16
14139,2026-07-06,1 2 4 8 | 1 5 16 17
14140,2026-07-06,4 11 16 17 | 1 4 9 15
14141,2026-07-07,7 8 11 15 | 6 10 11 18
14142,2026-07-07,9 10 16 19 | 9 11 13 15
14143,2026-07-07,3 6 7 11 | 6 12 15 18
14144,2026-07-07,4 9 13 18 | 4 10 12 18
14145,2026-07-07,4 16 19 20 | 3 5 11 13
14146,2026-07-07,1 5 7 17 | 4 6 7 13
14147,2026-07-07,4 13 17 20 | 4 10 12 16
14148,2026-07-07,9 11 15 20 | 2 9 14 17
14149,2026-07-07,4 13 15 17 | 2 7 14 17
14150,2026-07-07,1 7 14 17 | 5 10 16 20
14151,2026-07-08,3 8 13 20 | 3 14 19 20
14152,2026-07-08,9 11 12 14 | 3 11 17 19
14153,2026-07-08,5 10 14 17 | 5 6 7 14
14154,2026-07-08,2 3 8 10 | 4 7 13 17
14155,2026-07-08,4 12 15 16 | 4 5 7 10
14156,2026-07-08,5 11 12 14 | 6 8 16 18
14157,2026-07-08,4 8 13 18 | 1 4 5 10
14158,2026-07-08,2 5 7 14 | 1 2 4 20
14159,2026-07-08,8 13 14 15 | 4 9 13 15
14160,2026-07-08,2 3 7 9 | 3 6 15 18
14161,2026-07-09,4 6 17 19 | 6 8 10 13
14162,2026-07-09,5 8 9 10 | 4 6 10 18
14163,2026-07-09,3 4 15 18 | 4 10 16 17
14164,2026-07-09,1 10 17 18 | 7 10 14 16
14165,2026-07-09,4 5 10 13 | 3 6 9 11
14166,2026-07-09,1 6 10 11 | 5 10 14 15
14167,2026-07-09,1 3 8 17 | 1 3 14 17
14168,2026-07-09,5 10 11 13 | 4 8 11 19
14169,2026-07-09,4 7 16 17 | 7 8 11 16
14170,2026-07-09,3 8 16 18 | 14 15 16 20
14171,2026-07-10,6 8 13 16 | 7 8 12 14
14172,2026-07-10,4 7 11 14 | 11 15 16 18
14173,2026-07-10,2 3 4 19 | 9 11 12 17
14174,2026-07-10,1 8 12 16 | 5 8 13 16
14175,2026-07-10,5 8 16 18 | 1 5 11 16
14176,2026-07-10,7 18 19 20 | 3 6 10 16
14177,2026-07-10,1 2 10 16 | 5 8 14 19
14178,2026-07-10,1 5 8 9 | 7 9 10 20
14179,2026-07-10,4 10 16 20 | 2 6 9 12
14180,2026-07-10,1 2 4 16 | 7 9 11 12
14181,2026-07-11,6 10 12 14 | 5 7 9 15
14182,2026-07-11,7 9 11 13 | 4 5 14 17
14183,2026-07-11,1 2 7 17 | 1 9 14 16
14184,2026-07-11,5 9 12 14 | 5 6 15 20
14185,2026-07-11,6 7 11 16 | 1 7 16 19
14186,2026-07-11,4 8 9 14 | 2 8 9 13
14187,2026-07-11,6 8 17 18 | 2 4 9 20
14188,2026-07-11,4 5 6 20 | 7 12 13 19
14189,2026-07-11,2 4 6 12 | 1 2 3 9
14190,2026-07-11,3 9 10 20 | 1 5 9 14
14191,2026-07-12,9 13 14 20 | 1 2 4 16
14192,2026-07-12,6 7 16 19 | 1 5 11 17
14193,2026-07-12,3 4 11 20 | 9 10 16 20
14194,2026-07-12,8 12 17 18 | 1 5 8 10
14195,2026-07-12,1 4 10 17 | 6 8 10 11
14196,2026-07-12,4 5 9 14 | 9 12 18 19
14197,2026-07-12,12 13 18 20 | 4 7 13 14
14198,2026-07-12,4 9 12 19 | 6 7 13 15
14199,2026-07-12,4 10 18 20 | 4 7 8 14
14200,2026-07-12,1 3 7 20 | 5 6 13 14
14201,2026-07-13,5 10 12 20 | 2 14 17 20
14202,2026-07-13,6 15 16 17 | 6 10 15 19
14203,2026-07-13,2 15 16 17 | 7 9 11 13
14204,2026-07-13,6 9 14 17 | 1 8 10 20
14205,2026-07-13,2 5 15 17 | 1 7 11 14
14206,2026-07-13,2 6 9 18 | 5 13 16 18
14207,2026-07-13,2 5 8 13 | 2 7 15 18
14208,2026-07-13,3 7 8 11 | 5 6 12 14
14209,2026-07-13,2 3 6 19 | 10 13 14 20
14210,2026-07-13,8 15 18 19 | 7 14 15 18
14211,2026-07-14,2 10 11 19 | 4 9 10 12
14212,2026-07-14,1 8 12 18 | 4 5 13 17
14213,2026-07-14,7 13 14 17 | 1 10 16 17
14214,2026-07-14,4 5 11 12 | 4 8 16 17
14215,2026-07-14,2 9 13 16 | 3 4 8 16
14216,2026-07-14,13 16 19 20 | 1 4 5 17
14217,2026-07-14,1 9 18 20 | 3 12 14 20
14218,2026-07-14,1 3 12 20 | 3 6 12 19
14219,2026-07-14,2 7 14 20 | 7 10 14 15
14220,2026-07-14,1 7 9 12 | 5 9 11 16
14221,2026-07-15,5 9 12 16 | 12 13 14 18
14222,2026-07-15,1 5 8 20 | 4 10 15 20
14223,2026-07-15,4 8 16 17 | 1 13 15 16
14224,2026-07-15,8 11 14 16 | 7 17 19 20
14225,2026-07-15,6 15 17 20 | 6 8 14 19
14226,2026-07-15,1 6 15 17 | 1 13 16 17
14227,2026-07-15,1 2 4 9 | 5 11 12 20
14228,2026-07-15,8 11 18 20 | 1 6 10 16
14229,2026-07-15,2 11 16 19 | 1 16 17 19
14230,2026-07-15,2 4 5 6 | 6 12 15 19
14231,2026-07-16,3 7 14 16 | 1 3 9 17
14232,2026-07-16,3 4 7 19 | 1 2 5 8
14233,2026-07-16,1 8 12 13 | 2 10 12 13
14234,2026-07-16,5 13 16 17 | 5 9 10 15
14235,2026-07-16,5 6 11 17 | 1 10 13 20
14236,2026-07-16,6 8 11 20 | 11 14 17 20
14237,2026-07-16,11 12 14 15 | 3 8 12 17
14238,2026-07-16,1 8 13 20 | 3 12 15 18
14239,2026-07-16,2 6 13 14 | 3 16 18 19
14240,2026-07-16,6 7 8 9 | 9 10 12 15
14241,2026-07-17,3 10 14 18 | 5 8 14 17
14242,2026-07-17,13 16 17 18 | 1 7 10 13
14243,2026-07-17,5 10 17 20 | 1 2 7 8
14244,2026-07-17,13 14 15 20 | 1 9 13 15
14245,2026-07-17,3 17 19 20 | 10 11 12 17
14246,2026-07-17,4 6 8 17 | 6 14 16 17
14247,2026-07-17,1 7 9 11 | 1 6 11 16
14248,2026-07-17,7 11 12 18 | 2 9 14 16
14249,2026-07-17,5 6 11 14 | 2 15 17 20
14250,2026-07-17,5 9 17 18 | 6 9 10 16
14251,2026-07-17,12 13 15 18 | 6 9 12 19
14252,2026-07-17,2 11 14 18 | 1 6 16 19
14253,2026-07-18,2 3 11 19 | 4 9 11 12
14254,2026-07-18,12 14 17 18 | 3 8 12 20
14255,2026-07-18,10 12 13 16 | 5 9 13 20
14256,2026-07-18,4 6 9 15 | 11 13 18 20
14257,2026-07-18,1 4 10 18 | 6 12 13 20
14258,2026-07-18,1 13 14 18 | 2 9 10 17
14259,2026-07-18,1 3 11 13 | 1 5 13 14
14260,2026-07-18,6 8 11 17 | 1 7 13 16
14261,2026-07-18,9 10 13 18 | 1 5 9 13
14262,2026-07-18,1 7 10 15 | 5 7 11 12
14263,2026-07-18,5 14 16 18 | 2 8 9 14
14264,2026-07-18,8 9 10 17 | 8 9 12 13
14265,2026-07-19,3 11 14 18 | 7 13 16 17
14266,2026-07-19,6 7 10 12 | 2 10 12 13
14267,2026-07-19,1 9 15 18 | 8 11 12 13
14268,2026-07-19,11 13 14 18 | 1 5 6 9
14269,2026-07-19,1 6 10 13 | 5 7 16 19
14270,2026-07-19,5 6 17 19 | 3 4 8 19
14271,2026-07-19,1 9 13 20 | 5 7 10 18
14272,2026-07-19,1 15 18 19 | 1 2 16 19
14273,2026-07-19,1 2 4 18 | 13 14 16 17
14274,2026-07-19,7 13 17 19 | 2 12 14 20
14275,2026-07-19,3 5 12 16 | 3 4 8 20
14276,2026-07-19,6 9 11 17 | 3 6 10 12
14277,2026-07-20,1 9 17 18 | 4 9 11 17
14278,2026-07-20,3 4 6 15 | 7 8 16 20
14279,2026-07-20,3 4 6 19 | 2 8 11 17
14280,2026-07-20,1 8 9 16 | 1 7 9 10
14281,2026-07-20,4 16 18 20 | 8 14 16 20
14282,2026-07-20,4 14 18 20 | 1 7 14 15
14283,2026-07-20,4 7 11 20 | 2 9 17 19
14284,2026-07-20,2 3 10 18 | 3 13 14 20
14285,2026-07-20,5 10 11 20 | 7 8 10 20
14286,2026-07-20,1 3 8 19 | 12 14 17 19
14287,2026-07-20,6 7 19 20 | 1 7 11 18
14288,2026-07-20,1 7 9 20 | 7 8 15 20
14289,2026-07-21,4 7 17 19 | 5 14 15 18
14290,2026-07-21,12 18 19 20 | 2 7 10 16
14291,2026-07-21,1 3 7 19 | 1 2 11 12
14292,2026-07-21,4 12 18 19 | 5 10 19 20
14293,2026-07-21,3 5 8 19 | 7 8 9 13
14294,2026-07-21,1 11 17 20 | 1 3 8 9
14295,2026-07-21,13 16 18 19 | 1 2 7 9
14296,2026-07-21,3 8 17 18 | 3 12 13 18
14297,2026-07-21,4 12 19 20 | 3 4 5 6
14298,2026-07-21,13 17 18 19 | 3 8 9 17
14299,2026-07-21,1 2 13 18 | 1 11 14 15
14300,2026-07-21,6 9 11 19 | 1 2 7 11
14301,2026-07-22,6 9 12 19 | 5 6 8 11
14302,2026-07-22,4 6 8 13 | 5 13 17 20
14303,2026-07-22,2 5 13 18 | 2 8 11 16
14304,2026-07-22,1 11 18 20 | 11 13 18 20
14305,2026-07-22,3 10 16 19 | 1 2 10 11
14306,2026-07-22,7 10 13 16 | 6 7 11 18
14307,2026-07-22,3 5 7 18 | 2 3 6 18
14308,2026-07-22,5 13 14 16 | 1 8 13 14
14309,2026-07-22,4 5 6 20 | 2 14 17 18
14310,2026-07-22,2 5 15 20 | 2 6 8 11
14311,2026-07-22,3 5 12 19 | 3 9 15 18
14312,2026-07-22,3 4 12 20 | 1 10 11 14
14313,2026-07-23,3 4 10 16 | 8 10 15 18
14314,2026-07-23,3 13 18 20 | 1 11 14 19
14315,2026-07-23,7 8 18 19 | 5 10 12 17
14316,2026-07-23,10 13 14 18 | 8 11 13 17
14317,2026-07-23,2 5 11 14 | 9 11 12 17
14318,2026-07-23,1 2 5 20 | 3 7 12 14
14319,2026-07-23,6 7 11 14 | 3 6 9 18
14320,2026-07-23,2 6 9 10 | 2 11 12 19
14321,2026-07-23,3 5 11 18 | 6 10 17 18
14322,2026-07-23,2 5 19 20 | 5 11 13 18
14323,2026-07-23,2 3 6 11 | 5 12 13 15
14324,2026-07-23,3 4 15 20 | 9 12 17 19
14325,2026-07-24,2 6 15 16 | 7 13 14 19
14326,2026-07-24,3 9 16 20 | 6 11 13 19
14327,2026-07-24,1 7 10 13 | 9 10 11 19
14328,2026-07-24,5 12 16 17 | 1 13 15 17
14329,2026-07-24,2 6 8 11 | 5 8 16 17
14330,2026-07-24,5 10 11 15 | 3 4 11 12
14331,2026-07-24,10 11 13 16 | 2 4 6 17
14332,2026-07-24,5 11 18 19 | 2 5 7 19
14333,2026-07-24,6 7 17 19 | 5 6 14 19
14334,2026-07-24,4 9 12 15 | 3 6 16 18
14335,2026-07-24,1 4 7 20 | 3 5 9 16
14336,2026-07-24,7 13 16 17 | 2 7 14 15
14337,2026-07-25,4 5 6 8 | 5 6 12 17
14338,2026-07-25,2 15 17 19 | 4 8 9 19
14339,2026-07-25,3 4 7 8 | 1 10 14 20
14340,2026-07-25,8 10 13 15 | 5 6 10 13
14341,2026-07-25,3 6 8 20 | 2 3 4 5
14342,2026-07-25,4 7 9 11 | 4 7 14 15
14343,2026-07-25,1 4 15 19 | 1 2 13 15
14344,2026-07-25,9 18 19 20 | 2 9 14 17
14345,2026-07-25,5 7 12 15 | 9 14 16 18
14346,2026-07-25,1 2 6 19 | 1 2 12 14
14347,2026-07-25,5 7 14 16 | 7 11 16 20
14348,2026-07-25,3 9 11 12 | 2 4 6 7
14349,2026-07-26,3 4 8 9 | 4 7 10 16
14350,2026-07-26,4 8 9 15 | 2 5 15 19
14351,2026-07-26,7 10 13 17 | 3 5 12 13
14352,2026-07-26,2 3 9 15 | 2 11 17 20
14353,2026-07-26,2 3 6 13 | 6 11 13 20
14354,2026-07-26,4 12 15 19 | 1 13 17 20
14355,2026-07-26,2 7 10 20 | 7 8 17 20
14356,2026-07-26,2 9 16 19 | 2 5 12 19
14357,2026-07-26,2 3 5 15 | 4 6 8 19
14358,2026-07-26,5 7 11 12 | 7 10 12 15
14359,2026-07-26,1 2 6 16 | 4 9 14 16
14360,2026-07-26,4 8 9 19 | 12 14 18 19
14361,2026-07-27,9 11 19 20 | 3 4 8 10
14362,2026-07-27,9 12 14 16 | 3 5 13 17
14363,2026-07-27,2 11 12 14 | 8 9 10 18
14364,2026-07-27,1 9 14 17 | 10 13 15 19
14365,2026-07-27,7 12 16 19 | 4 5 7 17
14366,2026-07-27,6 9 11 17 | 6 13 19 20
14367,2026-07-27,9 10 14 17 | 9 13 14 18
14368,2026-07-27,1 2 7 19 | 2 10 12 18
14369,2026-07-27,1 6 9 14 | 1 3 7 20
14370,2026-07-27,11 13 17 18 | 3 4 9 13
14371,2026-07-27,2 5 7 14 | 2 4 7 19
14372,2026-07-27,5 12 14 19 | 3 4 14 19
14373,2026-07-28,5 11 12 13 | 1 6 12 17
14374,2026-07-28,3 7 9 13 | 1 3 5 19
14375,2026-07-28,3 5 12 14 | 1 7 15 17
14376,2026-07-28,1 2 13 17 | 4 10 14 19
14377,2026-07-28,3 8 10 12 | 3 6 18 19
14378,2026-07-28,6 9 12 19 | 1 12 16 18
14379,2026-07-28,3 5 10 13 | 5 9 16 20
14380,2026-07-28,1 6 17 18 | 1 2 3 9
14381,2026-07-28,6 7 11 12 | 6 12 18 19
14382,2026-07-28,3 8 17 19 | 7 10 11 17
14383,2026-07-28,4 6 7 19 | 2 7 15 17
14384,2026-07-28,5 15 18 20 | 1 5 8 11
14385,2026-07-29,4 8 10 16 | 1 2 6 11
14386,2026-07-29,1 4 5 17 | 1 4 10 13
14387,2026-07-29,12 14 16 20 | 10 11 12 15
14388,2026-07-29,4 12 17 20 | 10 11 13 18
14389,2026-07-29,6 14 16 20 | 1 8 17 18
14390,2026-07-29,3 4 9 14 | 1 13 17 18
14391,2026-07-29,12 16 18 20 | 3 6 7 11
14392,2026-07-29,2 4 7 12 | 3 4 17 18
14393,2026-07-29,2 7 17 20 | 8 9 11 17
14394,2026-07-29,1 5 7 9 | 7 9 10 18
14395,2026-07-29,2 3 12 16 | 6 13 15 19
14396,2026-07-29,1 2 10 16 | 7 8 12 14
14397,2026-07-30,9 11 15 18 | 1 4 5 10
14398,2026-07-30,2 15 16 19 | 2 6 7 10
14399,2026-07-30,1 10 13 14 | 1 8 13 17
14400,2026-07-30,6 13 14 15 | 2 3 11 14
14401,2026-07-30,9 13 14 18 | 7 9 12 18
14402,2026-07-30,3 5 11 13 | 4 9 12 13
14403,2026-07-30,2 5 8 15 | 2 9 13 18
14404,2026-07-30,11 12 19 20 | 7 10 19 20
14405,2026-07-30,11 12 16 19 | 3 7 10 17
14406,2026-07-30,4 5 12 15 | 1 2 6 10
14407,2026-07-30,8 12 13 20 | 5 11 16 20
14408,2026-07-30,4 5 6 15 | 1 4 7 19
14409,2026-07-31,2 3 13 19 | 6 7 9 14
14410,2026-07-31,3 9 10 15 | 1 5 8 13
14411,2026-07-31,3 13 16 18 | 4 14 18 19
14412,2026-07-31,1 7 13 15 | 4 9 12 19
14413,2026-07-31,5 10 12 19 | 1 4 11 14
14414,2026-07-31,1 15 17 18 | 4 6 13 19
14415,2026-07-31,4 12 16 20 | 9 16 17 18
14416,2026-07-31,7 8 15 16 | 1 2 14 15
14417,2026-07-31,6 7 12 20 | 2 13 17 20
14418,2026-07-31,1 3 4 11 | 4 8 10 15
14419,2026-07-31,4 8 11 17 | 6 10 12 13
14420,2026-07-31,6 10 12 20 | 4 8 16 17
14421,2026-08-01,1 10 11 12 | 7 11 14 20
14422,2026-08-01,2 10 12 14 | 7 8 16 19
14423,2026-08-01,3 9 10 11 | 6 7 9 16
14424,2026-08-01,1 3 11 12 | 2 7 9 12
14425,2026-08-01,4 5 10 19 | 1 3 10 20
14426,2026-08-01,4 14 15 20 | 2 10 11 16
14427,2026-08-01,8 14 17 19 | 2 13 14 16
14428,2026-08-01,14 15 18 20 | 1 5 8 13
14429,2026-08-01,2 6 9 20 | 2 5 9 20
14430,2026-08-01,3 10 17 18 | 8 10 13 15
14431,2026-08-01,3 14 15 17 | 1 2 3 5
14432,2026-08-01,2 9 16 20 | 4 6 8 10
14433,2026-08-02,6 16 18 20 | 1 4 7 15
14434,2026-08-02,3 12 13 18 | 2 4 15 16
14435,2026-08-02,1 7 13 15 | 3 5 8 18
14436,2026-08-02,3 5 8 18 | 4 9 19 20
14437,2026-08-02,2 8 9 19 | 1 4 10 17
14438,2026-08-02,3 8 11 20 | 1 5 7 8
14439,2026-08-02,3 10 13 18 | 9 12 17 19
14440,2026-08-02,7 13 14 20 | 1 9 14 18
14441,2026-08-02,2 7 8 9 | 3 9 16 18
14442,2026-08-02,3 6 13 19 | 5 7 15 20
14443,2026-08-02,6 10 19 20 | 4 7 13 18
14444,2026-08-02,13 14 17 20 | 7 8 10 20
14445,2026-08-03,2 7 17 19 | 3 10 19 20
14446,2026-08-03,8 10 13 17 | 9 10 11 19
14447,2026-08-03,4 5 8 19 | 2 5 7 11
14448,2026-08-03,3 6 9 16 | 1 7 12 19
14449,2026-08-03,7 12 15 19 | 8 9 11 20
14450,2026-08-03,3 4 15 17 | 6 12 14 15
14451,2026-08-03,1 12 13 18 | 3 8 11 19
14452,2026-08-03,3 4 11 17 | 9 11 13 17
14453,2026-08-03,1 8 13 15 | 2 6 8 14
14454,2026-08-03,5 14 18 19 | 7 11 15 20
14455,2026-08-03,7 11 13 20 | 2 6 14 19
14456,2026-08-03,2 3 6 10 | 2 4 7 13
14457,2026-08-04,1 2 12 14 | 7 12 17 19
14458,2026-08-04,2 6 17 18 | 1 9 18 19
14459,2026-08-04,2 3 10 19 | 1 8 12 20
14460,2026-08-04,6 9 14 15 | 2 8 10 12
14461,2026-08-04,1 6 15 20 | 4 8 18 19
14462,2026-08-04,5 6 7 20 | 8 9 11 15
14463,2026-08-04,5 9 18 20 | 3 8 11 20
14464,2026-08-04,5 6 9 16 | 1 4 15 17
14465,2026-08-04,2 9 10 15 | 1 7 16 17
14466,2026-08-04,6 8 11 15 | 4 5 10 19
14467,2026-08-04,5 6 10 20 | 5 6 10 14
14468,2026-08-04,3 6 17 19 | 5 10 15 18
14469,2026-08-05,1 7 12 20 | 4 7 11 19
14470,2026-08-05,6 8 9 12 | 6 15 18 20
14471,2026-08-05,2 9 15 20 | 5 7 17 19
14472,2026-08-05,5 15 19 20 | 1 9 10 20
14473,2026-08-05,4 5 6 13 | 14 18 19 20
14474,2026-08-05,3 6 8 17 | 1 8 9 11
14475,2026-08-05,1 3 8 20 | 5 10 11 12
14476,2026-08-05,1 8 9 16 | 2 4 15 20
14477,2026-08-05,1 2 3 20 | 9 10 13 19
14478,2026-08-05,6 7 10 13 | 5 7 11 17
14479,2026-08-05,11 12 14 19 | 11 12 15 20
14480,2026-08-05,2 11 14 17 | 10 11 13 16
14481,2026-08-06,1 5 15 18 | 12 15 17 19
14482,2026-08-06,2 8 16 18 | 4 7 16 17
14483,2026-08-06,8 10 13 17 | 7 12 18 20
14484,2026-08-06,2 5 11 20 | 8 15 18 20
14485,2026-08-06,7 8 12 14 | 1 12 15 16
14486,2026-08-06,3 7 9 16 | 1 11 16 19
14487,2026-08-06,1 5 9 10 | 2 7 9 10
14488,2026-08-06,5 6 16 18 | 6 12 14 16
14489,2026-08-06,4 5 11 17 | 7 9 13 20
14490,2026-08-06,1 11 13 18 | 9 10 19 20
14491,2026-08-06,1 6 7 13 | 6 12 17 19
14492,2026-08-06,2 7 8 9 | 2 8 13 18
14493,2026-08-07,3 5 8 20 | 6 10 15 19
14494,2026-08-07,1 4 14 20 | 6 10 17 18
14495,2026-08-07,7 8 13 17 | 5 9 11 12
14496,2026-08-07,7 13 15 16 | 1 2 11 20
14497,2026-08-07,4 11 14 19 | 4 5 12 20
14498,2026-08-07,3 17 19 20 | 3 4 10 11
14499,2026-08-07,2 11 14 16 | 1 7 13 15
14500,2026-08-07,10 11 18 20 | 8 11 12 16
14501,2026-08-07,2 3 5 6 | 2 6 19 20
14502,2026-08-07,3 11 14 15 | 8 9 11 17
14503,2026-08-07,1 8 9 15 | 3 9 14 17
14504,2026-08-07,1 3 12 19 | 2 8 16 18
14505,2026-08-08,3 5 6 14 | 6 8 9 20
14506,2026-08-08,5 14 17 19 | 3 10 18 20
14507,2026-08-08,8 11 16 20 | 3 11 12 19
14508,2026-08-08,3 9 16 20 | 14 16 18 19
14509,2026-08-08,3 4 18 19 | 1 7 16 20
14510,2026-08-08,2 5 13 19 | 1 10 11 15
14511,2026-08-08,2 8 9 12 | 1 9 17 18
14512,2026-08-08,7 10 11 13 | 3 12 15 20
14513,2026-08-08,2 11 15 19 | 3 6 12 16
14514,2026-08-08,12 15 16 20 | 4 8 9 17
14515,2026-08-08,6 8 17 18 | 2 4 9 17
14516,2026-08-08,1 3 7 11 | 2 4 8 13
14517,2026-08-09,1 2 12 14 | 4 10 11 20
14518,2026-08-09,2 11 16 19 | 1 8 9 17
14519,2026-08-09,5 12 13 14 | 1 3 10 17
14520,2026-08-09,6 11 13 16 | 15 17 18 20
14521,2026-08-09,1 6 8 12 | 1 5 7 12
14522,2026-08-09,7 11 15 19 | 2 5 8 19
14523,2026-08-09,5 9 10 18 | 6 7 9 20
14524,2026-08-09,14 16 18 20 | 6 13 17 19
14525,2026-08-09,6 11 15 20 | 2 3 13 16
14526,2026-08-09,1 5 6 16 | 10 11 18 19
14527,2026-08-09,4 6 12 17 | 7 8 9 12
14528,2026-08-09,1 5 9 15 | 1 3 11 17
14529,2026-08-10,8 14 15 16 | 6 10 12 20
14530,2026-08-10,11 14 16 19 | 5 7 15 18
14531,2026-08-10,2 10 12 20 | 2 6 16 20
14532,2026-08-10,1 3 6 13 | 1 8 11 19
14533,2026-08-10,8 10 11 16 | 3 6 8 15
14534,2026-08-10,3 6 8 19 | 3 11 15 16
14535,2026-08-10,2 15 16 18 | 6 7 13 17
14536,2026-08-10,4 8 11 12 | 3 6 12 13
14537,2026-08-10,10 11 18 19 | 1 3 4 19
14538,2026-08-10,2 6 7 12 | 2 12 17 19
14539,2026-08-10,3 4 14 20 | 2 5 8 9
14540,2026-08-10,8 9 16 20 | 3 18 19 20
14541,2026-08-11,1 4 5 19 | 12 16 18 19
14542,2026-08-11,1 3 15 17 | 10 11 13 16
14543,2026-08-11,8 11 12 15 | 5 8 9 18
14544,2026-08-11,9 10 11 20 | 4 9 14 17
14545,2026-08-11,1 4 11 15 | 7 15 17 19
14546,2026-08-11,4 5 16 19 | 2 13 18 20
14547,2026-08-11,1 8 9 11 | 10 12 15 16
14548,2026-08-11,3 12 16 19 | 2 12 14 19
14549,2026-08-11,1 5 14 17 | 3 15 16 19
14550,2026-08-11,15 16 18 19 | 4 8 9 13
14551,2026-08-11,1 13 14 15 | 4 10 13 19
14552,2026-08-11,7 11 16 18 | 4 6 9 12
14553,2026-08-12,1 2 9 10 | 1 5 12 18
14554,2026-08-12,5 7 11 14 | 7 11 15 17
14555,2026-08-12,4 13 14 20 | 1 3 9 17
14556,2026-08-12,3 7 15 19 | 5 12 14 18
14557,2026-08-12,8 10 15 17 | 5 10 14 16
14558,2026-08-12,1 10 13 20 | 7 8 10 16
14559,2026-08-12,7 11 19 20 | 3 6 13 16
14560,2026-08-12,3 12 15 19 | 4 15 18 19
14561,2026-08-12,1 6 13 15 | 8 11 15 17
14562,2026-08-12,1 5 14 18 | 3 4 12 16
14563,2026-08-12,1 3 8 12 | 1 10 17 18
14564,2026-08-12,1 2 5 12 | 4 9 10 14
14565,2026-08-13,11 12 14 19 | 6 10 11 20
14566,2026-08-13,7 12 13 20 | 2 4 6 8
14567,2026-08-13,3 10 13 14 | 11 12 14 16
14568,2026-08-13,2 5 11 20 | 10 12 15 20
14569,2026-08-13,8 9 10 12 | 1 2 13 19
14570,2026-08-13,9 10 15 20 | 12 15 17 18
14571,2026-08-13,2 7 19 20 | 1 5 7 19
14572,2026-08-13,3 9 12 17 | 2 15 17 20
14573,2026-08-13,2 11 17 20 | 7 10 15 18
14574,2026-08-13,8 11 16 17 | 2 7 16 17
14575,2026-08-13,11 16 19 20 | 2 3 5 8
14576,2026-08-13,5 7 16 20 | 1 4 9 16
14577,2026-08-14,1 3 4 20 | 4 7 13 20
14578,2026-08-14,1 3 9 16 | 5 7 9 11
14579,2026-08-14,7 8 14 18 | 3 7 11 19
14580,2026-08-14,7 14 16 20 | 2 7 9 13
14581,2026-08-14,2 4 7 11 | 3 10 16 19
14582,2026-08-14,3 10 11 19 | 1 7 15 16
14583,2026-08-14,1 4 11 17 | 2 17 19 20
14584,2026-08-14,6 14 15 20 | 6 12 14 17
14585,2026-08-14,5 11 14 17 | 2 4 9 13
14586,2026-08-14,2 16 17 18 | 7 12 15 17
14587,2026-08-14,3 6 10 19 | 3 14 16 19
14588,2026-08-14,1 2 9 20 | 4 7 12 15
14589,2026-08-15,5 8 12 16 | 10 13 16 20
14590,2026-08-15,1 3 18 20 | 4 9 19 20
14591,2026-08-15,6 8 17 20 | 6 14 16 18
14592,2026-08-15,1 7 12 19 | 3 5 12 15
14593,2026-08-15,9 10 16 19 | 12 13 14 15
14594,2026-08-15,1 9 10 13 | 3 7 12 19
14595,2026-08-15,2 3 9 19 | 7 8 13 15
14596,2026-08-15,11 15 16 17 | 1 5 12 17
14597,2026-08-15,4 6 18 20 | 2 5 8 13
14598,2026-08-15,2 6 11 19 | 3 4 11 15
14599,2026-08-15,8 10 11 15 | 1 5 7 14
14600,2026-08-15,1 7 10 11 | 2 10 17 19
14601,2026-08-16,2 8 11 13 | 1 14 17 20
14602,2026-08-16,2 7 8 15 | 1 5 15 20
14603,2026-08-16,4 11 13 14 | 7 10 15 20
14604,2026-08-16,6 15 18 20 | 5 10 15 16
14605,2026-08-16,5 6 13 19 | 1 5 18 20
14606,2026-08-16,4 14 17 20 | 11 16 18 20
14607,2026-08-16,3 6 9 17 | 6 10 13 17
14608,2026-08-16,2 7 17 20 | 5 14 15 19
14609,2026-08-16,1 4 10 16 | 2 5 11 15
14610,2026-08-16,3 7 19 20 | 4 11 12 20
14611,2026-08-16,2 9 10 14 | 3 4 15 19
14612,2026-08-16,6 8 12 17 | 9 12 15 20
14613,2026-08-17,1 2 10 18 | 4 5 11 19
14614,2026-08-17,2 8 13 20 | 8 9 11 12
14615,2026-08-17,6 9 18 19 | 1 7 12 16
14616,2026-08-17,5 9 12 18 | 9 13 17 19
14617,2026-08-17,1 9 13 17 | 4 5 6 18
14618,2026-08-17,2 11 13 17 | 4 11 17 19
14619,2026-08-17,2 3 10 16 | 1 4 11 20
14620,2026-08-17,3 5 6 10 | 6 7 10 15
14621,2026-08-17,1 11 15 18 | 3 5 11 20
14622,2026-08-17,5 10 12 16 | 3 5 14 18
14623,2026-08-17,8 10 17 20 | 1 2 3 12
14624,2026-08-17,5 13 14 15 | 5 6 17 19
14625,2026-08-18,6 10 15 17 | 2 13 15 18
14626,2026-08-18,2 3 7 18 | 3 7 11 13
14627,2026-08-18,10 13 18 20 | 2 7 10 20
14628,2026-08-18,1 7 12 14 | 6 13 15 19
14629,2026-08-18,3 4 9 13 | 3 6 8 12
14630,2026-08-18,7 16 17 20 | 3 7 12 18
14631,2026-08-18,2 8 12 16 | 3 4 10 11
14632,2026-08-18,7 10 16 20 | 4 5 9 12
14633,2026-08-18,3 7 19 20 | 4 8 13 17
14634,2026-08-18,2 9 14 18 | 1 8 9 20
14635,2026-08-18,2 5 7 15 | 3 14 19 20
14636,2026-08-18,7 9 12 13 | 2 9 12 15
14637,2026-08-19,2 4 6 8 | 10 15 16 19
14638,2026-08-19,2 4 8 20 | 5 9 13 15
14639,2026-08-19,1 7 8 9 | 3 9 12 17
14640,2026-08-19,4 6 8 12 | 5 8 18 20
14641,2026-08-19,1 3 7 12 | 9 12 15 18
14642,2026-08-19,2 3 10 19 | 6 13 17 18
14643,2026-08-19,1 7 9 13 | 9 11 16 20
14644,2026-08-19,5 14 17 20 | 5 6 12 19
14645,2026-08-19,2 9 13 17 | 1 9 15 17
14646,2026-08-19,13 15 16 20 | 3 4 12 19
14647,2026-08-19,2 8 17 19 | 6 11 14 15
14648,2026-08-19,3 9 15 20 | 4 10 13 19
14649,2026-08-20,7 10 13 15 | 1 5 14 16
14650,2026-08-20,4 8 10 14 | 4 9 14 15
14651,2026-08-20,2 4 11 14 | 2 8 14 17
14652,2026-08-20,2 14 16 18 | 5 8 14 19
14653,2026-08-20,7 11 12 17 | 4 5 11 17
14654,2026-08-20,1 4 13 20 | 2 7 12 15
14655,2026-08-20,3 9 11 14 | 3 8 14 17
14656,2026-08-20,4 14 18 20 | 7 9 11 18
14657,2026-08-20,1 7 15 19 | 2 9 10 14
14658,2026-08-20,4 6 17 20 | 2 3 8 19
14659,2026-08-20,9 10 13 16 | 1 3 4 5
14660,2026-08-20,4 5 7 16 | 4 12 14 19
14661,2026-08-20,3 5 12 17 | 11 15 16 20
14662,2026-08-20,6 7 8 17 | 4 14 15 16
14663,2026-08-20,11 14 18 19 | 4 6 14 16
14664,2026-08-20,2 10 11 15 | 1 6 11 18
14665,2026-08-20,6 9 16 20 | 9 10 12 16
14666,2026-08-20,3 6 15 18 | 3 4 16 18
14667,2026-08-20,2 5 8 18 | 3 12 13 19
14668,2026-08-20,9 13 14 15 | 3 6 8 17
14669,2026-08-21,8 12 13 14 | 3 16 17 19
14670,2026-08-21,7 15 18 19 | 5 15 17 20
14671,2026-08-21,7 12 15 17 | 6 8 12 17
14672,2026-08-21,10 12 13 19 | 4 10 15 16
14673,2026-08-21,8 13 15 18 | 2 7 11 19
14674,2026-08-21,2 14 19 20 | 6 9 10 14
14675,2026-08-21,4 7 13 16 | 3 7 15 17
14676,2026-08-21,3 4 6 11 | 3 6 13 17
14677,2026-08-21,3 7 16 17 | 3 5 7 10
14678,2026-08-21,2 5 16 18 | 1 2 3 12
14679,2026-08-21,4 7 12 18 | 1 8 15 19
14680,2026-08-21,10 13 14 15 | 1 3 17 20
14681,2026-08-21,2 11 13 19 | 9 12 18 19
14682,2026-08-21,5 9 10 11 | 1 2 17 20
14683,2026-08-21,7 9 12 18 | 6 8 13 20
14684,2026-08-21,2 6 10 14 | 13 15 16 17
14685,2026-08-21,1 5 10 12 | 1 6 13 16
14686,2026-08-21,2 4 17 18 | 6 7 12 18
14687,2026-08-21,1 3 12 18 | 2 6 9 14
14688,2026-08-21,3 4 14 17 | 1 6 7 10
14689,2026-08-22,5 6 7 17 | 2 4 10 15
14690,2026-08-22,1 4 8 18 | 5 10 13 15
14691,2026-08-22,3 7 9 11 | 3 6 10 12
14692,2026-08-22,3 6 16 18 | 1 16 17 18
14693,2026-08-22,5 6 8 11 | 2 8 9 15
14694,2026-08-22,3 10 13 14 | 6 12 16 19
14695,2026-08-22,6 9 13 15 | 6 8 10 19
14696,2026-08-22,1 16 19 20 | 7 13 15 20
14697,2026-08-22,2 4 12 20 | 5 14 19 20
14698,2026-08-22,7 9 13 14 | 1 2 4 11
14699,2026-08-22,5 6 8 17 | 2 4 11 18
14700,2026-08-22,3 5 6 17 | 7 13 17 20
14701,2026-08-22,1 10 18 19 | 2 4 7 8
14702,2026-08-22,5 7 11 18 | 2 17 19 20
14703,2026-08-22,2 3 9 16 | 1 5 16 20
14704,2026-08-22,3 6 8 10 | 2 5 13 17
14705,2026-08-22,4 6 9 10 | 9 12 16 19
14706,2026-08-22,9 12 13 20 | 3 7 14 18
14707,2026-08-22,4 11 14 20 | 4 5 8 20
14708,2026-08-22,5 6 14 18 | 2 5 16 17
14709,2026-08-23,6 8 13 20 | 3 6 10 13
14710,2026-08-23,2 7 15 18 | 11 14 17 20
14711,2026-08-23,5 10 11 13 | 1 2 4 15
14712,2026-08-23,2 11 12 13 | 3 6 12 20
14713,2026-08-23,3 7 8 18 | 1 14 16 19
14714,2026-08-23,6 10 14 19 | 7 14 18 19
14715,2026-08-23,3 8 11 12 | 2 16 17 18
14716,2026-08-23,1 11 13 14 | 4 9 19 20
14717,2026-08-23,3 10 15 16 | 1 11 18 19
14718,2026-08-23,1 4 7 19 | 4 9 12 17
14719,2026-08-23,5 15 16 20 | 7 11 14 17
14720,2026-08-23,3 5 9 20 | 4 10 16 19
14721,2026-08-23,4 5 6 10 | 8 10 12 17
14722,2026-08-23,3 11 19 20 | 6 10 12 16
14723,2026-08-23,3 13 14 18 | 2 16 18 19
14724,2026-08-23,6 8 12 15 | 10 11 18 19
14725,2026-08-23,1 6 10 13 | 2 4 5 15
14726,2026-08-23,7 8 11 20 | 5 6 9 13
14727,2026-08-23,2 4 13 17 | 5 10 12 19
14728,2026-08-23,2 3 16 18 | 1 10 12 16
14729,2026-08-24,2 10 11 12 | 3 11 12 20
14730,2026-08-24,5 6 7 14 | 3 7 15 16
14731,2026-08-24,2 5 8 15 | 1 2 3 20
14732,2026-08-24,3 7 11 18 | 1 6 8 9
14733,2026-08-24,4 7 18 20 | 7 8 14 17
14734,2026-08-24,9 10 13 19 | 1 11 17 19
14735,2026-08-24,1 3 5 16 | 13 14 16 17
14736,2026-08-24,1 9 17 20 | 7 14 15 16
14737,2026-08-24,5 6 9 20 | 1 2 15 18
14738,2026-08-24,2 5 11 20 | 3 9 10 20
14739,2026-08-24,5 13 17 19 | 7 10 15 19
14740,2026-08-24,3 8 13 18 | 6 11 12 20
14741,2026-08-24,11 13 15 16 | 4 6 17 19
14742,2026-08-24,2 12 16 19 | 6 10 15 18
14743,2026-08-24,5 10 11 17 | 1 7 10 18
14744,2026-08-24,2 4 5 11 | 3 6 11 12
14745,2026-08-24,3 4 9 11 | 3 6 7 8
14746,2026-08-24,3 7 18 19 | 1 5 10 15
14747,2026-08-24,2 3 12 13 | 5 14 18 20
14748,2026-08-24,2 12 14 20 | 8 11 17 19
14749,2026-08-25,3 7 12 20 | 1 2 7 12
14750,2026-08-25,2 4 7 8 | 3 8 13 20
14751,2026-08-25,5 6 8 15 | 2 10 11 14
14752,2026-08-25,8 11 12 19 | 1 5 17 19
14753,2026-08-25,2 15 16 19 | 1 3 4 15
14754,2026-08-25,2 9 11 19 | 1 14 15 18
14755,2026-08-25,3 5 12 13 | 3 10 17 19
14756,2026-08-25,6 7 8 15 | 6 10 15 16
14757,2026-08-25,7 12 13 14 | 4 8 10 15
14758,2026-08-25,1 2 15 19 | 2 6 9 17
14759,2026-08-25,1 7 13 19 | 2 3 11 15
14760,2026-08-25,2 4 16 17 | 1 10 12 16
14761,2026-08-25,8 14 15 20 | 6 7 16 19
14762,2026-08-25,1 8 12 18 | 1 8 18 19
14763,2026-08-25,2 4 16 18 | 5 8 9 12
14764,2026-08-25,7 12 18 20 | 9 10 17 18
14765,2026-08-25,1 3 12 17 | 1 5 12 14
14766,2026-08-25,2 7 8 14 | 1 12 15 17
14767,2026-08-25,5 6 9 14 | 2 12 13 17
14768,2026-08-25,3 5 15 16 | 12 15 16 17
14769,2026-08-26,1 11 13 17 | 6 11 12 18
14770,2026-08-26,2 5 11 19 | 5 7 12 18
14771,2026-08-26,1 15 16 17 | 1 5 13 18
14772,2026-08-26,1 7 11 12 | 5 11 15 20
14773,2026-08-26,1 2 4 6 | 11 14 17 20
14774,2026-08-26,2 7 13 15 | 2 3 4 9
14775,2026-08-26,1 2 9 15 | 4 6 16 20
14776,2026-08-26,5 17 19 20 | 4 7 9 16
14777,2026-08-26,8 13 14 16 | 1 3 4 16
14778,2026-08-26,3 9 10 13 | 6 16 19 20
14779,2026-08-26,3 5 7 11 | 6 13 19 20
14780,2026-08-26,1 4 13 20 | 1 7 11 19
14781,2026-08-26,1 7 16 20 | 2 6 14 20
14782,2026-08-26,5 8 12 20 | 2 3 5 8
14783,2026-08-26,1 2 13 15 | 1 9 19 20
14784,2026-08-26,4 5 6 10 | 4 8 9 20
14785,2026-08-26,2 7 8 12 | 2 8 13 20
14786,2026-08-26,7 9 17 18 | 2 6 9 11
14787,2026-08-26,9 11 14 16 | 5 8 17 19
14788,2026-08-26,1 5 12 15 | 6 9 12 20
14789,2026-08-27,11 12 13 18 | 6 14 15 20
14790,2026-08-27,1 12 13 16 | 2 6 15 20
14791,2026-08-27,7 9 10 20 | 1 7 13 19
14792,2026-08-27,1 6 15 20 | 8 14 16 20
14793,2026-08-27,2 3 9 11 | 3 5 8 18
14794,2026-08-27,6 12 13 16 | 2 14 15 16
14795,2026-08-27,4 10 15 18 | 2 3 9 20
14796,2026-08-27,2 4 10 14 | 12 15 16 18
14797,2026-08-27,9 10 19 20 | 7 10 12 18
14798,2026-08-27,6 8 12 15 | 5 6 9 15
14799,2026-08-27,1 18 19 20 | 8 9 17 19
14800,2026-08-27,7 10 18 19 | 1 3 11 18
14801,2026-08-27,3 4 5 18 | 3 6 12 16
14802,2026-08-27,6 13 18 20 | 7 8 10 11
14803,2026-08-27,1 6 8 14 | 3 13 18 20
14804,2026-08-27,1 6 8 10 | 1 8 14 18
14805,2026-08-27,2 5 10 18 | 2 4 5 9
14806,2026-08-27,1 3 6 8 | 1 9 15 18
14807,2026-08-27,2 9 14 19 | 2 3 15 19
14808,2026-08-27,2 4 14 20 | 9 15 16 17
14809,2026-08-28,1 11 16 18 | 1 5 11 20
14810,2026-08-28,5 17 19 20 | 2 8 9 12
14811,2026-08-28,1 10 11 20 | 1 4 19 20
14812,2026-08-28,1 3 14 20 | 2 12 13 14
14813,2026-08-28,5 7 8 11 | 10 14 15 16
14814,2026-08-28,3 11 19 20 | 15 17 18 19
14815,2026-08-28,2 13 17 19 | 3 10 14 19
14816,2026-08-28,3 4 11 14 | 2 3 5 16
14817,2026-08-28,2 7 12 16 | 6 12 17 18
14818,2026-08-28,7 8 14 16 | 4 12 16 18
14819,2026-08-28,6 14 17 20 | 2 7 9 10
14820,2026-08-28,2 4 6 11 | 3 6 14 16
14821,2026-08-28,3 6 8 9 | 6 7 12 17
14822,2026-08-28,5 8 12 16 | 4 12 14 15
14823,2026-08-28,4 6 9 11 | 4 5 7 18
14824,2026-08-28,10 11 15 17 | 4 11 12 19
14825,2026-08-28,3 5 14 20 | 9 12 15 18
14826,2026-08-28,2 11 14 20 | 3 13 16 17
14827,2026-08-28,4 5 8 19 | 11 13 18 20
14828,2026-08-28,10 11 16 19 | 4 7 13 18
14829,2026-08-29,9 11 13 15 | 3 9 18 20
14830,2026-08-29,2 5 6 11 | 7 8 9 19
14831,2026-08-29,14 17 19 20 | 1 3 13 16
14832,2026-08-29,1 11 14 17 | 5 6 7 20
14833,2026-08-29,1 2 3 8 | 2 7 10 16
14834,2026-08-29,7 16 19 20 | 9 12 13 19
14835,2026-08-29,8 15 17 19 | 6 12 15 16
14836,2026-08-29,6 8 18 19 | 4 10 11 12
14837,2026-08-29,1 5 6 12 | 1 4 11 14
14838,2026-08-29,9 16 19 20 | 6 15 18 19
14839,2026-08-29,9 13 18 19 | 3 11 16 20
14840,2026-08-29,2 7 12 17 | 1 10 15 18
14841,2026-08-29,2 3 8 13 | 5 7 9 14
14842,2026-08-29,3 9 12 17 | 3 8 10 20
14843,2026-08-29,6 9 16 19 | 10 15 16 18
14844,2026-08-29,3 4 15 17 | 4 10 11 20
14845,2026-08-29,4 5 12 19 | 1 4 7 12
14846,2026-08-29,3 7 17 20 | 7 8 9 13
14847,2026-08-29,5 6 7 14 | 10 12 14 18
14848,2026-08-29,2 7 15 16 | 2 3 11 13
14849,2026-08-30,9 16 17 19 | 3 11 12 20
14850,2026-08-30,2 4 10 16 | 2 5 7 15
14851,2026-08-30,1 5 14 17 | 3 12 13 16
14852,2026-08-30,1 4 10 19 | 1 5 7 19
14853,2026-08-30,8 10 18 19 | 5 6 10 15
14854,2026-08-30,7 9 11 14 | 8 10 11 18
14855,2026-08-30,1 12 13 20 | 1 2 6 7
14856,2026-08-30,1 18 19 20 | 4 12 13 19
14857,2026-08-30,1 6 8 13 | 5 10 12 20
14858,2026-08-30,5 10 14 20 | 2 4 5 13
14859,2026-08-30,3 13 14 19 | 4 10 11 17
14860,2026-08-30,4 9 10 16 | 2 7 9 17
14861,2026-08-30,6 7 14 17 | 2 10 14 18
14862,2026-08-30,4 11 14 20 | 2 5 8 10
14863,2026-08-30,2 6 9 14 | 5 6 17 20
14864,2026-08-30,6 12 14 19 | 6 14 17 18
14865,2026-08-30,5 6 17 18 | 1 7 11 19
14866,2026-08-30,2 6 9 15 | 3 9 12 19
14867,2026-08-30,7 8 12 16 | 1 5 7 16
14868,2026-08-30,1 2 14 19 | 2 4 8 12
14869,2026-08-31,2 12 17 19 | 6 14 15 19
14870,2026-08-31,8 9 12 17 | 11 13 14 17
14871,2026-08-31,3 4 8 11 | 1 5 6 15
14872,2026-08-31,2 7 11 20 | 2 11 14 16
14873,2026-08-31,1 2 11 18 | 5 7 12 14
14874,2026-08-31,3 11 19 20 | 3 4 9 18
14875,2026-08-31,2 4 6 15 | 12 15 16 20
14876,2026-08-31,3 5 13 17 | 4 7 12 16
14877,2026-08-31,2 7 8 10 | 7 11 14 20
14878,2026-08-31,6 10 13 16 | 9 11 12 18
14879,2026-08-31,4 10 14 19 | 3 12 17 19
14880,2026-08-31,4 6 9 20 | 8 10 13 19
14881,2026-08-31,2 14 18 20 | 2 6 8 18
14882,2026-08-31,4 7 13 15 | 1 2 5 18
14883,2026-08-31,1 7 14 19 | 4 5 10 17
14884,2026-08-31,2 5 16 17 | 4 5 9 11
14885,2026-08-31,2 8 14 19 | 3 5 9 10
14886,2026-08-31,2 6 9 18 | 1 7 9 18
14887,2026-08-31,4 10 12 17 | 3 12 15 20
14888,2026-08-31,1 2 13 15 | 1 2 8 10
14889,2026-09-01,4 10 11 19 | 4 7 8 13
14890,2026-09-01,2 13 16 18 | 2 3 13 15
14891,2026-09-01,1 11 13 16 | 6 8 14 19
14892,2026-09-01,6 13 15 19 | 1 5 6 7
14893,2026-09-01,2 3 10 18 | 4 7 11 12
14894,2026-09-01,3 7 11 15 | 1 10 12 19
14895,2026-09-01,1 3 8 17 | 3 6 11 14
14896,2026-09-01,6 7 17 19 | 1 6 8 20
14897,2026-09-01,9 11 12 20 | 4 6 8 10
14898,2026-09-01,13 16 17 20 | 5 6 16 20
14899,2026-09-01,7 10 18 20 | 5 8 9 10
14900,2026-09-01,1 4 12 16 | 5 12 14 16
14901,2026-09-01,4 8 11 17 | 12 13 15 16
14902,2026-09-01,4 8 11 19 | 4 5 11 13
14903,2026-09-01,2 11 12 14 | 6 9 10 14
14904,2026-09-01,6 12 15 18 | 7 13 16 17
14905,2026-09-01,9 13 15 16 | 2 3 4 14
14906,2026-09-01,4 10 13 19 | 2 8 9 14
14907,2026-09-01,5 11 12 20 | 2 10 13 15
14908,2026-09-01,1 3 6 13 | 5 6 8 16
14909,2026-09-02,3 6 9 15 | 2 8 13 19
14910,2026-09-02,11 14 16 20 | 5 8 11 19
14911,2026-09-02,12 14 17 18 | 10 11 13 20
14912,2026-09-02,10 11 14 16 | 4 13 16 20
14913,2026-09-02,3 11 15 20 | 3 7 12 17
14914,2026-09-02,9 11 13 15 | 4 5 7 12
14915,2026-09-02,8 13 17 20 | 3 6 8 15
14916,2026-09-02,5 15 16 20 | 8 9 13 19
14917,2026-09-02,6 11 12 14 | 1 7 15 16
14918,2026-09-02,3 7 13 20 | 9 14 18 20
14919,2026-09-02,3 6 10 12 | 1 6 12 18
14920,2026-09-02,4 8 9 19 | 9 14 16 18
14921,2026-09-02,13 15 16 20 | 2 3 12 17
14922,2026-09-02,9 17 19 20 | 8 9 11 14
14923,2026-09-02,2 3 11 14 | 3 6 11 19
14924,2026-09-02,3 5 13 15 | 5 11 12 15
14925,2026-09-02,2 10 15 17 | 1 4 12 17
14926,2026-09-02,1 5 8 17 | 2 3 9 18
14927,2026-09-02,7 10 12 20 | 2 9 10 18
14928,2026-09-02,7 11 13 16 | 5 10 15 17
14929,2026-09-03,2 7 14 15 | 6 12 15 18
14930,2026-09-03,2 10 15 17 | 4 8 13 14
14931,2026-09-03,1 12 17 18 | 5 11 14 15
14932,2026-09-03,2 5 6 13 | 2 9 10 15
14933,2026-09-03,6 7 8 20 | 4 7 8 18
14934,2026-09-03,5 15 16 19 | 7 8 13 19
14935,2026-09-03,1 8 14 19 | 3 11 14 20
14936,2026-09-03,3 5 11 16 | 5 7 12 14
14937,2026-09-03,4 11 18 19 | 12 15 17 19
14938,2026-09-03,6 9 11 19 | 3 10 12 16
14939,2026-09-03,5 7 8 12 | 12 13 14 16
14940,2026-09-03,11 14 19 20 | 3 18 19 20
14941,2026-09-03,5 16 18 19 | 8 13 14 16
14942,2026-09-03,3 6 7 8 | 4 6 7 19
14943,2026-09-03,1 10 13 20 | 3 5 11 14
14944,2026-09-03,1 3 8 20 | 2 8 12 16
14945,2026-09-03,3 5 13 19 | 6 7 10 19
14946,2026-09-03,2 16 17 20 | 4 10 13 14
14947,2026-09-03,1 5 6 7 | 3 4 19 20
14948,2026-09-03,15 17 19 20 | 1 3 10 19
14949,2026-09-04,1 6 8 14 | 5 8 13 18
14950,2026-09-04,5 10 11 12 | 3 6 8 15
14951,2026-09-04,2 6 8 20 | 5 10 15 17
14952,2026-09-04,9 10 13 14 | 9 11 16 17
14953,2026-09-04,2 13 14 20 | 2 5 15 17
14954,2026-09-04,11 14 17 19 | 5 7 10 19
14955,2026-09-04,3 5 14 20 | 10 13 14 20
14956,2026-09-04,1 2 12 20 | 1 8 9 20
14957,2026-09-04,1 4 12 14 | 5 10 12 20
14958,2026-09-04,4 13 16 17 | 8 10 12 19
14959,2026-09-04,2 6 14 17 | 1 3 6 12
14960,2026-09-04,13 14 18 19 | 7 8 9 13
14961,2026-09-04,1 13 15 18 | 4 6 14 18
14962,2026-09-04,8 10 11 17 | 1 5 11 16
14963,2026-09-04,3 10 13 18 | 1 10 13 14
14964,2026-09-04,17 18 19 20 | 5 7 15 19
14965,2026-09-04,1 4 18 19 | 2 10 15 18
14966,2026-09-04,3 11 12 14 | 3 5 8 14
14967,2026-09-04,4 9 10 14 | 1 2 6 13
14968,2026-09-04,2 4 8 10 | 7 8 12 13
14969,2026-09-05,3 8 9 13 | 7 9 10 19
14970,2026-09-05,1 4 5 9 | 9 14 16 19
14971,2026-09-05,1 3 8 14 | 2 9 16 20
14972,2026-09-05,3 7 10 17 | 1 4 6 19
14973,2026-09-05,1 4 9 19 | 1 8 13 15
14974,2026-09-05,7 11 15 16 | 1 6 11 16
14975,2026-09-05,5 8 12 16 | 8 12 13 14
14976,2026-09-05,1 5 9 16 | 7 13 15 20
14977,2026-09-05,6 7 17 18 | 2 13 16 18
14978,2026-09-05,13 15 16 19 | 11 17 19 20
14979,2026-09-05,7 9 17 19 | 5 13 16 18
14980,2026-09-05,6 13 15 17 | 1 8 12 17
14981,2026-09-05,4 12 16 20 | 1 7 9 16
14982,2026-09-05,2 4 13 14 | 4 6 16 18
14983,2026-09-05,5 6 13 15 | 3 5 11 18
14984,2026-09-05,1 5 9 16 | 3 7 13 16
14985,2026-09-05,15 18 19 20 | 1 4 17 20
14986,2026-09-05,1 2 17 20 | 3 5 9 19
14987,2026-09-05,5 8 9 14 | 4 5 14 19
14988,2026-09-05,1 3 5 7 | 1 10 14 18
14989,2026-09-06,2 4 18 19 | 10 12 13 15
14990,2026-09-06,5 6 9 14 | 1 5 6 9
14991,2026-09-06,5 12 17 20 | 5 13 18 20
14992,2026-09-06,1 9 10 15 | 6 11 15 17
14993,2026-09-06,4 9 11 16 | 6 7 10 19
14994,2026-09-06,2 12 15 17 | 5 11 13 20
14995,2026-09-06,8 9 13 17 | 2 5 8 11
14996,2026-09-06,2 6 11 19 | 5 6 7 20
14997,2026-09-06,4 13 16 19 | 6 14 15 17
14998,2026-09-06,13 16 17 18 | 1 8 10 20
14999,2026-09-06,6 8 10 11 | 7 9 16 20
15000,2026-09-06,5 8 9 15 | 2 9 14 15
15001,2026-09-06,5 7 13 17 | 7 12 17 20
15002,2026-09-06,3 15 16 17 | 2 6 13 19
15003,2026-09-06,1 7 16 17 | 4 9 13 14
15004,2026-09-06,1 15 16 18 | 2 9 14 19
15005,2026-09-06,1 5 15 16 | 1 9 10 15
15006,2026-09-06,1 15 16 18 | 6 7 8 9
15007,2026-09-06,3 10 13 16 | 5 11 13 19
15008,2026-09-06,11 12 18 19 | 2 4 13 20
15009,2026-09-07,3 6 13 19 | 9 11 15 20
15010,2026-09-07,9 13 14 20 | 1 16 17 19
15011,2026-09-07,7 8 19 20 | 4 7 10 14
15012,2026-09-07,7 8 9 15 | 1 5 6 17
15013,2026-09-07,6 11 14 16 | 6 11 18 20
15014,2026-09-07,2 5 9 15 | 2 9 13 16
15015,2026-09-07,2 6 7 17 | 3 4 16 20
15016,2026-09-07,1 4 9 13 | 9 11 14 20
15017,2026-09-07,6 8 10 17 | 1 6 10 16
15018,2026-09-07,6 7 11 13 | 4 9 16 20
15019,2026-09-07,1 9 14 20 | 2 4 10 13
15020,2026-09-07,1 2 3 10 | 3 13 17 20
15021,2026-09-07,5 16 18 20 | 3 5 8 10
15022,2026-09-07,2 13 16 20 | 8 14 17 18
15023,2026-09-07,2 4 5 15 | 1 3 6 13
15024,2026-09-07,2 5 18 19 | 3 4 6 8
15025,2026-09-07,4 5 7 17 | 2 3 7 16
15026,2026-09-07,1 6 17 20 | 6 7 12 13
15027,2026-09-07,1 5 15 16 | 9 12 15 20
15028,2026-09-07,3 5 17 19 | 8 14 15 20
15029,2026-09-08,6 9 14 17 | 7 14 18 20
15030,2026-09-08,4 12 15 17 | 2 7 12 16
15031,2026-09-08,6 8 11 16 | 3 15 18 20
15032,2026-09-08,3 4 8 9 | 2 5 7 11
15033,2026-09-08,6 8 13 18 | 2 5 9 19
15034,2026-09-08,7 12 17 20 | 2 4 8 13
15035,2026-09-08,4 6 10 16 | 7 8 14 15
15036,2026-09-08,4 10 12 17 | 2 8 13 18
15037,2026-09-08,2 6 13 17 | 9 14 15 17
15038,2026-09-08,1 3 17 19 | 6 12 13 20
15039,2026-09-08,2 10 14 19 | 2 8 13 16
15040,2026-09-08,5 11 19 20 | 11 13 14 16
15041,2026-09-08,3 16 19 20 | 10 13 15 16
15042,2026-09-08,5 11 13 16 | 1 9 13 19
15043,2026-09-08,12 13 15 16 | 3 8 9 11
15044,2026-09-08,4 7 14 17 | 1 5 8 11
15045,2026-09-08,1 10 15 20 | 4 7 12 16
15046,2026-09-08,1 7 9 12 | 5 6 8 15
15047,2026-09-08,8 14 15 18 | 1 6 11 12
15048,2026-09-08,4 7 14 15 | 7 13 14 15
15049,2026-09-09,2 10 11 15 | 2 13 18 20
15050,2026-09-09,6 14 15 20 | 2 7 11 18
15051,2026-09-09,7 9 14 16 | 5 8 10 18
15052,2026-09-09,2 9 10 14 | 13 17 19 20
15053,2026-09-09,2 6 10 13 | 2 6 12 18
15054,2026-09-09,1 4 10 14 | 1 4 9 16
15055,2026-09-09,3 5 10 15 | 3 5 7 10
15056,2026-09-09,1 3 5 6 | 1 9 11 14
15057,2026-09-09,4 5 16 20 | 1 2 9 10
15058,2026-09-09,7 10 12 19 | 2 4 9 11
15059,2026-09-09,3 4 6 16 | 6 9 12 16
15060,2026-09-09,1 2 12 15 | 6 7 12 15
15061,2026-09-09,4 8 9 11 | 4 8 13 17
15062,2026-09-09,7 8 14 15 | 3 11 13 17
15063,2026-09-09,1 4 8 16 | 4 9 16 20
15064,2026-09-09,3 8 17 18 | 1 4 5 7
15065,2026-09-09,1 6 13 16 | 6 9 10 13
15066,2026-09-09,3 4 10 20 | 3 10 15 18
15067,2026-09-09,6 7 15 20 | 4 7 9 10
15068,2026-09-09,2 3 14 15 | 4 5 7 9
15069,2026-09-10,3 9 10 16 | 2 9 15 20
15070,2026-09-10,5 6 15 16 | 7 8 9 16
15071,2026-09-10,3 8 13 15 | 5 11 16 17
15072,2026-09-10,3 12 17 18 | 1 7 13 18
15073,2026-09-10,5 8 10 20 | 3 7 9 12
15074,2026-09-10,6 9 10 17 | 2 9 16 17
15075,2026-09-10,6 10 13 19 | 2 4 6 7
15076,2026-09-10,4 7 12 13 | 3 12 15 20
15077,2026-09-10,6 7 13 16 | 1 3 14 19
15078,2026-09-10,13 16 18 20 | 5 12 17 19
15079,2026-09-10,2 11 16 18 | 2 3 12 18
15080,2026-09-10,2 4 5 16 | 1 15 19 20
15081,2026-09-10,2 5 13 19 | 6 10 11 12
15082,2026-09-10,1 3 13 19 | 2 14 17 20
15083,2026-09-10,3 7 14 18 | 2 5 7 20
15084,2026-09-10,9 13 16 17 | 6 9 15 18
15085,2026-09-10,8 11 14 15 | 2 11 14 19
15086,2026-09-10,10 15 17 18 | 2 6 16 18
15087,2026-09-10,3 5 14 18 | 4 6 10 12
15088,2026-09-10,7 9 11 18 | 2 10 11 12
15089,2026-09-11,6 7 10 20 | 6 9 13 14
15090,2026-09-11,5 10 13 19 | 6 9 12 20
15091,2026-09-11,7 10 12 17 | 4 7 11 12
15092,2026-09-11,5 6 7 20 | 5 14 15 19
15093,2026-09-11,10 11 12 18 | 2 5 6 10
15094,2026-09-11,5 6 14 18 | 5 14 16 20
15095,2026-09-11,6 11 12 14 | 3 7 15 16
15096,2026-09-11,1 10 14 15 | 5 12 16 18
15097,2026-09-11,1 6 8 15 | 3 4 13 14
15098,2026-09-11,1 3 5 20 | 1 7 19 20
15099,2026-09-11,8 10 11 19 | 5 7 17 20
15100,2026-09-11,4 11 14 17 | 6 8 9 14
15101,2026-09-11,5 11 16 20 | 6 7 14 16
15102,2026-09-11,1 2 4 19 | 10 12 14 16
15103,2026-09-11,3 5 16 19 | 9 13 14 18
15104,2026-09-11,4 10 16 20 | 4 5 14 16
15105,2026-09-11,1 3 8 11 | 4 11 14 18
15106,2026-09-11,3 5 8 16 | 2 3 9 13
15107,2026-09-11,3 15 17 20 | 8 11 15 18
15108,2026-09-11,2 6 12 17 | 2 15 17 19
15109,2026-09-12,8 10 16 17 | 1 2 19 20
15110,2026-09-12,1 2 12 18 | 9 14 19 20
15111,2026-09-12,7 12 14 19 | 6 7 14 16
15112,2026-09-12,2 4 9 17 | 1 11 12 16
15113,2026-09-12,5 7 10 16 | 6 10 11 19
15114,2026-09-12,1 3 7 18 | 7 9 11 14
15115,2026-09-12,4 7 15 18 | 6 7 10 14
15116,2026-09-12,6 10 18 19 | 6 7 12 16
15117,2026-09-12,7 9 17 19 | 1 6 10 19
15118,2026-09-12,5 8 17 19 | 2 6 9 18
15119,2026-09-12,1 10 11 19 | 1 8 10 17
15120,2026-09-12,1 10 12 13 | 1 3 11 14
15121,2026-09-12,11 13 15 20 | 2 9 12 19
15122,2026-09-12,4 5 10 17 | 5 9 11 14
15123,2026-09-12,1 4 7 8 | 1 4 10 18
15124,2026-09-12,1 2 3 11 | 2 5 6 12
15125,2026-09-12,1 2 10 14 | 2 16 18 20
15126,2026-09-12,3 5 14 20 | 1 2 16 19
15127,2026-09-12,9 10 17 19 | 2 12 19 20
15128,2026-09-12,1 10 16 18 | 2 4 9 13
15129,2026-09-13,1 8 9 16 | 1 2 12 19
15130,2026-09-13,8 9 10 11 | 9 12 15 17
15131,2026-09-13,8 11 14 17 | 6 8 15 20
15132,2026-09-13,8 9 11 17 | 3 12 15 18
15133,2026-09-13,1 3 13 14 | 8 11 12 20
15134,2026-09-13,2 11 16 20 | 8 9 12 16
15135,2026-09-13,3 9 11 17 | 6 7 10 17
15136,2026-09-13,9 10 11 20 | 9 13 19 20
15137,2026-09-13,10 13 14 15 | 1 9 13 17
15138,2026-09-13,6 9 11 12 | 1 10 11 20
15139,2026-09-13,4 16 17 19 | 5 7 9 20
15140,2026-09-13,8 9 19 20 | 2 9 17 20
15141,2026-09-13,3 11 13 17 | 8 12 13 15
15142,2026-09-13,4 5 6 18 | 4 5 7 12
15143,2026-09-13,1 5 10 11 | 10 11 14 20
15144,2026-09-13,1 2 3 4 | 2 14 17 19
15145,2026-09-13,2 3 7 11 | 2 7 10 15
15146,2026-09-13,4 6 16 18 | 1 5 7 17
15147,2026-09-13,9 10 14 20 | 1 6 8 9
15148,2026-09-13,8 10 11 20 | 3 5 13 16
15149,2026-09-14,4 9 14 16 | 6 10 13 19
15150,2026-09-14,3 6 15 18 | 10 12 18 19
15151,2026-09-14,5 8 10 13 | 7 10 13 16
15152,2026-09-14,3 6 7 8 | 2 9 19 20
15153,2026-09-14,4 6 10 14 | 11 17 18 20
15154,2026-09-14,6 9 10 15 | 1 2 16 18
15155,2026-09-14,3 4 9 13 | 6 12 16 17
15156,2026-09-14,4 7 13 20 | 10 11 12 14
15157,2026-09-14,1 8 14 20 | 12 15 18 19
15158,2026-09-14,4 8 16 19 | 4 9 12 15
15159,2026-09-14,2 4 18 20 | 5 7 9 12
15160,2026-09-14,8 11 18 20 | 4 6 11 13
15161,2026-09-14,7 8 12 13 | 9 10 17 20
15162,2026-09-14,1 5 6 7 | 2 6 17 18
15163,2026-09-14,1 9 16 20 | 7 10 14 20
15164,2026-09-14,10 11 12 18 | 5 11 15 16
15165,2026-09-14,4 8 13 19 | 4 12 15 17
15166,2026-09-14,2 9 11 20 | 4 9 13 19
15167,2026-09-14,1 3 10 13 | 3 10 15 19
15168,2026-09-14,4 10 13 20 | 8 10 12 14
15169,2026-09-15,2 3 5 18 | 5 16 17 19
15170,2026-09-15,8 10 11 19 | 6 8 9 20
15171,2026-09-15,1 2 4 11 | 2 7 10 15
15172,2026-09-15,3 5 6 18 | 3 4 8 10
15173,2026-09-15,4 5 15 16 | 6 11 12 19
15174,2026-09-15,6 10 13 14 | 6 10 17 20
15175,2026-09-15,3 5 10 17 | 7 8 16 20
15176,2026-09-15,4 9 11 15 | 6 9 14 17
15177,2026-09-15,2 3 12 17 | 3 10 18 19
15178,2026-09-15,6 10 11 17 | 3 11 12 15
15179,2026-09-15,7 10 11 16 | 11 13 14 20
15180,2026-09-15,4 12 13 17 | 1 13 17 18
15181,2026-09-15,8 15 17 18 | 3 5 6 13
15182,2026-09-15,1 5 7 17 | 4 7 11 19
15183,2026-09-15,3 4 11 18 | 1 2 6 18
15184,2026-09-15,2 3 8 18 | 1 5 8 14
15185,2026-09-15,1 10 11 19 | 4 5 7 13
15186,2026-09-15,1 13 17 18 | 10 11 19 20
15187,2026-09-15,3 9 15 19 | 3 8 9 11
15188,2026-09-15,1 3 10 15 | 5 7 11 17
15189,2026-09-16,11 13 14 16 | 1 4 7 16
15190,2026-09-16,1 4 11 16 | 3 5 9 18
15191,2026-09-16,12 13 14 18 | 3 10 16 17
15192,2026-09-16,5 11 13 14 | 9 13 18 19
15193,2026-09-16,7 8 16 20 | 2 9 10 18
15194,2026-09-16,9 10 12 14 | 1 10 14 16
15195,2026-09-16,4 5 6 8 | 3 10 11 15
15196,2026-09-16,1 11 15 20 | 4 6 8 12
15197,2026-09-16,7 8 16 17 | 1 2 7 8
15198,2026-09-16,1 11 12 15 | 1 9 13 16
15199,2026-09-16,5 10 11 15 | 2 5 7 10
15200,2026-09-16,3 10 11 16 | 11 15 16 18
15201,2026-09-16,3 10 17 20 | 9 12 17 19
15202,2026-09-16,3 9 17 19 | 6 9 14 15
15203,2026-09-16,1 5 17 19 | 5 9 12 14
15204,2026-09-16,4 6 15 18 | 5 12 13 15
15205,2026-09-16,8 9 10 11 | 1 6 8 16
15206,2026-09-16,3 4 5 13 | 3 4 8 12
15207,2026-09-16,3 15 17 18 | 4 5 6 10
15208,2026-09-16,4 8 9 20 | 4 9 15 20
15209,2026-09-17,1 2 5 20 | 5 16 18 20
15210,2026-09-17,4 7 13 14 | 6 7 12 20
15211,2026-09-17,4 13 15 19 | 1 3 8 20
15212,2026-09-17,3 4 5 15 | 7 8 12 17
15213,2026-09-17,2 5 14 18 | 5 10 13 17
15214,2026-09-17,3 6 8 15 | 5 7 8 11
15215,2026-09-17,9 12 16 19 | 4 14 18 20
15216,2026-09-17,1 5 16 18 | 1 7 13 14
15217,2026-09-17,5 8 13 14 | 3 12 18 19
15218,2026-09-17,3 7 10 15 | 7 9 10 20
15219,2026-09-17,1 4 6 10 | 1 8 9 10
15220,2026-09-17,3 5 10 16 | 7 8 12 15
15221,2026-09-17,6 12 15 19 | 1 7 11 13
15222,2026-09-17,7 14 16 20 | 3 4 7 20
15223,2026-09-17,4 5 8 10 | 3 7 9 19
15224,2026-09-17,5 13 15 16 | 6 8 10 13
15225,2026-09-17,2 5 10 12 | 1 7 10 13
15226,2026-09-17,1 4 16 20 | 4 10 14 17
15227,2026-09-17,1 4 8 15 | 2 5 6 9
15228,2026-09-17,2 10 13 14 | 1 3 8 14
15229,2026-09-18,6 8 10 19 | 4 7 13 18
15230,2026-09-18,9 12 14 18 | 7 16 17 19
15231,2026-09-18,8 14 19 20 | 1 3 12 20
15232,2026-09-18,1 3 7 19 | 2 4 5 20
15233,2026-09-18,3 13 17 19 | 7 10 12 18
15234,2026-09-18,1 2 7 18 | 1 2 5 20
15235,2026-09-18,2 7 8 16 | 5 10 13 17
15236,2026-09-18,15 16 17 19 | 4 7 13 20
15237,2026-09-18,6 9 16 19 | 2 5 15 16
15238,2026-09-18,1 16 17 19 | 4 13 15 17
15239,2026-09-18,3 11 13 15 | 1 3 6 15
15240,2026-09-18,5 8 14 20 | 6 8 18 20
15241,2026-09-18,3 11 12 16 | 3 8 10 15
15242,2026-09-18,4 6 9 16 | 4 11 15 18
15243,2026-09-18,2 13 14 20 | 7 11 16 18
15244,2026-09-18,1 10 13 19 | 2 3 10 19
15245,2026-09-18,2 9 10 16 | 1 3 13 18
15246,2026-09-18,2 4 16 20 | 4 8 11 20
15247,2026-09-18,1 3 4 6 | 3 15 18 20
15248,2026-09-18,6 11 12 13 | 2 10 17 18
15249,2026-09-19,4 13 15 18 | 3 15 17 20
15250,2026-09-19,12 16 19 20 | 3 4 11 19
15251,2026-09-19,4 5 10 11 | 9 12 19 20
15252,2026-09-19,2 4 9 19 | 6 9 12 15
15253,2026-09-19,1 4 11 12 | 7 12 16 17
15254,2026-09-19,4 9 10 18 | 3 12 13 20
15255,2026-09-19,6 14 15 17 | 2 6 11 17
15256,2026-09-19,10 11 12 15 | 1 3 7 9
15257,2026-09-19,9 11 13 17 | 2 6 7 11
15258,2026-09-19,6 7 16 20 | 5 7 9 17
15259,2026-09-19,5 7 15 17 | 3 7 12 15
15260,2026-09-19,1 2 9 13 | 6 9 10 15
15261,2026-09-19,10 11 17 19 | 1 3 18 20
15262,2026-09-19,2 9 10 20 | 7 11 15 17
15263,2026-09-19,5 12 13 20 | 1 3 4 14
15264,2026-09-19,2 4 16 17 | 1 9 13 20
15265,2026-09-19,3 8 12 20 | 8 9 17 20
15266,2026-09-19,10 14 16 17 | 2 7 15 17
15267,2026-09-19,1 2 5 16 | 2 6 10 16
15268,2026-09-19,1 11 12 15 | 8 15 18 19
15269,2026-09-20,1 11 15 19 | 3 8 15 19
15270,2026-09-20,3 6 9 20 | 10 13 16 18
15271,2026-09-20,4 6 12 18 | 2 5 7 13
15272,2026-09-20,7 8 13 16 | 5 8 9 20
15273,2026-09-20,1 4 13 20 | 7 8 15 16
15274,2026-09-20,13 16 18 19 | 4 8 9 20
15275,2026-09-20,1 6 9 12 | 6 9 11 15
15276,2026-09-20,5 11 16 17 | 4 12 15 19
15277,2026-09-20,4 6 10 15 | 5 7 9 20
15278,2026-09-20,11 12 17 20 | 4 6 12 18
15279,2026-09-20,1 15 16 19 | 3 5 13 16
15280,2026-09-20,13 16 19 20 | 5 6 7 20
15281,2026-09-20,5 13 18 20 | 5 6 17 20
15282,2026-09-20,7 9 10 20 | 1 6 7 18
15283,2026-09-20,5 6 8 20 | 9 10 13 20
15284,2026-09-20,2 4 11 16 | 4 6 18 20
15285,2026-09-20,7 9 16 19 | 1 7 9 13
15286,2026-09-20,1 9 13 20 | 11 13 17 20
15287,2026-09-20,3 10 15 17 | 3 4 17 20
15288,2026-09-20,3 7 12 20 | 2 7 17 19
15289,2026-09-21,8 11 16 19 | 2 3 7 8
15290,2026-09-21,9 14 15 19 | 3 13 15 19
15291,2026-09-21,2 3 15 18 | 3 4 5 13
15292,2026-09-21,1 5 7 8 | 5 8 11 17
15293,2026-09-21,5 6 7 18 | 6 9 15 19
15294,2026-09-21,5 8 11 19 | 2 7 8 9
15295,2026-09-21,4 6 8 12 | 1 3 9 18
15296,2026-09-21,4 9 10 14 | 1 14 17 19
15297,2026-09-21,2 5 16 17 | 1 7 10 14
15298,2026-09-21,1 7 9 11 | 6 12 14 16
15299,2026-09-21,8 13 18 20 | 3 5 17 20
15300,2026-09-21,1 4 10 20 | 7 9 11 12
15301,2026-09-21,3 9 13 14 | 3 13 16 20
15302,2026-09-21,3 9 13 14 | 3 7 18 19
15303,2026-09-21,9 12 18 20 | 1 2 3 20
15304,2026-09-21,4 9 14 15 | 1 5 12 13
15305,2026-09-21,4 5 8 13 | 3 7 10 15
15306,2026-09-21,4 6 13 20 | 3 7 17 20
15307,2026-09-21,2 4 7 13 | 1 3 5 6
15308,2026-09-21,1 3 8 17 | 3 8 13 19
15309,2026-09-22,3 6 16 19 | 2 7 12 17
15310,2026-09-22,4 9 10 16 | 1 4 6 20
15311,2026-09-22,3 8 10 13 | 6 15 16 17
15312,2026-09-22,2 3 9 19 | 3 4 10 20
15313,2026-09-22,5 7 10 15 | 3 7 9 17
15314,2026-09-22,5 12 15 18 | 10 14 16 19
15315,2026-09-22,12 13 15 19 | 4 6 7 11
15316,2026-09-22,14 16 17 19 | 9 11 17 20
15317,2026-09-22,8 13 15 16 | 1 10 14 15
15318,2026-09-22,1 8 14 15 | 5 10 11 12
15319,2026-09-22,3 11 13 19 | 4 5 13 17
15320,2026-09-22,2 12 16 18 | 5 10 15 19
15321,2026-09-22,4 8 19 20 | 3 4 14 19
15322,2026-09-22,6 8 12 16 | 5 13 14 17
15323,2026-09-22,2 7 9 16 | 3 7 15 17
15324,2026-09-22,4 9 11 13 | 4 11 17 20
15325,2026-09-22,1 6 8 12 | 9 12 14 16
15326,2026-09-22,3 5 6 9 | 2 9 12 13
15327,2026-09-22,6 9 19 20 | 2 10 14 15
15328,2026-09-22,1 5 9 14 | 3 11 12 18
15329,2026-09-23,6 8 11 17 | 8 10 12 15
15330,2026-09-23,6 11 18 19 | 2 7 13 17
15331,2026-09-23,2 4 5 14 | 8 9 10 17
15332,2026-09-23,11 14 15 20 | 1 8 11 14
15333,2026-09-23,1 2 16 17 | 8 13 14 15
15334,2026-09-23,4 10 12 17 | 2 4 8 17
15335,2026-09-23,4 5 10 12 | 1 5 9 14
15336,2026-09-23,5 10 11 18 | 1 4 5 7
15337,2026-09-23,1 2 13 16 | 8 12 13 15
15338,2026-09-23,5 8 9 14 | 2 5 11 15
15339,2026-09-23,10 14 17 20 | 3 9 15 19
15340,2026-09-23,1 3 4 7 | 2 7 9 13
15341,2026-09-23,9 14 16 17 | 1 13 16 19
15342,2026-09-23,3 9 17 18 | 1 5 16 19
15343,2026-09-23,4 14 15 18 | 4 6 13 17
15344,2026-09-23,1 5 8 10 | 3 5 6 10
15345,2026-09-23,2 14 17 20 | 1 2 4 10
15346,2026-09-23,2 3 13 17 | 2 6 12 15
15347,2026-09-23,8 11 12 16 | 5 14 17 19
15348,2026-09-23,3 5 8 17 | 1 4 7 8
15349,2026-09-24,2 4 13 19 | 6 11 17 19
15350,2026-09-24,2 6 7 10 | 5 8 12 14
15351,2026-09-24,3 11 12 13 | 1 5 9 18
15352,2026-09-24,7 11 12 16 | 4 8 9 19
15353,2026-09-24,2 4 6 8 | 7 16 17 18
15354,2026-09-24,6 7 14 15 | 3 6 7 16
15355,2026-09-24,2 3 13 16 | 2 8 12 16
15356,2026-09-24,1 10 19 20 | 7 8 12 20
15357,2026-09-24,1 4 11 14 | 9 13 16 18
15358,2026-09-24,10 13 18 19 | 2 12 15 16
15359,2026-09-24,4 7 11 13 | 5 6 14 20
15360,2026-09-24,2 9 18 20 | 1 3 16 17
15361,2026-09-24,1 2 5 13 | 6 14 19 20
15362,2026-09-24,2 4 11 20 | 5 6 16 20
15363,2026-09-24,8 11 12 14 | 3 8 9 17
15364,2026-09-24,1 10 12 17 | 8 10 16 17
15365,2026-09-24,4 15 16 17 | 6 9 10 12
15366,2026-09-24,2 13 19 20 | 7 9 16 17
15367,2026-09-24,2 10 16 19 | 1 7 13 17
15368,2026-09-24,11 15 17 20 | 3 4 5 10
15369,2026-09-25,6 11 18 19 | 2 9 10 12
15370,2026-09-25,15 16 18 20 | 2 7 18 19
15371,2026-09-25,2 13 18 20 | 2 10 13 20
15372,2026-09-25,3 11 12 20 | 4 11 12 17
15373,2026-09-25,4 12 13 17 | 2 3 15 18
15374,2026-09-25,4 6 7 19 | 3 9 13 15
15375,2026-09-25,1 15 17 18 | 5 7 10 14
15376,2026-09-25,4 8 9 12 | 7 9 11 18
15377,2026-09-25,7 8 13 19 | 6 12 14 15
15378,2026-09-25,3 7 9 12 | 2 12 13 17
15379,2026-09-25,7 8 10 11 | 3 4 12 14
15380,2026-09-25,1 3 9 16 | 9 12 13 19
15381,2026-09-25,5 11 16 18 | 2 3 7 19
15382,2026-09-25,4 7 14 15 | 6 12 14 18
15383,2026-09-25,2 5 9 16 | 10 14 15 19
15384,2026-09-25,3 7 8 15 | 8 16 19 20
15385,2026-09-25,1 2 4 19 | 12 16 17 19
15386,2026-09-25,5 8 15 17 | 2 3 9 12
15387,2026-09-25,3 5 9 16 | 3 13 14 16
15388,2026-09-25,5 13 15 18 | 12 13 14 16
15389,2026-09-26,6 9 10 13 | 2 3 11 20
15390,2026-09-26,2 5 7 14 | 2 12 15 19
15391,2026-09-26,9 10 12 17 | 2 10 13 15
15392,2026-09-26,3 6 18 19 | 1 2 4 15
15393,2026-09-26,10 12 16 20 | 3 4 8 18
15394,2026-09-26,1 7 14 19 | 10 11 12 13
15395,2026-09-26,6 10 15 18 | 3 7 10 16
